<?xml version='1.0' encoding='UTF8'?>
<tei xmlns="http://www.tei-c.org/ns/1.0">
<teiheader>
<filedesc>
<titlestmt>
<title>Концерт на вокзале</title>
<author>О.Э. Мандельштам</author>
</titlestmt>
<publicationstmt>
<p>АРТ-БИЗНЕС-ЦЕНТР МОСКВА 1993</p>
<biblstruct>
<biblscope n="" type="volume"></biblscope>
<biblscope n="" type="part"></biblscope>
</biblstruct></publicationstmt>
<sourcedesc>
<p>Издание подготовлено Мандельштамовским обществом</p>
</sourcedesc>
<respstmt>
<resp>Подготовка и разметка файлов - Алексей Литвинцев, Вероника Файнберг. Создание
          электронного ресурса - Тимофей Молчанов. Руководители проекта - Центр Digital Humanities,
          Мандельштамовское общество (НИУ ВШЭ).</resp>
</respstmt></filedesc>
<profiledesc>
<textdesc n="poem"></textdesc>
<textclass>
<catref target="2_002" type="ID"></catref>
<catref target="О.Э. Мандельштам. Собрание сочинений в 4-х т. -- М.: Терра, 1991" type="Источник"></catref>
<catref target="стихотворение" type="Жанр художественной литературы"></catref>
<catref target="nan" type="Уточнение жанра"></catref>
<catref target="Я" type="Метр"></catref>
<catref target="5" type="Длина строки"></catref>
<catref target="регулярная" type="Клаузула"></catref>
<catref target="жм" type="Уточнение клаузулы"></catref>
<catref target="nan" type="Классическая строфа"></catref>
<catref target="перекрестная" type="Рифма"></catref>
<catref target="абабаб" type="Схема рифмовки"></catref>
<catref target="Я5жм" type="Метрическая формула"></catref>
<catref target="nan" type="Дополнительные параметры"></catref>
<catref target="24" type="Число строк"></catref>
<catref target="nan" type="Автор оригинала"></catref>
<catref target="nan" type="Язык оригинала"></catref>
</textclass></profiledesc>
</teiheader>
<text>
<body>
<div1 n="2" type="volume">
<div2 n="2" type="part">
<head>2.
КОНЦЕРТ НА ВОКЗАЛЕ</head>
<lg type="sestet">
<l n="1">Нельзя дышать, и твердь кишит червями,</l>
<l n="2">И ни одна звезда не говорит,</l>
<l n="3">Но, видит Бог, есть музыка над нами,</l>
<l n="4">Дрожит вокзал от пенья Аонид,<rs ref="Аониды" type="myth_index"></rs></l>
<l n="5">И снова, паровозными свистками</l>
<l n="6">Разорванный, скрипичный воздух слит.</l>
</lg>
<lg type="tercet">
<l n="7">Огромный парк. Вокзала шар стеклянный.</l>
<l n="8">Железный мир опять заворожен.</l>
<l n="9">На звучный пир в элизиум туманный</l>
</lg>
<lg type="sestet">
<l n="10">И я вхожу в стеклянный лес вокзала,</l>
<l n="11">Скрипичный строй в смятеньи и слезах.</l>
<l n="12">Ночного хора дикое начало</l>
<l n="13">И запах роз в гниющих парниках —</l>
<l n="14">Где под стеклянным небом ночевала</l>
<l n="15">Родная тень в кочующих толпах...</l>
</lg>
<lg type="sestet">
<l n="16">И мнится мне: весь в музыке и пене,</l>
<l n="17">Железный мир так нищенски дрожит.</l>
<l n="18">В стеклянные я упираюсь сени.</l>
<l n="19">Горячий пар зрачки смычков слепит.</l>
<l n="20">Куда же ты? На тризне милой тени</l>
<l n="21">В последний раз нам музыка звучит!</l>
</lg>
<date when="1921">1921</date>
</div2>
</div1>
</body>
</text>
</tei>
