<?xml version='1.0' encoding='UTF8'?>
<tei xmlns="http://www.tei-c.org/ns/1.0">
<teiheader>
<filedesc>
<titlestmt>
<title>«Ветер нам утешенье принес...»</title>
<author>О.Э. Мандельштам</author>
</titlestmt>
<publicationstmt>
<p>АРТ-БИЗНЕС-ЦЕНТР МОСКВА 1993</p>
<biblstruct>
<biblscope n="" type="volume"></biblscope>
<biblscope n="" type="part"></biblscope>
</biblstruct></publicationstmt>
<sourcedesc>
<p>Издание подготовлено Мандельштамовским обществом</p>
</sourcedesc>
<respstmt>
<resp>Подготовка и разметка файлов - Алексей Литвинцев, Вероника Файнберг. Создание
          электронного ресурса - Тимофей Молчанов. Руководители проекта - Центр Digital Humanities,
          Мандельштамовское общество (НИУ ВШЭ).</resp>
</respstmt></filedesc>
<profiledesc>
<textdesc n="poem"></textdesc>
<textclass>
<catref target="2_009" type="ID"></catref>
<catref target="О.Э. Мандельштам. Собрание сочинений в 4-х т. -- М.: Терра, 1991" type="Источник"></catref>
<catref target="стихотворение" type="Жанр художественной литературы"></catref>
<catref target="nan" type="Уточнение жанра"></catref>
<catref target="Ан" type="Метр"></catref>
<catref target="3" type="Длина строки"></catref>
<catref target="nan" type="Клаузула"></catref>
<catref target="м" type="Уточнение клаузулы"></catref>
<catref target="nan" type="Классическая строфа"></catref>
<catref target="перекрестная" type="Рифма"></catref>
<catref target="абаб" type="Схема рифмовки"></catref>
<catref target="Ан3м" type="Метрическая формула"></catref>
<catref target="nan" type="Дополнительные параметры"></catref>
<catref target="16" type="Число строк"></catref>
<catref target="nan" type="Автор оригинала"></catref>
<catref target="nan" type="Язык оригинала"></catref>
</textclass></profiledesc>
</teiheader>
<text>
<body>
<div1 n="2" type="volume">
<div2 n="9" type="part">
<head>9.</head>
<lg type="quatrain">
<l n="1">Ветер нам утешенье принес,</l>
<l n="2">И в лазури почуяли мы</l>
<l n="3">Ассирийские крылья стрекоз,</l>
<l n="4">Переборы коленчатой тьмы.</l>
</lg>
<lg type="quatrain">
<l n="5">И военной грозой потемнел</l>
<l n="6">Нижний слой помраченных небес,</l>
<l n="7">Шестируких летающих тел</l>
<l n="8">Слюдяной перепончатый лес.</l>
</lg>
<lg type="quatrain">
<l n="9">Есть в лазури слепой уголок,</l>
<l n="10">И в блаженные полдни всегда,</l>
<l n="11">Как сгустившейся ночи намек,</l>
<l n="12">Роковая трепещет звезда.</l>
</lg>
<lg type="quatrain">
<l n="13">И, с трудом пробиваясь вперед,</l>
<l n="14">В чешуе искалеченных крыл</l>
<l n="15">Под высокую руку берет</l>
<l n="16">Побежденную твердь Азраил.</l>
</lg>
<date when="1922">1922</date>
</div2>
</div1>
</body>
</text>
</tei>
