<?xml version='1.0' encoding='UTF8'?>
<tei xmlns="http://www.tei-c.org/ns/1.0">
<teiheader>
<filedesc>
<titlestmt>
<title>«С розовой пеной усталости у мягких губ...»</title>
<author>О.Э. Мандельштам</author>
</titlestmt>
<publicationstmt>
<p>АРТ-БИЗНЕС-ЦЕНТР МОСКВА 1993</p>
<biblstruct>
<biblscope n="" type="volume"></biblscope>
<biblscope n="" type="part"></biblscope>
</biblstruct></publicationstmt>
<sourcedesc>
<p>Издание подготовлено Мандельштамовским обществом</p>
</sourcedesc>
<respstmt>
<resp>Подготовка и разметка файлов - Алексей Литвинцев, Вероника Файнберг. Создание
          электронного ресурса - Тимофей Молчанов. Руководители проекта - Центр Digital Humanities,
          Мандельштамовское общество (НИУ ВШЭ).</resp>
</respstmt></filedesc>
<profiledesc>
<textdesc n="poem"></textdesc>
<textclass>
<catref target="2_004" type="ID"></catref>
<catref target="О.Э. Мандельштам. Собрание сочинений в 4-х т. -- М.: Терра, 1991" type="Источник"></catref>
<catref target="стихотворение" type="Жанр художественной литературы"></catref>
<catref target="nan" type="Уточнение жанра"></catref>
<catref target="Д, тонический : Тк" type="Метр"></catref>
<catref target="5(4)" type="Длина строки"></catref>
<catref target="nan" type="Клаузула"></catref>
<catref target="м" type="Уточнение клаузулы"></catref>
<catref target="nan" type="Классическая строфа"></catref>
<catref target="перекрестная" type="Рифма"></catref>
<catref target="абаб" type="Схема рифмовки"></catref>
<catref target="Тк5м. Тк4м" type="Метрическая формула"></catref>
<catref target="nan" type="Дополнительные параметры"></catref>
<catref target="16" type="Число строк"></catref>
<catref target="nan" type="Автор оригинала"></catref>
<catref target="nan" type="Язык оригинала"></catref>
</textclass></profiledesc>
</teiheader>
<text>
<body>
<div1 n="2" type="volume">
<div2 n="4" type="part">
<head>4.</head>
<lg type="quatrain">
<l n="1">С розовой пеной усталости у мягких губ</l>
<l n="2">Яростно волны зеленые роет бык,</l>
<l n="3">Фыркает, гребли не любит — женолюб,</l>
<l n="4">Ноша хребту непривычна, и труд велик.</l>
</lg>
<lg type="quatrain">
<l n="5">Изредка выскочит дельфина колесо</l>
<l n="6">Да повстречается морской колючий еж,</l>
<l n="7">Нежные руки Европы, — берите все!<rs ref="Европа" type="geo_index"></rs></l>
<l n="8">Где ты для выи желанней ярмо найдешь?</l>
</lg>
<lg type="quatrain">
<l n="9">Горько внимает Европа могучий плеск,<rs ref="Европа" type="geo_index"></rs></l>
<l n="10">Тучное море кругом закипает в ключ,</l>
<l n="11">Видно, страшит ее вод маслянистый блеск</l>
<l n="12">И соскользнуть бы хотелось с шершавых круч.</l>
</lg>
<lg type="quatrain">
<l n="13">О, сколько раз ей милее уключин скрип,</l>
<l n="14">Лоном широкая палуба, гурт овец</l>
<l n="15">И за высокой кормою мелькание рыб, —</l>
<l n="16">С нею безвесельный дальше плывет гребец!</l>
</lg>
<date when="1922">1922</date>
</div2>
</div1>
</body>
</text>
</tei>
