<?xml version='1.0' encoding='UTF8'?>
<tei xmlns="http://www.tei-c.org/ns/1.0">
<teiheader>
<filedesc>
<titlestmt>
<title>«Я по лесенке приставной...»</title>
<author>О.Э. Мандельштам</author>
</titlestmt>
<publicationstmt>
<p>АРТ-БИЗНЕС-ЦЕНТР МОСКВА 1993</p>
<biblstruct>
<biblscope n="" type="volume"></biblscope>
<biblscope n="" type="part"></biblscope>
</biblstruct></publicationstmt>
<sourcedesc>
<p>Издание подготовлено Мандельштамовским обществом</p>
</sourcedesc>
<respstmt>
<resp>Подготовка и разметка файлов - Алексей Литвинцев, Вероника Файнберг. Создание
          электронного ресурса - Тимофей Молчанов. Руководители проекта - Центр Digital Humanities,
          Мандельштамовское общество (НИУ ВШЭ).</resp>
</respstmt></filedesc>
<profiledesc>
<textdesc n="poem"></textdesc>
<textclass>
<catref target="2_008" type="ID"></catref>
<catref target="О.Э. Мандельштам. Собрание сочинений в 4-х т. -- М.: Терра, 1991" type="Источник"></catref>
<catref target="стихотворение" type="Жанр художественной литературы"></catref>
<catref target="nan" type="Уточнение жанра"></catref>
<catref target="тонический : Дк" type="Метр"></catref>
<catref target="3" type="Длина строки"></catref>
<catref target="nan" type="Клаузула"></catref>
<catref target="м" type="Уточнение клаузулы"></catref>
<catref target="nan" type="Классическая строфа"></catref>
<catref target="перекрестная" type="Рифма"></catref>
<catref target="абаб" type="Схема рифмовки"></catref>
<catref target="Дк3м" type="Метрическая формула"></catref>
<catref target="nan" type="Дополнительные параметры"></catref>
<catref target="28" type="Число строк"></catref>
<catref target="nan" type="Автор оригинала"></catref>
<catref target="nan" type="Язык оригинала"></catref>
</textclass></profiledesc>
</teiheader>
<text>
<body>
<div1 n="2" type="volume">
<div2 n="8" type="part">
<head>8.</head>
<lg type="quatrain">
<l n="1">Я по лесенке приставной</l>
<l n="2">Лез на всклоченный сеновал, —</l>
<l n="3">Я дышал звезд млечных трухой,</l>
<l n="4">Колтуном пространства дышал.</l>
</lg>
<lg type="quatrain">
<l n="5">И подумал: зачем будить</l>
<l n="6">Удлиненных звучаний рой,</l>
<l n="7">В этой вечной склоке ловить</l>
<l n="8">Эолийский чудесный строй?</l>
</lg>
<lg type="quatrain">
<l n="9">Звезд в ковше медведицы семь.</l>
<l n="10">Добрых чувств на земле пять.</l>
<l n="11">Набухает, звенит темь</l>
<l n="12">И растет и звенит опять.</l>
</lg>
<lg type="couplet">
<l n="13">Распряженный огромный воз</l>
<l n="14">Поперек вселенной торчит.</l>
</lg>
<lg type="quatrain">
<l n="15">Не своей чешуей шуршим,</l>
<l n="16">Против шерсти мира поем.</l>
<l n="17">Лиру строим, словно спешим</l>
<l n="18">Обрасти косматым руном.</l>
</lg>
<lg type="quatrain">
<l n="19">Из гнезда упавших щеглов</l>
<l n="20">Косари приносят назад, —</l>
<l n="21">Из горящих вырвусь рядов</l>
<l n="22">И вернусь в родной звукоряд.</l>
</lg>
<lg type="quatrain">
<l n="23">Чтобы розовой крови связь</l>
<l n="24">И травы сухорукий звон</l>
<l n="25">Распростились: одна — скрепясь,</l>
<l n="26">А другая — в заумный сон.</l>
</lg>
<date when="1922">1922</date>
</div2>
</div1>
</body>
</text>
</tei>
