<?xml version='1.0' encoding='UTF8'?>
<tei xmlns="http://www.tei-c.org/ns/1.0">
<teiheader>
<filedesc>
<titlestmt>
<title>«Как растет хлебов опара...»</title>
<author>О.Э. Мандельштам</author>
</titlestmt>
<publicationstmt>
<p>АРТ-БИЗНЕС-ЦЕНТР МОСКВА 1993</p>
<biblstruct>
<biblscope n="" type="volume"></biblscope>
<biblscope n="" type="part"></biblscope>
</biblstruct></publicationstmt>
<sourcedesc>
<p>Издание подготовлено Мандельштамовским обществом</p>
</sourcedesc>
<respstmt>
<resp>Подготовка и разметка файлов - Алексей Литвинцев, Вероника Файнберг. Создание
          электронного ресурса - Тимофей Молчанов. Руководители проекта - Центр Digital Humanities,
          Мандельштамовское общество (НИУ ВШЭ).</resp>
</respstmt></filedesc>
<profiledesc>
<textdesc n="poem"></textdesc>
<textclass>
<catref target="2_006" type="ID"></catref>
<catref target="О.Э. Мандельштам. Собрание сочинений в 4-х т. -- М.: Терра, 1991" type="Источник"></catref>
<catref target="стихотворение" type="Жанр художественной литературы"></catref>
<catref target="nan" type="Уточнение жанра"></catref>
<catref target="Х" type="Метр"></catref>
<catref target="4" type="Длина строки"></catref>
<catref target="регулярная" type="Клаузула"></catref>
<catref target="жм" type="Уточнение клаузулы"></catref>
<catref target="nan" type="Классическая строфа"></catref>
<catref target="перекрестная" type="Рифма"></catref>
<catref target="абаб" type="Схема рифмовки"></catref>
<catref target="Х4жм" type="Метрическая формула"></catref>
<catref target="nan" type="Дополнительные параметры"></catref>
<catref target="16" type="Число строк"></catref>
<catref target="nan" type="Автор оригинала"></catref>
<catref target="nan" type="Язык оригинала"></catref>
</textclass></profiledesc>
</teiheader>
<text>
<body>
<div1 n="2" type="volume">
<div2 n="6" type="part">
<head>6.</head>
<lg type="quatrain">
<l n="1">Как растет хлебов опара,</l>
<l n="2">Поначалу хороша,</l>
<l n="3">И беснуется от жару</l>
<l n="4">Домовитая душа.</l>
</lg>
<lg type="quatrain">
<l n="5">Словно хлебные Софии</l>
<l n="6">С херувимского стола</l>
<l n="7">Круглым жаром налитые</l>
<l n="8">Подымают купола.</l>
</lg>
<lg type="quatrain">
<l n="9">Чтобы силой или лаской</l>
<l n="10">Чудный выманить припек,</l>
<l n="11">Время — царственный подпасок —</l>
<l n="12">Ловит слово-колобок.</l>
</lg>
<lg type="quatrain">
<l n="13">И свое находит место</l>
<l n="14">Черствый пасынок веков —</l>
<l n="15">Усыхающий довесок</l>
<l n="16">Прежде вынутых хлебов.</l>
</lg>
<date when="1922">1922</date>
</div2>
</div1>
</body>
</text>
</tei>
