<?xml version='1.0' encoding='UTF8'?>
<tei xmlns="http://www.tei-c.org/ns/1.0">
<teiheader>
<filedesc>
<titlestmt>
<title>«Кому зима — арак и пунш голубоглазый...»</title>
<author>О.Э. Мандельштам</author>
</titlestmt>
<publicationstmt>
<p>АРТ-БИЗНЕС-ЦЕНТР МОСКВА 1993</p>
<biblstruct>
<biblscope n="" type="volume"></biblscope>
<biblscope n="" type="part"></biblscope>
</biblstruct></publicationstmt>
<sourcedesc>
<p>Издание подготовлено Мандельштамовским обществом</p>
</sourcedesc>
<respstmt>
<resp>Подготовка и разметка файлов - Алексей Литвинцев, Вероника Файнберг. Создание
          электронного ресурса - Тимофей Молчанов. Руководители проекта - Центр Digital Humanities,
          Мандельштамовское общество (НИУ ВШЭ).</resp>
</respstmt></filedesc>
<profiledesc>
<textdesc n="poem"></textdesc>
<textclass>
<catref target="2_003" type="ID"></catref>
<catref target="О.Э. Мандельштам. Собрание сочинений в 4-х т. -- М.: Терра, 1991" type="Источник"></catref>
<catref target="стихотворение" type="Жанр художественной литературы"></catref>
<catref target="nan" type="Уточнение жанра"></catref>
<catref target="Я" type="Метр"></catref>
<catref target="6" type="Длина строки"></catref>
<catref target="регулярная" type="Клаузула"></catref>
<catref target="жм" type="Уточнение клаузулы"></catref>
<catref target="nan" type="Классическая строфа"></catref>
<catref target="перекрестная" type="Рифма"></catref>
<catref target="абаб" type="Схема рифмовки"></catref>
<catref target="Я6жм" type="Метрическая формула"></catref>
<catref target="nan" type="Дополнительные параметры"></catref>
<catref target="24" type="Число строк"></catref>
<catref target="nan" type="Автор оригинала"></catref>
<catref target="nan" type="Язык оригинала"></catref>
</textclass></profiledesc>
</teiheader>
<text>
<body>
<div1 n="2" type="volume">
<div2 n="3" type="part">
<head>3.</head>
<lg type="quatrain">
<l n="1">Кому зима — арак и пунш голубоглазый,</l>
<l n="2">Кому душистое с корицею вино,</l>
<l n="3">Кому жестоких звезд соленые приказы</l>
<l n="4">В избушку дымную перенести дано.</l>
</lg>
<lg type="quatrain">
<l n="5">Немного теплого куриного помета</l>
<l n="6">И бестолкового овечьего тепла;</l>
<l n="7">Я все отдам за жизнь — мне так нужна забота, —</l>
<l n="8">И спичка серная меня б согреть могла.</l>
</lg>
<lg type="quatrain">
<l n="9">Взгляни: в моей руке лишь глиняная крынка,</l>
<l n="10">И верещанье звезд щекочет слабый слух,</l>
<l n="11">Но желтизну травы и теплоту суглинка</l>
<l n="12">Нельзя не полюбить сквозь этот жалкий пух.</l>
</lg>
<lg type="quatrain">
<l n="13">Тихонько гладить шерсть и ворошить солому,</l>
<l n="14">Как яблоня зимой, в рогоже голодать,</l>
<l n="15">Тянуться с нежностью бессмысленно к чужому,</l>
<l n="16">И шарить в пустоте, и терпеливо ждать.</l>
</lg>
<lg type="quatrain">
<l n="17">Пусть заговорщики торопятся по снегу</l>
<l n="18">Отарою овец и хрупкий наст скрипит,</l>
<l n="19">Кому зима — полынь и горький дым к ночлегу,</l>
<l n="20">Кому — крутая соль торжественных обид.</l>
</lg>
<lg type="quatrain">
<l n="21">О, если бы поднять фонарь на длинной палке,</l>
<l n="22">С собакой впереди идти под солью звезд</l>
<l n="23">И с петухом в горшке прийти на двор к гадалке.</l>
<l n="24">А белый, белый снег до боли очи ест.</l>
</lg>
<date when="1922">1922</date>
</div2>
</div1>
</body>
</text>
</tei>
