<?xml version='1.0' encoding='UTF8'?>
<tei xmlns="http://www.tei-c.org/ns/1.0">
<teiheader>
<filedesc>
<titlestmt>
<title>«Я не знаю, с каких пор...»</title>
<author>О.Э. Мандельштам</author>
</titlestmt>
<publicationstmt>
<p>АРТ-БИЗНЕС-ЦЕНТР МОСКВА 1993</p>
<biblstruct>
<biblscope n="" type="volume"></biblscope>
<biblscope n="" type="part"></biblscope>
</biblstruct></publicationstmt>
<sourcedesc>
<p>Издание подготовлено Мандельштамовским обществом</p>
</sourcedesc>
<respstmt>
<resp>Подготовка и разметка файлов - Алексей Литвинцев, Вероника Файнберг. Создание
          электронного ресурса - Тимофей Молчанов. Руководители проекта - Центр Digital Humanities,
          Мандельштамовское общество (НИУ ВШЭ).</resp>
</respstmt></filedesc>
<profiledesc>
<textdesc n="poem"></textdesc>
<textclass>
<catref target="2_007" type="ID"></catref>
<catref target="О.Э. Мандельштам. Собрание сочинений в 4-х т. -- М.: Терра, 1991" type="Источник"></catref>
<catref target="стихотворение" type="Жанр художественной литературы"></catref>
<catref target="nan" type="Уточнение жанра"></catref>
<catref target="Я, тонический : Дк" type="Метр"></catref>
<catref target="3" type="Длина строки"></catref>
<catref target="nan" type="Клаузула"></catref>
<catref target="м" type="Уточнение клаузулы"></catref>
<catref target="nan" type="Классическая строфа"></catref>
<catref target="перекрестная" type="Рифма"></catref>
<catref target="абаб" type="Схема рифмовки"></catref>
<catref target="Дк3м" type="Метрическая формула"></catref>
<catref target="нарушения анакрусы" type="Дополнительные параметры"></catref>
<catref target="16" type="Число строк"></catref>
<catref target="nan" type="Автор оригинала"></catref>
<catref target="nan" type="Язык оригинала"></catref>
</textclass></profiledesc>
</teiheader>
<text>
<body>
<div1 n="2" type="volume">
<div2 n="7" type="part">
<head>7.</head>
<lg type="quatrain">
<l n="1">Я не знаю, с каких пор</l>
<l n="2">Эта песенка началась, —</l>
<l n="3">Не по ней ли шуршит вор,</l>
<l n="4">Комариный звенит князь?</l>
</lg>
<lg type="quatrain">
<l n="5">Я хотел бы ни о чем</l>
<l n="6">Еще раз поговорить,</l>
<l n="7">Прошуршать спичкой, плечом</l>
<l n="8">Растолкать ночь, разбудить;</l>
</lg>
<lg type="quatrain">
<l n="9">Раскидать бы за стогом стог,</l>
<l n="10">Шапку воздуха, что томит;</l>
<l n="11">Распороть, разорвать мешок,</l>
<l n="12">В котором тмин зашит.</l>
</lg>
<lg type="quatrain">
<l n="13">Чтобы розовой крови связь,</l>
<l n="14">Этих сухоньких трав звон,</l>
<l n="15">Уворованная нашлась</l>
<l n="16">Через век, сеновал, сон.</l>
</lg>
<date when="1922">1922</date>
</div2>
</div1>
</body>
</text>
</tei>
