<?xml version='1.0' encoding='UTF8'?>
<tei xmlns="http://www.tei-c.org/ns/1.0">
<teiheader>
<filedesc>
<titlestmt>
<title>«Холодок щекочет темя...»</title>
<author>О.Э. Мандельштам</author>
</titlestmt>
<publicationstmt>
<p>АРТ-БИЗНЕС-ЦЕНТР МОСКВА 1993</p>
<biblstruct>
<biblscope n="" type="volume"></biblscope>
<biblscope n="" type="part"></biblscope>
</biblstruct></publicationstmt>
<sourcedesc>
<p>Издание подготовлено Мандельштамовским обществом</p>
</sourcedesc>
<respstmt>
<resp>Подготовка и разметка файлов - Алексей Литвинцев, Вероника Файнберг. Создание
          электронного ресурса - Тимофей Молчанов. Руководители проекта - Центр Digital Humanities,
          Мандельштамовское общество (НИУ ВШЭ).</resp>
</respstmt></filedesc>
<profiledesc>
<textdesc n="poem"></textdesc>
<textclass>
<catref target="2_005" type="ID"></catref>
<catref target="О.Э. Мандельштам. Собрание сочинений в 4-х т. -- М.: Терра, 1991" type="Источник"></catref>
<catref target="стихотворение" type="Жанр художественной литературы"></catref>
<catref target="nan" type="Уточнение жанра"></catref>
<catref target="Х" type="Метр"></catref>
<catref target="4" type="Длина строки"></catref>
<catref target="регулярная" type="Клаузула"></catref>
<catref target="жм" type="Уточнение клаузулы"></catref>
<catref target="nan" type="Классическая строфа"></catref>
<catref target="перекрестная" type="Рифма"></catref>
<catref target="абаб" type="Схема рифмовки"></catref>
<catref target="Х4жм" type="Метрическая формула"></catref>
<catref target="nan" type="Дополнительные параметры"></catref>
<catref target="16" type="Число строк"></catref>
<catref target="nan" type="Автор оригинала"></catref>
<catref target="nan" type="Язык оригинала"></catref>
</textclass></profiledesc>
</teiheader>
<text>
<body>
<div1 n="2" type="volume">
<div2 n="5" type="part">
<head>5.</head>
<lg type="quatrain">
<l n="1">Холодок щекочет темя,</l>
<l n="2">И нельзя признаться вдруг, —</l>
<l n="3">И меня срезает время,</l>
<l n="4">Как скосило твой каблук.</l>
</lg>
<lg type="quatrain">
<l n="5">Жизнь себя перемогает,</l>
<l n="6">Понемногу тает звук,</l>
<l n="7">Все чего-то не хватает,</l>
<l n="8">Что-то вспомнить недосуг.</l>
</lg>
<lg type="quatrain">
<l n="9">А ведь раньше лучше было,</l>
<l n="10">И, пожалуй, не сравнишь,</l>
<l n="11">Как ты прежде шелестила,</l>
<l n="12">Кровь, как нынче шелестишь.</l>
</lg>
<lg type="quatrain">
<l n="13">Видно, даром не проходит</l>
<l n="14">Шевеленье этих губ,</l>
<l n="15">И вершина колобродит,</l>
<l n="16">Обреченная на сруб.</l>
</lg>
<date when="1922">1922</date>
</div2>
</div1>
</body>
</text>
</tei>
