<?xml version='1.0' encoding='UTF8'?>
<tei xmlns="http://www.tei-c.org/ns/1.0">
<teiheader>
<filedesc>
<titlestmt>
<title>«Умывался ночью на дворе...»</title>
<author>О.Э. Мандельштам</author>
</titlestmt>
<publicationstmt>
<p>АРТ-БИЗНЕС-ЦЕНТР МОСКВА 1993</p>
<biblstruct>
<biblscope n="" type="volume"></biblscope>
<biblscope n="" type="part"></biblscope>
</biblstruct></publicationstmt>
<sourcedesc>
<p>Издание подготовлено Мандельштамовским обществом</p>
</sourcedesc>
<respstmt>
<resp>Подготовка и разметка файлов - Алексей Литвинцев, Вероника Файнберг. Создание
          электронного ресурса - Тимофей Молчанов. Руководители проекта - Центр Digital Humanities,
          Мандельштамовское общество (НИУ ВШЭ).</resp>
</respstmt></filedesc>
<profiledesc>
<textdesc n="poem"></textdesc>
<textclass>
<catref target="2_001" type="ID"></catref>
<catref target="О.Э. Мандельштам. Собрание сочинений в 4-х т. -- М.: Терра, 1991" type="Источник"></catref>
<catref target="стихотворение" type="Жанр художественной литературы"></catref>
<catref target="nan" type="Уточнение жанра"></catref>
<catref target="Х" type="Метр"></catref>
<catref target="5" type="Длина строки"></catref>
<catref target="регулярная" type="Клаузула"></catref>
<catref target="мж" type="Уточнение клаузулы"></catref>
<catref target="nan" type="Классическая строфа"></catref>
<catref target="перекрестная" type="Рифма"></catref>
<catref target="абаб" type="Схема рифмовки"></catref>
<catref target="Х5мж" type="Метрическая формула"></catref>
<catref target="nan" type="Дополнительные параметры"></catref>
<catref target="12" type="Число строк"></catref>
<catref target="nan" type="Автор оригинала"></catref>
<catref target="nan" type="Язык оригинала"></catref>
</textclass></profiledesc>
</teiheader>
<text>
<body>
<div1 n="2" type="volume">
<div2 n="1" type="part">
<head>СТИХОТВОРЕНИЯ</head>
<head>1.</head>
<lg type="quatrain">
<l n="1">Умывался ночью на дворе.</l>
<l n="2">Твердь сияла грубыми звездами.</l>
<l n="3">Звездный луч — как соль на топоре.</l>
<l n="4">Стынет бочка с полными краями.</l>
</lg>
<lg type="quatrain">
<l n="5">На замок закрыты ворота,</l>
<l n="6">И земля по совести сурова.</l>
<l n="7">Чище правды свежего холста</l>
<l n="8">Вряд ли где отыщется основа.</l>
</lg>
<lg type="quatrain">
<l n="9">Тает в бочке, словно соль, звезда,</l>
<l n="10">И вода студеная чернее.</l>
<l n="11">Чище смерть, соленее беда,</l>
<l n="12">И земля правдивей и страшнее.</l>
</lg>
<date when="1921">1921</date>
</div2>
</div1>
</body>
</text>
</tei>
