<?xml version='1.0' encoding='UTF8'?>
<tei xmlns="http://www.tei-c.org/ns/1.0">
<teiheader>
<filedesc>
<titlestmt>
<title>Век</title>
<author>О.Э. Мандельштам</author>
</titlestmt>
<publicationstmt>
<p>АРТ-БИЗНЕС-ЦЕНТР МОСКВА 1993</p>
<biblstruct>
<biblscope n="" type="volume"></biblscope>
<biblscope n="" type="part"></biblscope>
</biblstruct></publicationstmt>
<sourcedesc>
<p>Издание подготовлено Мандельштамовским обществом</p>
</sourcedesc>
<respstmt>
<resp>Подготовка и разметка файлов - Алексей Литвинцев, Вероника Файнберг. Создание
          электронного ресурса - Тимофей Молчанов. Руководители проекта - Центр Digital Humanities,
          Мандельштамовское общество (НИУ ВШЭ).</resp>
</respstmt></filedesc>
<profiledesc>
<textdesc n="poem"></textdesc>
<textclass>
<catref target="2_011" type="ID"></catref>
<catref target="О.Э. Мандельштам. Собрание сочинений в 4-х т. -- М.: Терра, 1991" type="Источник"></catref>
<catref target="стихотворение" type="Жанр художественной литературы"></catref>
<catref target="nan" type="Уточнение жанра"></catref>
<catref target="Х" type="Метр"></catref>
<catref target="4" type="Длина строки"></catref>
<catref target="регулярная" type="Клаузула"></catref>
<catref target="жм" type="Уточнение клаузулы"></catref>
<catref target="nan" type="Классическая строфа"></catref>
<catref target="перекрестная" type="Рифма"></catref>
<catref target="абаб" type="Схема рифмовки"></catref>
<catref target="Х4жм" type="Метрическая формула"></catref>
<catref target="nan" type="Дополнительные параметры"></catref>
<catref target="40" type="Число строк"></catref>
<catref target="nan" type="Автор оригинала"></catref>
<catref target="nan" type="Язык оригинала"></catref>
</textclass></profiledesc>
</teiheader>
<text>
<body>
<div1 n="2" type="volume">
<div2 n="11" type="part">
<head>11.
ВЕК</head>
<lg type="octet">
<l n="1">Век мой, зверь мой, кто сумеет</l>
<l n="2">Заглянуть в твои зрачки</l>
<l n="3">И своею кровью склеит</l>
<l n="4">Двух столетий позвонки?</l>
<l n="5">Кровь-строительница хлещет</l>
<l n="6">Горлом из земных вещей,</l>
<l n="7">Захребетник лишь трепещет</l>
<l n="8">На пороге новых дней.</l>
</lg>
<lg type="octet">
<l n="9">Тварь, покуда жизнь хватает,</l>
<l n="10">Донести хребет должна,</l>
<l n="11">И невидимым играет</l>
<l n="12">Позвоночником волна.</l>
<l n="13">Словно нежный хрящ ребенка</l>
<l n="14">Век младенческой земли —</l>
<l n="15">Снова в жертву, как ягненка,</l>
<l n="16">Темя жизни принесли.</l>
</lg>
<lg type="octet">
<l n="17">Чтобы вырвать век из плена,</l>
<l n="18">Чтобы новый мир начать,</l>
<l n="19">Узловатых дней колена</l>
<l n="20">Нужно флейтою связать.</l>
<l n="21">Это век волну колышет</l>
<l n="22">Человеческой тоской,</l>
<l n="23">И в траве гадюка дышит</l>
<l n="24">Мерой века золотой.</l>
</lg>
<lg type="octet">
<l n="25">И еще набухнут почки,</l>
<l n="26">Брызнет зелени побег,</l>
<l n="27">Но разбит твой позвоночник,</l>
<l n="28">Мой прекрасный жалкий век!</l>
<l n="29">И с бессмысленной улыбкой</l>
<l n="30">Вспять глядишь, жесток и слаб,</l>
<l n="31">Словно зверь когда-то гибкий,</l>
<l n="32">На следы своих же лап.</l>
</lg>
<lg type="octet">
<l n="33">Кровь — строительница хлещет</l>
<l n="34">Горлом из земных вещей,</l>
<l n="35">И горящей рыбой мещет</l>
<l n="36">В берег теплый хрящ морей.</l>
<l n="37">И с высокой сетки птичьей,</l>
<l n="38">От лазурных влажных глыб</l>
<l n="39">Льется, льется безразличье</l>
<l n="40">На смертельный твой ушиб.</l>
</lg>
<date when="1922">1922</date>
</div2>
</div1>
</body>
</text>
</tei>
