<?xml version='1.0' encoding='UTF8'?>
<tei xmlns="http://www.tei-c.org/ns/1.0">
<teiheader>
<filedesc>
<titlestmt>
<title>Париж</title>
<author>О.Э. Мандельштам</author>
</titlestmt>
<publicationstmt>
<p>АРТ-БИЗНЕС-ЦЕНТР МОСКВА 1993</p>
<biblstruct>
<biblscope n="" type="volume"></biblscope>
<biblscope n="" type="part"></biblscope>
</biblstruct></publicationstmt>
<sourcedesc>
<p>Издание подготовлено Мандельштамовским обществом</p>
</sourcedesc>
<respstmt>
<resp>Подготовка и разметка файлов - Алексей Литвинцев, Вероника Файнберг. Создание
          электронного ресурса - Тимофей Молчанов. Руководители проекта - Центр Digital Humanities,
          Мандельштамовское общество (НИУ ВШЭ).</resp>
</respstmt></filedesc>
<profiledesc>
<textdesc n="poem"></textdesc>
<textclass>
<catref target="2_014" type="ID"></catref>
<catref target="О.Э. Мандельштам. Собрание сочинений в 4-х т. -- М.: Терра, 1991" type="Источник"></catref>
<catref target="стихотворение" type="Жанр художественной литературы"></catref>
<catref target="nan" type="Уточнение жанра"></catref>
<catref target="Я" type="Метр"></catref>
<catref target="6" type="Длина строки"></catref>
<catref target="регулярная" type="Клаузула"></catref>
<catref target="жжмм" type="Уточнение клаузулы"></catref>
<catref target="александрийский стих" type="Классическая строфа"></catref>
<catref target="парная" type="Рифма"></catref>
<catref target="аа" type="Схема рифмовки"></catref>
<catref target="Я6жжмм" type="Метрическая формула"></catref>
<catref target="nan" type="Дополнительные параметры"></catref>
<catref target="28" type="Число строк"></catref>
<catref target="nan" type="Автор оригинала"></catref>
<catref target="nan" type="Язык оригинала"></catref>
</textclass></profiledesc>
</teiheader>
<text>
<body>
<div1 n="2" type="volume">
<div2 n="14" type="part">
<head>14.
ПАРИЖ</head>
<lg type="quatrain">
<l n="1">Язык булыжника мне голубя понятней,</l>
<l n="2">Здесь камни — голуби, дома — как голубятни.</l>
<l n="3">И светлым ручейком течет рассказ подков</l>
<l n="4">По звучным мостовым прабабки городов.</l>
</lg>
<lg type="octet">
<l n="5">Здесь толпы детские — событий попрошайки,</l>
<l n="6">Парижских воробьев испуганные стайки,<rs ref="Париж" type="geo_index"></rs></l>
<l n="7">Клевали наскоро крупу свинцовых крох —</l>
<l n="8">Фригийской бабушкой рассыпанный горох.</l>
<l n="9">И в памяти живет плетеная корзинка,</l>
<l n="10">И в воздухе плывет забытая коринка,</l>
<l n="11">И тесные дома — зубов молочных ряд</l>
<l n="12">На деснах старческих, как близнецы, стоят.</l>
</lg>
<lg type="tercet">
<l n="13">Здесь клички месяцам давали, как котятам,</l>
<l n="14">И молоко и кровь давали нежным львятам;</l>
<l n="15">А подрастут они-то разве года два</l>
</lg>
<lg type="10_line">
<l n="16">Мне трудно говорить — не видел ничего,</l>
<l n="17">Но все-таки скажу: я помню одного, —</l>
<l n="18">Он лапу поднимал, как огненную розу,</l>
<l n="19">И, как ребенок, всем показывал занозу,</l>
<l n="20">Его не слушали: смеялись кучера,</l>
<l n="21">И грызла яблоки, с шарманкой, детвора.</l>
<l n="22">Афиши клеили, и ставили капканы,</l>
<l n="23">И пели песенки, и жарили каштаны,</l>
<l n="24">И светлой улицей, как просекой прямой,</l>
<l n="25">Летели лошади из зелени густой!</l>
</lg>
<date when="1923">1923</date>
</div2>
</div1>
</body>
</text>
</tei>
