<?xml version='1.0' encoding='UTF8'?>
<tei xmlns="http://www.tei-c.org/ns/1.0">
<teiheader>
<filedesc>
<titlestmt>
<title>«Нет, никогда, ничей я не был современник...»</title>
<author>О.Э. Мандельштам</author>
</titlestmt>
<publicationstmt>
<p>АРТ-БИЗНЕС-ЦЕНТР МОСКВА 1993</p>
<biblstruct>
<biblscope n="" type="volume"></biblscope>
<biblscope n="" type="part"></biblscope>
</biblstruct></publicationstmt>
<sourcedesc>
<p>Издание подготовлено Мандельштамовским обществом</p>
</sourcedesc>
<respstmt>
<resp>Подготовка и разметка файлов - Алексей Литвинцев, Вероника Файнберг. Создание
          электронного ресурса - Тимофей Молчанов. Руководители проекта - Центр Digital Humanities,
          Мандельштамовское общество (НИУ ВШЭ).</resp>
</respstmt></filedesc>
<profiledesc>
<textdesc n="poem"></textdesc>
<textclass>
<catref target="2_018" type="ID"></catref>
<catref target="О.Э. Мандельштам. Собрание сочинений в 4-х т. -- М.: Терра, 1991" type="Источник"></catref>
<catref target="стихотворение" type="Жанр художественной литературы"></catref>
<catref target="nan" type="Уточнение жанра"></catref>
<catref target="Я" type="Метр"></catref>
<catref target="регулярная" type="Длина строки"></catref>
<catref target="регулярная" type="Клаузула"></catref>
<catref target="жм" type="Уточнение клаузулы"></catref>
<catref target="nan" type="Классическая строфа"></catref>
<catref target="перекрестная" type="Рифма"></catref>
<catref target="абаб" type="Схема рифмовки"></catref>
<catref target="Я6ж+Я4м" type="Метрическая формула"></catref>
<catref target="nan" type="Дополнительные параметры"></catref>
<catref target="24" type="Число строк"></catref>
<catref target="nan" type="Автор оригинала"></catref>
<catref target="nan" type="Язык оригинала"></catref>
</textclass></profiledesc>
</teiheader>
<text>
<body>
<div1 n="2" type="volume">
<div2 n="18" type="part">
<head>18.</head>
<lg type="quatrain">
<l n="1">Нет, никогда, ничей я не был современник,</l>
<l n="2">Мне не с руки почет такой,</l>
<l n="3">О, как противен мне какой-то соименник,</l>
<l n="4">То был не я, то был другой.</l>
</lg>
<lg type="quatrain">
<l n="5">Два сонных яблока у века-властелина</l>
<l n="6">И глиняный прекрасный рот,</l>
<l n="7">Но к млеющей руке стареющего сына</l>
<l n="8">Он, умирая, припадет.</l>
</lg>
<lg type="quatrain">
<l n="9">Я с веком поднимал болезненные веки —</l>
<l n="10">Два сонных яблока больших,</l>
<l n="11">И мне гремучие рассказывали реки</l>
<l n="12">Ход воспаленных тяжб людских.</l>
</lg>
<lg type="quatrain">
<l n="13">Сто лет тому назад подушками белела</l>
<l n="14">Складная легкая постель,</l>
<l n="15">И странно вытянулось глиняное тело, —</l>
<l n="16">Кончался века первый хмель.</l>
</lg>
<lg type="quatrain">
<l n="17">Среди скрипучего похода мирового —</l>
<l n="18">Какая легкая кровать!</l>
<l n="19">Ну что же, если нам не выковать другого,</l>
<l n="20">Давайте с веком вековать.</l>
</lg>
<lg type="quatrain">
<l n="21">И в жаркой комнате, в кибитке и в палатке</l>
<l n="22">Век умирает, — а потом</l>
<l n="23">Два сонных яблока на роговой облатке</l>
<l n="24">Сияют перистым огнем.</l>
</lg>
<date when="1924">1924</date>
</div2>
</div1>
</body>
</text>
</tei>
