<?xml version='1.0' encoding='UTF8'?>
<tei xmlns="http://www.tei-c.org/ns/1.0">
<teiheader>
<filedesc>
<titlestmt>
<title>«Как тельце маленькое крылышком...»</title>
<author>О.Э. Мандельштам</author>
</titlestmt>
<publicationstmt>
<p>АРТ-БИЗНЕС-ЦЕНТР МОСКВА 1993</p>
<biblstruct>
<biblscope n="" type="volume"></biblscope>
<biblscope n="" type="part"></biblscope>
</biblstruct></publicationstmt>
<sourcedesc>
<p>Издание подготовлено Мандельштамовским обществом</p>
</sourcedesc>
<respstmt>
<resp>Подготовка и разметка файлов - Алексей Литвинцев, Вероника Файнберг. Создание
          электронного ресурса - Тимофей Молчанов. Руководители проекта - Центр Digital Humanities,
          Мандельштамовское общество (НИУ ВШЭ).</resp>
</respstmt></filedesc>
<profiledesc>
<textdesc n="poem"></textdesc>
<textclass>
<catref target="2_016" type="ID"></catref>
<catref target="О.Э. Мандельштам. Собрание сочинений в 4-х т. -- М.: Терра, 1991" type="Источник"></catref>
<catref target="стихотворение" type="Жанр художественной литературы"></catref>
<catref target="nan" type="Уточнение жанра"></catref>
<catref target="Я" type="Метр"></catref>
<catref target="4" type="Длина строки"></catref>
<catref target="регулярная" type="Клаузула"></catref>
<catref target="дж" type="Уточнение клаузулы"></catref>
<catref target="nan" type="Классическая строфа"></catref>
<catref target="перекрестная" type="Рифма"></catref>
<catref target="абаб" type="Схема рифмовки"></catref>
<catref target="Я4дж" type="Метрическая формула"></catref>
<catref target="составная рифма, диссонанс" type="Дополнительные параметры"></catref>
<catref target="12" type="Число строк"></catref>
<catref target="nan" type="Автор оригинала"></catref>
<catref target="nan" type="Язык оригинала"></catref>
</textclass></profiledesc>
</teiheader>
<text>
<body>
<div1 n="2" type="volume">
<div2 n="16" type="part">
<head>16.</head>
<lg type="quatrain">
<l n="1">Как тельце маленькое крылышком</l>
<l n="2">По солнцу всклянь перевернулось</l>
<l n="3">И зажигательное стеклышко</l>
<l n="4">На эмпирее загорелось.</l>
</lg>
<lg type="quatrain">
<l n="5">Как комариная безделица</l>
<l n="6">В зените ныла и звенела</l>
<l n="7">И под сурдинку пеньем жужелиц</l>
<l n="8">В лазури мучилась заноза:</l>
</lg>
<lg type="quatrain">
<l n="9">— Не забывай меня, казни меня,</l>
<l n="10">Но дай мне имя, дай мне имя!</l>
<l n="11">Мне будет легче с ним, пойми меня,</l>
<l n="12">В беременной глубокой сини.</l>
</lg>
<date when="1923">1923</date>
</div2>
</div1>
</body>
</text>
</tei>
