<?xml version='1.0' encoding='UTF8'?>
<tei xmlns="http://www.tei-c.org/ns/1.0">
<teiheader>
<filedesc>
<titlestmt>
<title>А небо будущим беременно...</title>
<author>О.Э. Мандельштам</author>
</titlestmt>
<publicationstmt>
<p>АРТ-БИЗНЕС-ЦЕНТР МОСКВА 1993</p>
<biblstruct>
<biblscope n="" type="volume"></biblscope>
<biblscope n="" type="part"></biblscope>
</biblstruct></publicationstmt>
<sourcedesc>
<p>Издание подготовлено Мандельштамовским обществом</p>
</sourcedesc>
<respstmt>
<resp>Подготовка и разметка файлов - Алексей Литвинцев, Вероника Файнберг. Создание
          электронного ресурса - Тимофей Молчанов. Руководители проекта - Центр Digital Humanities,
          Мандельштамовское общество (НИУ ВШЭ).</resp>
</respstmt></filedesc>
<profiledesc>
<textdesc n="poem"></textdesc>
<textclass>
<catref target="2_015" type="ID"></catref>
<catref target="О.Э. Мандельштам. Собрание сочинений в 4-х т. -- М.: Терра, 1991" type="Источник"></catref>
<catref target="стихотворение" type="Жанр художественной литературы"></catref>
<catref target="nan" type="Уточнение жанра"></catref>
<catref target="Я" type="Метр"></catref>
<catref target="4" type="Длина строки"></catref>
<catref target="регулярная" type="Клаузула"></catref>
<catref target="дж" type="Уточнение клаузулы"></catref>
<catref target="nan" type="Классическая строфа"></catref>
<catref target="перекрестная" type="Рифма"></catref>
<catref target="абаб" type="Схема рифмовки"></catref>
<catref target="Я4дж" type="Метрическая формула"></catref>
<catref target="составная рифма, диссонанс, нарушения строфики" type="Дополнительные параметры"></catref>
<catref target="56" type="Число строк"></catref>
<catref target="nan" type="Автор оригинала"></catref>
<catref target="nan" type="Язык оригинала"></catref>
</textclass></profiledesc>
</teiheader>
<text>
<body>
<div1 n="2" type="volume">
<div2 n="15" type="part">
<head>15.
А НЕБО БУДУЩИМ БЕРЕМЕННО...</head>
<lg type="56_line">
<l n="1">Опять войны разноголосица</l>
<l n="2">На древних плоскогорьях мира,</l>
<l n="3">И лопастью пропеллер лоснится,</l>
<l n="4">Как кость точеная тапира.</l>
<l n="5">Крыла и смерти уравнение, —</l>
<l n="6">С алгебраических пирушек</l>
<l n="7">Слетев, он помнит измерение</l>
<l n="8">Других эбеновых игрушек,</l>
<l n="9">Врагиню ночь, рассадник вражеский</l>
<l n="10">Существ коротких ластоногих,</l>
<l n="11">И молодую силу тяжести:</l>
<l n="12">Так начиналась власть немногих...</l>
<l n="13">Итак, готовьтесь жить во времени,</l>
<l n="14">Где нет ни волка, ни тапира,</l>
<l n="15">А небо будущим беременно —</l>
<l n="16">Пшеницей сытого эфира.</l>
<l n="17">А то сегодня победители</l>
<l n="18">Кладбища лета обходили,</l>
<l n="19">Ломали крылья стрекозиные</l>
<l n="20">И молоточками казнили.</l>
<l n="21">Давайте слушать грома проповедь,</l>
<l n="22">Как внуки Себастьяна Баха,<rs ref="Бах, Иоганн Себастьян" type="person"></rs></l>
<l n="23">И на востоке и на западе</l>
<l n="24">Органные поставим крылья!</l>
<l n="25">Давайте бросим бури яблоко</l>
<l n="26">На стол пирующим землянам</l>
<l n="27">И на стеклянном блюде облако</l>
<l n="28">Поставим яств посередине.</l>
<l n="29">Давайте все покроем заново</l>
<l n="30">Камчатной скатертью пространства,</l>
<l n="31">Переговариваясь, радуясь,</l>
<l n="32">Друг другу подавая брашна.</l>
<l n="33">На круговом на мирном судьбище</l>
<l n="34">Зарею кровь оледенится.</l>
<l n="35">В беременном глубоком будущем</l>
<l n="36">Жужжит большая медуница.</l>
<l n="37">А вам, в безвременьи летающим</l>
<l n="38">Под хлыст войны за власть немногих, —</l>
<l n="39">Хотя бы честь млекопитающих,</l>
<l n="40">Хотя бы совесть ластоногих.</l>
<l n="41">И тем печальнее, тем горше нам,</l>
<l n="42">Что люди-птицы хуже зверя</l>
<l n="43">И что стервятникам и коршунам</l>
<l n="44">Мы поневоле больше верим.</l>
<l n="45">Как шапка холода альпийского,</l>
<l n="46">Из года в год, в жару и лето,</l>
<l n="47">На лбу высоком человечества</l>
<l n="48">Войны холодные ладони.</l>
<l n="49">А ты, глубокое и сытое,</l>
<l n="50">Забременевшее лазурью,</l>
<l n="51">Как чешуя многоочитое,</l>
<l n="52">И альфа и омега бури;</l>
<l n="53">Тебе — чужое и безбровое,</l>
<l n="54">Из поколенья в поколение, —</l>
<l n="55">Всегда высокое и новое</l>
<l n="56">Передается удивление.</l>
</lg>
<date when="1923">1923</date>
</div2>
</div1>
</body>
</text>
</tei>
