<?xml version='1.0' encoding='UTF8'?>
<tei xmlns="http://www.tei-c.org/ns/1.0">
<teiheader>
<filedesc>
<titlestmt>
<title>Грифельная ода</title>
<author>О.Э. Мандельштам</author>
</titlestmt>
<publicationstmt>
<p>АРТ-БИЗНЕС-ЦЕНТР МОСКВА 1993</p>
<biblstruct>
<biblscope n="" type="volume"></biblscope>
<biblscope n="" type="part"></biblscope>
</biblstruct></publicationstmt>
<sourcedesc>
<p>Издание подготовлено Мандельштамовским обществом</p>
</sourcedesc>
<respstmt>
<resp>Подготовка и разметка файлов - Алексей Литвинцев, Вероника Файнберг. Создание
          электронного ресурса - Тимофей Молчанов. Руководители проекта - Центр Digital Humanities,
          Мандельштамовское общество (НИУ ВШЭ).</resp>
</respstmt></filedesc>
<profiledesc>
<textdesc n="poem"></textdesc>
<textclass>
<catref target="2_013" type="ID"></catref>
<catref target="О.Э. Мандельштам. Собрание сочинений в 4-х т. -- М.: Терра, 1991" type="Источник"></catref>
<catref target="стихотворение" type="Жанр художественной литературы"></catref>
<catref target="ода" type="Уточнение жанра"></catref>
<catref target="Я" type="Метр"></catref>
<catref target="4" type="Длина строки"></catref>
<catref target="регулярная" type="Клаузула"></catref>
<catref target="мж" type="Уточнение клаузулы"></catref>
<catref target="nan" type="Классическая строфа"></catref>
<catref target="перекрестная" type="Рифма"></catref>
<catref target="абаб" type="Схема рифмовки"></catref>
<catref target="Я4мж" type="Метрическая формула"></catref>
<catref target="холостая строка, нарушения строфики" type="Дополнительные параметры"></catref>
<catref target="66" type="Число строк"></catref>
<catref target="nan" type="Автор оригинала"></catref>
<catref target="nan" type="Язык оригинала"></catref>
</textclass></profiledesc>
</teiheader>
<text>
<body>
<div1 n="2" type="volume">
<div2 n="13" type="part">
<head>13.
ГРИФЕЛЬНАЯ ОДА</head>
<lg type="10_line">
<l n="1">Мы только с голоса поймем, </l>
<l n="2">Что там царапалось, боролось...</l>
<l n="3">Звезда с звездой — могучий стык,</l>
<l n="4">Кремнистый путь из старой песни,</l>
<l n="5">Кремня и воздуха язык,</l>
<l n="6">Кремень с водой, с подковой перстень.</l>
<l n="7">На мягком сланце облаков</l>
<l n="8">Молочный грифельный рисунок —</l>
<l n="9">Не ученичество миров,</l>
<l n="10">А бред овечьих полусонок.</l>
</lg>
<lg type="octet">
<l n="11">Мы стоя спим в густой ночи</l>
<l n="12">Под теплой шапкою овечьей.</l>
<l n="13">Обратно в крепь родник журчит</l>
<l n="14">Цепочкой, пеночкой и речью.</l>
<l n="15">Здесь пишет страх, здесь пишет сдвиг</l>
<l n="16">Свинцовой палочкой молочной,</l>
<l n="17">Здесь созревает черновик</l>
<l n="18">Учеников воды проточной.</l>
</lg>
<lg type="octet">
<l n="19">Крутые козьи города,</l>
<l n="20">Кремней могучее слоенье;</l>
<l n="21">И все-таки еще гряда —</l>
<l n="22">Овечьи церкви и селенья!</l>
<l n="23">Им проповедует отвес,</l>
<l n="24">Вода их учит, точит время,</l>
<l n="25">И воздуха прозрачный лес</l>
<l n="26">Уже давно пресыщен всеми.</l>
</lg>
<lg type="octet">
<l n="27">Как мертвый шершень возле сот,</l>
<l n="28">День пестрый выметен с позором.</l>
<l n="29">И ночь-коршунница несет</l>
<l n="30">Горящий мел и грифель кормит.</l>
<l n="31">С иконоборческой доски</l>
<l n="32">Стереть дневные впечатленья</l>
<l n="33">И, как птенца, стряхнуть с руки</l>
<l n="34">Уже прозрачные виденья!</l>
</lg>
<lg type="octet">
<l n="35">Плод нарывал. Зрел виноград.</l>
<l n="36">День бушевал, как день бушует.</l>
<l n="37">И в бабки нежная игра,</l>
<l n="38">И в полдень злых овчарок шубы.</l>
<l n="39">Как мусор с ледяных высот —</l>
<l n="40">Изнанка образов зеленых —</l>
<l n="41">Вода голодная течет,</l>
<l n="42">Крутясь, играя, как звереныш.</l>
</lg>
<lg type="sestet">
<l n="43">И как паук ползет по мне —</l>
<l n="44">Где каждый стык луной обрызган,</l>
<l n="45">На изумленной крутизне</l>
<l n="46">Я слышу грифельные визги.</l>
<l n="47">Ломаю ночь, горящий мел,</l>
<l n="48">Для твердой записи мгновенной.</l>
</lg>
<lg type="octet">
<l n="49">Кто я? Не каменщик прямой,</l>
<l n="50">Не кровельщик, не корабельщик, —</l>
<l n="51">Двурушник я, с двойной душой,</l>
<l n="52">Я ночи друг, я дня застрельщик.</l>
<l n="53">Блажен, кто называл кремень</l>
<l n="54">Учеником воды проточной.</l>
<l n="55">Блажен, кто завязал ремень</l>
<l n="56">Подошве гор на твердой почве.</l>
</lg>
<lg type="octet">
<l n="57">И я теперь учу дневник</l>
<l n="58">Царапин грифельного лета,</l>
<l n="59">Кремня и воздуха язык,</l>
<l n="60">С прослойкой тьмы, с прослойкой света;</l>
<l n="61">И я хочу вложить персты</l>
<l n="62">В кремнистый путь из старой песни,</l>
<l n="63">Как в язву, заключая в стык —</l>
<l n="64">Кремень с водой, с подковой перстень.</l>
</lg>
<date when="1923">1923, 1937</date>
<date when="1937">1923, 1937</date>
</div2>
</div1>
</body>
</text>
</tei>
