<?xml version='1.0' encoding='UTF8'?>
<tei xmlns="http://www.tei-c.org/ns/1.0">
<teiheader>
<filedesc>
<titlestmt>
<title>Нашедший подкову (Пиндарический отрывок)</title>
<author>О.Э. Мандельштам</author>
</titlestmt>
<publicationstmt>
<p>АРТ-БИЗНЕС-ЦЕНТР МОСКВА 1993</p>
<biblstruct>
<biblscope n="" type="volume"></biblscope>
<biblscope n="" type="part"></biblscope>
</biblstruct></publicationstmt>
<sourcedesc>
<p>Издание подготовлено Мандельштамовским обществом</p>
</sourcedesc>
<respstmt>
<resp>Подготовка и разметка файлов - Алексей Литвинцев, Вероника Файнберг. Создание
          электронного ресурса - Тимофей Молчанов. Руководители проекта - Центр Digital Humanities,
          Мандельштамовское общество (НИУ ВШЭ).</resp>
</respstmt></filedesc>
<profiledesc>
<textdesc n="poem"></textdesc>
<textclass>
<catref target="2_012" type="ID"></catref>
<catref target="О.Э. Мандельштам. Собрание сочинений в 4-х т. -- М.: Терра, 1991" type="Источник"></catref>
<catref target="стихотворение" type="Жанр художественной литературы"></catref>
<catref target="отрывок" type="Уточнение жанра"></catref>
<catref target="Ан, Аф, Д, Х, Я, тонический : Вл" type="Метр"></catref>
<catref target="вольная" type="Длина строки"></catref>
<catref target="вольная" type="Клаузула"></catref>
<catref target="г, д, ж, м" type="Уточнение клаузулы"></catref>
<catref target="nan" type="Классическая строфа"></catref>
<catref target="0" type="Рифма"></catref>
<catref target="nan" type="Схема рифмовки"></catref>
<catref target="Вл1,2,3,4,5,6,7,8г,д,ж,м" type="Метрическая формула"></catref>
<catref target="переменная анакруса" type="Дополнительные параметры"></catref>
<catref target="100" type="Число строк"></catref>
<catref target="nan" type="Автор оригинала"></catref>
<catref target="nan" type="Язык оригинала"></catref>
</textclass></profiledesc>
</teiheader>
<text>
<body>
<div1 n="2" type="volume">
<div2 n="12" type="part">
<head>12.
НАШЕДШИЙ ПОДКОВУ
(Пиндарический отрывок)</head>
<lg type="102_line">
<l n="1">Глядим на лес и говорим:</l>
<l n="2">— Вот лес корабельный, мачтовый,</l>
<l n="3">Розовые сосны,</l>
<l n="4">До самой верхушки свободные от мохнатой ноши,</l>
<l n="5">Им бы поскрипывать в бурю,</l>
<l n="6">Одинокими пиниями,</l>
<l n="7">В разъяренном безлесном воздухе;</l>
<l n="8">Под соленою пятою ветра устоит отвес, пригнанный к пляшущей палубе,</l>
<l n="9">И мореплаватель,</l>
<l n="10">В необузданной жажде пространства,</l>
<l n="11">Влача через влажные рытвины</l>
<l n="12">Хрупкий прибор геометра,</l>
<l n="13">Сличит с притяженьем земного лона</l>
<l n="14">Шероховатую поверхность морей.</l>
<l n="15">А вдыхая запах</l>
<l n="16">Смолистых слез, проступивших сквозь обшивку корабля,</l>
<l n="17">Любуясь на доски,</l>
<l n="18">Заклепанные, слаженные в переборки</l>
<l n="19">Не вифлеемским мирным плотником, а другим —</l>
<l n="20">Отцом путешествий, другом морехода, —</l>
<l n="21">Говорим:</l>
<l n="22">— И они стояли на земле,</l>
<l n="23">Неудобной, как хребет осла,</l>
<l n="24">Забывая верхушками о корнях</l>
<l n="25">На знаменитом горном кряже,</l>
<l n="26">И шумели под пресным ливнем,</l>
<l n="27">Безуспешно предлагая  небу выменять на щепотку соли</l>
<l n="28">Свой благородный груз.</l>
<l n="29">С чего начать?</l>
<l n="30">Все трещит и качается.</l>
<l n="31">Воздух дрожит от сравнений.</l>
<l n="32">Ни одно слово не лучше другого,</l>
<l n="33">Земля гудит метафорой,</l>
<l n="34">И легкие двуколки</l>
<l n="35">В броской упряжи густых от натуги птичьих стай</l>
<l n="36">Разрываются на части,</l>
<l n="37">Соперничая с храпящими любимцами ристалищ.</l>
<l n="38">Трижды блажен, кто введет в песнь имя;</l>
<l n="39">Украшенная названьем песнь</l>
<l n="40">Дольше живет среди других —</l>
<l n="41">Она отмечена среди подруг повязкой на лбу,</l>
<l n="42">Исцеляющей от беспамятства, слишком сильного одуряющего запаха —</l>
<l n="43">Будь то близость мужчины,</l>
<l n="44">Или запах шерсти сильного зверя,</l>
<l n="45">Или просто дух чобра, растертого между ладоней.</l>
<l n="46">Воздух бывает темным, как вода. и все живое в нем плавает, как рыба,</l>
<l n="47">Плавниками расталкивая сферу,</l>
<l n="48">Плотную, упругую, чуть нагретую, —</l>
<l n="49">Хрусталь, в котором движутся колеса и шарахаются лошади,</l>
<l n="50">Влажный чернозем Нееры, каждую ночь распаханный заново<rs ref="Неера" type="myth_index"></rs></l>
<l n="51">Вилами, трезубцами, мотыгами, плугами.</l>
<l n="52">Воздух замешен также густо, как земля, —</l>
<l n="53">Из него нельзя выйти, в него трудно войти.</l>
<l n="54">Шорох пробегает по деревьям зеленой лаптой,</l>
<l n="55">Дети играют в бабки позвонками умерших животных.</l>
<l n="56">Хрупкое летоисчисление нашей эры подходит к концу. </l>
<l n="57">Спасибо за то, что было:</l>
<l n="58">Я сам ошибся, я сбился, запутался в счете.</l>
<l n="59">Эра звенела, как шар золотой,</l>
<l n="60">Полная, литая, никем не поддерживаемая,</l>
<l n="61">На всякое прикосновение отвечала «да» и «нет».</l>
<l n="62">Так ребенок отвечает:</l>
<l n="63">«Я дам тебе яблоко»— или: «Я не дам тебе яблоко».</l>
<l n="64">И лицо его — точный слепок с голоса, который</l>
<l n="65">произносит эти слова.</l>
<l n="66">Звук еще звенит, хотя причина звука исчезла.</l>
<l n="67">Конь лежит в пыли и храпит в мыле,</l>
<l n="68">Но крутой поворот его шеи</l>
<l n="69">Еще сохраняет воспоминание о беге с разбросанными</l>
<l n="70"> ногами, —</l>
<l n="71">Когда их было не четыре,</l>
<l n="72">А по числу камней дороги,</l>
<l n="73">Обновляемых в четыре смены,</l>
<l n="74">По числу отталкиваний от земли</l>
<l n="75">Пышущего жаром иноходца.</l>
<l n="76">Так</l>
<l n="77">Нашедший подкову</l>
<l n="78">Сдувает с нее пыль</l>
<l n="79">И растирает ее шерстью, пока она не заблестит;</l>
<l n="80">Тогда</l>
<l n="81">Он вешает ее на пороге,</l>
<l n="82">Чтобы она отдохнула,</l>
<l n="83">И больше уж ей не придется высекать искры из кремня.</l>
<l n="84">Человеческие губы,</l>
<l n="85">которым больше нечего сказать,</l>
<l n="86">Сохраняют форму последнего сказанного слова,</l>
<l n="87">И в руке остается ощущение тяжести,</l>
<l n="88">Хотя кувшин</l>
<l n="89">наполовину расплескался,</l>
<l n="90">пока его несли домой.</l>
<l n="91">То, что я сейчас говорю, говорю не я,</l>
<l n="92">А вырыто из земли, подобно зернам окаменелой</l>
<l n="93">пшеницы.</l>
<l n="94">Одни</l>
<l n="95">на монетах изображают льва,</l>
<l n="96">Другие —</l>
<l n="97">голову.</l>
<l n="98">Разнообразные медные, золотые и бронзовые лепешки</l>
<l n="99">С одинаковой почестью лежат в земле,</l>
<l n="100">Век, пробуя их перегрызть, оттиснул на них свои зубы. </l>
<l n="101">Время срезает меня, как монету.</l>
<l n="102">И мне уж не хватает меня самого...</l>
</lg>
<date when="1923">1923</date>
</div2>
</div1>
</body>
</text>
</tei>
