<?xml version='1.0' encoding='UTF8'?>
<tei xmlns="http://www.tei-c.org/ns/1.0">
<teiheader>
<filedesc>
<titlestmt>
<title>Муравьи</title>
<author>О.Э. Мандельштам</author>
</titlestmt>
<publicationstmt>
<p>АРТ-БИЗНЕС-ЦЕНТР МОСКВА 1993</p>
<biblstruct>
<biblscope n="" type="volume"></biblscope>
<biblscope n="" type="part"></biblscope>
</biblstruct></publicationstmt>
<sourcedesc>
<p>Издание подготовлено Мандельштамовским обществом</p>
</sourcedesc>
<respstmt>
<resp>Подготовка и разметка файлов - Алексей Литвинцев, Вероника Файнберг. Создание
          электронного ресурса - Тимофей Молчанов. Руководители проекта - Центр Digital Humanities,
          Мандельштамовское общество (НИУ ВШЭ).</resp>
</respstmt></filedesc>
<profiledesc>
<textdesc n="poem"></textdesc>
<textclass>
<catref target="2_023" type="ID"></catref>
<catref target="О.Э. Мандельштам. Собрание сочинений в 4-х т. -- М.: Терра, 1991" type="Источник"></catref>
<catref target="стихотворение" type="Жанр художественной литературы"></catref>
<catref target="nan" type="Уточнение жанра"></catref>
<catref target="Х" type="Метр"></catref>
<catref target="4" type="Длина строки"></catref>
<catref target="регулярная" type="Клаузула"></catref>
<catref target="жм" type="Уточнение клаузулы"></catref>
<catref target="nan" type="Классическая строфа"></catref>
<catref target="перекрестная" type="Рифма"></catref>
<catref target="абаб" type="Схема рифмовки"></catref>
<catref target="Х4жм" type="Метрическая формула"></catref>
<catref target="nan" type="Дополнительные параметры"></catref>
<catref target="16" type="Число строк"></catref>
<catref target="nan" type="Автор оригинала"></catref>
<catref target="nan" type="Язык оригинала"></catref>
</textclass></profiledesc>
</teiheader>
<text>
<body>
<div1 n="2" type="volume">
<div2 n="23" type="part">
<head>Стихи для детей</head>
<head>23.
Муравьи</head>
<lg type="quatrain">
<l n="1">Муравьев не нужно трогать:</l>
<l n="2">Третий день в глуши лесов</l>
<l n="3">Все идут, пройти не могут</l>
<l n="4">Десять тысяч муравьев.</l>
</lg>
<lg type="quatrain">
<l n="5">Как носильщик настоящий</l>
<l n="6">С сундуком семьи своей,</l>
<l n="7">Самый черный и блестящий,</l>
<l n="8">Самый сильный — муравей!</l>
</lg>
<lg type="quatrain">
<l n="9">Настоящие вокзалы —</l>
<l n="10">Муравейники в лесу:</l>
<l n="11">В коридоры, двери, залы</l>
<l n="12">Муравьи багаж несут!</l>
</lg>
<lg type="quatrain">
<l n="13">Самый сильный, самый стойкий,</l>
<l n="14">Муравей пришел уже</l>
<l n="15">К замечательной постройке</l>
<l n="16">В сорок восемь этажей.</l>
</lg>
<date when="1924">1924</date>
</div2>
</div1>
</body>
</text>
</tei>
