<?xml version='1.0' encoding='UTF8'?>
<tei xmlns="http://www.tei-c.org/ns/1.0">
<teiheader>
<filedesc>
<titlestmt>
<title>«Из табора улицы темной...»</title>
<author>О.Э. Мандельштам</author>
</titlestmt>
<publicationstmt>
<p>АРТ-БИЗНЕС-ЦЕНТР МОСКВА 1993</p>
<biblstruct>
<biblscope n="" type="volume"></biblscope>
<biblscope n="" type="part"></biblscope>
</biblstruct></publicationstmt>
<sourcedesc>
<p>Издание подготовлено Мандельштамовским обществом</p>
</sourcedesc>
<respstmt>
<resp>Подготовка и разметка файлов - Алексей Литвинцев, Вероника Файнберг. Создание
          электронного ресурса - Тимофей Молчанов. Руководители проекта - Центр Digital Humanities,
          Мандельштамовское общество (НИУ ВШЭ).</resp>
</respstmt></filedesc>
<profiledesc>
<textdesc n="poem"></textdesc>
<textclass>
<catref target="2_022" type="ID"></catref>
<catref target="О.Э. Мандельштам. Собрание сочинений в 4-х т. -- М.: Терра, 1991" type="Источник"></catref>
<catref target="стихотворение" type="Жанр художественной литературы"></catref>
<catref target="nan" type="Уточнение жанра"></catref>
<catref target="Аф" type="Метр"></catref>
<catref target="5" type="Длина строки"></catref>
<catref target="nan" type="Клаузула"></catref>
<catref target="ж" type="Уточнение клаузулы"></catref>
<catref target="nan" type="Классическая строфа"></catref>
<catref target="0" type="Рифма"></catref>
<catref target="nan" type="Схема рифмовки"></catref>
<catref target="Аф5ж" type="Метрическая формула"></catref>
<catref target="nan" type="Дополнительные параметры"></catref>
<catref target="15" type="Число строк"></catref>
<catref target="nan" type="Автор оригинала"></catref>
<catref target="nan" type="Язык оригинала"></catref>
</textclass></profiledesc>
</teiheader>
<text>
<body>
<div1 n="2" type="volume">
<div2 n="22" type="part">
<head>22.
«ИЗ ТАБОРА УЛИЦЫ ТЕМНОЙ...»</head>
<lg type="tercet">
<l n="1">Я буду метаться по табору улицы темной</l>
<l n="2">За веткой черемухи в черной рессорной карете,</l>
<l n="3">За капором снега, за вечным за мельничным шумом...</l>
</lg>
<lg type="tercet">
<l n="4">Я только запомнил каштановых прядей осечки,</l>
<l n="5">Придымленных горечью — нет, с муравьиной кислинкой,</l>
<l n="6">От них на губах остается янтарная сухость.</l>
</lg>
<lg type="tercet">
<l n="7">В такие минуты и воздух мне кажется карим,</l>
<l n="8">И кольца зрачков одеваются выпушкой светлой;</l>
<l n="9">И то, что я знаю о яблочной розовой коже...</l>
</lg>
<lg type="tercet">
<l n="10">Но все же скрипели извозчичьих санок полозья,</l>
<l n="11">В плетенку рогожи глядели колючие звезды,</l>
<l n="12">И били вразрядку копыта по клавишам мерзлым.</l>
</lg>
<lg type="tercet">
<l n="13">И только и свету — что в звездной колючей неправде,</l>
<l n="14">А жизнь проплывет театрального капора пеной,</l>
<l n="15">И некому молвить: «из табора улицы темной...»</l>
</lg>
<date when="1925">1925</date>
</div2>
</div1>
</body>
</text>
</tei>
