<?xml version='1.0' encoding='UTF8'?>
<tei xmlns="http://www.tei-c.org/ns/1.0">
<teiheader>
<filedesc>
<titlestmt>
<title>«Жизнь упала, как зарница...»</title>
<author>О.Э. Мандельштам</author>
</titlestmt>
<publicationstmt>
<p>АРТ-БИЗНЕС-ЦЕНТР МОСКВА 1993</p>
<biblstruct>
<biblscope n="" type="volume"></biblscope>
<biblscope n="" type="part"></biblscope>
</biblstruct></publicationstmt>
<sourcedesc>
<p>Издание подготовлено Мандельштамовским обществом</p>
</sourcedesc>
<respstmt>
<resp>Подготовка и разметка файлов - Алексей Литвинцев, Вероника Файнберг. Создание
          электронного ресурса - Тимофей Молчанов. Руководители проекта - Центр Digital Humanities,
          Мандельштамовское общество (НИУ ВШЭ).</resp>
</respstmt></filedesc>
<profiledesc>
<textdesc n="poem"></textdesc>
<textclass>
<catref target="2_021" type="ID"></catref>
<catref target="О.Э. Мандельштам. Собрание сочинений в 4-х т. -- М.: Терра, 1991" type="Источник"></catref>
<catref target="стихотворение" type="Жанр художественной литературы"></catref>
<catref target="nan" type="Уточнение жанра"></catref>
<catref target="Х" type="Метр"></catref>
<catref target="4" type="Длина строки"></catref>
<catref target="регулярная" type="Клаузула"></catref>
<catref target="жжмм" type="Уточнение клаузулы"></catref>
<catref target="nan" type="Классическая строфа"></catref>
<catref target="парная" type="Рифма"></catref>
<catref target="аа" type="Схема рифмовки"></catref>
<catref target="Х4жжмм" type="Метрическая формула"></catref>
<catref target="nan" type="Дополнительные параметры"></catref>
<catref target="36" type="Число строк"></catref>
<catref target="nan" type="Автор оригинала"></catref>
<catref target="nan" type="Язык оригинала"></catref>
</textclass></profiledesc>
</teiheader>
<text>
<body>
<div1 n="2" type="volume">
<div2 n="21" type="part">
<head>21.</head>
<lg type="quatrain">
<l n="1">Жизнь упала, как зарница,</l>
<l n="2">Как в стакан воды ресница.</l>
<l n="3">Изолгавшись на корню,</l>
<l n="4">Никого я не виню...</l>
</lg>
<lg type="quatrain">
<l n="5">Хочешь яблока ночного,</l>
<l n="6">Сбитню свежего, крутого,</l>
<l n="7">Хочешь, валенки сниму,</l>
<l n="8">Как пушинку подниму.</l>
</lg>
<lg type="quatrain">
<l n="9">Ангел в светлой паутине</l>
<l n="10">В золотой стоит овчине,</l>
<l n="11">Свет фонарного луча —</l>
<l n="12">До высокого плеча.</l>
</lg>
<lg type="quatrain">
<l n="13">Разве кошка, встрепенувшись,</l>
<l n="14">Черным зайцем обернувшись,</l>
<l n="15">Вдруг простегивает путь,</l>
<l n="16">Исчезая где-нибудь...</l>
</lg>
<lg type="quatrain">
<l n="17">Как дрожала губ малина,</l>
<l n="18">Как поила чаем сына,</l>
<l n="19">Говорила наугад,</l>
<l n="20">Ни к чему и невпопад.</l>
</lg>
<lg type="quatrain">
<l n="21">Как нечаянно запнулась,</l>
<l n="22">Изолгалась, улыбнулась —</l>
<l n="23">Так, что вспыхнули черты</l>
<l n="24">Неуклюжей красоты.</l>
</lg>
<lg type="quatrain">
<l n="25">Есть за куколем дворцовым</l>
<l n="26">И за кипенем садовым</l>
<l n="27">Заресничная страна, —</l>
<l n="28">Там ты будешь мне жена.</l>
</lg>
<lg type="quatrain">
<l n="29">Выбрав валенки сухие</l>
<l n="30">И тулупы золотые,</l>
<l n="31">Взявшись за руки, вдвоем</l>
<l n="32">Той же улицей пойдем,</l>
</lg>
<lg type="quatrain">
<l n="33">Без оглядки, без помехи</l>
<l n="34">На сияющие вехи —</l>
<l n="35">От зари и до зари</l>
<l n="36">Налитые фонари.</l>
</lg>
<date when="1925">1925</date>
</div2>
</div1>
</body>
</text>
</tei>
