<?xml version='1.0' encoding='UTF8'?>
<tei xmlns="http://www.tei-c.org/ns/1.0">
<teiheader>
<filedesc>
<titlestmt>
<title>Шары</title>
<author>О.Э. Мандельштам</author>
</titlestmt>
<publicationstmt>
<p>АРТ-БИЗНЕС-ЦЕНТР МОСКВА 1993</p>
<biblstruct>
<biblscope n="" type="volume"></biblscope>
<biblscope n="" type="part"></biblscope>
</biblstruct></publicationstmt>
<sourcedesc>
<p>Издание подготовлено Мандельштамовским обществом</p>
</sourcedesc>
<respstmt>
<resp>Подготовка и разметка файлов - Алексей Литвинцев, Вероника Файнберг. Создание
          электронного ресурса - Тимофей Молчанов. Руководители проекта - Центр Digital Humanities,
          Мандельштамовское общество (НИУ ВШЭ).</resp>
</respstmt></filedesc>
<profiledesc>
<textdesc n="poem"></textdesc>
<textclass>
<catref target="2_039" type="ID"></catref>
<catref target="О.Э. Мандельштам. Собрание сочинений в 4-х т. -- М.: Терра, 1991" type="Источник"></catref>
<catref target="стихотворение" type="Жанр художественной литературы"></catref>
<catref target="nan" type="Уточнение жанра"></catref>
<catref target="гетерометрия : Аф, Д, Х, Я, тонический : Дк" type="Метр"></catref>
<catref target="вольная" type="Длина строки"></catref>
<catref target="вольная" type="Клаузула"></catref>
<catref target="д, ж, м" type="Уточнение клаузулы"></catref>
<catref target="nan" type="Классическая строфа"></catref>
<catref target="вольная" type="Рифма"></catref>
<catref target="nan" type="Схема рифмовки"></catref>
<catref target="Гм2,3,4,5,6д,ж,м" type="Метрическая формула"></catref>
<catref target="переменная внутренняя анакруса, цезурные наращения" type="Дополнительные параметры"></catref>
<catref target="72" type="Число строк"></catref>
<catref target="nan" type="Автор оригинала"></catref>
<catref target="nan" type="Язык оригинала"></catref>
</textclass></profiledesc>
</teiheader>
<text>
<body>
<div1 n="2" type="volume">
<div2 n="39" type="part">
<head>ШАРЫ</head>
<head>39.
ШАРЫ</head>
<lg type="72_line">
<l n="1">Дутые-надутые шары-пустомели</l>
<l n="2">Разноцветным облаком на ниточке висели,</l>
<l n="3">Баловали-плавали, друг друга толкали,</l>
<l n="4">Своего меньшого брата затирали.</l>
<l n="5">— Беда мне, зеленому, от шара-буяна,</l>
<l n="6">От страшного красного шара-голована.</l>
<l n="7">Я шар-недоумок, я шар несмышленыш,</l>
<l n="8">Приемыш зеленый, глупый найденыш.</l>
<l n="9">— А нитка моя</l>
<l n="10">Тоньше паутинки,</l>
<l n="11">И на коже у меня</l>
<l n="12">Ни одной морщинки.</l>
<l n="13">Увидела шар</l>
<l n="14">Шарманка-хрипучка:</l>
<l n="15">— Пойдем на бульвар</l>
<l n="16">За белою тучкой:</l>
<l n="17">И мне веселей,</l>
<l n="18">И вам будет лучше.</l>
<l n="19">На вербе черно</l>
<l n="20">От разной забавы.</l>
<l n="21">Гуляют шары —</l>
<l n="22">Надутые павы.</l>
<l n="23">На всех продавцов</l>
<l n="24">Не хватит копеек:</l>
<l n="25">Пять тысяч скворцов,</l>
<l n="26">Пятьсот канареек.</l>
<l n="27">Идет голован</l>
<l n="28">Рядами, рядами.</l>
<l n="29">Ныряет буян</l>
<l n="30">Ларями, ларями.</l>
<l n="31">— Эх, голуби-шары</l>
<l n="32">На белой нитке,</l>
<l n="33">Распродам я вас, шары,</l>
<l n="34">Буду не в убытке!</l>
<l n="35">Говорят шары лиловые:</l>
<l n="36">— Мы не пряники медовые,</l>
<l n="37">Мы на ниточке дрожим,</l>
<l n="38">Захотим и улетим.</l>
<l n="39">А мальчик пошел,</l>
<l n="40">Свистульку купил,</l>
<l n="41">Он пряники ест,</l>
<l n="42">Другим раздает.</l>
<l n="43">Пришел, поглядел.</l>
<l n="44">Приманка какая:</l>
<l n="45">На нитке дрожит</l>
<l n="46">Сварливая стая.</l>
<l n="47">У него у самого</l>
<l n="48">Голова большая!</l>
<l n="49">Топорщатся, пыжатся шары наливные —</l>
<l n="50">Лиловые, красные и голубые:</l>
<l n="51">— Возьми нас, пожалуйста, если не жалко,</l>
<l n="52">Мы ходим не попросту, а вперевалку.</l>
<l n="53">Вот плавает шар</l>
<l n="54">С огнем горделивым,</l>
<l n="55">Вот балует шар</l>
<l n="56">С павлиньим отливом,</l>
<l n="57">А вот найденыш,</l>
<l n="58">Зеленый несмышленыш!</l>
<l n="59">— Снимайте зеленый,</l>
<l n="60">Давайте мне с ниткой.</l>
<l n="61">Чего тебе, глупому,</l>
<l n="62">Ползать улиткой?</l>
<l n="63">Лети на здоровье</l>
<l n="64">С белою ниткой!</l>
<l n="65">На вербе черно</l>
<l n="66">От разной забавы.</l>
<l n="67">Гуляют шары,</l>
<l n="68">Надутые павы.</l>
<l n="69">Идет голован</l>
<l n="70">Рядами, рядами,</l>
<l n="71">Ныряет буян</l>
<l n="72">Ларями, ларями.</l>
</lg>
</div2>
</div1>
</body>
</text>
</tei>
