<?xml version='1.0' encoding='UTF8'?>
<tei xmlns="http://www.tei-c.org/ns/1.0">
<teiheader>
<filedesc>
<titlestmt>
<title>2 трамвая. Клик и Трам</title>
<author>О.Э. Мандельштам</author>
</titlestmt>
<publicationstmt>
<p>АРТ-БИЗНЕС-ЦЕНТР МОСКВА 1993</p>
<biblstruct>
<biblscope n="" type="volume"></biblscope>
<biblscope n="" type="part"></biblscope>
</biblstruct></publicationstmt>
<sourcedesc>
<p>Издание подготовлено Мандельштамовским обществом</p>
</sourcedesc>
<respstmt>
<resp>Подготовка и разметка файлов - Алексей Литвинцев, Вероника Файнберг. Создание
          электронного ресурса - Тимофей Молчанов. Руководители проекта - Центр Digital Humanities,
          Мандельштамовское общество (НИУ ВШЭ).</resp>
</respstmt></filedesc>
<profiledesc>
<textdesc n="poem"></textdesc>
<textclass>
<catref target="2_038" type="ID"></catref>
<catref target="О.Э. Мандельштам. Собрание сочинений в 4-х т. -- М.: Терра, 1991" type="Источник"></catref>
<catref target="стихотворение" type="Жанр художественной литературы"></catref>
<catref target="nan" type="Уточнение жанра"></catref>
<catref target="гетерометрия : Аф, Д, Х, Я, тонический : Дк" type="Метр"></catref>
<catref target="вольная" type="Длина строки"></catref>
<catref target="вольная" type="Клаузула"></catref>
<catref target="д, ж, м" type="Уточнение клаузулы"></catref>
<catref target="nan" type="Классическая строфа"></catref>
<catref target="вольная" type="Рифма"></catref>
<catref target="nan" type="Схема рифмовки"></catref>
<catref target="Гм2,3,4,5,6д,ж,м" type="Метрическая формула"></catref>
<catref target="цезурные усечения, внутренняя рифма, цезурные наращения" type="Дополнительные параметры"></catref>
<catref target="82" type="Число строк"></catref>
<catref target="nan" type="Автор оригинала"></catref>
<catref target="nan" type="Язык оригинала"></catref>
</textclass></profiledesc>
</teiheader>
<text>
<body>
<div1 n="2" type="volume">
<div2 n="2" type="part">
<head>2 ТРАМВАЯ</head>
<head>38.
КЛИК И ТРАМ</head>
<lg type="82_line">
<l n="1">Жили в парке два трамвая:</l>
<l n="2">Клик и Трам.</l>
<l n="3">Выходили они вместе</l>
<l n="4">По утрам.</l>
<l n="5">Улица-красавица, всем трамваям мать,</l>
<l n="6">Любит электричеством весело моргать.</l>
<l n="7">Улица-красавица, всем трамваям мать,</l>
<l n="8">Выслала метельщиков рельсы подметать.</l>
<l n="9">От стука и звона у каждого стыка</l>
<l n="10">На рельсах болела площадка у Клика.</l>
<l n="11">Под вечер слипались его фонари:</l>
<l n="12">Забыл он свой номер — не пятый, не третий...</l>
<l n="13">Смеются над Кликом извозчик и дети:</l>
<l n="14">— Вот сонный трамвай, посмотри!</l>
<l n="15">— Скажи мне, кондуктор, скажи мне, вожатый,</l>
<l n="16">Где брат мой двоюродный Трам?</l>
<l n="17">Его я всегда узнаю по глазам,</l>
<l n="18">По красной площадке и спинке горбатой.</l>
<l n="19">Начиналась улица у пяти углов,</l>
<l n="20">А кончалась улица у больших садов.</l>
<l n="21">Вся она истоптана крепко лошадьми,</l>
<l n="22">Вся она исхожена дочерна людьми.</l>
<l n="23">Рельсы серебристые выслала вперед.</l>
<l n="24">Клика долго не было: что он не идет?</l>
<l n="25">Кто там смотрит фонарями в темноту?</l>
<l n="26">Это Клик остановился на мосту,</l>
<l n="27">И слезятся разноцветные огни:</l>
<l n="28">— Эй, вожатый, я устал, домой гони!</l>
<l n="29">А Трам швырк-шварк —</l>
<l n="30">Рассыпает фейерверк;</l>
<l n="31">А Трам не хочет в парк,</l>
<l n="32">Громыхает громче всех.</l>
<l n="33">На вокзальной башне светят</l>
<l n="34">Круглолицые часы,</l>
<l n="35">Ходят стрелки по тарелке,</l>
<l n="36">Словно черные усы.</l>
<l n="37">Здесь трамваи словно гуси</l>
<l n="38">Поворачиваются.</l>
<l n="39">Трам с товарищами вместе</l>
<l n="40">Околачивается.</l>
<l n="41">— Вот летит автомобиль-грузовик —</l>
<l n="42">Мне не страшно. Я трамвай. Я привык.</l>
<l n="43">Но скажите, где мой брат, где мой Клик?</l>
<l n="44">— Мы не знаем ничего,</l>
<l n="45">Не видали мы его.</l>
<l n="46">— Я спрошу у лошадей, лошадей,</l>
<l n="47">Проходил ли здесь трамвай-ротозей,</l>
<l n="48">Сразу видно — молодой, всех глупей.</l>
<l n="49">— Мы не знаем ничего.</l>
<l n="50">Не видали мы его.</l>
<l n="51">— Ты скажи, семиэтажный</l>
<l n="52">Каменный глазастый дом,</l>
<l n="53">Всеми окнами ты видишь</l>
<l n="54">На три улицы кругом,</l>
<l n="55">Не слыхал ли ты о Клике,</l>
<l n="56">О трамвае молодом?</l>
<l n="57">Дом ответил очень зло:</l>
<l n="58">— Много здесь таких прошло.</l>
<l n="59">Вы, друзья-автомобили,</l>
<l n="60">Очень вежливый народ</l>
<l n="61">И всегда-всегда трамваи</l>
<l n="62">Пропускаете вперед,</l>
<l n="63">Расскажите мне о Клике,</l>
<l n="64">О трамвае-горемыке,</l>
<l n="65">О двоюродном моем</l>
<l n="66">С бледно-розовым огнем.</l>
<l n="67">— Видели, видели и не обидели.</l>
<l n="68">Стоит на площади — и всех глупей:</l>
<l n="69">Один глаз розовый, другой темней.</l>
<l n="70">— Возьми мою руку, вожатый, возьми,</l>
<l n="71">Поедем к нему поскорее;</l>
<l n="72">С чужими он там говорит лошадьми,</l>
<l n="73">Моложе он всех и глупее.</l>
<l n="74">Поедем к нему и найдем его там.</l>
<l n="75">И Клика находит на площади Трам.</l>
<l n="76">И сказал трамвай трамваю:</l>
<l n="77">— По тебе я, Клик, скучаю,</l>
<l n="78">Я услышать очень рад,</l>
<l n="79">Как звонки твои звенят.</l>
<l n="80">Где же розовый твой глаз? Он ослеп.</l>
<l n="81">Я возьму тебя сейчас на прицеп:</l>
<l n="82">Ты моложе — так ступай на прицеп!</l>
</lg>
<date from="1924" to="1925">‹1924—1925›</date>
</div2>
</div1>
</body>
</text>
</tei>
