<?xml version='1.0' encoding='UTF8'?>
<tei xmlns="http://www.tei-c.org/ns/1.0">
<teiheader>
<filedesc>
<titlestmt>
<title>Гудит и пляшет pозовый...</title>
<author>О.Э. Мандельштам</author>
</titlestmt>
<publicationstmt>
<p>АРТ-БИЗНЕС-ЦЕНТР МОСКВА 1993</p>
<biblstruct>
<biblscope n="" type="volume"></biblscope>
<biblscope n="" type="part"></biblscope>
</biblstruct></publicationstmt>
<sourcedesc>
<p>Издание подготовлено Мандельштамовским обществом</p>
</sourcedesc>
<respstmt>
<resp>Подготовка и разметка файлов - Алексей Литвинцев, Вероника Файнберг. Создание
          электронного ресурса - Тимофей Молчанов. Руководители проекта - Центр Digital Humanities,
          Мандельштамовское общество (НИУ ВШЭ).</resp>
</respstmt></filedesc>
<profiledesc>
<textdesc n="poem"></textdesc>
<textclass>
<catref target="2_047" type="ID"></catref>
<catref target="О.Э. Мандельштам. Собрание сочинений в 4-х т. -- М.: Терра, 1991" type="Источник"></catref>
<catref target="стихотворение" type="Жанр художественной литературы"></catref>
<catref target="nan" type="Уточнение жанра"></catref>
<catref target="гетерометрия : Аф, Д, Х, Я" type="Метр"></catref>
<catref target="вольная" type="Длина строки"></catref>
<catref target="вольная" type="Клаузула"></catref>
<catref target="д, ж, м" type="Уточнение клаузулы"></catref>
<catref target="nan" type="Классическая строфа"></catref>
<catref target="вольная" type="Рифма"></catref>
<catref target="nan" type="Схема рифмовки"></catref>
<catref target="Гм2,3,4,6д,ж,м" type="Метрическая формула"></catref>
<catref target="неравносложная рифма, цезурные наращения, цезурные усечения" type="Дополнительные параметры"></catref>
<catref target="87" type="Число строк"></catref>
<catref target="nan" type="Автор оригинала"></catref>
<catref target="nan" type="Язык оригинала"></catref>
</textclass></profiledesc>
</teiheader>
<text>
<body>
<div1 n="2" type="volume">
<div2 n="47" type="part">
<head>КУХНЯ
47.</head>
<lg type="87_line">
<l n="1">Гудит и пляшет розовый</l>
<l n="2">Сухой огонь березовый</l>
<l n="3">На кухне! На кухне!</l>
<l n="4">Пекутся утром солнечным</l>
<l n="5">На масле на подсолнечном</l>
<l n="6">Оладьи! Оладьи!</l>
<l n="7">Горят огни янтарные,</l>
<l n="8">Сияют, как пожарные,</l>
<l n="9">Кастрюли! Кастрюли!</l>
<l n="10">Шумовки и кофейники,</l>
<l n="11">И терки, и сотейники —</l>
<l n="12">На полках! На полках!</l>
<l n="13">И варится стирка</l>
<l n="14">В котле-великане,</l>
<l n="15">Как белые рыбы</l>
<l n="16">В воде-океане:</l>
<l n="17">Топорщится скатерть</l>
<l n="18">Большим осетром,</l>
<l n="19">Плывет белорыбицей,</l>
<l n="20">Вздулась шаром.</l>
<l n="21">А куда поставить студень?</l>
<l n="22">На окно! На окно!</l>
<l n="23">На большом на белом блюде —</l>
<l n="24">И кисель с ним заодно.</l>
<l n="25">С подоконника обидно</l>
<l n="26">Воробьям, воробьям:</l>
<l n="27">— И кисель, и студень видно —</l>
<l n="28">Да не нам! Да не нам!</l>
<l n="29">Хлебные, столовые, гибкие, стальные,</l>
<l n="30">Все ножи зубчатые, все ножи кривые.</l>
<l n="31">Нож не булавка:</l>
<l n="32">Нужна ему правка!</l>
<l n="33">И точильный камень льется</l>
<l n="34">Журчеем.</l>
<l n="35">Нож и ластится и вьется</l>
<l n="36">Червяком.</l>
<l n="37">— Вы ножи мои, ножи!</l>
<l n="38">Серебристые ужи!</l>
<l n="39">У точильщика, у Клима,</l>
<l n="40">Замечательный нажим,</l>
<l n="41">И от каждого нажима</l>
<l n="42">Нож виляет, как налим.</l>
<l n="43">Трудно с кухонным ножом,</l>
<l n="44">С непослушным косарем;</l>
<l n="45">А с мизинцем перочинным</l>
<l n="46">Мы управимся потом!</l>
<l n="47">— Вы ножи мои, ножи!</l>
<l n="48">Серебристые ужи!</l>
<l n="49">У Тимофеевны</l>
<l n="50">Руки проворные —</l>
<l n="51">Зерна кофейные</l>
<l n="52">Черные-черные:</l>
<l n="53">Лезут, толкаются</l>
<l n="54">В узкое горло</l>
<l n="55">И пробираются</l>
<l n="56">В темное жерло.</l>
<l n="57">Тонко измолото каждое зернышко,</l>
<l n="58">Падает в ящик на темное донышко!</l>
<l n="59">На столе лежат баранки,</l>
<l n="60">Самовар уже кипит.</l>
<l n="61">Черный чай в сухой жестянке</l>
<l n="62">Словно гвоздики звенит:</l>
<l n="63">— Приходите чаевать</l>
<l n="64">Поскорее, гости,</l>
<l n="65">И душистого опять</l>
<l n="66">Чаю в чайник бросьте!</l>
<l n="67">Мы, чаинки-шелестинки,</l>
<l n="68">Словно гвоздики звеним.</l>
<l n="69">Хватит нас на сто заварок,</l>
<l n="70">На четыреста приварок:</l>
<l n="71">Быть сухими не хотим!</l>
<l n="72">Весело на противне</l>
<l n="73">Масло зашипело —</l>
<l n="74">То-то поработает</l>
<l n="75">Сливочное, белое.</l>
<l n="76">Все желтки яичные</l>
<l n="77">Опрокинем сразу,</l>
<l n="78">Сделаем яичницу</l>
<l n="79">На четыре глаза.</l>
<l n="80">Крупно ходит маятник —</l>
<l n="81">Раз-два-три-четыре.</l>
<l n="82">И к часам подвешены</l>
<l n="83">Золотые гири.</l>
<l n="84">Чтобы маятник с бородкой</l>
<l n="85">Бегал крупною походкой,</l>
<l n="86">Нужно гирю подтянуть —</l>
<l n="87">ВОТ ТАК — НЕ ЗАБУДЬ!</l>
</lg>
<date from="1925" to="1926">‹1925—1926›</date>
</div2>
</div1>
</body>
</text>
</tei>
