<?xml version='1.0' encoding='UTF8'?>
<tei xmlns="http://www.tei-c.org/ns/1.0">
<teiheader>
<filedesc>
<titlestmt>
<title>Автомобилище</title>
<author>О.Э. Мандельштам</author>
</titlestmt>
<publicationstmt>
<p>АРТ-БИЗНЕС-ЦЕНТР МОСКВА 1993</p>
<biblstruct>
<biblscope n="" type="volume"></biblscope>
<biblscope n="" type="part"></biblscope>
</biblstruct></publicationstmt>
<sourcedesc>
<p>Издание подготовлено Мандельштамовским обществом</p>
</sourcedesc>
<respstmt>
<resp>Подготовка и разметка файлов - Алексей Литвинцев, Вероника Файнберг. Создание
          электронного ресурса - Тимофей Молчанов. Руководители проекта - Центр Digital Humanities,
          Мандельштамовское общество (НИУ ВШЭ).</resp>
</respstmt></filedesc>
<profiledesc>
<textdesc n="poem"></textdesc>
<textclass>
<catref target="2_041" type="ID"></catref>
<catref target="О.Э. Мандельштам. Собрание сочинений в 4-х т. -- М.: Терра, 1991" type="Источник"></catref>
<catref target="стихотворение" type="Жанр художественной литературы"></catref>
<catref target="nan" type="Уточнение жанра"></catref>
<catref target="Х" type="Метр"></catref>
<catref target="вольная" type="Длина строки"></catref>
<catref target="вольная" type="Клаузула"></catref>
<catref target="д, ж, м" type="Уточнение клаузулы"></catref>
<catref target="nan" type="Классическая строфа"></catref>
<catref target="вольная" type="Рифма"></catref>
<catref target="nan" type="Схема рифмовки"></catref>
<catref target="Х3,7,8д,ж,м. Х4м~Х4м" type="Метрическая формула"></catref>
<catref target="тавторифма, цезурные усечения" type="Дополнительные параметры"></catref>
<catref target="9" type="Число строк"></catref>
<catref target="nan" type="Автор оригинала"></catref>
<catref target="nan" type="Язык оригинала"></catref>
</textclass></profiledesc>
</teiheader>
<text>
<body>
<div1 n="2" type="volume">
<div2 n="41" type="part">
<head>41.
АВТОМОБИЛИЩЕ</head>
<lg type="quatrain">
<l n="1">— Мне, автомобилищу, чего бы не забыть еще?</l>
<l n="2">Вычистили, вымыли, бензином напоили.</l>
<l n="3">Хочется мешки возить. Хочется пыхтеть еще.</l>
<l n="4">Шины мои толстые — я слон автомобилий.</l>
</lg>
<lg type="quatrain">
<l n="5">Что-то мне не терпится —</l>
<l n="6">Накопилась силища,</l>
<l n="7">Накопилась силища —</l>
<l n="8">Я автомобилище.</l>
</lg>
<lg type="1_line">
<l n="9">Ну-ка покатаю я охапку пионеров!</l>
</lg>
</div2>
</div1>
</body>
</text>
</tei>
