<?xml version='1.0' encoding='UTF8'?>
<tei xmlns="http://www.tei-c.org/ns/1.0">
<teiheader>
<filedesc>
<titlestmt>
<title>Мальчик в трамвае</title>
<author>О.Э. Мандельштам</author>
</titlestmt>
<publicationstmt>
<p>АРТ-БИЗНЕС-ЦЕНТР МОСКВА 1993</p>
<biblstruct>
<biblscope n="" type="volume"></biblscope>
<biblscope n="" type="part"></biblscope>
</biblstruct></publicationstmt>
<sourcedesc>
<p>Издание подготовлено Мандельштамовским обществом</p>
</sourcedesc>
<respstmt>
<resp>Подготовка и разметка файлов - Алексей Литвинцев, Вероника Файнберг. Создание
          электронного ресурса - Тимофей Молчанов. Руководители проекта - Центр Digital Humanities,
          Мандельштамовское общество (НИУ ВШЭ).</resp>
</respstmt></filedesc>
<profiledesc>
<textdesc n="poem"></textdesc>
<textclass>
<catref target="2_048" type="ID"></catref>
<catref target="О.Э. Мандельштам. Собрание сочинений в 4-х т. -- М.: Терра, 1991" type="Источник"></catref>
<catref target="стихотворение" type="Жанр художественной литературы"></catref>
<catref target="nan" type="Уточнение жанра"></catref>
<catref target="Я" type="Метр"></catref>
<catref target="вольная" type="Длина строки"></catref>
<catref target="вольная" type="Клаузула"></catref>
<catref target="ж, м" type="Уточнение клаузулы"></catref>
<catref target="nan" type="Классическая строфа"></catref>
<catref target="вольная" type="Рифма"></catref>
<catref target="nan" type="Схема рифмовки"></catref>
<catref target="Я3,4ж,м. Я2м" type="Метрическая формула"></catref>
<catref target="nan" type="Дополнительные параметры"></catref>
<catref target="17" type="Число строк"></catref>
<catref target="nan" type="Автор оригинала"></catref>
<catref target="nan" type="Язык оригинала"></catref>
</textclass></profiledesc>
</teiheader>
<text>
<body>
<div1 n="2" type="volume">
<div2 n="48" type="part">
<head>ИЗ КНИГИ «ТРАМВАИ»</head>
<head>48.
МАЛЬЧИК В ТРАМВАЕ</head>
<lg type="17_line">
<l n="1">Однажды утром сел в трамвай</l>
<l n="2">Первоступенник-мальчик.</l>
<l n="3">Он хорошо умел считать</l>
<l n="4">До десяти и дальше.</l>
<l n="5">И вынул настоящий</l>
<l n="6">Он гривенник блестящий.</l>
<l n="7">Кондукторши, кондуктора,</l>
<l n="8">Профессора и доктора</l>
<l n="9">Решают все задачу,</l>
<l n="10">Как мальчику дать сдачу.</l>
<l n="11">А мальчик сам,</l>
<l n="12">А мальчик всем</l>
<l n="13">Сказал, что десять минус семь</l>
<l n="14">Всегда выходит три.</l>
<l n="15">И все сказали: повтори!</l>
<l n="16">Трамвай поехал дальше,</l>
<l n="17">И в нем поехал мальчик.</l>
</lg>
</div2>
</div1>
</body>
</text>
</tei>
