<?xml version='1.0' encoding='UTF8'?>
<tei xmlns="http://www.tei-c.org/ns/1.0">
<teiheader>
<filedesc>
<titlestmt>
<title>Муха</title>
<author>О.Э. Мандельштам</author>
</titlestmt>
<publicationstmt>
<p>АРТ-БИЗНЕС-ЦЕНТР МОСКВА 1993</p>
<biblstruct>
<biblscope n="" type="volume"></biblscope>
<biblscope n="" type="part"></biblscope>
</biblstruct></publicationstmt>
<sourcedesc>
<p>Издание подготовлено Мандельштамовским обществом</p>
</sourcedesc>
<respstmt>
<resp>Подготовка и разметка файлов - Алексей Литвинцев, Вероника Файнберг. Создание
          электронного ресурса - Тимофей Молчанов. Руководители проекта - Центр Digital Humanities,
          Мандельштамовское общество (НИУ ВШЭ).</resp>
</respstmt></filedesc>
<profiledesc>
<textdesc n="poem"></textdesc>
<textclass>
<catref target="2_046" type="ID"></catref>
<catref target="О.Э. Мандельштам. Собрание сочинений в 4-х т. -- М.: Терра, 1991" type="Источник"></catref>
<catref target="стихотворение" type="Жанр художественной литературы"></catref>
<catref target="nan" type="Уточнение жанра"></catref>
<catref target="Х" type="Метр"></catref>
<catref target="4" type="Длина строки"></catref>
<catref target="регулярная" type="Клаузула"></catref>
<catref target="жм" type="Уточнение клаузулы"></catref>
<catref target="nan" type="Классическая строфа"></catref>
<catref target="перекрестная" type="Рифма"></catref>
<catref target="абаб" type="Схема рифмовки"></catref>
<catref target="Х4ж+Х2м~Х2м" type="Метрическая формула"></catref>
<catref target="цезурные усечения" type="Дополнительные параметры"></catref>
<catref target="12" type="Число строк"></catref>
<catref target="nan" type="Автор оригинала"></catref>
<catref target="nan" type="Язык оригинала"></catref>
</textclass></profiledesc>
</teiheader>
<text>
<body>
<div1 n="2" type="volume">
<div2 n="46" type="part">
<head>46.
МУХА</head>
<lg type="couplet">
<l n="1">— Ты куда попала, муха?</l>
<l n="2">— В молоко, в молоко.</l>
</lg>
<lg type="couplet">
<l n="3">— Хорошо тебе, старуха?</l>
<l n="4">— Нелегко, нелегко.</l>
</lg>
<lg type="couplet">
<l n="5">— Ты бы вылезла немножко.</l>
<l n="6">— Не могу, не могу.</l>
</lg>
<lg type="couplet">
<l n="7">— Я тебе столовой ложкой</l>
<l n="8">Помогу, помогу.</l>
</lg>
<lg type="couplet">
<l n="9">— Лучше ты меня, бедняжку,</l>
<l n="10">Пожалей, пожалей,</l>
</lg>
<lg type="couplet">
<l n="11">Молоко в другую чашку</l>
<l n="12">Перелей, перелей.</l>
</lg>
<date when="1925">‹1925›</date>
</div2>
</div1>
</body>
</text>
</tei>
