<?xml version='1.0' encoding='UTF8'?>
<tei xmlns="http://www.tei-c.org/ns/1.0">
<teiheader>
<filedesc>
<titlestmt>
<title>Яйцо</title>
<author>О.Э. Мандельштам</author>
</titlestmt>
<publicationstmt>
<p>АРТ-БИЗНЕС-ЦЕНТР МОСКВА 1993</p>
<biblstruct>
<biblscope n="" type="volume"></biblscope>
<biblscope n="" type="part"></biblscope>
</biblstruct></publicationstmt>
<sourcedesc>
<p>Издание подготовлено Мандельштамовским обществом</p>
</sourcedesc>
<respstmt>
<resp>Подготовка и разметка файлов - Алексей Литвинцев, Вероника Файнберг. Создание
          электронного ресурса - Тимофей Молчанов. Руководители проекта - Центр Digital Humanities,
          Мандельштамовское общество (НИУ ВШЭ).</resp>
</respstmt></filedesc>
<profiledesc>
<textdesc n="poem"></textdesc>
<textclass>
<catref target="2_050" type="ID"></catref>
<catref target="О.Э. Мандельштам. Собрание сочинений в 4-х т. -- М.: Терра, 1991" type="Источник"></catref>
<catref target="стихотворение" type="Жанр художественной литературы"></catref>
<catref target="nan" type="Уточнение жанра"></catref>
<catref target="Х" type="Метр"></catref>
<catref target="4" type="Длина строки"></catref>
<catref target="вольная" type="Клаузула"></catref>
<catref target="ж, м" type="Уточнение клаузулы"></catref>
<catref target="nan" type="Классическая строфа"></catref>
<catref target="вольная" type="Рифма"></catref>
<catref target="nan" type="Схема рифмовки"></catref>
<catref target="Х4ж,м" type="Метрическая формула"></catref>
<catref target="nan" type="Дополнительные параметры"></catref>
<catref target="6" type="Число строк"></catref>
<catref target="nan" type="Автор оригинала"></catref>
<catref target="nan" type="Язык оригинала"></catref>
</textclass></profiledesc>
</teiheader>
<text>
<body>
<div1 n="2" type="volume">
<div2 n="50" type="part">
<head>50.
ЯЙЦО</head>
<lg type="sestet">
<l n="1">Курицу яйцо учило:</l>
<l n="2">Ты меня не так снесла,</l>
<l n="3">Слишком криво положила,</l>
<l n="4">Слишком мало берегла:</l>
<l n="5">Недогрела и ушла, —</l>
<l n="6">Как тебе не стыдно было?</l>
</lg>
</div2>
</div1>
</body>
</text>
</tei>
