<?xml version='1.0' encoding='UTF8'?>
<tei xmlns="http://www.tei-c.org/ns/1.0">
<teiheader>
<filedesc>
<titlestmt>
<title>Лжец и ксендзы</title>
<author>О.Э. Мандельштам</author>
</titlestmt>
<publicationstmt>
<p>АРТ-БИЗНЕС-ЦЕНТР МОСКВА 1993</p>
<biblstruct>
<biblscope n="" type="volume"></biblscope>
<biblscope n="" type="part"></biblscope>
</biblstruct></publicationstmt>
<sourcedesc>
<p>Издание подготовлено Мандельштамовским обществом</p>
</sourcedesc>
<respstmt>
<resp>Подготовка и разметка файлов - Алексей Литвинцев, Вероника Файнберг. Создание
          электронного ресурса - Тимофей Молчанов. Руководители проекта - Центр Digital Humanities,
          Мандельштамовское общество (НИУ ВШЭ).</resp>
</respstmt></filedesc>
<profiledesc>
<textdesc n="poem"></textdesc>
<textclass>
<catref target="2_058" type="ID"></catref>
<catref target="О.Э. Мандельштам. Собрание сочинений в 4-х т. -- М.: Терра, 1991" type="Источник"></catref>
<catref target="стихотворение" type="Жанр художественной литературы"></catref>
<catref target="басня" type="Уточнение жанра"></catref>
<catref target="Я" type="Метр"></catref>
<catref target="вольная" type="Длина строки"></catref>
<catref target="вольная" type="Клаузула"></catref>
<catref target="ж, м" type="Уточнение клаузулы"></catref>
<catref target="nan" type="Классическая строфа"></catref>
<catref target="вольная" type="Рифма"></catref>
<catref target="nan" type="Схема рифмовки"></catref>
<catref target="Я1,2,4,5ж,м" type="Метрическая формула"></catref>
<catref target="nan" type="Дополнительные параметры"></catref>
<catref target="11" type="Число строк"></catref>
<catref target="nan" type="Автор оригинала"></catref>
<catref target="nan" type="Язык оригинала"></catref>
</textclass></profiledesc>
</teiheader>
<text>
<body>
<div1 n="2" type="volume">
<div2 n="58" type="part">
<head>58.
ЛЖЕЦ И КСЕНДЗЫ
(Басня)</head>
<lg type="11_line">
<l n="1">Известно: у католиков развод</l>
<l n="2">За преступление слывет.</l>
<l n="3">И вот</l>
<l n="4">В Италии один партикулярий,<rs ref="Италия" type="geo_index"></rs></l>
<l n="5">Явившись в консисторию к ксендзам,</l>
<l n="6">Им предложил устроить хоть акварий.</l>
<l n="7">Но, по глазам</l>
<l n="8">Лжеца узнав,</l>
<l n="9">Так отказал ему викарий:</l>
<l n="10">— Иди, мой сын, пока ты не погиб:</l>
<l n="11">Мы не разводим даже рыб!</l>
</lg>
<date when="1924">1924</date>
</div2>
</div1>
</body>
</text>
</tei>
