<?xml version='1.0' encoding='UTF8'?>
<tei xmlns="http://www.tei-c.org/ns/1.0">
<teiheader>
<filedesc>
<titlestmt>
<title>Все в трамвае</title>
<author>О.Э. Мандельштам</author>
</titlestmt>
<publicationstmt>
<p>АРТ-БИЗНЕС-ЦЕНТР МОСКВА 1993</p>
<biblstruct>
<biblscope n="" type="volume"></biblscope>
<biblscope n="" type="part"></biblscope>
</biblstruct></publicationstmt>
<sourcedesc>
<p>Издание подготовлено Мандельштамовским обществом</p>
</sourcedesc>
<respstmt>
<resp>Подготовка и разметка файлов - Алексей Литвинцев, Вероника Файнберг. Создание
          электронного ресурса - Тимофей Молчанов. Руководители проекта - Центр Digital Humanities,
          Мандельштамовское общество (НИУ ВШЭ).</resp>
</respstmt></filedesc>
<profiledesc>
<textdesc n="poem"></textdesc>
<textclass>
<catref target="2_052" type="ID"></catref>
<catref target="О.Э. Мандельштам. Собрание сочинений в 4-х т. -- М.: Терра, 1991" type="Источник"></catref>
<catref target="стихотворение" type="Жанр художественной литературы"></catref>
<catref target="nan" type="Уточнение жанра"></catref>
<catref target="Х" type="Метр"></catref>
<catref target="4" type="Длина строки"></catref>
<catref target="регулярная" type="Клаузула"></catref>
<catref target="жжмм" type="Уточнение клаузулы"></catref>
<catref target="nan" type="Классическая строфа"></catref>
<catref target="парная" type="Рифма"></catref>
<catref target="аа" type="Схема рифмовки"></catref>
<catref target="Х4жжмм" type="Метрическая формула"></catref>
<catref target="nan" type="Дополнительные параметры"></catref>
<catref target="16" type="Число строк"></catref>
<catref target="nan" type="Автор оригинала"></catref>
<catref target="nan" type="Язык оригинала"></catref>
</textclass></profiledesc>
</teiheader>
<text>
<body>
<div1 n="2" type="volume">
<div2 n="52" type="part">
<head>52.
ВСЕ В ТРАМВАЕ</head>
<lg type="couplet">
<l n="1">Красноглазой сонной стаей</l>
<l n="2">Едут вечером трамваи,</l>
</lg>
<lg type="quatrain">
<l n="3">С ними мальчик едет тот,</l>
<l n="4">Что запоvнил твердо счет;</l>
<l n="5">И портниха: с ней иголка,</l>
<l n="6">У нее в руках кошелка;</l>
</lg>
<lg type="couplet">
<l n="7">Мальчик с баночкой чернил —</l>
<l n="8">Перья новые купил;</l>
</lg>
<lg type="couplet">
<l n="9">Едет чистильщик с скамейкой,</l>
<l n="10">Полотер с мастикой клейкой;</l>
</lg>
<lg type="couplet">
<l n="11">Едет муха налегке,</l>
<l n="12">Выкупавшись в молоке;</l>
</lg>
<lg type="couplet">
<l n="13">С ними едут и другие,</l>
<l n="14">Незнакомые, чужие.</l>
</lg>
<lg type="couplet">
<l n="15">Лишь настройщик опоздал:</l>
<l n="16">На рояле он играл.</l>
</lg>
</div2>
</div1>
</body>
</text>
</tei>
