<?xml version='1.0' encoding='UTF8'?>
<tei xmlns="http://www.tei-c.org/ns/1.0">
<teiheader>
<filedesc>
<titlestmt>
<title>Портниха</title>
<author>О.Э. Мандельштам</author>
</titlestmt>
<publicationstmt>
<p>АРТ-БИЗНЕС-ЦЕНТР МОСКВА 1993</p>
<biblstruct>
<biblscope n="" type="volume"></biblscope>
<biblscope n="" type="part"></biblscope>
</biblstruct></publicationstmt>
<sourcedesc>
<p>Издание подготовлено Мандельштамовским обществом</p>
</sourcedesc>
<respstmt>
<resp>Подготовка и разметка файлов - Алексей Литвинцев, Вероника Файнберг. Создание
          электронного ресурса - Тимофей Молчанов. Руководители проекта - Центр Digital Humanities,
          Мандельштамовское общество (НИУ ВШЭ).</resp>
</respstmt></filedesc>
<profiledesc>
<textdesc n="poem"></textdesc>
<textclass>
<catref target="2_051" type="ID"></catref>
<catref target="О.Э. Мандельштам. Собрание сочинений в 4-х т. -- М.: Терра, 1991" type="Источник"></catref>
<catref target="стихотворение" type="Жанр художественной литературы"></catref>
<catref target="nan" type="Уточнение жанра"></catref>
<catref target="Ан, Аф # Х" type="Метр"></catref>
<catref target="2 # 4" type="Длина строки"></catref>
<catref target="регулярная" type="Клаузула"></catref>
<catref target="жжмм # вольная" type="Уточнение клаузулы"></catref>
<catref target="nan" type="Классическая строфа"></catref>
<catref target="парная" type="Рифма"></catref>
<catref target="аа # 0" type="Схема рифмовки"></catref>
<catref target="Ан2жжмм. Аф2ж # Х4ж,м" type="Метрическая формула"></catref>
<catref target="нарушения строфики, полиметрия, холостая строка, нарушения анакрусы" type="Дополнительные параметры"></catref>
<catref target="14" type="Число строк"></catref>
<catref target="nan" type="Автор оригинала"></catref>
<catref target="nan" type="Язык оригинала"></catref>
</textclass></profiledesc>
</teiheader>
<text>
<body>
<div1 n="2" type="volume">
<div2 n="51" type="part">
<head>51.
ПОРТНИХА</head>
<lg type="quatrain">
<l n="1">Утомилась портниха —</l>
<l n="2">Работает тихо.</l>
<l n="3">Потеряла иглу —</l>
<l n="4">Не найти на полу.</l>
</lg>
<lg type="couplet">
<l n="5">А иголки все у елки,</l>
<l n="6">Все иголки у ежа!</l>
</lg>
<lg type="quatrain">
<l n="7">Нагибается, ищет,</l>
<l n="8">Только песенку свищет,</l>
<l n="9">Потеряла иглу —</l>
<l n="10">Не найти на полу.</l>
</lg>
<lg type="quatrain">
<l n="11">— Для чего же я челку</l>
<l n="12">Разноцветного шелку</l>
<l n="13">Берегла, берегла,</l>
<l n="14">Раз пропала игла!</l>
</lg>
</div2>
</div1>
</body>
</text>
</tei>
