<?xml version='1.0' encoding='UTF8'?>
<tei xmlns="http://www.tei-c.org/ns/1.0">
<teiheader>
<filedesc>
<titlestmt>
<title>Тетушка и Марат</title>
<author>О.Э. Мандельштам</author>
</titlestmt>
<publicationstmt>
<p>АРТ-БИЗНЕС-ЦЕНТР МОСКВА 1993</p>
<biblstruct>
<biblscope n="" type="volume"></biblscope>
<biblscope n="" type="part"></biblscope>
</biblstruct></publicationstmt>
<sourcedesc>
<p>Издание подготовлено Мандельштамовским обществом</p>
</sourcedesc>
<respstmt>
<resp>Подготовка и разметка файлов - Алексей Литвинцев, Вероника Файнберг. Создание
          электронного ресурса - Тимофей Молчанов. Руководители проекта - Центр Digital Humanities,
          Мандельштамовское общество (НИУ ВШЭ).</resp>
</respstmt></filedesc>
<profiledesc>
<textdesc n="poem"></textdesc>
<textclass>
<catref target="2_063" type="ID"></catref>
<catref target="О.Э. Мандельштам. Собрание сочинений в 4-х т. -- М.: Терра, 1991" type="Источник"></catref>
<catref target="стихотворение" type="Жанр художественной литературы"></catref>
<catref target="басня" type="Уточнение жанра"></catref>
<catref target="Я" type="Метр"></catref>
<catref target="6" type="Длина строки"></catref>
<catref target="регулярная" type="Клаузула"></catref>
<catref target="жжмм" type="Уточнение клаузулы"></catref>
<catref target="александрийский стих" type="Классическая строфа"></catref>
<catref target="парная" type="Рифма"></catref>
<catref target="аа" type="Схема рифмовки"></catref>
<catref target="Я6жжмм" type="Метрическая формула"></catref>
<catref target="nan" type="Дополнительные параметры"></catref>
<catref target="16" type="Число строк"></catref>
<catref target="nan" type="Автор оригинала"></catref>
<catref target="nan" type="Язык оригинала"></catref>
</textclass></profiledesc>
</teiheader>
<text>
<body>
<div1 n="2" type="volume">
<div2 n="63" type="part">
<head>63.
ТЕТУШКА И МАРАТ</head>
<lg type="quatrain">
<l n="1">Куда как тетушка моя была богата.</l>
<l n="2">Фарфора, серебра изрядная палата,</l>
<l n="3">Безделки разные и мебель акажу,</l>
<l n="4">Людовик, рококо — всего не расскажу.</l>
</lg>
<lg type="quatrain">
<l n="5">У тетушки моей стоял в гостином зале</l>
<l n="6">Бетховен гипсовый на лаковом рояле —<rs ref="Бетховен, Людвиг ван" type="person"></rs></l>
<l n="7">У тетушки моей он был в большой чести.</l>
<l n="8">Однажды довелось мне в гости к ней прийти, -</l>
</lg>
<lg type="quatrain">
<l n="9">И, гордая собой, упрямая старуха</l>
<l n="10">Перед Бетховеном проговорила глухо:<rs ref="Бетховен, Людвиг ван" type="person"></rs></l>
<l n="11">— Вот, душенька, Марат, работы Мирабо!<rs ref="Марат, Жан-Поль" type="person"></rs></l>
<l n="12">— Да что вы, тетенька, не может быть того!</l>
</lg>
<lg type="quatrain">
<l n="13">Но старость черствая к поправкам глуховата:</l>
<l n="14">— Вот, душенька, портрет известного Марата<rs ref="Марат, Жан-Поль" type="person"></rs></l>
<l n="15">Работы, ежели припомню, Мирабо.<rs ref="Мирабо, Оноре Габриель Рикетти" type="person"></rs></l>
<l n="16">— Да что вы, тетенька, не может быть того!</l>
</lg>
</div2>
</div1>
</body>
</text>
</tei>
