<?xml version='1.0' encoding='UTF8'?>
<tei xmlns="http://www.tei-c.org/ns/1.0">
<teiheader>
<filedesc>
<titlestmt>
<title>«Скажу ль...»</title>
<author>О.Э. Мандельштам</author>
</titlestmt>
<publicationstmt>
<p>АРТ-БИЗНЕС-ЦЕНТР МОСКВА 1993</p>
<biblstruct>
<biblscope n="" type="volume"></biblscope>
<biblscope n="" type="part"></biblscope>
</biblstruct></publicationstmt>
<sourcedesc>
<p>Издание подготовлено Мандельштамовским обществом</p>
</sourcedesc>
<respstmt>
<resp>Подготовка и разметка файлов - Алексей Литвинцев, Вероника Файнберг. Создание
          электронного ресурса - Тимофей Молчанов. Руководители проекта - Центр Digital Humanities,
          Мандельштамовское общество (НИУ ВШЭ).</resp>
</respstmt></filedesc>
<profiledesc>
<textdesc n="poem"></textdesc>
<textclass>
<catref target="2_062" type="ID"></catref>
<catref target="О.Э. Мандельштам. Собрание сочинений в 4-х т. -- М.: Терра, 1991" type="Источник"></catref>
<catref target="стихотворение" type="Жанр художественной литературы"></catref>
<catref target="басня" type="Уточнение жанра"></catref>
<catref target="Я" type="Метр"></catref>
<catref target="вольная" type="Длина строки"></catref>
<catref target="вольная" type="Клаузула"></catref>
<catref target="ж, м" type="Уточнение клаузулы"></catref>
<catref target="nan" type="Классическая строфа"></catref>
<catref target="вольная" type="Рифма"></catref>
<catref target="nan" type="Схема рифмовки"></catref>
<catref target="Я1,2,3,4,5,6ж,м" type="Метрическая формула"></catref>
<catref target="nan" type="Дополнительные параметры"></catref>
<catref target="19" type="Число строк"></catref>
<catref target="nan" type="Автор оригинала"></catref>
<catref target="nan" type="Язык оригинала"></catref>
</textclass></profiledesc>
</teiheader>
<text>
<body>
<div1 n="2" type="volume">
<div2 n="62" type="part">
<head>62.</head>
<lg type="19_line">
<l n="1">Скажу ль,</l>
<l n="2">Во Франции два брата, два Гонкура,<rs ref="Гонкуры," type="person"></rs></l>
<l n="3">Эдмонд и Жуль,</l>
<l n="4">Когда б не родились и не писали вместе,</l>
<l n="5">Не оказали б им такой французы чести.</l>
<l n="6">Два брата, но одна у братьев голова —</l>
<l n="7">У них цилиндра два и редингота два...</l>
<l n="8">Жуль если только книгу пишет,</l>
<l n="9">Эдмонд не кушает, не дышит.</l>
<l n="10">Покуда Жуль пером себя бессмертит,</l>
<l n="11">Эдмонд мороженицу вертит.</l>
<l n="12">А вечером, лей дождь хоть из ведра,</l>
<l n="13">С Эдмондом Жуль идут в Гранд Опера.</l>
<l n="14">И, не считаясь с тем, кто пишет лучше, плоше,</l>
<l n="15">Друг другу подают не в очередь калоши.</l>
<l n="16">Где братья, там салон, капустник иль премьера...</l>
<l n="17">— Намедни я обедал у Флобера.<rs ref="Флобер, Гюстав" type="person"></rs></l>
<l n="18">Нет, что ни говори,</l>
<l n="19">Изрядно у него выходит «Бовари»!..</l>
</lg>
<date when="1925">1925</date>
</div2>
</div1>
</body>
</text>
</tei>
