<?xml version='1.0' encoding='UTF8'?>
<tei xmlns="http://www.tei-c.org/ns/1.0">
<teiheader>
<filedesc>
<titlestmt>
<title>«На Моховой семейство из Полесья...»</title>
<author>О.Э. Мандельштам</author>
</titlestmt>
<publicationstmt>
<p>АРТ-БИЗНЕС-ЦЕНТР МОСКВА 1993</p>
<biblstruct>
<biblscope n="" type="volume"></biblscope>
<biblscope n="" type="part"></biblscope>
</biblstruct></publicationstmt>
<sourcedesc>
<p>Издание подготовлено Мандельштамовским обществом</p>
</sourcedesc>
<respstmt>
<resp>Подготовка и разметка файлов - Алексей Литвинцев, Вероника Файнберг. Создание
          электронного ресурса - Тимофей Молчанов. Руководители проекта - Центр Digital Humanities,
          Мандельштамовское общество (НИУ ВШЭ).</resp>
</respstmt></filedesc>
<profiledesc>
<textdesc n="poem"></textdesc>
<textclass>
<catref target="2_065" type="ID"></catref>
<catref target="О.Э. Мандельштам. Собрание сочинений в 4-х т. -- М.: Терра, 1991" type="Источник"></catref>
<catref target="стихотворение" type="Жанр художественной литературы"></catref>
<catref target="nan" type="Уточнение жанра"></catref>
<catref target="Я" type="Метр"></catref>
<catref target="5" type="Длина строки"></catref>
<catref target="регулярная" type="Клаузула"></catref>
<catref target="жммж жммж ммж жмм" type="Уточнение клаузулы"></catref>
<catref target="сонет" type="Классическая строфа"></catref>
<catref target="сложная" type="Рифма"></catref>
<catref target="абба абба ввг гдд" type="Схема рифмовки"></catref>
<catref target="Я5жм" type="Метрическая формула"></catref>
<catref target="nan" type="Дополнительные параметры"></catref>
<catref target="14" type="Число строк"></catref>
<catref target="nan" type="Автор оригинала"></catref>
<catref target="nan" type="Язык оригинала"></catref>
</textclass></profiledesc>
</teiheader>
<text>
<body>
<div1 n="2" type="volume">
<div2 n="65" type="part">
<head>65.</head>
<lg type="quatrain">
<l n="1">На Моховой семейство из Полесья<rs ref="Полесье" type="geo_index"></rs><rs ref="Петербург (Ленинград, Петрополь)" type="geo_index"></rs></l>
<l n="2">Семивершковый празднует шабаш.</l>
<l n="3">Здесь Гомель — Рим, здесь папа — Шолом Аш<rs ref="Гомель" type="geo_index"></rs></l>
<l n="4">И голова в кудрявых пейсах песья.</l>
</lg>
<lg type="quatrain">
<l n="5">Из двух газет — о чудо равновесья! —</l>
<l n="6">Два карлика построили шалаш</l>
<l n="7">Для ритуала, для раввинских каш —</l>
<l n="8">Испано-белорусские отчесья.</l>
</lg>
<lg type="tercet">
<l n="9">Семи вершков, невзрачен, бородат,</l>
<l n="10">Давид Выгодский ходит в Госиздат<rs ref="Выгодский, Давид Исаакович" type="person"></rs></l>
<l n="11">Как закорючка азбуки еврейской,</l>
</lg>
<lg type="tercet">
<l n="12">Где противу площадки брадобрейской,</l>
<l n="13">Такой же, как и он, небритый карл,</l>
<l n="14">Ждет младший брат — торговли книжной ярл.</l>
</lg>
<date from="1924" to="1925">1924—1925</date>
</div2>
</div1>
</body>
</text>
</tei>
