<?xml version='1.0' encoding='UTF8'?>
<tei xmlns="http://www.tei-c.org/ns/1.0">
<teiheader>
<filedesc>
<titlestmt>
<title>Извозчик и Дант</title>
<author>О.Э. Мандельштам</author>
</titlestmt>
<publicationstmt>
<p>АРТ-БИЗНЕС-ЦЕНТР МОСКВА 1993</p>
<biblstruct>
<biblscope n="" type="volume"></biblscope>
<biblscope n="" type="part"></biblscope>
</biblstruct></publicationstmt>
<sourcedesc>
<p>Издание подготовлено Мандельштамовским обществом</p>
</sourcedesc>
<respstmt>
<resp>Подготовка и разметка файлов - Алексей Литвинцев, Вероника Файнберг. Создание
          электронного ресурса - Тимофей Молчанов. Руководители проекта - Центр Digital Humanities,
          Мандельштамовское общество (НИУ ВШЭ).</resp>
</respstmt></filedesc>
<profiledesc>
<textdesc n="poem"></textdesc>
<textclass>
<catref target="2_061" type="ID"></catref>
<catref target="О.Э. Мандельштам. Собрание сочинений в 4-х т. -- М.: Терра, 1991" type="Источник"></catref>
<catref target="стихотворение" type="Жанр художественной литературы"></catref>
<catref target="басня" type="Уточнение жанра"></catref>
<catref target="Я" type="Метр"></catref>
<catref target="вольная" type="Длина строки"></catref>
<catref target="вольная" type="Клаузула"></catref>
<catref target="ж, м" type="Уточнение клаузулы"></catref>
<catref target="nan" type="Классическая строфа"></catref>
<catref target="вольная" type="Рифма"></catref>
<catref target="nan" type="Схема рифмовки"></catref>
<catref target="Я3,4,5,6ж,м" type="Метрическая формула"></catref>
<catref target="nan" type="Дополнительные параметры"></catref>
<catref target="14" type="Число строк"></catref>
<catref target="nan" type="Автор оригинала"></catref>
<catref target="nan" type="Язык оригинала"></catref>
</textclass></profiledesc>
</teiheader>
<text>
<body>
<div1 n="2" type="volume">
<div2 n="61" type="part">
<head>61.
ИЗВОЗЧИК И ДАНТ</head>
<lg type="14_line">
<l n="1">Извозчик Данту говорит<rs ref="Данте Алигьери" type="person"></rs></l>
<l n="2">С энергией простонародной.</l>
<l n="3">О чем же? О профессии свободной,</l>
<l n="4">О том, что вместе их роднит.</l>
<l n="5">— И я люблю орган,</l>
<l n="6">Из всех трактиров я предпочитаю «Рим».</l>
<l n="7">Хоть я не флорентиец,</l>
<l n="8">Но все же я не вор и не убиец;</l>
<l n="9">Ведь лошади моей, коль хорошенько взвесить,</l>
<l n="10">Лет будет восемь иль, пожалуй, десять, —</l>
<l n="11">И столько же ходил за Беатричей ты;<rs ref="Беатриче" type="person"></rs></l>
<l n="12">Дурного не скажу и во хмелю про Данта,<rs ref="Данте Алигьери" type="person"></rs></l>
<l n="13">В тебе отца родного чту и коменданта, —</l>
<l n="14">Вели ж по осени не разводить мосты!</l>
</lg>
<date when="1925">1925</date>
</div2>
</div1>
</body>
</text>
</tei>
