<?xml version='1.0' encoding='UTF8'?>
<tei xmlns="http://www.tei-c.org/ns/1.0">
<teiheader>
<filedesc>
<titlestmt>
<title>«Спросили раз у воина...»</title>
<author>О.Э. Мандельштам</author>
</titlestmt>
<publicationstmt>
<p>АРТ-БИЗНЕС-ЦЕНТР МОСКВА 1993</p>
<biblstruct>
<biblscope n="" type="volume"></biblscope>
<biblscope n="" type="part"></biblscope>
</biblstruct></publicationstmt>
<sourcedesc>
<p>Издание подготовлено Мандельштамовским обществом</p>
</sourcedesc>
<respstmt>
<resp>Подготовка и разметка файлов - Алексей Литвинцев, Вероника Файнберг. Создание
          электронного ресурса - Тимофей Молчанов. Руководители проекта - Центр Digital Humanities,
          Мандельштамовское общество (НИУ ВШЭ).</resp>
</respstmt></filedesc>
<profiledesc>
<textdesc n="poem"></textdesc>
<textclass>
<catref target="2_078" type="ID"></catref>
<catref target="О.Э. Мандельштам. Собрание сочинений в 4-х т. -- М.: Терра, 1991" type="Источник"></catref>
<catref target="стихотворение" type="Жанр художественной литературы"></catref>
<catref target="эпиграмма" type="Уточнение жанра"></catref>
<catref target="Я" type="Метр"></catref>
<catref target="вольная" type="Длина строки"></catref>
<catref target="регулярная" type="Клаузула"></catref>
<catref target="дджж" type="Уточнение клаузулы"></catref>
<catref target="nan" type="Классическая строфа"></catref>
<catref target="парная" type="Рифма"></catref>
<catref target="аа" type="Схема рифмовки"></catref>
<catref target="Я3д, Я4ж" type="Метрическая формула"></catref>
<catref target="nan" type="Дополнительные параметры"></catref>
<catref target="4" type="Число строк"></catref>
<catref target="nan" type="Автор оригинала"></catref>
<catref target="nan" type="Язык оригинала"></catref>
</textclass></profiledesc>
</teiheader>
<text>
<body>
<div1 n="2" type="volume">
<div2 n="78" type="part">
<head>78.</head>
<lg type="quatrain">
<l n="1">Спросили раз у воина:</l>
<l n="2">— На Шипке все спокойно ли?<rs ref="Шипка" type="geo_index"></rs></l>
<l n="3">Да, — отвечал он, — здесь на Шипке<rs ref="Шипка" type="geo_index"></rs></l>
<l n="4">Все признают свои ошибки.</l>
</lg>
</div2>
</div1>
</body>
</text>
</tei>
