<?xml version='1.0' encoding='UTF8'?>
<tei xmlns="http://www.tei-c.org/ns/1.0">
<teiheader>
<filedesc>
<titlestmt>
<title>Переводы. Валериан Гаприндашвили. Пятый закат</title>
<author>О.Э. Мандельштам</author>
</titlestmt>
<publicationstmt>
<p>АРТ-БИЗНЕС-ЦЕНТР МОСКВА 1993</p>
<biblstruct>
<biblscope n="" type="volume"></biblscope>
<biblscope n="" type="part"></biblscope>
</biblstruct></publicationstmt>
<sourcedesc>
<p>Издание подготовлено Мандельштамовским обществом</p>
</sourcedesc>
<respstmt>
<resp>Подготовка и разметка файлов - Алексей Литвинцев, Вероника Файнберг. Создание
          электронного ресурса - Тимофей Молчанов. Руководители проекта - Центр Digital Humanities,
          Мандельштамовское общество (НИУ ВШЭ).</resp>
</respstmt></filedesc>
<profiledesc>
<textdesc n="poem"></textdesc>
<textclass>
<catref target="2_089" type="ID"></catref>
<catref target="О.Э. Мандельштам. Собрание сочинений в 4-х т. -- М.: Терра, 1991" type="Источник"></catref>
<catref target="стихотворение" type="Жанр художественной литературы"></catref>
<catref target="перевод" type="Уточнение жанра"></catref>
<catref target="Ан, тонический : Тк" type="Метр"></catref>
<catref target="вольная" type="Длина строки"></catref>
<catref target="д" type="Клаузула"></catref>
<catref target="nan" type="Уточнение клаузулы"></catref>
<catref target="nan" type="Классическая строфа"></catref>
<catref target="перекрестная" type="Рифма"></catref>
<catref target="абаб" type="Схема рифмовки"></catref>
<catref target="Тк4,5,6д. Тк4г" type="Метрическая формула"></catref>
<catref target="нарушения анакрусы, нарушения строфики" type="Дополнительные параметры"></catref>
<catref target="16" type="Число строк"></catref>
<catref target="В. Гаприндашвили" type="Автор оригинала"></catref>
<catref target="грузинский" type="Язык оригинала"></catref>
</textclass></profiledesc>
</teiheader>
<text>
<body>
<div1 n="2" type="volume">
<div2 n="89" type="part">
<head>ВАЛЕРИАН ГАПРИНДАШВИЛИ
89.
ПЯТЫЙ ЗАКАТ</head>
<lg type="quatrain">
<l n="1">На закате столики для баккара расставлены.</l>
<l n="2">Сам Калиостро управляет картежной музыкой.<rs ref="Калиостро, Александр" type="person"></rs></l>
<l n="3">В бирюзовые язвы его пальцы оправлены.</l>
<l n="4">Друг на друга закатных бесенят науськивают.</l>
</lg>
<lg type="quatrain">
<l n="5">И уже Паганини маячит скрипичным профилем,<rs ref="Паганини, Никколо" type="person"></rs></l>
<l n="6">Фистулой заслоняет желанное зарево.</l>
<l n="7">И мой бедный взгляд, миражем обескровленный,</l>
<l n="8">Потянулся иволгой в райское марево.</l>
</lg>
<lg type="quatrain">
<l n="9">Скрестили шпаги призраки перед воздушным табором.</l>
<l n="10">Скорпион человека разит крылами длинными.</l>
<l n="11">Не осилит ночь багряных кошек заговор.</l>
<l n="12">Ядовитые вороны насытились дневными рубинами.</l>
</lg>
<lg type="quatrain">
<l n="13">И в последнюю минуту надменный Ашордия<rs ref="Ашордия" type="person"></rs></l>
<l n="14">Торопливо сдает колоду хрустящую,</l>
<l n="15">Чердак земли потемнел, а призраки с горя и одури</l>
<l n="16">Парики бросают в воду бурлящую.</l>
</lg>
</div2>
</div1>
</body>
</text>
</tei>
