<?xml version='1.0' encoding='UTF8'?>
<tei xmlns="http://www.tei-c.org/ns/1.0">
<teiheader>
<filedesc>
<titlestmt>
<title>«Архистратиг вошел в иконостас...»</title>
<author>О.Э. Мандельштам</author>
</titlestmt>
<publicationstmt>
<p>АРТ-БИЗНЕС-ЦЕНТР МОСКВА 1993</p>
<biblstruct>
<biblscope n="" type="volume"></biblscope>
<biblscope n="" type="part"></biblscope>
</biblstruct></publicationstmt>
<sourcedesc>
<p>Издание подготовлено Мандельштамовским обществом</p>
</sourcedesc>
<respstmt>
<resp>Подготовка и разметка файлов - Алексей Литвинцев, Вероника Файнберг. Создание
          электронного ресурса - Тимофей Молчанов. Руководители проекта - Центр Digital Humanities,
          Мандельштамовское общество (НИУ ВШЭ).</resp>
</respstmt></filedesc>
<profiledesc>
<textdesc n="poem"></textdesc>
<textclass>
<catref target="2_081" type="ID"></catref>
<catref target="О.Э. Мандельштам. Собрание сочинений в 4-х т. -- М.: Терра, 1991" type="Источник"></catref>
<catref target="стихотворение" type="Жанр художественной литературы"></catref>
<catref target="пародия" type="Уточнение жанра"></catref>
<catref target="Я" type="Метр"></catref>
<catref target="5" type="Длина строки"></catref>
<catref target="вольная" type="Клаузула"></catref>
<catref target="ж, м" type="Уточнение клаузулы"></catref>
<catref target="nan" type="Классическая строфа"></catref>
<catref target="вольная" type="Рифма"></catref>
<catref target="nan" type="Схема рифмовки"></catref>
<catref target="Я5ж,м" type="Метрическая формула"></catref>
<catref target="холостая строка" type="Дополнительные параметры"></catref>
<catref target="5" type="Число строк"></catref>
<catref target="nan" type="Автор оригинала"></catref>
<catref target="nan" type="Язык оригинала"></catref>
</textclass></profiledesc>
</teiheader>
<text>
<body>
<div1 n="2" type="volume">
<div2 n="81" type="part">
<head>81.</head>
<div type="dedication">‹А.Радловой›</div>
<rs ref="Радлова (Дармолатова), Анна Дмитриевна" type="person"></rs>
<lg type="quintet">
<l n="1">Архистратиг вошел в иконостас...</l>
<l n="2">В ночной тиши запахло валерьяном.</l>
<l n="3">Архистратиг мне задает вопросы,</l>
<l n="4">К чему тебе ....... косы</l>
<l n="5">И плеч твоих сияющий атлас...</l>
</lg>
</div2>
</div1>
</body>
</text>
</tei>
