<?xml version='1.0' encoding='UTF8'?>
<tei xmlns="http://www.tei-c.org/ns/1.0">
<teiheader>
<filedesc>
<titlestmt>
<title>Собр.соч. в 4 т. «Т.2. Кто Маяковского гонитель...»</title>
<author>О.Э. Мандельштам</author>
</titlestmt>
<publicationstmt>
<p>АРТ-БИЗНЕС-ЦЕНТР МОСКВА 1993</p>
<biblstruct>
<biblscope n="" type="volume"></biblscope>
<biblscope n="" type="part"></biblscope>
</biblstruct></publicationstmt>
<sourcedesc>
<p>Издание подготовлено Мандельштамовским обществом</p>
</sourcedesc>
<respstmt>
<resp>Подготовка и разметка файлов - Алексей Литвинцев, Вероника Файнберг. Создание
          электронного ресурса - Тимофей Молчанов. Руководители проекта - Центр Digital Humanities,
          Мандельштамовское общество (НИУ ВШЭ).</resp>
</respstmt></filedesc>
<profiledesc>
<textdesc n="poem"></textdesc>
<textclass>
<catref target="2_087" type="ID"></catref>
<catref target="О.Э. Мандельштам. Собрание сочинений в 4-х т. -- М.: Терра, 1991" type="Источник"></catref>
<catref target="стихотворение" type="Жанр художественной литературы"></catref>
<catref target="эпиграмма" type="Уточнение жанра"></catref>
<catref target="Я" type="Метр"></catref>
<catref target="4(5)" type="Длина строки"></catref>
<catref target="регулярная" type="Клаузула"></catref>
<catref target="жжммж" type="Уточнение клаузулы"></catref>
<catref target="nan" type="Классическая строфа"></catref>
<catref target="затянутая" type="Рифма"></catref>
<catref target="аабба" type="Схема рифмовки"></catref>
<catref target="Я4жжм. Я5ж" type="Метрическая формула"></catref>
<catref target="nan" type="Дополнительные параметры"></catref>
<catref target="5" type="Число строк"></catref>
<catref target="nan" type="Автор оригинала"></catref>
<catref target="nan" type="Язык оригинала"></catref>
</textclass></profiledesc>
</teiheader>
<text>
<body>
<div1 n="2" type="volume">
<div2 n="87" type="part">
<head>87.</head>
<div type="dedication">‹Г.А.Шенгели›</div>
<rs ref="Шенгели, Георгий Аркадьевич" type="person"></rs>
<lg type="quintet">
<l n="1">Кто Маяковского гонитель<rs ref="Маяковский, Владимир Владимирович" type="person"></rs></l>
<l n="2">И полномочный представитель</l>
<l n="3">Персидского ....... Лахути?<rs ref="Лахути, Абулкосим" type="person"></rs></l>
<l n="4">Шенгели, господи прости,<rs ref="Шенгели, Георгий Аркадьевич" type="person"></rs></l>
<l n="5">Российских ямбов керченский смотритель.</l>
</lg>
<date when="1920">‹Конец 1920-х›</date>
</div2>
</div1>
</body>
</text>
</tei>
