<?xml version='1.0' encoding='UTF8'?>
<tei xmlns="http://www.tei-c.org/ns/1.0">
<teiheader>
<filedesc>
<titlestmt>
<title>Переводы. Важа Пшавела. Гоготур и Апшина</title>
<author>О.Э. Мандельштам</author>
</titlestmt>
<publicationstmt>
<p>АРТ-БИЗНЕС-ЦЕНТР МОСКВА 1993</p>
<biblstruct>
<biblscope n="" type="volume"></biblscope>
<biblscope n="" type="part"></biblscope>
</biblstruct></publicationstmt>
<sourcedesc>
<p>Издание подготовлено Мандельштамовским обществом</p>
</sourcedesc>
<respstmt>
<resp>Подготовка и разметка файлов - Алексей Литвинцев, Вероника Файнберг. Создание
          электронного ресурса - Тимофей Молчанов. Руководители проекта - Центр Digital Humanities,
          Мандельштамовское общество (НИУ ВШЭ).</resp>
</respstmt></filedesc>
<profiledesc>
<textdesc n="poem"></textdesc>
<textclass>
<catref target="2_088" type="ID"></catref>
<catref target="О.Э. Мандельштам. Собрание сочинений в 4-х т. -- М.: Терра, 1991" type="Источник"></catref>
<catref target="поэма" type="Жанр художественной литературы"></catref>
<catref target="перевод" type="Уточнение жанра"></catref>
<catref target="Х, тонический : Дк" type="Метр"></catref>
<catref target="4(2,3,5)" type="Длина строки"></catref>
<catref target="вольная" type="Клаузула"></catref>
<catref target="г, д" type="Уточнение клаузулы"></catref>
<catref target="nan" type="Классическая строфа"></catref>
<catref target="0" type="Рифма"></catref>
<catref target="nan" type="Схема рифмовки"></catref>
<catref target="Х4г,д. Дк3д, Дк4г,д, Дк5д, Х2д, Х3д, Х5г,д" type="Метрическая формула"></catref>
<catref target="nan" type="Дополнительные параметры"></catref>
<catref target="417" type="Число строк"></catref>
<catref target="Важа Пшавела" type="Автор оригинала"></catref>
<catref target="грузинский" type="Язык оригинала"></catref>
</textclass></profiledesc>
</teiheader>
<text>
<body>
<div1 n="2" type="volume">
<div2 n="" type="part">
<head>ПЕРЕВОДЫ</head>
<head>ВАЖА ПШАВЕЛА</head>
<head>88.
ГОГОТУР И АПШИНА
</head>
<lg type="418_line">
<l n="1">Говорят, из Блоя Апшина,</l>
<l n="2">Из семейства Минтотаури,</l>
<l n="3">Без помехи крал, разбойничал</l>
<l n="4">Под защитой брони кованной.</l>
<l n="5">Он добром наполнил горницу,</l>
<l n="6">Словно хан, казной— поборами.</l>
<l n="7">Гоготур сильнее Апшины,</l>
<l n="8">С ним и Апшина не справится, —</l>
<l n="9">Он мизинцем бросит Апшину</l>
<l n="10">Через скалы островерхие.</l>
<l n="11">Говорил царь слова крепкие:</l>
<l n="12">«Гоготур мне стоит тысячи,</l>
<l n="13">Он один зерно отборное</l>
<l n="14">Среди тысячи дружинников».</l>
<l n="15">Мощью дышит он чрезмерною,</l>
<l n="16">Как волна размывчивый песок,</l>
<l n="17">Гонит он бесчисленных врагов,</l>
<l n="18">А в бою Гоготур, как смерть, велик</l>
<l n="19">И, как смертный час, суров и строг.</l>
<l n="20">На врагов он наводит страх,</l>
<l n="21">Словно ангел смерти Азраил.<rs ref="Азраил" type="myth_index"></rs></l>
<l n="22">Опрокинет он врагов отряд,</l>
<l n="23">Как теченье лодку утлую.</l>
<l n="24">Ах, щадят, должно быть, воина</l>
<l n="25">Херувимы— покровители!</l>
<l n="26">Сколько раз его упрашивал</l>
<l n="27">Царь: «Иди ко мне на царский двор», —</l>
<l n="28">Неизменно отвечал герой:</l>
<l n="29">«Царь, в долине мне ‹не› дышится,</l>
<l n="30">Горный ветер мне лицо свежит.</l>
<l n="31">Сердце плачет, словно женщина,</l>
<l n="32">Хлеб здесь — камень и вода горька.</l>
<l n="33">Вся в огне душа заклятая!</l>
<l n="34">На уста печать положена,</l>
<l n="35">И недугом тело схвачено».</l>
<l n="36">Гоготуру так мучительно,</l>
<l n="37">Что не слышен здесь войны рожок.</l>
<l n="38">На исходе и кончается</l>
<l n="39">Ароматное двухвесенье,</l>
<l n="40">Но сидит он дома в праздности,</l>
<l n="41">Землю пашет и работает.</l>
<l n="42">Говорит, не миновать войны,</l>
<l n="43">А теперь пора косе гулять.</l>
<l n="44">То, что добыто разбоями,</l>
<l n="45">Никогда не тешит досыта,</l>
<l n="46">И никто не помнит в Пшавии</l>
<l n="47">Громовых раскатов голоса,</l>
<l n="48">Чтобы он прямым разбойником</l>
<l n="49">На дороге стал кому— нибудь.</l>
<l n="50">Он возьмет чинару рослую,</l>
<l n="51">На плечо положит запросто</l>
<l n="52">И, попыхивая трубкою,</l>
<l n="53">Восвояси возвращается;</l>
<l n="54">И домой приходит в сумерки,</l>
<l n="55">К очагу садится дымному,</l>
<l n="56">Чтоб развлечься, понемножечку</l>
<l n="57">Длинный свой чубук потягивает,</l>
<l n="58">Иногда бандуру пробует,</l>
<l n="59">Быстро щиплет струны пальцами,</l>
<l n="60">Иногда горланит песенку —</l>
<l n="61">Лишь бы притолка не рухнула,</l>
<l n="62">Иногда ногою топает —</l>
<l n="63">Вся окрестность с ним приплясывает.</l>
<l n="64">Есть старинная пословица:</l>
<l n="65">Коль дерзка бывает женщина</l>
<l n="66">И на ветер сердце бросила,</l>
<l n="67">Ум от страсти улетучится.</l>
<l n="68">Говорит слова бесстыжие,</l>
<l n="69">Одурелая и шалая,</l>
<l n="70">Все покроет мужним именем,</l>
<l n="71">Ни о чем другом не думает.</l>
<l n="72">Пусть у мужа совесть, как ночь, черна,</l>
<l n="73">Пусть он смело грабит проезжий люд,</l>
<l n="74">Лишь бы только он мечом владел</l>
<l n="75">И держал ружье в руках,</l>
<l n="76">Лишь бы он жену сумел одеть</l>
<l n="77">В платье шелковое красное.</l>
<l n="78">&lt;span class="spaced"&gt;. . . . . . . . . . . . . . . . . . . . . . . </l>
<l n="79">К Гоготуру пристает жена:</l>
<l n="80">«Для чего тебе осиный стан —</l>
<l n="81">Чтобы вечно раскорякою</l>
<l n="82">Дома дрыхнуть, как горячечный?</l>
<l n="83">Для чего тебе стальной убор,</l>
<l n="84">Меч проклятый, без зазубринки,</l>
<l n="85">Заповедной кровью смоченный,</l>
<l n="86">Истреблять людей приученный?</l>
<l n="87">Посмотри, слеза обидная</l>
<l n="88">Каплет с губ суровых лезвия!</l>
<l n="89">Вспомни о разбойном промысле</l>
<l n="90">И промысли жизнь счастливую,</l>
<l n="91">Поруби ты кистам головы,</l>
<l n="92">На хевсуров наложи оброк, —</l>
<l n="93">Говорят люди, конь Апшины</l>
<l n="94">Чепраком покрыт серебряным».</l>
<l n="95">«Что ты мелешь, баба глупая,</l>
<l n="96">Без понятья, необдуманно!</l>
<l n="97">Если делать тебе нечего,</l>
<l n="98">Ты бы мне о том поведала.</l>
<l n="99">Сразу жизнь мне опостылеет,</l>
<l n="100">Если буду сыт чужим добром.</l>
<l n="101">Ты не суй свой нос, безродная,</l>
<l n="102">В дело честное булатное.</l>
<l n="103">Твое дело веретенное,</l>
<l n="104">Веретенное— чулочное.</l>
<l n="105">Лишь тогда увидит шашка свет,</l>
<l n="106">Если близко, близко вражий меч.</l>
<l n="107">Не звучал еще в долине царский рог:</l>
<l n="108">«Эй, пшавелы, нас сжимает враг!</l>
<l n="109">Собирайся, верный мой народ,</l>
<l n="110">Люди прочные, военные.</l>
<l n="111">Пусть ведет дружину Гоготур,</l>
<l n="112">Он еще довольно моложав».</l>
<l n="113">А до этого я красную росу</l>
<l n="114">Запрещаю моему мечу.</l>
<l n="115">Уж не я ли на боку лежал</l>
<l n="116">В дни кромешные, татарские!</l>
<l n="117">Я врага приветил издали,</l>
<l n="118">Как жирафа тигр, приветливо...</l>
<l n="119">Изрубил я в битве девять мечей,</l>
<l n="120">А десятым бел— костяной кинжал.</l>
<l n="121">Если ты не ведьма чарая,</l>
<l n="122">Что ты хочешь, злоязычница?»</l>
<l n="123">«Я скажу тебе, бессовестный:</l>
<l n="124">Ты в семье обуза тяжкая,</l>
<l n="125">На какую не потребуют</l>
<l n="126">Спины битые, татарские,</l>
<l n="127">Из войны ты много выгоды</l>
<l n="128">Вынес, кроме ран полученных?</l>
<l n="129">Коли сыт ты добрым именем, </l>
<l n="130">Ну и лопай свои подвиги».</l>
<l n="131">Гоготур— герой печалится,</l>
<l n="132">Меч рукой тихонько трогает,</l>
<l n="133">И корой лафани нежною</l>
<l n="134">Крепко стан свой перепоясывает.</l>
<l n="135">Перекинул щит через левое,</l>
<l n="136">А на правое плечо взял пищаль свою,</l>
<l n="137">Словно дерево огромное,</l>
<l n="138">На подъем чрезмерно трудную,</l>
<l n="139">И жене своей ответил так:</l>
<l n="140">«Ходоком всю землю выхожу.</l>
<l n="141">Я сказал и это сделаю:</l>
<l n="142">Не кручинься, быть по— твоему».</l>
<l n="143">И пошел обратно к родичам,</l>
<l n="144">Говорит, смеется в бороду.</l>
<l n="145">О ту пору о весеннюю,</l>
<l n="146">Как фиалка заневестилась,</l>
<l n="147">Как нагорьями зелеными</l>
<l n="148">Гор окружность закурчавилась;</l>
<l n="149">Снег в ложбинах стаял пятнами,</l>
<l n="150">И земля набухла влагою;</l>
<l n="151">К зеленям прозрачным тянутся</l>
<l n="152">Бычьи и оленьи головы;</l>
<l n="153">Дуры— птицы свистом— щебетом</l>
<l n="154">Гомонят сильнее прежнего;</l>
<l n="155">Как Арагва черно— талая<rs ref="Арагва (Арагви)" type="geo_index"></rs></l>
<l n="156">Воет, роется и прядает,</l>
<l n="157">И с ресниц дремоту стряхивают</l>
<l n="158">Пробужденные окрестности;</l>
<l n="159">Воду впитывают трещины,</l>
<l n="160">Тает лед на горной скатерти, —</l>
<l n="161">Из— за церковки Копальской — вдруг —</l>
<l n="162">Человек, как глыба, кряжистый.</l>
<l n="163">Он ползет, как тяжкий оползень,</l>
<l n="164">Лицо каменное, хмурое,</l>
<l n="165">А другой — с горы спускается,</l>
<l n="166">Он поет, и ржет гора в ответ,</l>
<l n="167">Он коня слегка подбадривает.</l>
<l n="168">Кулики пищат болотные,</l>
<l n="169">Статный конь под ним приплясывает,</l>
<l n="170">Словно чует победителя,</l>
<l n="171">А с черкески красной свесилась</l>
<l n="172">Дашна, солнцем упоенная.</l>
<l n="173">Гоготура видит Апшина</l>
<l n="174">И смеется тихо в бороду,</l>
<l n="175">Вскачь пустился, переводит дух</l>
<l n="176">И ругается невежливо,</l>
<l n="177">Далеко кремневка Апшины</l>
<l n="178">Заиграла острым лучиком...</l>
<l n="179">«Дай мне, пшав, оружье бранное,</l>
<l n="180">С неуклюжего меч валится,</l>
<l n="181">Прямодушен храбрый Апшина:</l>
<l n="182">Не таится, не подкрадывается.</l>
<l n="183">Что глядишь ты вопросительно:</l>
<l n="184">Говорит с тобою Апшина.</l>
<l n="185">А не то, гляди, потребую</l>
<l n="186">У меча службу горячую».</l>
<l n="187">Гоготур решил: попробую</l>
<l n="188">Показаться жалким Апшине.</l>
<l n="189">Любопытно, что он сделает —</l>
<l n="190">Пожалеет ли, помилует</l>
<l n="191">Или втопчет в пыль дорожную.</l>
<l n="192">«Что ты, брат мой, заговариваешься,</l>
<l n="193">Я не женщина беременная,</l>
<l n="194">И меня мать в люди вывела,</l>
<l n="195">Не в навозной куче нянчила.</l>
<l n="196">Почему ты хочешь, Апшина,</l>
<l n="197">Снять с меня оружье бранное?</l>
<l n="198">Или в Бога ты не веруешь!</l>
<l n="199">Стыд мне застит солнце милое,</l>
<l n="200">Люди скажут мне: кикимора,</l>
<l n="201">Быть тебе в лепешку сплющенным.</l>
<l n="202">Ты побойся бога, Апшина.</l>
<l n="203">Брат, зачем тебе мой черный стыд,</l>
<l n="204">Сбить папаху, пустить по миру</l>
<l n="205">И позор скормить молве людской?</l>
<l n="206">Человек ты видный, с именем,</l>
<l n="207">А со мной враждуешь попусту.</l>
<l n="208">Не снимай с меня стальной убор —</l>
<l n="209">Так и быть, начнем речь бранную!»</l>
<l n="210">«Пшав, довольно я замешкался;</l>
<l n="211">Подавай меч, не улещивай.</l>
<l n="212">Подавай кремневку крепкую:</l>
<l n="213">У меня пускай погреется.</l>
<l n="214">За неделю пути горного</l>
<l n="215">Даже очи обезлюдели.</l>
<l n="216">Подавай убранство бранное,</l>
<l n="217">А не то изволь песок лизать,</l>
<l n="218">И трепать Арагве каменной<rs ref="Арагва (Арагви)" type="geo_index"></rs></l>
<l n="219">На порогах твои косточки».</l>
<l n="220">Дал он меч ему, кремневку дал.</l>
<l n="221">А последним дал щит выпуклый.</l>
<l n="222">До уздечки добирается</l>
<l n="223">Нежный родич, чадо милое,</l>
<l n="224">Понукает коня Апшина.</l>
<l n="225">Конь глотнул, как птица воздуха.</l>
<l n="226">Гоготур— герой не выдержал.</l>
<l n="227">Зароптал, преобразился весь.</l>
<l n="228">«Ты звенишь моим оружием —</l>
<l n="229">Или стыд тебя гнушается,</l>
<l n="230">За дела твои бесстыжие</l>
<l n="231">На каменьях мозг твой высушить!»</l>
<l n="232">Вот Гоготур распаляется,</l>
<l n="233">Повалил, бьет, треплет Апшину.</l>
<l n="234">Страх ступил на горло Апшине,</l>
<l n="235">Он лежит туго спеленутый,</l>
<l n="236">Гоготур ведет речь умную:</l>
<l n="237">«Ты хорош ездок, да я строптив.</l>
<l n="238">Я просил, а ты был глух и черств,</l>
<l n="239">А теперь твоя кривая шашка мне</l>
<l n="240">Приглянулась, с ней твой Лурджа конь,</l>
<l n="241">С ней твой круглый, твой тяжелый щит:</l>
<l n="242">Зря пыхтел ты под доспехами».</l>
<l n="243">«Пощади!»— взмолился Апшина,</l>
<l n="244">Выплюнул язык расщепленный,</l>
<l n="245">Весь истаял черным-иссиня,</l>
<l n="246">Сохраняя злость дремучую.</l>
<l n="247">«Соблазнился я, запутался,</l>
<l n="248">О тебе слыхал сторонкою,</l>
<l n="249">Думал, ты — ограда ветхая,</l>
<l n="250">Из камней трухлявых хижина;</l>
<l n="251">По заслугам ты захвален, Пшав,</l>
<l n="252">Мощно мышцей ты орудуешь,</l>
<l n="253">Побратаемся, помиримся,</l>
<l n="254">И верни мне звон оружия!</l>
<l n="255">Трудно молвить: слово вяжет стыд;</l>
<l n="256">Брат, верни мне облик воина,</l>
<l n="257">А не то спать уложи навек,</l>
<l n="258">Освежи грудь светлой дашною.</l>
<l n="259">С легким сердцем разве мыслимо</l>
<l n="260">Снять с себя ярмо военное?</l>
<l n="261">На чужих плечах примеривать</l>
<l n="262">Дашну, меч, убранство светлое?</l>
<l n="263">Все равно обезоруженный</l>
<l n="264">Герой смертью покрывается».</l>
<l n="265">«Поумнел ты поздно, Апшина,</l>
<l n="266">Вот когда ты образумился,</l>
<l n="267">Знаешь сам, земля Грузинская,<rs ref="Грузия" type="geo_index"></rs></l>
<l n="268">Вся как есть, врага чурается,</l>
<l n="269">А хотел с меня оружье снять!</l>
<l n="270">Узнаю тебя, безбожника:</l>
<l n="271">Всюду рыскаешь и нюхаешь.</l>
<l n="272">Видно, ты, хвастун бессовестный,</l>
<l n="273">Точно крыса поскребущая</l>
<l n="274">Черноусая на мельнице.</l>
<l n="275">Заикнулся б ты о голоде,</l>
<l n="276">Я б тебя утешил досыта.</l>
<l n="277">Ты на братский меч позарился:</l>
<l n="278">Видно, в Бога ты не веруешь.</l>
<l n="279">Или ты в кувшинах глиняных</l>
<l n="280">Серебро хранишь военное.</l>
<l n="281">Если любишь светлой шашки взмах,</l>
<l n="282">Свист полета, скорость коршуна,</l>
<l n="283">Посмотри, как темен враг числом,</l>
<l n="284">Как он борется, упорствует.</l>
<l n="285">Вдруг тебя облепит тысяча,</l>
<l n="286">Бьют тебя и улюлюкают,</l>
<l n="287">Плечо тает, и ломается</l>
<l n="288">В самом стержне шашка хрупкая,</l>
<l n="289">Запасную шашку вытащи —</l>
<l n="290">Побегут враги косулями.</l>
<l n="291">Ты же дальше их преследуешь,</l>
<l n="292">Волчьим потом обливаешься.</l>
<l n="293">Вот и шашки ты сподобишься,</l>
<l n="294">И папаху свою выслужишь;</l>
<l n="295">А не то ходи в косыночке,</l>
<l n="296">Словно баба неумытая.</l>
<l n="297">Ты встречал людей беспомощных,</l>
<l n="298">Никогда войны не видевших.</l>
<l n="299">Закаленный враг железо ест</l>
<l n="300">И деревья выкорчевывает.</l>
<l n="301">Мне не надо твоего меча,</l>
<l n="302">У меня своих достаточно.</l>
<l n="303">Вот, бери коня, бери доспех,</l>
<l n="304">Иди с миром, по-хорошему,</l>
<l n="305">Да прошу — коль будешь хвастаться</l>
<l n="306">Своей удалью военною —</l>
<l n="307">Мое имя вставить в очередь.</l>
<l n="308">Да поручится хохматский крест</l>
<l n="309">И Копала, драгоценная,</l>
<l n="310">В том, что ты не скроешь истины</l>
<l n="311">О своем ярме и выкупе».</l>
<l n="312">За плечо приподнял воина,</l>
<l n="313">Из бечевок руки выпростал,</l>
<l n="314">Приподнялся бедный Апшина</l>
<l n="315">Посиневший, весь в слезах:</l>
<l n="316">«Ах, не крепок я,</l>
<l n="317">Пошатнулся я, не выстоял.</l>
<l n="318">Я теперь пойду в свою избу.</l>
<l n="319">Головою стены выскоблю...</l>
<l n="320">Гоготур, дай поцелую в лоб</l>
<l n="321">За чудесный подвиг ласковый».</l>
<l n="322">Обнялись, упрочили союз,</l>
<l n="323">Апшина бурдюк развязывает,</l>
<l n="324">Гоготуру указует честь.</l>
<l n="325">Им палаткой служит дерево,</l>
<l n="326">Апшина— друг пенит рог,</l>
<l n="327">Мощно родича приветствует:</l>
<l n="328">«Ты живи, Гоготур, не век, не два,</l>
<l n="329">А живи, пока роса течет,</l>
<l n="330">А роса течет, пока солнце горит.</l>
<l n="331">Живи утром, живи вечером,</l>
<l n="332">Ты живи, покуда лес шумит</l>
<l n="333">И земля пирует зеленью,</l>
<l n="334">Ты живи, пока товар возить</l>
<l n="335">Муравью купцом не будет велено.</l>
<l n="336">Да почиет сам Лошарский крест</l>
<l n="337">На твоих желаньях избранных!»</l>
<l n="338">Гоготур говорит молитвенно:</l>
<l n="339">«Да хранит тебя иконы лик,</l>
<l n="340">Ты героем не прикинулся:</l>
<l n="341">На язык тебя я пробовал,</l>
<l n="342">Да избавит бог своих людей</l>
<l n="343">От вражды и злого шопота</l>
<l n="344">И да будет им не омрачен</l>
<l n="345">Братский час веселья общего».</l>
<l n="346">Соскоблили, в вино бросили</l>
<l n="347">С рукоятей пыль серебряную,</l>
<l n="348">С порошком заветным, дружеским</l>
<l n="349">Рог совместно опорожнили,</l>
<l n="350">Друг для друга пели сладостно</l>
<l n="351">Песни нежные, приятные,</l>
<l n="352">А потом в разные стороны</l>
<l n="353">Расходились одиночками.</l>
<l n="354">Темь. В пространстве тают шорохи;</l>
<l n="355">Стерла звуки ночь огромная;</l>
<l n="356">Дремлет гор семейство темное,</l>
<l n="357">Изваянье вечной горечи;</l>
<l n="358">Льдистой митрой удручаются</l>
<l n="359">Отрешенные от зелени.</l>
<l n="360">И прозрачны козьи пастбища,</l>
<l n="361">Из гранитной крепи выбиты,</l>
<l n="362">И вскипает злобной пеною</l>
<l n="363">Черный рев ручья хевсурского.</l>
<l n="364">А в деревне, за околицей,</l>
<l n="365">Слышно, как в ворота ломятся.</l>
<l n="366">Ведет тяжбу ядовитую</l>
<l n="367">Чей-то голос, желчью вскормленный:</l>
<l n="368">«Будь ты проклята во праотцах,</l>
<l n="369">Да пригнет тебя Хохматский крест,</l>
<l n="370">Нашла время спать, негодница,</l>
<l n="371">С глаз долой моих, безродная,</l>
<l n="372">Где тебе равняться с Апшиной,</l>
<l n="373">Равнять солнце с хилым месяцем.</l>
<l n="374">Возьми серебро военное,</l>
<l n="375">Лошадь сеном не закармливай.</l>
<l n="376">А случится на рассвете гость,</l>
<l n="377">Все добро сгреби, отдай ему.</l>
<l n="378">Пусть седлает моего коня</l>
<l n="379">Не за полцены, без выкупа.</l>
<l n="380">Разве я не внятно говорю,</l>
<l n="381">Что ж ты голову повесила?</l>
<l n="382">Я на поле брошу милый плуг,</l>
<l n="383">Будет прихоть мне своячницей».</l>
<l n="384">Вот пришла беда, скрутила вдруг</l>
<l n="385">Старшину в Хевсурах знатного.</l>
<l n="386">Трижды лунный серп истаивал,</l>
<l n="387">Дома Апшина ворочается,</l>
<l n="388">Слег в постель, вздыхает жалобно,</l>
<l n="389">Словно плакать ему хочется.</l>
<l n="390">Все молчит герой обиженный,</l>
<l n="391">А молчать ему не терпится.</l>
<l n="392">Язык сохнет, слово просится.</l>
<l n="393">Отдал лошадь, снял оружие,</l>
<l n="394">Божьим воином стал храбрый муж.</l>
<l n="395">Собирались в Хохмат люди горные,</l>
<l n="396">Серебро звенит военное,</l>
<l n="397">У дверей пивоварни топчутся.</l>
<l n="398">Минди, Мамука, врагами богатые,</l>
<l n="399">И Хирчлей переступил порог,</l>
<l n="400">По заслугам муж захваленный.</l>
<l n="401">Женщины мужчин сторонятся.</l>
<l n="402">В черных косынках праздничных,</l>
<l n="403">Пиво пьют, поют, забор городят</l>
<l n="404">Из голов бараньих обглоданных.</l>
<l n="405">Сильными устами молится</l>
<l n="406">Апшина, хевсурский староста,</l>
<l n="407">Пред иконой он, как выборный,</l>
<l n="408">За народ и мир предстательствует:</l>
<l n="409">«Охраняет Георгий— мученик,<rs ref="Георгий, святой" type="myth_index"></rs></l>
<l n="410">Дорогие Хевсуры, ваши хижины,</l>
<l n="411">Подставляет к победе лестницу,</l>
<l n="412">На задворки смерть выпроваживает. —</l>
<l n="413">Говорю вам, победители,</l>
<l n="414">По земле ходите радостно».</l>
<l n="415">До сих пор округа Блойская</l>
<l n="416">По ночам слышит стон жалобный.</l>
<l n="417">Добровольно сердце геройское</l>
<l n="418">Схоронило себя заживо.</l>
</lg>
</div2>
</div1>
</body>
</text>
</tei>
