<?xml version='1.0' encoding='UTF8'?>
<tei xmlns="http://www.tei-c.org/ns/1.0">
<teiheader>
<filedesc>
<titlestmt>
<title>Переводы. Георгий Леонидзе. Автопортрет</title>
<author>О.Э. Мандельштам</author>
</titlestmt>
<publicationstmt>
<p>АРТ-БИЗНЕС-ЦЕНТР МОСКВА 1993</p>
<biblstruct>
<biblscope n="" type="volume"></biblscope>
<biblscope n="" type="part"></biblscope>
</biblstruct></publicationstmt>
<sourcedesc>
<p>Издание подготовлено Мандельштамовским обществом</p>
</sourcedesc>
<respstmt>
<resp>Подготовка и разметка файлов - Алексей Литвинцев, Вероника Файнберг. Создание
          электронного ресурса - Тимофей Молчанов. Руководители проекта - Центр Digital Humanities,
          Мандельштамовское общество (НИУ ВШЭ).</resp>
</respstmt></filedesc>
<profiledesc>
<textdesc n="poem"></textdesc>
<textclass>
<catref target="2_092" type="ID"></catref>
<catref target="О.Э. Мандельштам. Собрание сочинений в 4-х т. -- М.: Терра, 1991" type="Источник"></catref>
<catref target="стихотворение" type="Жанр художественной литературы"></catref>
<catref target="перевод" type="Уточнение жанра"></catref>
<catref target="Я" type="Метр"></catref>
<catref target="6" type="Длина строки"></catref>
<catref target="вольная" type="Клаузула"></catref>
<catref target="ж, м" type="Уточнение клаузулы"></catref>
<catref target="nan" type="Классическая строфа"></catref>
<catref target="вольная" type="Рифма"></catref>
<catref target="nan" type="Схема рифмовки"></catref>
<catref target="Я6ж,м" type="Метрическая формула"></catref>
<catref target="нарушения строфики" type="Дополнительные параметры"></catref>
<catref target="18" type="Число строк"></catref>
<catref target="Г. Леонидзе" type="Автор оригинала"></catref>
<catref target="грузинский" type="Язык оригинала"></catref>
</textclass></profiledesc>
</teiheader>
<text>
<body>
<div1 n="2" type="volume">
<div2 n="92" type="part">
<head>ГЕОРГИЙ ЛЕОНИДЗЕ
92.
АВТОПОРТРЕТ</head>
<lg type="quatrain">
<l n="1">Я варвар, я хазар, я сарацин,</l>
<l n="2">У римских стен таран — гул динамитной дрожи.</l>
<l n="3">Горячей Русудан я уминаю ложе:</l>
<l n="4">Пространств потерянных меня терзает сплин.</l>
</lg>
<lg type="quatrain">
<l n="5">Я услыхал в себе старинный шелест крови.</l>
<l n="6">Мне гроздья тучных чресл — Кахетии сосцы.<rs ref="Кахетия" type="geo_index"></rs></l>
<l n="7">Над головой моей воскресных лун венцы.</l>
<l n="8">И солнце держит мне свой пурпур наготове.</l>
</lg>
<lg type="quatrain">
<l n="9">Стигматы расы я считаю, как цветы,</l>
<l n="10">Трибун парижских толп и вольный князь картвелов.</l>
<l n="11">Знамена Грузии мне реют с высоты,<rs ref="Грузия" type="geo_index"></rs></l>
<l n="12">И солнце в родовых походах поседело.</l>
</lg>
<lg type="quatrain">
<l n="13">Купель поэзии — мне — виноградный чан.</l>
<l n="14">Я душу бросил в яд, как в сусло золотое.</l>
<l n="15">Люблю, близнец Рембо, я сумасбродство злое.<rs ref="Рембо, Артюр" type="person"></rs></l>
<l n="16">Мне в предки Теймураз и Чавчавадзе дан.<rs ref="Теймураз I" type="person"></rs></l>
</lg>
<lg type="couplet">
<l n="17">Воскресная газель, косуля молодая, —</l>
<l n="18">Я черный Nevermore последнего трамвая.</l>
</lg>
</div2>
</div1>
</body>
</text>
</tei>
