<?xml version='1.0' encoding='UTF8'?>
<tei xmlns="http://www.tei-c.org/ns/1.0">
<teiheader>
<filedesc>
<titlestmt>
<title>Переводы. Кара-Дарвиш. Пляска на горах (Ночной хоровод)</title>
<author>О.Э. Мандельштам</author>
</titlestmt>
<publicationstmt>
<p>АРТ-БИЗНЕС-ЦЕНТР МОСКВА 1993</p>
<biblstruct>
<biblscope n="" type="volume"></biblscope>
<biblscope n="" type="part"></biblscope>
</biblstruct></publicationstmt>
<sourcedesc>
<p>Издание подготовлено Мандельштамовским обществом</p>
</sourcedesc>
<respstmt>
<resp>Подготовка и разметка файлов - Алексей Литвинцев, Вероника Файнберг. Создание
          электронного ресурса - Тимофей Молчанов. Руководители проекта - Центр Digital Humanities,
          Мандельштамовское общество (НИУ ВШЭ).</resp>
</respstmt></filedesc>
<profiledesc>
<textdesc n="poem"></textdesc>
<textclass>
<catref target="2_095" type="ID"></catref>
<catref target="О.Э. Мандельштам. Собрание сочинений в 4-х т. -- М.: Терра, 1991" type="Источник"></catref>
<catref target="стихотворение" type="Жанр художественной литературы"></catref>
<catref target="перевод" type="Уточнение жанра"></catref>
<catref target="Ан, Д, Я, тонический : Тк" type="Метр"></catref>
<catref target="4(3,5)" type="Длина строки"></catref>
<catref target="вольная" type="Клаузула"></catref>
<catref target="ж, м" type="Уточнение клаузулы"></catref>
<catref target="nan" type="Классическая строфа"></catref>
<catref target="вольная" type="Рифма"></catref>
<catref target="nan" type="Схема рифмовки"></catref>
<catref target="Тк4ж,м. Тк3м, Тк5ж" type="Метрическая формула"></catref>
<catref target="переменная анакруса" type="Дополнительные параметры"></catref>
<catref target="29" type="Число строк"></catref>
<catref target="Кара-Дарвиш" type="Автор оригинала"></catref>
<catref target="армянский" type="Язык оригинала"></catref>
</textclass></profiledesc>
</teiheader>
<text>
<body>
<div1 n="2" type="volume">
<div2 n="95" type="part">
<head>Из армянской поэзии</head>
<head>КАРА—ДАРВИШ</head>
<head>95.
ПЛЯСКА НА ГОРАХ</head>
<head>(Ночной хоровод)</head>
<div type="dedication">Гр. Робакидзе</div>
<rs ref="Робакидзе, Григол Титович" type="person"></rs>
<lg type="29_line">
<l n="1">Не плач, не рыдание, не воплениц крик, —</l>
<l n="2">Подари мне веселье и пиршества звон.</l>
<l n="3">Позабыть бы удары и смертный стон,</l>
<l n="4">Катафалков пух и умерший лик,</l>
<l n="5">Пустить по миру тяжелый дым,</l>
<l n="6">Развеять горечь дымных туч,</l>
<l n="7">И кто любим, и кто не любим,</l>
<l n="8">И кто повержен, и кто могуч,</l>
<l n="9">Побежденный, победитель — все прах и дым,</l>
<l n="10">Да пройдут они здесь, — мое сердце там,</l>
<l n="11">Забыть, забыть — уйти далеко</l>
<l n="12">К шарообразным легким мирам,</l>
<l n="13">По новым звездам взвиться легко.</l>
<l n="14">И только с тобой, только с тобой,</l>
<l n="15">Повелительница моей души,</l>
<l n="16">Атом крови моей огневой.</l>
<l n="17">Пойте мне песни, хоровод пляши,</l>
<l n="18">Тризну на грудах костей соверши.</l>
<l n="19">Пусть бесы топочут и воют глухо —</l>
<l n="20">Я слышу богов чародейный бег,</l>
<l n="21">На вершинах гор рождение духа:</l>
<l n="22">Ночь разрезает человек.</l>
<l n="23">Жизнь вернулась, гроба раскололись,</l>
<l n="24">И славы былой поют руины.</l>
<l n="25">К нагорной крепи взмыл мощный голос:</l>
<l n="26">Все забыть и ринуться в звездные пучины!</l>
<l n="27">Через трущобы, туманной повитые пряжей,</l>
<l n="28">С посвистом адским уйдем на высокие кряжи.</l>
<l n="29">Все позабудем, забудем, забудем.</l>
</lg>
</div2>
</div1>
</body>
</text>
</tei>
