<?xml version='1.0' encoding='UTF8'?>
<tei xmlns="http://www.tei-c.org/ns/1.0">
<teiheader>
<filedesc>
<titlestmt>
<title>Переводы. Иосиф Гришашвили. Перчатки</title>
<author>О.Э. Мандельштам</author>
</titlestmt>
<publicationstmt>
<p>АРТ-БИЗНЕС-ЦЕНТР МОСКВА 1993</p>
<biblstruct>
<biblscope n="" type="volume"></biblscope>
<biblscope n="" type="part"></biblscope>
</biblstruct></publicationstmt>
<sourcedesc>
<p>Издание подготовлено Мандельштамовским обществом</p>
</sourcedesc>
<respstmt>
<resp>Подготовка и разметка файлов - Алексей Литвинцев, Вероника Файнберг. Создание
          электронного ресурса - Тимофей Молчанов. Руководители проекта - Центр Digital Humanities,
          Мандельштамовское общество (НИУ ВШЭ).</resp>
</respstmt></filedesc>
<profiledesc>
<textdesc n="poem"></textdesc>
<textclass>
<catref target="2_091" type="ID"></catref>
<catref target="О.Э. Мандельштам. Собрание сочинений в 4-х т. -- М.: Терра, 1991" type="Источник"></catref>
<catref target="стихотворение" type="Жанр художественной литературы"></catref>
<catref target="перевод" type="Уточнение жанра"></catref>
<catref target="Х, тонический : Дк" type="Метр"></catref>
<catref target="вольная" type="Длина строки"></catref>
<catref target="ж" type="Клаузула"></catref>
<catref target="nan" type="Уточнение клаузулы"></catref>
<catref target="nan" type="Классическая строфа"></catref>
<catref target="парная" type="Рифма"></catref>
<catref target="аа" type="Схема рифмовки"></catref>
<catref target="Дк4,5,6,7ж" type="Метрическая формула"></catref>
<catref target="nan" type="Дополнительные параметры"></catref>
<catref target="28" type="Число строк"></catref>
<catref target="И. Гришашвили" type="Автор оригинала"></catref>
<catref target="грузинский" type="Язык оригинала"></catref>
</textclass></profiledesc>
</teiheader>
<text>
<body>
<div1 n="2" type="volume">
<div2 n="91" type="part">
<head>91.
ПЕРЧАТКИ</head>
<lg type="28_line">
<l n="1">Раз, два, три... Сегодня праздник, детка.</l>
<l n="2">Хочешь, одарю тебя перчаткой редкой?</l>
<l n="3">Но моя перчатка, знаешь, — другим не пара.</l>
<l n="4">Ты другой такой не купишь, не получишь даром.</l>
<l n="5">Мне вчера во сне шепнула лесная фея:</l>
<l n="6">«На горе туман пушистый клубится, млея».</l>
<l n="7">Я навел на гору стекла моего бинокля,</l>
<l n="8">Вижу: горы от тумана совсем поблекли.</l>
<l n="9">Я собрал цветов отряды с радугой в подмогу</l>
<l n="10">И воздушную построил лестницу— дорогу.</l>
<l n="11">Из тумана, вышитого на горной палатке,</l>
<l n="12">Солнечными ножницами выкроил перчатки.</l>
<l n="13">У луны взял ниток, чудесного шелку,</l>
<l n="14">Золотую у ручья одолжил иголку,</l>
<l n="15">Из бассейна брызнул водой лепестковой —</l>
<l n="16">И перчатки милой в подарок готовы.</l>
<l n="17">Только пуговки, пуговки где же!</l>
<l n="18">Всю вселенную обшарил я до морских прибрежий,</l>
<l n="19">Опускался водолаз до морского ила —</l>
<l n="20">Нет достойных пуговок для перчатки милой.</l>
<l n="21">Даже ракушки в море на них не похожи.</l>
<l n="22">И опять заплакал я в беспомощной дрожи.</l>
<l n="23">Для чего работал я, скажите на милость!</l>
<l n="24">Вдруг чета блестящих слез из глаз покатилась.</l>
<l n="25">Для твоих перчаток ведь послужить им лестно:</l>
<l n="26">Обернулись пуговками, нашли свое место...</l>
<l n="27">Нынче праздник, милая, клянусь, иль не веришь?</l>
<l n="28">Ты перчатку новую в подарок примеришь.</l>
</lg>
</div2>
</div1>
</body>
</text>
</tei>
