<?xml version='1.0' encoding='UTF8'?>
<tei xmlns="http://www.tei-c.org/ns/1.0">
<teiheader>
<filedesc>
<titlestmt>
<title>Переводы. Огюст Барбье. Мятеж </title>
<author>О.Э. Мандельштам</author>
</titlestmt>
<publicationstmt>
<p>АРТ-БИЗНЕС-ЦЕНТР МОСКВА 1993</p>
<biblstruct>
<biblscope n="" type="volume"></biblscope>
<biblscope n="" type="part"></biblscope>
</biblstruct></publicationstmt>
<sourcedesc>
<p>Издание подготовлено Мандельштамовским обществом</p>
</sourcedesc>
<respstmt>
<resp>Подготовка и разметка файлов - Алексей Литвинцев, Вероника Файнберг. Создание
          электронного ресурса - Тимофей Молчанов. Руководители проекта - Центр Digital Humanities,
          Мандельштамовское общество (НИУ ВШЭ).</resp>
</respstmt></filedesc>
<profiledesc>
<textdesc n="poem"></textdesc>
<textclass>
<catref target="2_108" type="ID"></catref>
<catref target="О.Э. Мандельштам. Собрание сочинений в 4-х т. -- М.: Терра, 1991" type="Источник"></catref>
<catref target="стихотворение" type="Жанр художественной литературы"></catref>
<catref target="перевод" type="Уточнение жанра"></catref>
<catref target="Я" type="Метр"></catref>
<catref target="6" type="Длина строки"></catref>
<catref target="регулярная" type="Клаузула"></catref>
<catref target="ммжж" type="Уточнение клаузулы"></catref>
<catref target="александрийский стих" type="Классическая строфа"></catref>
<catref target="парная" type="Рифма"></catref>
<catref target="аа" type="Схема рифмовки"></catref>
<catref target="Я6ммжж" type="Метрическая формула"></catref>
<catref target="нарушения строфики, холостая строка" type="Дополнительные параметры"></catref>
<catref target="15" type="Число строк"></catref>
<catref target="О. Барбье" type="Автор оригинала"></catref>
<catref target="французский" type="Язык оригинала"></catref>
</textclass></profiledesc>
</teiheader>
<text>
<body>
<div1 n="2" type="volume">
<div2 n="108" type="part">
<head>108.
МЯТЕЖ</head>
<lg type="15_line">
<l n="1">Как будто ураган верхи дерев нагнул,</l>
<l n="2">Летит предместьями глухой и низкий гул:</l>
<l n="3">Дверные молотки бьют в бронзовые доски,</l>
<l n="4">Страх бьет без промаху. И женщин и детей</l>
<l n="5">Простоволосый плач до старческих ушей</l>
<l n="6">Добрался. Все дрожат. Еще одна минута —</l>
<l n="7">И каждый добежит до своего закута.</l>
<l n="8">Попрятались, и вдруг колючая метла</l>
<l n="9">Весь многолюдный сор на улицу смела.</l>
<l n="10">Тогда мятеж, мятеж на каблуках дерзанья</l>
<l n="11">Народный гонит вал, в ладоши бьет восстанье.</l>
<l n="12">В щетине криков весь, сам тысяча голов,</l>
<l n="13">Сверяет мощь своих набухнувших рядов</l>
<l n="14">И набережных вдоль, на каменной постели</l>
<l n="15">Кричит, как женщина, тяжелая от хмеля.</l>
</lg>
</div2>
</div1>
</body>
</text>
</tei>
