<?xml version='1.0' encoding='UTF8'?>
<tei xmlns="http://www.tei-c.org/ns/1.0">
<teiheader>
<filedesc>
<titlestmt>
<title>Переводы. Жан Расин. Начало «Федры»</title>
<author>О.Э. Мандельштам</author>
</titlestmt>
<publicationstmt>
<p>АРТ-БИЗНЕС-ЦЕНТР МОСКВА 1993</p>
<biblstruct>
<biblscope n="" type="volume"></biblscope>
<biblscope n="" type="part"></biblscope>
</biblstruct></publicationstmt>
<sourcedesc>
<p>Издание подготовлено Мандельштамовским обществом</p>
</sourcedesc>
<respstmt>
<resp>Подготовка и разметка файлов - Алексей Литвинцев, Вероника Файнберг. Создание
          электронного ресурса - Тимофей Молчанов. Руководители проекта - Центр Digital Humanities,
          Мандельштамовское общество (НИУ ВШЭ).</resp>
</respstmt></filedesc>
<profiledesc>
<textdesc n="poem"></textdesc>
<textclass>
<catref target="2_103" type="ID"></catref>
<catref target="О.Э. Мандельштам. Собрание сочинений в 4-х т. -- М.: Терра, 1991" type="Источник"></catref>
<catref target="стихотворение" type="Жанр художественной литературы"></catref>
<catref target="перевод" type="Уточнение жанра"></catref>
<catref target="Я" type="Метр"></catref>
<catref target="6" type="Длина строки"></catref>
<catref target="регулярная" type="Клаузула"></catref>
<catref target="жжмм" type="Уточнение клаузулы"></catref>
<catref target="александрийский стих" type="Классическая строфа"></catref>
<catref target="парная" type="Рифма"></catref>
<catref target="аа" type="Схема рифмовки"></catref>
<catref target="Я6жжмм" type="Метрическая формула"></catref>
<catref target="nan" type="Дополнительные параметры"></catref>
<catref target="22" type="Число строк"></catref>
<catref target="Ж. Расин" type="Автор оригинала"></catref>
<catref target="французский" type="Язык оригинала"></catref>
</textclass></profiledesc>
</teiheader>
<text>
<body>
<div1 n="2" type="volume">
<div2 n="103" type="part">
<head>Из французской поэзии</head>
<head>ЖАН РАСИН</head>
<head>103.
НАЧАЛО «ФЕДРЫ»</head>
<lg type="22_line">
<l n="1"> — Решенье принято, час перемены пробил,</l>
<l n="2">Узор Трезенских стен всегда меня коробил,<rs ref="Трезена" type="geo_index"></rs></l>
<l n="3">В смертельной праздности, на медленном огне,</l>
<l n="4">Я до корней волос краснею в тишине:</l>
<l n="5">Шесть месяцев терплю отцовское безвестье,</l>
<l n="6">И дальше для меня тревога и бесчестье</l>
<l n="7">Не знать урочища, где он окончил путь.</l>
<l n="8"> — Куда же, государь, намерены взглянуть?</l>
<l n="9">Я первый поспешил унять ваш страх законный</l>
<l n="10">И переплыл залив, Коринфом рассеченный.<rs ref="Коринф" type="geo_index"></rs></l>
<l n="11">Тезея требовал у жителей холмов,<rs ref="Тезей (Тесей)" type="myth_index"></rs></l>
<l n="12">Где глохнет Ахерон в жилище мертвецов.<rs ref="Ахерон (прав. Ахеронт)" type="myth_index"></rs></l>
<l n="13">Эвлиду посетил, не мешкал на Тенаре,</l>
<l n="14">Мне рассказала зыбь о рухнувшем Икаре.<rs ref="Икар" type="myth_index"></rs></l>
<l n="15">Надежды ль новой луч укажет вам тропы</l>
<l n="16">В блаженный край, куда направил он стопы?</l>
<l n="17">Быть может, государь свое решенье взвесил</l>
<l n="18">И с умыслом уход свой тайной занавесил,</l>
<l n="19">И, между тем как мы следим его побег,</l>
<l n="20">Сей хладнокровный муж, искатель новых нег,</l>
<l n="21">Ждет лишь любовницы, что, тая и робея...</l>
<l n="22"> — Довольно, Тирамен, не оскорбляй Тезея...<rs ref="Тезей (Тесей)" type="myth_index"></rs></l>
</lg>
</div2>
</div1>
</body>
</text>
</tei>
