<?xml version='1.0' encoding='UTF8'?>
<tei xmlns="http://www.tei-c.org/ns/1.0">
<teiheader>
<filedesc>
<titlestmt>
<title>Переводы. Огюст Барбье. 1793</title>
<author>О.Э. Мандельштам</author>
</titlestmt>
<publicationstmt>
<p>АРТ-БИЗНЕС-ЦЕНТР МОСКВА 1993</p>
<biblstruct>
<biblscope n="" type="volume"></biblscope>
<biblscope n="" type="part"></biblscope>
</biblstruct></publicationstmt>
<sourcedesc>
<p>Издание подготовлено Мандельштамовским обществом</p>
</sourcedesc>
<respstmt>
<resp>Подготовка и разметка файлов - Алексей Литвинцев, Вероника Файнберг. Создание
          электронного ресурса - Тимофей Молчанов. Руководители проекта - Центр Digital Humanities,
          Мандельштамовское общество (НИУ ВШЭ).</resp>
</respstmt></filedesc>
<profiledesc>
<textdesc n="poem"></textdesc>
<textclass>
<catref target="2_109" type="ID"></catref>
<catref target="О.Э. Мандельштам. Собрание сочинений в 4-х т. -- М.: Терра, 1991" type="Источник"></catref>
<catref target="стихотворение" type="Жанр художественной литературы"></catref>
<catref target="перевод" type="Уточнение жанра"></catref>
<catref target="Я" type="Метр"></catref>
<catref target="5" type="Длина строки"></catref>
<catref target="ж" type="Клаузула"></catref>
<catref target="nan" type="Уточнение клаузулы"></catref>
<catref target="nan" type="Классическая строфа"></catref>
<catref target="0" type="Рифма"></catref>
<catref target="nan" type="Схема рифмовки"></catref>
<catref target="Я5ж" type="Метрическая формула"></catref>
<catref target="nan" type="Дополнительные параметры"></catref>
<catref target="30" type="Число строк"></catref>
<catref target="О. Барбье" type="Автор оригинала"></catref>
<catref target="французский" type="Язык оригинала"></catref>
</textclass></profiledesc>
</teiheader>
<text>
<body>
<div1 n="2" type="volume">
<div2 n="109" type="part">
<head>109.
1793</head>
<lg type="sestet">
<l n="1">Когда корабль столетний государства</l>
<l n="2">Устал греметь горохом недовольства,</l>
<l n="3">Открытый всем, как решето дырявый,</l>
<l n="4">В кромешный мрак, в барашковое море —</l>
<l n="5">Террора ветер в парусах раздутых —</l>
<l n="6">Он наудачу вышел за свободой.</l>
</lg>
<lg type="sestet">
<l n="7">И со своих гранитных побережий</l>
<l n="8">Следили жадно короли Европы<rs ref="Европа" type="geo_index"></rs></l>
<l n="9">За оползаньем медленным империй.</l>
<l n="10">Как будто горбоносые пираты,</l>
<l n="11">Как чайки трупоядные, монархи</l>
<l n="12">Наметили плавучий гроб французов.</l>
</lg>
<lg type="sestet">
<l n="13">А он, худой, гигант с прозрачной кожей,</l>
<l n="14">На удивленье выпрямился килем,</l>
<l n="15">Народ героев нанизал на реи,</l>
<l n="16">Поднес фитиль к давно оглохшим пушкам</l>
<l n="17">И выстрелил четырнадцатью армий —</l>
<l n="18">И в берега свои вошла Европа!<rs ref="Европа" type="geo_index"></rs></l>
</lg>
<lg type="12_line">
<l n="19">О, мрачный год, о, девяносто третий,</l>
<l n="20">Большая тень в крови и темных лаврах,</l>
<l n="21">Не поднимайся с сумрачного ложа:</l>
<l n="22">Тебе нельзя глядеть на наши войны,</l>
<l n="23">В семье отцов мы — жалкие пигмеи,</l>
<l n="24">Ты посмеешься нашей тощей битве.</l>
<l n="25">Твое старинное погасло пламя,</l>
<l n="26">Кулак разжался, и душа заглохла, —</l>
<l n="27">Нет к побежденным мужественной ласки,</l>
<l n="28">А если в сердце иногда проснется</l>
<l n="29">Запальчивость — короткое дыханье —</l>
<l n="30">Не более чем на три дня хватает.</l>
</lg>
</div2>
</div1>
</body>
</text>
</tei>
