<?xml version='1.0' encoding='UTF8'?>
<tei xmlns="http://www.tei-c.org/ns/1.0">
<teiheader>
<filedesc>
<titlestmt>
<title>Переводы. Огюст Барбье. Это зыбь </title>
<author>О.Э. Мандельштам</author>
</titlestmt>
<publicationstmt>
<p>АРТ-БИЗНЕС-ЦЕНТР МОСКВА 1993</p>
<biblstruct>
<biblscope n="" type="volume"></biblscope>
<biblscope n="" type="part"></biblscope>
</biblstruct></publicationstmt>
<sourcedesc>
<p>Издание подготовлено Мандельштамовским обществом</p>
</sourcedesc>
<respstmt>
<resp>Подготовка и разметка файлов - Алексей Литвинцев, Вероника Файнберг. Создание
          электронного ресурса - Тимофей Молчанов. Руководители проекта - Центр Digital Humanities,
          Мандельштамовское общество (НИУ ВШЭ).</resp>
</respstmt></filedesc>
<profiledesc>
<textdesc n="poem"></textdesc>
<textclass>
<catref target="2_107" type="ID"></catref>
<catref target="О.Э. Мандельштам. Собрание сочинений в 4-х т. -- М.: Терра, 1991" type="Источник"></catref>
<catref target="стихотворение" type="Жанр художественной литературы"></catref>
<catref target="перевод" type="Уточнение жанра"></catref>
<catref target="Я, тонический : Дк" type="Метр"></catref>
<catref target="регулярная" type="Длина строки"></catref>
<catref target="регулярная" type="Клаузула"></catref>
<catref target="жм" type="Уточнение клаузулы"></catref>
<catref target="nan" type="Классическая строфа"></catref>
<catref target="перекрестная" type="Рифма"></catref>
<catref target="абаб" type="Схема рифмовки"></catref>
<catref target="Я6ж+Я4м. Дк5ж" type="Метрическая формула"></catref>
<catref target="нарушения анакрусы" type="Дополнительные параметры"></catref>
<catref target="24" type="Число строк"></catref>
<catref target="О. Барбье" type="Автор оригинала"></catref>
<catref target="французский" type="Язык оригинала"></catref>
</textclass></profiledesc>
</teiheader>
<text>
<body>
<div1 n="2" type="volume">
<div2 n="107" type="part">
<head>107.
ЭТО ЗЫБЬ</head>
<lg type="24_line">
<l n="1">Это зыбь, это зыбь — спокойная моряна,</l>
<l n="2">Вскипающая перед зарей,</l>
<l n="3">Поющая с утра, как юная Светлана,</l>
<l n="4">Любовь и русый волос свой.</l>
<l n="5">Зыбь, льнущая к пескам, пространства орошая</l>
<l n="6">Душистой выжимкою вод,</l>
<l n="7">На горле выпуклом разнеженно качая</l>
<l n="8">Гребцов коричневый народ.</l>
<l n="9">Потом другая зыбь из этой светлой спячки</l>
<l n="10">Выходит для свирепых буч,</l>
<l n="11">Раздутым теменем большеголовой качки</l>
<l n="12">Колотит крышу низких туч.</l>
<l n="13">Потом мычащею и скачущей пучиной</l>
<l n="14">В квадрате молнийных зрачков</l>
<l n="15">Бежит соленою бугристою равниной</l>
<l n="16">Размахом тысячи голов.</l>
<l n="17">И, выбелив себя до взбитой гневом пены,</l>
<l n="18">Блуждает, влажный рот кривит,</l>
<l n="19">Царапает песок береговой арены,</l>
<l n="20">Как умирающий, хрипит.</l>
<l n="21">И, корибанткою, вконец перебесившись,</l>
<l n="22">Вдавив бедро в намет песков,</l>
<l n="23">Кидает с кровью нам, обратно в ил свалившись,</l>
<l n="24">Горсть человеческих голов.</l>
</lg>
</div2>
</div1>
</body>
</text>
</tei>
