<?xml version='1.0' encoding='UTF8'?>
<tei xmlns="http://www.tei-c.org/ns/1.0">
<teiheader>
<filedesc>
<titlestmt>
<title>Переводы. Огюст Барбье. ‹Истукан› (фрагменты) ‹II›. Наполеоновская Франция</title>
<author>О.Э. Мандельштам</author>
</titlestmt>
<publicationstmt>
<p>АРТ-БИЗНЕС-ЦЕНТР МОСКВА 1993</p>
<biblstruct>
<biblscope n="" type="volume"></biblscope>
<biblscope n="" type="part"></biblscope>
</biblstruct></publicationstmt>
<sourcedesc>
<p>Издание подготовлено Мандельштамовским обществом</p>
</sourcedesc>
<respstmt>
<resp>Подготовка и разметка файлов - Алексей Литвинцев, Вероника Файнберг. Создание
          электронного ресурса - Тимофей Молчанов. Руководители проекта - Центр Digital Humanities,
          Мандельштамовское общество (НИУ ВШЭ).</resp>
</respstmt></filedesc>
<profiledesc>
<textdesc n="poem"></textdesc>
<textclass>
<catref target="2_106" type="ID"></catref>
<catref target="О.Э. Мандельштам. Собрание сочинений в 4-х т. -- М.: Терра, 1991" type="Источник"></catref>
<catref target="стихотворение" type="Жанр художественной литературы"></catref>
<catref target="цикл" type="Уточнение жанра"></catref>
<catref target="Я" type="Метр"></catref>
<catref target="регулярная" type="Длина строки"></catref>
<catref target="регулярная" type="Клаузула"></catref>
<catref target="жм" type="Уточнение клаузулы"></catref>
<catref target="nan" type="Классическая строфа"></catref>
<catref target="перекрестная" type="Рифма"></catref>
<catref target="абаб" type="Схема рифмовки"></catref>
<catref target="Я6ж+Я4м" type="Метрическая формула"></catref>
<catref target="nan" type="Дополнительные параметры"></catref>
<catref target="48" type="Число строк"></catref>
<catref target="О. Барбье" type="Автор оригинала"></catref>
<catref target="французский" type="Язык оригинала"></catref>
</textclass></profiledesc>
</teiheader>
<text>
<body>
<div1 n="2" type="volume">
<div2 n="" type="part">
<lg type="48_line">
<l n="1">О, корсиканский зверь с прямыми волосами,</l>
<l n="2">Ты помнишь мессидора ясь:</l>
<l n="3">Без бронзовой узды с златыми удилами</l>
<l n="4">Кобылой Франция неслась.<rs ref="Франция" type="geo_index"></rs></l>
<l n="5">Кобыла дикая трясла мужицким крупом,</l>
<l n="6">Дымилась кровью королей,</l>
<l n="7">По древним овидям топча тяжелоступом</l>
<l n="8">Освобожденный грунт полей.</l>
<l n="9">Ах, к ней еще никто не подходил, зевая,</l>
<l n="10">Чтоб оскорбить иль чтобы смять,</l>
<l n="11">И сбруи чужака она еще не знает,</l>
<l n="12">И на седло не ей пенять.</l>
<l n="13">Всей кожей лоснилась высокая дикарка.</l>
<l n="14">Взгляд прям. Дрожит могучий круп.</l>
<l n="15">И вдруг на целый мир весенним ржаньем гаркнет,</l>
<l n="16">Как тысяча веселых труб!</l>
<l n="17">Явился ты, взглянул на сильных ног затеи</l>
<l n="18">И на крутую стать боков,</l>
<l n="19">Вцепился в гриву ей, кентавр с короткой шеей,</l>
<l n="20">И смял движеньем каблуков.</l>
<l n="21">И зная, что она любила ружей шорох,</l>
<l n="22">Дымок и барабанов дробь,</l>
<l n="23">Ты выпустил ее скакать в земных просторах,</l>
<l n="24">Ей показал сраженья лоб!</l>
<l n="25">Всегда на воздухе, встречая ветер хлесткий,</l>
<l n="26">Всегда в бою, всегда как вихрь,</l>
<l n="27">Хрустя убитыми, как гравием приморским,</l>
<l n="28">По щиколотку в их крови, —</l>
<l n="29">Пятнадцать лет она под черствою эгидой</l>
<l n="30">Топтала нежный луг племен,</l>
<l n="31">Пятнадцать лет топтал битюг по праву ига</l>
<l n="32">Народных прав зеленый сонм,</l>
<l n="33">И наконец, устав по рытвинам, бурьянам</l>
<l n="34">Мотаться крупной головой,</l>
<l n="35">Громить вселенную, вздымая пыль воланом,</l>
<l n="36">И будоражить род людской,</l>
<l n="37">И вся в испарине — до темного румянца, —</l>
<l n="38">Как бы осечкою колен,</l>
<l n="39">Споткнулась — и сдалась на милость корсиканца.</l>
<l n="40">Но ты, палач, без перемен!</l>
<l n="41">Строгая ей бока, ломая позвоночник,</l>
<l n="42">Ты взвил струной свою рабу</l>
<l n="43">И бешеной узды холодною цепочкой</l>
<l n="44">Рванул ей нежную губу;</l>
<l n="45">И в поле, где война цветет, как море гречи,</l>
<l n="46">Стальной огрызок теребя,</l>
<l n="47">Она, как на ковер, упала на картечи,</l>
<l n="48">На ребра положив тебя.</l>
</lg>
</div2>
</div1>
</body>
</text>
</tei>
