<?xml version='1.0' encoding='UTF8'?>
<tei xmlns="http://www.tei-c.org/ns/1.0">
<teiheader>
<filedesc>
<titlestmt>
<title>Переводы. Огюст Барбье. Собачья склока </title>
<author>О.Э. Мандельштам</author>
</titlestmt>
<publicationstmt>
<p>АРТ-БИЗНЕС-ЦЕНТР МОСКВА 1993</p>
<biblstruct>
<biblscope n="" type="volume"></biblscope>
<biblscope n="" type="part"></biblscope>
</biblstruct></publicationstmt>
<sourcedesc>
<p>Издание подготовлено Мандельштамовским обществом</p>
</sourcedesc>
<respstmt>
<resp>Подготовка и разметка файлов - Алексей Литвинцев, Вероника Файнберг. Создание
          электронного ресурса - Тимофей Молчанов. Руководители проекта - Центр Digital Humanities,
          Мандельштамовское общество (НИУ ВШЭ).</resp>
</respstmt></filedesc>
<profiledesc>
<textdesc n="poem"></textdesc>
<textclass>
<catref target="2_104" type="ID"></catref>
<catref target="О.Э. Мандельштам. Собрание сочинений в 4-х т. -- М.: Терра, 1991" type="Источник"></catref>
<catref target="стихотворение" type="Жанр художественной литературы"></catref>
<catref target="перевод" type="Уточнение жанра"></catref>
<catref target="Я" type="Метр"></catref>
<catref target="регулярная" type="Длина строки"></catref>
<catref target="регулярная" type="Клаузула"></catref>
<catref target="жм" type="Уточнение клаузулы"></catref>
<catref target="nan" type="Классическая строфа"></catref>
<catref target="перекрестная" type="Рифма"></catref>
<catref target="абаб" type="Схема рифмовки"></catref>
<catref target="Я6ж+Я4м" type="Метрическая формула"></catref>
<catref target="нарушения строфики, холостая строка" type="Дополнительные параметры"></catref>
<catref target="119" type="Число строк"></catref>
<catref target="О. Барбье" type="Автор оригинала"></catref>
<catref target="французский" type="Язык оригинала"></catref>
</textclass></profiledesc>
</teiheader>
<text>
<body>
<div1 n="2" type="volume">
<div2 n="" type="part">
<head>ОГЮСТ БАРБЬЕ</head>
<head>104.
СОБАЧЬЯ СКЛОКА</head>
<lg type="120_line">
<l n="1">Когда тяжелый зной гранил большие плиты</l>
<l n="2">На гулких набережных здесь,</l>
<l n="3">Набатом вспаханный и пулями изрытый,</l>
<l n="4">Изрешечен был воздух весь;</l>
<l n="5">Когда Париж кругом, как море роковое,<rs ref="Париж" type="geo_index"></rs></l>
<l n="6">Народной яростью серчал</l>
<l n="7">И на покашливанье старых пушек злое</l>
<l n="8">Марсельской песней отвечал,</l>
<l n="9">Там не маячила, как в нашем современьи,</l>
<l n="10">Мундиров золотых орда, —</l>
<l n="11">То было в рубище мужских сердец биенье,</l>
<l n="12">И пальцы грязные тогда</l>
<l n="13">Держали карабин тяжелый и граненый,</l>
<l n="14">А руганью набитый рот</l>
<l n="15">Сквозь зубы черные кричал, жуя патроны:</l>
<l n="16">«Умрем, сограждане! Вперед!»</l>
<l n="17">А вы, в льняном белье, с трехцветкою в петлице,</l>
<l n="18">В корсет затянутые львы,</l>
<l n="19">Женоподобные, изнеженные лица,</l>
<l n="20">Бульварные герои, вы, —</l>
<l n="21">Где были вы в картечь, где вы скрывались молча</l>
<l n="22">В дни страшных сабельных потерь,</l>
<l n="23">Когда великий сброд и с ним святая сволочь</l>
<l n="24">В бессмертье взламывали дверь?</l>
<l n="25">Когда Париж кругом давился чудесами,<rs ref="Париж" type="geo_index"></rs></l>
<l n="26">В трусливой подлости своей</l>
<l n="27">Вы, как могли, тогда завесили коврами</l>
<l n="28">Страх ваших розовых ушей...</l>
<l n="29">Свобода — это вам не хрупкая графиня,</l>
<l n="30">Жеманница из Сен-Жермен,<rs ref="Париж" type="geo_index"></rs></l>
<l n="31">С черненой бровкою и ротиком в кармине</l>
<l n="32">И томной слабостью колен, —</l>
<l n="33">Нет, это женщина грудастая, большая,</l>
<l n="34">Чей голос груб и страсть сильна,</l>
<l n="35">Она смугла лицом, и, бедрами качая,</l>
<l n="36">Проходит площадью она.</l>
<l n="37">Ей нравится народ могучий и крикливый</l>
<l n="38">И барабанный перекат,</l>
<l n="39">Пороховой дымок и дальние наплывы,</l>
<l n="40">Колоколов густой набат.</l>
<l n="41">Ее любовники — простонародной масти,</l>
<l n="42">И чресла сильные свои</l>
<l n="43">Для сильных бережет и не боится власти</l>
<l n="44">Рук, не отмытых от крови.</l>
<l n="45">То дева бурная, бастильская касатка</l>
<l n="46">И независимость сама,</l>
<l n="47">Чья роковая стать и твердая повадка</l>
<l n="48">В пять лет народ свела с ума.</l>
<l n="49">А после, охладев к девическим романам,</l>
<l n="50">Фригийский растоптав колпак,</l>
<l n="51">С двадцатилетним вдруг бежала капитаном</l>
<l n="52">Под звуки труб в военный мрак.</l>
<l n="53">И великаншею — не хрупкою фигуркой —</l>
<l n="54">С трехцветным поясом встает</l>
<l n="55">Перед облупленной расстрелом штукатуркой,</l>
<l n="56">Нам утешенье подает,</l>
<l n="57">Из рук временщика высокую корону</l>
<l n="58">В три дня французам возвратит,</l>
<l n="59">Раздавит армию и, угрожая трону,</l>
<l n="60">Булыжный кучей шевелит.</l>
<l n="61">Но стыд тебе, Париж, прекрасный и гневливый!<rs ref="Париж" type="geo_index"></rs></l>
<l n="62">Еще вчера, величья полн,</l>
<l n="63">Ты помнишь ли, Париж, как, мститель справедливый,<rs ref="Париж" type="geo_index"></rs></l>
<l n="64">Ты выкорчевывал престол?</l>
<l n="65">Торжественный Париж, ты ныне обесчещен,<rs ref="Париж" type="geo_index"></rs></l>
<l n="66">О, город пышных похорон,</l>
<l n="67">Разрытых мостовых, вдоль стен глубоких трещин,</l>
<l n="68">Людских останков и знамен.</l>
<l n="69">Прабабка городов, лавровая столица,</l>
<l n="70">Народами окружена,</l>
<l n="71">Чье имя на устах у всех племен святится,</l>
<l n="72">Затмив другие имена,</l>
<l n="73">Отныне ты, Париж, — презренная клоака,<rs ref="Париж" type="geo_index"></rs></l>
<l n="74">Ты — свалка гнусных нечистот,</l>
<l n="75">Где маслянистая приправа грязи всякой</l>
<l n="76">Ручьями черными течет.</l>
<l n="77">Ты — сброд бездельников и шалопаев чинных</l>
<l n="78">И трусов с головы до ног,</l>
<l n="79">Что ходят по домам и в розовых гостиных</l>
<l n="80">Выклянчивают орденок.</l>
<l n="81">Ты — рынок крючников, где мечут подлый  жребий, —</l>
<l n="82">Кому падет какая часть</l>
<l n="83">Священной кровию напитанных отребий</l>
<l n="84">Того, что раньше было власть.</l>
<l n="85">Вот так же, уязвлен и выбит из берлоги,</l>
<l n="86">Кабан, почуя смерти вкус,</l>
<l n="87">На землю валится, раскидывая ноги, —</l>
<l n="88">В затылок солнечный укус, —</l>
<l n="89">И с пеною у рта, и высунув наружу</l>
<l n="90">Язык, рвет крепкие силки;</l>
<l n="91">И склоку трубит рог, и перед сворой дюжей</l>
<l n="92">«Возьми его!»— кричат стрелки.</l>
<l n="93">Вся свора, дергаясь и ерзая боками,</l>
<l n="94">Рванется. Каждый кобелек</l>
<l n="95">Визжит от радости и ляскает зубами,</l>
<l n="96">Почуяв лакомый кусок.</l>
<l n="97">И там пойдет грызня и перекаты лая</l>
<l n="98">С холма на холм, с холма на холм.</l>
<l n="99">Ищейки, лягаши и доги, заливаясь,</l>
<l n="100">Трясутся: воздух псарней полн.</l>
<l n="101">Когда кабан упал с предсмертною икотой, —</l>
<l n="102">Вперед! Теперь царюют псы.</l>
<l n="103">Вознаградим себя за трудную работу</l>
<l n="104">Клыков и борзые часы.</l>
<l n="105">Над нами хлыст умолк. Нас грозный псарь не дразнит,</l>
<l n="106">По нашу душу не свистит,</l>
<l n="107">Так пей парную кровь, ешь мясо — это праздник!</l>
<l n="108">&lt;span class="spaced"&gt;. . . . . . . . . . . . . . . . . . . . . . . . . . . . . . . . . . . . . .</l>
<l n="109">И, как охочая к труду мастеровщина,</l>
<l n="110">Налягут все на теплый бок,</l>
<l n="111">Когтями мясо рвут, хрустит в зубах щетина, —</l>
<l n="112">Отдельный нужен всем кусок.</l>
<l n="113">То право конуры, закон собачьей чести:</l>
<l n="114">Тащи домой наверняка,</l>
<l n="115">Где ждет ревнивая, с оттянутою шерстью,</l>
<l n="116">Гордячка— сука муженька,</l>
<l n="117">Чтоб он ей показал, как должно семьянину,</l>
<l n="118">Дымящуюся кость в зубах</l>
<l n="119">И крикнул: это власть!— бросая мертвечину, —</l>
<l n="120">Вот наша часть в великих днях.</l>
</lg>
</div2>
</div1>
</body>
</text>
</tei>
