<?xml version='1.0' encoding='UTF8'?>
<tei xmlns="http://www.tei-c.org/ns/1.0">
<teiheader>
<filedesc>
<titlestmt>
<title>Переводы. Огюст Барбье. ‹Истукан› (фрагменты) ‹I›.   Бронза</title>
<author>О.Э. Мандельштам</author>
</titlestmt>
<publicationstmt>
<p>АРТ-БИЗНЕС-ЦЕНТР МОСКВА 1993</p>
<biblstruct>
<biblscope n="" type="volume"></biblscope>
<biblscope n="" type="part"></biblscope>
</biblstruct></publicationstmt>
<sourcedesc>
<p>Издание подготовлено Мандельштамовским обществом</p>
</sourcedesc>
<respstmt>
<resp>Подготовка и разметка файлов - Алексей Литвинцев, Вероника Файнберг. Создание
          электронного ресурса - Тимофей Молчанов. Руководители проекта - Центр Digital Humanities,
          Мандельштамовское общество (НИУ ВШЭ).</resp>
</respstmt></filedesc>
<profiledesc>
<textdesc n="poem"></textdesc>
<textclass>
<catref target="2_105" type="ID"></catref>
<catref target="О.Э. Мандельштам. Собрание сочинений в 4-х т. -- М.: Терра, 1991" type="Источник"></catref>
<catref target="стихотворение" type="Жанр художественной литературы"></catref>
<catref target="цикл" type="Уточнение жанра"></catref>
<catref target="Я" type="Метр"></catref>
<catref target="регулярная" type="Длина строки"></catref>
<catref target="регулярная" type="Клаузула"></catref>
<catref target="жм" type="Уточнение клаузулы"></catref>
<catref target="nan" type="Классическая строфа"></catref>
<catref target="перекрестная" type="Рифма"></catref>
<catref target="абаб" type="Схема рифмовки"></catref>
<catref target="Я6ж+Я4м" type="Метрическая формула"></catref>
<catref target="nan" type="Дополнительные параметры"></catref>
<catref target="28" type="Число строк"></catref>
<catref target="О. Барбье" type="Автор оригинала"></catref>
<catref target="французский" type="Язык оригинала"></catref>
</textclass></profiledesc>
</teiheader>
<text>
<body>
<div1 n="2" type="volume">
<div2 n="" type="part">
<head>105—106.
‹ИСТУКАН›
(фрагменты)</head>
<lg type="quatrain">
<l n="1">Дай угля, кочегар! Дай порошок сыпучий!</l>
<l n="2">Свинца и олова на сплав!</l>
<l n="3">Мешай свинец и медь лопатою могучей,</l>
<l n="4">Старик Вулкан, огню прибавь!<rs ref="Вулкан (Гефест)" type="myth_index"></rs></l>
</lg>
<lg type="quatrain">
<l n="5">Ты должен печь кормить, она проголодалась —</l>
<l n="6">Ведь чтоб ощерилась она —</l>
<l n="7">Чтоб хрустнул на зубах у ней кусок металла,</l>
<l n="8">Она дворцом пылать должна.</l>
</lg>
<lg type="quatrain">
<l n="9">И вырвался огонь: растрепанный, огромный —</l>
<l n="10">В нем крови цвет и мести вкус;</l>
<l n="11">Он спрыгнул с купола и заметался в домне —</l>
<l n="12">И сбоку тлеет каждый брус...</l>
</lg>
<lg type="quatrain">
<l n="13">Все это лишь толчки и бредовые вспышки —</l>
<l n="14">Когда свинец ползет на медь,</l>
<l n="15">Улитки корчатся и плавятся кубышки —</l>
<l n="16">Что грешникам в котле кипеть!</l>
</lg>
<lg type="quatrain">
<l n="17">Но кончено. Огонь улегся понемногу.</l>
<l n="18">Дымком курясь, потухла печь.</l>
<l n="19">И бронза включ кипит: дай вареву дорогу,</l>
<l n="20">Высокомерной дай истечь!</l>
</lg>
<lg type="quatrain">
<l n="21">О, царственный поток, урча и забавляясь,</l>
<l n="22">Одним прыжком, одним броском,</l>
<l n="23">Из ложа своего взыграй наверх, как лава,</l>
<l n="24">Как речка, ринься напролом!</l>
</lg>
<lg type="quatrain">
<l n="25">И перед лавою земля раскрылась грозной:</l>
<l n="26">Налей в нее свой гневный сплав.</l>
<l n="27">В воронку темную вошла рабыней бронза,</l>
<l n="28">Владыкою из формы встав!</l>
</lg>
</div2>
</div1>
</body>
</text>
</tei>
