<?xml version='1.0' encoding='UTF8'?>
<tei xmlns="http://www.tei-c.org/ns/1.0">
<teiheader>
<filedesc>
<titlestmt>
<title>Переводы. Огюст Барбье. Ирландские холмы </title>
<author>О.Э. Мандельштам</author>
</titlestmt>
<publicationstmt>
<p>АРТ-БИЗНЕС-ЦЕНТР МОСКВА 1993</p>
<biblstruct>
<biblscope n="" type="volume"></biblscope>
<biblscope n="" type="part"></biblscope>
</biblstruct></publicationstmt>
<sourcedesc>
<p>Издание подготовлено Мандельштамовским обществом</p>
</sourcedesc>
<respstmt>
<resp>Подготовка и разметка файлов - Алексей Литвинцев, Вероника Файнберг. Создание
          электронного ресурса - Тимофей Молчанов. Руководители проекта - Центр Digital Humanities,
          Мандельштамовское общество (НИУ ВШЭ).</resp>
</respstmt></filedesc>
<profiledesc>
<textdesc n="poem"></textdesc>
<textclass>
<catref target="2_111" type="ID"></catref>
<catref target="О.Э. Мандельштам. Собрание сочинений в 4-х т. -- М.: Терра, 1991" type="Источник"></catref>
<catref target="стихотворение" type="Жанр художественной литературы"></catref>
<catref target="перевод" type="Уточнение жанра"></catref>
<catref target="Я" type="Метр"></catref>
<catref target="6" type="Длина строки"></catref>
<catref target="регулярная" type="Клаузула"></catref>
<catref target="ммжж" type="Уточнение клаузулы"></catref>
<catref target="александрийский стих" type="Классическая строфа"></catref>
<catref target="парная" type="Рифма"></catref>
<catref target="аа" type="Схема рифмовки"></catref>
<catref target="Я6ммжж" type="Метрическая формула"></catref>
<catref target="nan" type="Дополнительные параметры"></catref>
<catref target="41" type="Число строк"></catref>
<catref target="О. Барбье" type="Автор оригинала"></catref>
<catref target="французский" type="Язык оригинала"></catref>
</textclass></profiledesc>
</teiheader>
<text>
<body>
<div1 n="2" type="volume">
<div2 n="111" type="part">
<head>111.
ИРЛАНДСКИЕ ХОЛМЫ</head>
<lg type="41_line">
<l n="1">Тот день, что оторвал меня от берегов,</l>
<l n="2">День расставания с землею стариков,</l>
<l n="3">С холмами нежного цветущего Эрина,</l>
<l n="4">Моим несчастным днем я называть готов!</l>
<l n="5">А там медовый дух, там рокот соловьиный,</l>
<l n="6">Там камни мшистые, тропинки и ручьи,</l>
<l n="7">Водою, как плющом, повитые утесы</l>
<l n="8">И крупною слезой дрожат на ветках росы.</l>
<l n="9">О, родина моя, о, край моей любви!</l>
<l n="10">И все же, согнаны на палубу гурьбой,</l>
<l n="11">Мы, рвань и голытьба, смиряя в сердце ярость,</l>
<l n="12">Мужчины, женщины и дети, скот людской,</l>
<l n="13">Отплытья ждали здесь, пока крепили парус.</l>
<l n="14">Нас голода червяк средь тучных нив грызет,</l>
<l n="15">Как туча, нищета над нами разразилась.</l>
<l n="16">Нам безобразные лохмотья подает</l>
<l n="17">Богатой Англии изнеженная милость.</l>
<l n="18">Но почему другим снимать разрешено</l>
<l n="19">Наш кровный урожай, как только он созреет,</l>
<l n="20">И нами в озере омытое руно</l>
<l n="21">Изысканным сукном чужие плечи греет?</l>
<l n="22">Зачем не можем мы в домашней тишине,</l>
<l n="23">Как дети равные, одной питаться грудью?</l>
<l n="24">Кто маленьких людей, по сумрачной волне,</l>
<l n="25">По океанскому заставил плыть безлюдью?</l>
<l n="26">Он дует уж давно, тот ветер роковой,</l>
<l n="27">Что нашу голову от родины отводит,</l>
<l n="28">И так устроено враждебною судьбой,</l>
<l n="29">Что по родной земле гроза и ветер бродят,</l>
<l n="30">Гроза и ненависть. Когда позволим мы</l>
<l n="31">По— прежнему давить наш берег благородный,</l>
<l n="32">То могут нежные ирландские холмы</l>
<l n="33">Со всею зеленью спуститься в мир подводный!</l>
<l n="34">Но весело стадам огромный луг топтать;</l>
<l n="35">Где ярко клевера трилистник зеленеет;</l>
<l n="36">И птицам весело на ветках распевать,</l>
<l n="37">Когда прохладою в густом лесу повеет;</l>
<l n="38">И ветру хорошо листами бормотать,</l>
<l n="39">И пахнет сладостно от скошенного сена,</l>
<l n="40">И хорошо щавель и мяту собирать,</l>
<l n="41">К ручьям Ирландии склонить свои колена...<rs ref="Ирландия" type="geo_index"></rs></l>
</lg>
</div2>
</div1>
</body>
</text>
</tei>
