<?xml version='1.0' encoding='UTF8'?>
<tei xmlns="http://www.tei-c.org/ns/1.0">
<teiheader>
<filedesc>
<titlestmt>
<title>Переводы. Макс Бартель. Петербург </title>
<author>О.Э. Мандельштам</author>
</titlestmt>
<publicationstmt>
<p>АРТ-БИЗНЕС-ЦЕНТР МОСКВА 1993</p>
<biblstruct>
<biblscope n="" type="volume"></biblscope>
<biblscope n="" type="part"></biblscope>
</biblstruct></publicationstmt>
<sourcedesc>
<p>Издание подготовлено Мандельштамовским обществом</p>
</sourcedesc>
<respstmt>
<resp>Подготовка и разметка файлов - Алексей Литвинцев, Вероника Файнберг. Создание
          электронного ресурса - Тимофей Молчанов. Руководители проекта - Центр Digital Humanities,
          Мандельштамовское общество (НИУ ВШЭ).</resp>
</respstmt></filedesc>
<profiledesc>
<textdesc n="poem"></textdesc>
<textclass>
<catref target="2_115" type="ID"></catref>
<catref target="О.Э. Мандельштам. Собрание сочинений в 4-х т. -- М.: Терра, 1991" type="Источник"></catref>
<catref target="стихотворение" type="Жанр художественной литературы"></catref>
<catref target="перевод" type="Уточнение жанра"></catref>
<catref target="Х" type="Метр"></catref>
<catref target="4" type="Длина строки"></catref>
<catref target="ж" type="Клаузула"></catref>
<catref target="nan" type="Уточнение клаузулы"></catref>
<catref target="nan" type="Классическая строфа"></catref>
<catref target="четная" type="Рифма"></catref>
<catref target="хаха" type="Схема рифмовки"></catref>
<catref target="Х4ж" type="Метрическая формула"></catref>
<catref target="составная рифма" type="Дополнительные параметры"></catref>
<catref target="128" type="Число строк"></catref>
<catref target="М. Бартель" type="Автор оригинала"></catref>
<catref target="немецкий" type="Язык оригинала"></catref>
</textclass></profiledesc>
</teiheader>
<text>
<body>
<div1 n="2" type="volume">
<div2 n="115" type="part">
<head>Из немецкой поэзии</head>
<head>МАКС БАРТЕЛЬ</head>
<head>115.
ПЕТЕРБУРГ</head>
<lg type="octet">
<l n="1">Свет тюремный, крест железный,</l>
<l n="2">За окном решетки брусья;</l>
<l n="3">Все-таки еще не умер,</l>
<l n="4">Все-таки еще борюсь я!</l>
<l n="5">В низколобое окошко</l>
<l n="6">Крест железных перекладин —</l>
<l n="7">Постоянною угрозой,</l>
<l n="8">Холодком смертельных градин.</l>
</lg>
<lg type="octet">
<l n="9">В жилах узника струится</l>
<l n="10">Звезд прекрасных постоянство.</l>
<l n="11">К братским я рванулся далям</l>
<l n="12">Через время и пространство.</l>
<l n="13">Лоб в испарине холодной,</l>
<l n="14">Свежесть ночи пью глотками,</l>
<l n="15">Но земля друзей далеко,</l>
<l n="16">И решетка между нами!</l>
</lg>
<lg type="octet">
<l n="17">Пусть одних чарует купол</l>
<l n="18">Лицемерной римской церкви,</l>
<l n="19">А другим горит искусство —</l>
<l n="20">Красота стихов не меркнет;</l>
<l n="21">Не обманываюсь снами,</l>
<l n="22">А захлебываюсь знаньем;</l>
<l n="23">В темноте кусаю губы</l>
<l n="24">В кровь — с надменным упованьем!</l>
</lg>
<lg type="couplet">
<l n="25">Петербург. Морских орудий<rs ref="Петербург (Ленинград, Петрополь)" type="geo_index"></rs><rs ref="Петербург (Ленинград, Петрополь)" type="geo_index"></rs></l>
<l n="26">Вдоль Невы пируют жерла.</l>
</lg>
<lg type="octet">
<l n="27">Ах, ноябрь, наш буреносец,</l>
<l n="28">После боя и провала,</l>
<l n="29">Неужели нас повергнешь</l>
<l n="30">В хаос — темное начало?</l>
<l n="31">Топчешь танком, моришь газом,</l>
<l n="32">Генеральской давишь тушей,</l>
<l n="33">Воешь банковской гиеной, —</l>
<l n="34">Но не выкорчуешь души.</l>
</lg>
<lg type="octet">
<l n="35">Ибо встал народ-упрямец —</l>
<l n="36">Вашей милости «скотина» —</l>
<l n="37">Слуги дизелей фабричных,</l>
<l n="38">Армий жесткая щетина;</l>
<l n="39">Ибо встали петербуржцы:</l>
<l n="40">Их крутил ноябрь эпохи,</l>
<l n="41">И мужей проходят лица,</l>
<l n="42">Словно крупных звезд всполохи.</l>
</lg>
<lg type="octet">
<l n="43">Говорит Владимир Ленин:<rs ref="Петербург (Ленинград, Петрополь)" type="geo_index"></rs><rs ref="Ленин (Ульянов), Владимир Ильич" type="person"></rs></l>
<l n="44">Начинать поспело время —</l>
<l n="45">И народ, как вождь старинный,</l>
<l n="46">Поднимает власти бремя.</l>
<l n="47">Он, приписанный к заводам,</l>
<l n="48">Жил громадой безымянной</l>
<l n="49">И нашел свою дорогу</l>
<l n="50">В склоке двух миров туманной.</l>
</lg>
<lg type="octet">
<l n="51">Петербург! Ты вольный камень!<rs ref="Петербург (Ленинград, Петрополь)" type="geo_index"></rs></l>
<l n="52">Баррикад юнейший город!<rs ref="Бартель, Макс" type="person"></rs></l>
<l n="53">Рот, искривленный улыбкой</l>
<l n="54">Милосердья и террора!</l>
<l n="55">Бедняков вселенским сердцем</l>
<l n="56">Ты позвал на вещий праздник,</l>
<l n="57">Но врагам на красных фронтах</l>
<l n="58">Приготовил злые казни.</l>
</lg>
<lg type="octet">
<l n="59">Голодал, лежал в бараках,</l>
<l n="60">Вшей искал и хлебных корок,</l>
<l n="61">Знал убийц наемных руку</l>
<l n="62">И бунтов голодных морок;</l>
<l n="63">На тебя ползла измена</l>
<l n="64">Белой гусеницей жирной,</l>
<l n="65">Без царя и горностая</l>
<l n="66">Ты стоишь в красе порфирной!</l>
</lg>
<lg type="octet">
<l n="67">Петербург! В тюрьме оконце!<rs ref="Петербург (Ленинград, Петрополь)" type="geo_index"></rs></l>
<l n="68">Крест железных перекладин!</l>
<l n="69">В сердце бьет твое восстанье —</l>
<l n="70">Боевых паденье градин.</l>
<l n="71">Где ты, город материнский?</l>
<l n="72">Я шагаю в одиночке,</l>
<l n="73">И позвякивают тихо</l>
<l n="74">Арестантские цепочки.</l>
</lg>
<lg type="octet">
<l n="75">Что тебе готовит утро,</l>
<l n="76">Сердце, преданное бою?</l>
<l n="77">Если ты умрешь — слезами</l>
<l n="78">Сердце города омою.</l>
<l n="79">Если ты умрешь — не верю —</l>
<l n="80">Я не сплю, и ночь ослепла —</l>
<l n="81">Встанешь ты, великолепный</l>
<l n="82">И воскреснувший из пепла.</l>
</lg>
<lg type="octet">
<l n="83">О, тюремная решетка,</l>
<l n="84">Плоской койки изголовье!</l>
<l n="85">Не чернилом водянистым</l>
<l n="86">Я пишу — а красной кровью.</l>
<l n="87">Петербург, ты не сорвешься, —<rs ref="Петербург (Ленинград, Петрополь)" type="geo_index"></rs></l>
<l n="88">Наша радость и основа:</l>
<l n="89">За тебя скажу я немцам</l>
<l n="90">Угрожающее слово:</l>
</lg>
<lg type="sestet">
<l n="91">Вы уже громили, немцы,</l>
<l n="92">Петербургские траншеи;<rs ref="Петербург (Ленинград, Петрополь)" type="geo_index"></rs></l>
<l n="93">Не избыть вам, немцы, сраму</l>
<l n="94">Той палаческой затеи!</l>
<l n="95">Ты, игрушка в лапах сильных,</l>
<l n="96">Серенький парламентарий,</l>
</lg>
<lg type="octet">
<l n="97">Наш ноябрь — свистун германский,</l>
<l n="98">Кто он — майский ветер, что ли?</l>
<l n="99">И оплеван лоб высокий</l>
<l n="100">Человеческий доколе?</l>
<l n="101">Вас еще упрятать можно</l>
<l n="102">В каторжные равелины,</l>
<l n="103">На востоке ж веет знамя</l>
<l n="104">И кумач покрыл равнины!</l>
</lg>
<lg type="octet">
<l n="105">Нужно с бою взять свободу —</l>
<l n="106">То не девка покупная:</l>
<l n="107">Не в траве лежит победа —</l>
<l n="108">По звездам скользит, мерцая.</l>
<l n="109">Нужно в буре раствориться —</l>
<l n="110">И победа ливнем брызнет.</l>
<l n="111">Лишь грозе подставив темя,</l>
<l n="112">Благодать вернете жизни!</l>
</lg>
<lg type="octet">
<l n="113">Петербург! Багряный факел<rs ref="Петербург (Ленинград, Петрополь)" type="geo_index"></rs></l>
<l n="114">Всем народам полыхает.</l>
<l n="115">Петербург! Народ в России,<rs ref="Петербург (Ленинград, Петрополь)" type="geo_index"></rs></l>
<l n="116">Как стихи, судьбу слагает.</l>
<l n="117">Мы сомкнем кольцо народов:</l>
<l n="118">Уж недолго каменеть нам.</l>
<l n="119">Только так: дышать свободой!</l>
<l n="120">Только так: в борьбе сгореть нам!</l>
</lg>
</div2>
</div1>
</body>
</text>
</tei>
