<?xml version='1.0' encoding='UTF8'?>
<tei xmlns="http://www.tei-c.org/ns/1.0">
<teiheader>
<filedesc>
<titlestmt>
<title>Переводы. Огюст Барбье. Джин </title>
<author>О.Э. Мандельштам</author>
</titlestmt>
<publicationstmt>
<p>АРТ-БИЗНЕС-ЦЕНТР МОСКВА 1993</p>
<biblstruct>
<biblscope n="" type="volume"></biblscope>
<biblscope n="" type="part"></biblscope>
</biblstruct></publicationstmt>
<sourcedesc>
<p>Издание подготовлено Мандельштамовским обществом</p>
</sourcedesc>
<respstmt>
<resp>Подготовка и разметка файлов - Алексей Литвинцев, Вероника Файнберг. Создание
          электронного ресурса - Тимофей Молчанов. Руководители проекта - Центр Digital Humanities,
          Мандельштамовское общество (НИУ ВШЭ).</resp>
</respstmt></filedesc>
<profiledesc>
<textdesc n="poem"></textdesc>
<textclass>
<catref target="2_110" type="ID"></catref>
<catref target="О.Э. Мандельштам. Собрание сочинений в 4-х т. -- М.: Терра, 1991" type="Источник"></catref>
<catref target="стихотворение" type="Жанр художественной литературы"></catref>
<catref target="перевод" type="Уточнение жанра"></catref>
<catref target="Ан, Аф, Д, Х, Я, тонический : Дк, Тк" type="Метр"></catref>
<catref target="вольная" type="Длина строки"></catref>
<catref target="вольная" type="Клаузула"></catref>
<catref target="ж, м" type="Уточнение клаузулы"></catref>
<catref target="nan" type="Классическая строфа"></catref>
<catref target="парная" type="Рифма"></catref>
<catref target="аа" type="Схема рифмовки"></catref>
<catref target="Дк4,5,6,7ж,м. Тк4,5ж,м" type="Метрическая формула"></catref>
<catref target="переменная анакруса" type="Дополнительные параметры"></catref>
<catref target="52" type="Число строк"></catref>
<catref target="О. Барбье" type="Автор оригинала"></catref>
<catref target="французский" type="Язык оригинала"></catref>
</textclass></profiledesc>
</teiheader>
<text>
<body>
<div1 n="2" type="volume">
<div2 n="110" type="part">
<head>110.
ДЖИН</head>
<lg type="52_line">
<l n="1">Сумрачный гений, бог наших веселий,</l>
<l n="2">Сын можжевельника, брат пивного хмеля,</l>
<l n="3">Северный Вакх, отравитель хижин,<rs ref="Вакх" type="myth_index"></rs></l>
<l n="4">Этим гимном, джин, ты не будешь обижен.</l>
<l n="5">Гимн хрипоты, царапаний и стуков,</l>
<l n="6">Который слагается из крючковатых звуков, —</l>
<l n="7">Этот демон, покровитель водки,</l>
<l n="8">Плюнул в праздник из железной глотки.</l>
<l n="9">Столкновенье жбанов за дубовыми столами.</l>
<l n="10">Как будто сто кентавров столкнулись вместе лбами,</l>
<l n="11">И, слушая буйные пьяниц голоса,</l>
<l n="12">Шелестели ужасом толстые леса.</l>
<l n="13">Бог городов, тебе жизнь человека,</l>
<l n="14">Его день, его ночь принадлежат от века,</l>
<l n="15">Гавань, скверы, ночные фонари,</l>
<l n="16">Темные предместья и глухие пустыри...</l>
<l n="17">Джин, джин, мальчик, лей в стакан</l>
<l n="18">Золотое солнце, оранжевый туман.</l>
<l n="19">К черту портвейна тоненькие рюмки,</l>
<l n="20">Выдумали шерри и мадеру недоумки,</l>
<l n="21">Старенькую Англию хотели опоить.<rs ref="Англия" type="geo_index"></rs></l>
<l n="22">Нам в дворцах собачьих так нельзя платить.</l>
<l n="23">И потом, после джина вино — это пресно.</l>
<l n="24">Вино хорошо для немощи телесной,</l>
<l n="25">Для слабых и робких хорошо иногда,</l>
<l n="26">В сравнении с джином вино — вода.</l>
<l n="27">Да здравствует джин и мрачный стол таверны,</l>
<l n="28">Тусклая гостиница и потолок неверный!</l>
<l n="29">Эй, безумье, колоти горшки!</l>
<l n="30">Где ты, смерть? Поливай черепки!</l>
<l n="31">Смерть дикий грохот, увы, услыхала</l>
<l n="32">И добросовестно на работу встала,</l>
<l n="33">И сильную руку кладет, как таран,</l>
<l n="34">У дверей подвальчика на плечо англичан.</l>
<l n="35">Даже тиф и язва моровая</l>
<l n="36">Так не преследуют нищего бугая,</l>
<l n="37">Даже лихорадка, вливая в уши звон,</l>
<l n="38">Бедняку наносит меньший урон:</l>
<l n="39">Желтеет, как пемза — канареечный камень,</l>
<l n="40">Из потухших глаз вглубь убегает пламень,</l>
<l n="41">А потом глупеет, как болван глядит,</l>
<l n="42">Разве только ноги исправно волочит.</l>
<l n="43">И на первом углу, на мосту, на аллее</l>
<l n="44">Падает, как лошадь под залпом батареи,</l>
<l n="45">И, как деревянный, не сгибая ног,</l>
<l n="46">Падает на камень, на асфальт, на песок.</l>
<l n="47">Один, забравшись в парк, как только свечерело,</l>
<l n="48">К толстому дереву подвешивает тело,</l>
<l n="49">Другой, соблазнившись высотой моста,</l>
<l n="50">Падает в воду, где глубь и чернота.</l>
<l n="51">Всюду смерть, качаясь, куролесит.</l>
<l n="52">Всюду джин людское тесто месит.</l>
</lg>
</div2>
</div1>
</body>
</text>
</tei>
