<?xml version='1.0' encoding='UTF8'?>
<tei xmlns="http://www.tei-c.org/ns/1.0">
<teiheader>
<filedesc>
<titlestmt>
<title>Переводы. Огюст Барбье. Шахтеры Ньюкэстля </title>
<author>О.Э. Мандельштам</author>
</titlestmt>
<publicationstmt>
<p>АРТ-БИЗНЕС-ЦЕНТР МОСКВА 1993</p>
<biblstruct>
<biblscope n="" type="volume"></biblscope>
<biblscope n="" type="part"></biblscope>
</biblstruct></publicationstmt>
<sourcedesc>
<p>Издание подготовлено Мандельштамовским обществом</p>
</sourcedesc>
<respstmt>
<resp>Подготовка и разметка файлов - Алексей Литвинцев, Вероника Файнберг. Создание
          электронного ресурса - Тимофей Молчанов. Руководители проекта - Центр Digital Humanities,
          Мандельштамовское общество (НИУ ВШЭ).</resp>
</respstmt></filedesc>
<profiledesc>
<textdesc n="poem"></textdesc>
<textclass>
<catref target="2_112" type="ID"></catref>
<catref target="О.Э. Мандельштам. Собрание сочинений в 4-х т. -- М.: Терра, 1991" type="Источник"></catref>
<catref target="стихотворение" type="Жанр художественной литературы"></catref>
<catref target="перевод" type="Уточнение жанра"></catref>
<catref target="Я" type="Метр"></catref>
<catref target="5" type="Длина строки"></catref>
<catref target="ж" type="Клаузула"></catref>
<catref target="nan" type="Уточнение клаузулы"></catref>
<catref target="nan" type="Классическая строфа"></catref>
<catref target="0" type="Рифма"></catref>
<catref target="nan" type="Схема рифмовки"></catref>
<catref target="Я5ж" type="Метрическая формула"></catref>
<catref target="nan" type="Дополнительные параметры"></catref>
<catref target="42" type="Число строк"></catref>
<catref target="О. Барбье" type="Автор оригинала"></catref>
<catref target="французский" type="Язык оригинала"></catref>
</textclass></profiledesc>
</teiheader>
<text>
<body>
<div1 n="2" type="volume">
<div2 n="112" type="part">
<head>112.
ШАХТЕРЫ НЬЮКЭСТЛЯ</head>
<lg type="42_line">
<l n="1">Мы — углекопы Англии богатой,<rs ref="Англия" type="geo_index"></rs></l>
<l n="2">Нет — мы кроты, на восемьдесят сажен</l>
<l n="3">Зашли под землю звонкою лопатой,</l>
<l n="4">Из грязной толщи вырывая уголь.</l>
<l n="5">Нас одевает ночь плащом туманным,</l>
<l n="6">Нас смерть касается крылом совиным.</l>
<l n="7">О, горе, если ученик неловкий</l>
<l n="8">Предательской ногой заденет камень,</l>
<l n="9">Он валится неудержимо в пропасть;</l>
<l n="10">О, горе медленным и горе старым:</l>
<l n="11">Подземная вода шутить не любит —</l>
<l n="12">Не ровен час — зальет, они погибнут.</l>
<l n="13">Неосторожным, легковесным — горе!</l>
<l n="14">Кто позабудет маленькую лампу,</l>
<l n="15">Ученого подарок — углекопу.</l>
<l n="16">Проклятый дух, что в подземельи бродит, —</l>
<l n="17">Голубоватый газ — петлею мертвой</l>
<l n="18">Его задушит и на землю бросит.</l>
<l n="19">О, горе всем — хотя бы безупречным,</l>
<l n="20">Когда кусок от глыбы отрывает</l>
<l n="21">Стук молотка, густой колебля воздух.</l>
<l n="22">И многие мечтатели простые</l>
<l n="23">Кто сына, кто жены голубоглазой</l>
<l n="24">Похоронили образ в гулкой шахте.</l>
<l n="25">А все же мы, заморыши немые,</l>
<l n="26">В подземном мире производим грохот</l>
<l n="27">Огромных человеческих движений:</l>
<l n="28">Мы кормим черным драгоценным хлебом</l>
<l n="29">Из недр земных тебя, о, великанша,</l>
<l n="30">Промышленность, — тебя мы согреваем.</l>
<l n="31">Разве не уголь рвется в сильных поршнях,</l>
<l n="32">Рычит в камнями нагруженных домнах,</l>
<l n="33">Толкает поезд рельсовой путиной?</l>
<l n="34">Разве не уголь рассылает всюду,</l>
<l n="35">Промалывая волны океана,</l>
<l n="36">Морские скороходы Альбиона?</l>
<l n="37">И, наконец, британскую корону</l>
<l n="38">Стоцветную, чей блеск слепца разбудит,</l>
<l n="39">Не мы ль гранили — коль не мы, то кто же</l>
<l n="40">Дал всколоситься дикому богатству</l>
<l n="41">Четырехсот надменных, наглых лордов,</l>
<l n="42">Чья личность околеть нам разрешает?</l>
</lg>
</div2>
</div1>
</body>
</text>
</tei>
