<?xml version='1.0' encoding='UTF8'?>
<tei xmlns="http://www.tei-c.org/ns/1.0">
<teiheader>
<filedesc>
<titlestmt>
<title>Переводы. Жорж Дюамель. Ода нескольким людям </title>
<author>О.Э. Мандельштам</author>
</titlestmt>
<publicationstmt>
<p>АРТ-БИЗНЕС-ЦЕНТР МОСКВА 1993</p>
<biblstruct>
<biblscope n="" type="volume"></biblscope>
<biblscope n="" type="part"></biblscope>
</biblstruct></publicationstmt>
<sourcedesc>
<p>Издание подготовлено Мандельштамовским обществом</p>
</sourcedesc>
<respstmt>
<resp>Подготовка и разметка файлов - Алексей Литвинцев, Вероника Файнберг. Создание
          электронного ресурса - Тимофей Молчанов. Руководители проекта - Центр Digital Humanities,
          Мандельштамовское общество (НИУ ВШЭ).</resp>
</respstmt></filedesc>
<profiledesc>
<textdesc n="poem"></textdesc>
<textclass>
<catref target="2_113" type="ID"></catref>
<catref target="О.Э. Мандельштам. Собрание сочинений в 4-х т. -- М.: Терра, 1991" type="Источник"></catref>
<catref target="стихотворение" type="Жанр художественной литературы"></catref>
<catref target="перевод" type="Уточнение жанра"></catref>
<catref target="Ан, Аф, Д, Я, тонический : Вл" type="Метр"></catref>
<catref target="вольная" type="Длина строки"></catref>
<catref target="вольная" type="Клаузула"></catref>
<catref target="д, ж, м" type="Уточнение клаузулы"></catref>
<catref target="nan" type="Классическая строфа"></catref>
<catref target="0" type="Рифма"></catref>
<catref target="nan" type="Схема рифмовки"></catref>
<catref target="Вл2,3,4,5,6,7д,ж,м" type="Метрическая формула"></catref>
<catref target="переменная анакруса" type="Дополнительные параметры"></catref>
<catref target="106" type="Число строк"></catref>
<catref target="Ж. Дюамель" type="Автор оригинала"></catref>
<catref target="французский" type="Язык оригинала"></catref>
</textclass></profiledesc>
</teiheader>
<text>
<body>
<div1 n="2" type="volume">
<div2 n="113" type="part">
<head>ЖОРЖ ДЮАМЕЛЬ</head>
<head>113.
ОДА НЕСКОЛЬКИМ ЛЮДЯМ</head>
<lg type="106_line">
<l n="1">Равнины, чей разбег дает величье небу,</l>
<l n="2">Долина мрачная, что выщерблена понемногу</l>
<l n="3">Или, кто знает, размыта взыскующей русла водой;</l>
<l n="4">Слишком круглый горизонт, ломающий свой обруч;</l>
<l n="5">И эти нивы в праздной пробежке проселочных дорог, —</l>
<l n="6">Не уйти мне от вас без глухого ропота,</l>
<l n="7">Без гнева и сожаленья.</l>
<l n="8">Я надолго останусь прислужник застекленных домов.</l>
<l n="9">Улица, бегущая в косноязычном порядке,</l>
<l n="10">Верные крыши, не шелохнувшись рассекающие грохот,</l>
<l n="11">Как на толстых канатах закрепившиеся баржи,</l>
<l n="12">И верхушки строений, чьей растительной силы</l>
<l n="13">С трудом хватает на небольшой подъем, —</l>
<l n="14">Так сегодня насыщается зренье!</l>
<l n="15">Примите меня, спутники, примите меня, товарищи,</l>
<l n="16">Я уже вернулся и учусь влачить взгляд,</l>
<l n="17">Уже готовый потускнеть в спеленутом пространстве.</l>
<l n="18">Этот взгляд! Я сказал бы: доброхотный поток,</l>
<l n="19">Царственно решившийся на ступенчатый спуск,</l>
<l n="20">Когда его заманивают в береговые шоры,</l>
<l n="21">Чтоб запрудить и бросить в рабство.</l>
<l n="22">О, линейные пучки разбегающихся домов,</l>
<l n="23">Скрещенья и пересеченья бесчисленной архитектуры,</l>
<l n="24">Коварные засады хитрых плоскостей</l>
<l n="25">И каменные вздутые ребра,</l>
<l n="26">Заплетенные в воздухе, как натянутые реи,</l>
<l n="27">Чтоб взгляд спускался по ним, скользя, </l>
<l n="28">К лицам спутников льнуть.</l>
<l n="29">И здесь остается владычное небо.</l>
<l n="30">Но лишь бегло удается разглядеть его основу,</l>
<l n="31">Когда тучи проходят охотничьей лавой —</l>
<l n="32">Одна за другой в разрыве стен.</l>
<l n="33">На выручку, спутники! Любовь пьет охотнее влагу</l>
<l n="34">В чудной и выпуклой линзе зрачков,</l>
<l n="35">Чем в голубом расщепе крыш.</l>
<l n="36">На выручку, спутники. Примите человека</l>
<l n="37">С затуманенным ликом и страхом в плечах,</l>
<l n="38">Несущего объем для вашей душевной меры</l>
<l n="39">И знающего цену касаньям руки, —</l>
<l n="40">Примите меня, спутники, с тысячью глаз и улыбок,</l>
<l n="41">Ведь я отвернулся от высоких и нежных зрелищ</l>
<l n="42">Ради зрелища вас одних.</l>
<l n="43">Ведь я уже не вижу, а только помню</l>
<l n="44">Хрупкое двухсердие, набухшее от свежей росы.</l>
<l n="45">Что с усильем расталкивает рыхлые комья</l>
<l n="46">В апреле, — зерно, с которым я знаком.</l>
<l n="47">Я уже не вижу буйной игры</l>
<l n="48">Бешеных оперений, встающих дыбом,</l>
<l n="49">По сломанным крючьям ветвей.</l>
<l n="50">Я не буду высматривать зеленых посошков,</l>
<l n="51">Загнутых, как палец, отпирающий створку,</l>
<l n="52">Тех посошков, что землю пройдут насквозь</l>
<l n="53">И выпрямится стройной свечкой...</l>
<l n="54">Я не услышу выстрела хлопушек,</l>
<l n="55">Искривленных и раздражительных стручков,</l>
<l n="56">Лопающихся в полдень.</l>
<l n="57">Зато я нагляжусь на руки, на ваши руки,</l>
<l n="58">В очередь подчиненные двум господам:</l>
<l n="59">Прихоти разума, бегущего впереди движенья,</l>
<l n="60">И приказу плоти, хозяйки своей.</l>
<l n="61">И я увижу вены ваших рук, современники,</l>
<l n="62">Узловатые и раздутые вены —</l>
<l n="63">Или томно прозрачные.</l>
<l n="64">О, не прячьте от меня</l>
<l n="65">Подергиванья плеч,</l>
<l n="66">Плохо скрываемую примету огорченья,</l>
<l n="67">И начинающуюся дрожь подбородка —</l>
<l n="68">Первую ласточку задержанных слез.</l>
<l n="69">Дайте отразиться в братских зрачках</l>
<l n="70">Полуумерщвленной и разорванной улыбке,</l>
<l n="71">Чарующей слепок лица.</l>
<l n="72">И я забуду лоб зеленых холмогорий,</l>
<l n="73">Когда гроза, ворочаясь, как разбуженный зверь,</l>
<l n="74">Туда— сюда бросается на синьку неба,</l>
<l n="75">И размытая страхом лазурь бесцветна, как трус.</l>
<l n="76">И уже не подумаю о деревьях с большой кроной,</l>
<l n="77">Внезапно перетряхивающих корзину листвы,</l>
<l n="78">Для бега, ни с места, под корень.</l>
<l n="79">Все эти простые и гремящие вещи, —</l>
<l n="80">Эта страшная распря вещества,</l>
<l n="81">Это упорство пластов и поколений,</l>
<l n="82">Сила зрелищ, я искал ее — зачем?</l>
<l n="83">Ради вашей беседы под сурдинку, мои спутники,</l>
<l n="84">Ради накопленья образов и чувств,</l>
<l n="85">Говорящих о вас, мои спутники.</l>
<l n="86">Нет, через силу мне без вас что— нибудь лелеять —</l>
<l n="87">Будь то рыжий туман, что, цепляясь, ведет</l>
<l n="88">Борону по земле, стриженной под гребенку,</l>
<l n="89">Будь то огромная пряжа паучья,</l>
<l n="90">Между борозд находка раскосого солнца,</l>
<l n="91">Будь то лицо воспаленное туч</l>
<l n="92">В промельке листьев березы.</l>
<l n="93">Но если я уже привязан к этой цепи,</l>
<l n="94">Несу с другими груз гремучих кандалов, —</l>
<l n="95">Пускай моя тюрьма не будет волчьей ссылкой;</l>
<l n="96">Не бойтесь приближеньем спугнуть мое плечо.</l>
<l n="97">Говорите со мной словами с наковальни обихода</l>
<l n="98">И не стесняйтесь смехом и крупной солью шуток,</l>
<l n="99">Ваша радость нужна и прекрасна.</l>
<l n="100">О! Больше не жалеть! Пусть теплое слиянье</l>
<l n="101">Всех ваших голосов в могущественный хор</l>
<l n="102">Во мне старинное уймет глухое беспокойство,</l>
<l n="103">Как наслоенный шум от правильных дыханий,</l>
<l n="104">Вырастая в гуденье над кровельным сном,</l>
<l n="105">Навсегда в моей памяти покрывает громы,</l>
<l n="106">Раскованные ветром из скрипучих стволов.</l>
</lg>
</div2>
</div1>
</body>
</text>
</tei>
