<?xml version='1.0' encoding='UTF8'?>
<tei xmlns="http://www.tei-c.org/ns/1.0">
<teiheader>
<filedesc>
<titlestmt>
<title>Переводы. Жюль Ромэн. ‹Из повести «Обормоты»› </title>
<author>О.Э. Мандельштам</author>
</titlestmt>
<publicationstmt>
<p>АРТ-БИЗНЕС-ЦЕНТР МОСКВА 1993</p>
<biblstruct>
<biblscope n="" type="volume"></biblscope>
<biblscope n="" type="part"></biblscope>
</biblstruct></publicationstmt>
<sourcedesc>
<p>Издание подготовлено Мандельштамовским обществом</p>
</sourcedesc>
<respstmt>
<resp>Подготовка и разметка файлов - Алексей Литвинцев, Вероника Файнберг. Создание
          электронного ресурса - Тимофей Молчанов. Руководители проекта - Центр Digital Humanities,
          Мандельштамовское общество (НИУ ВШЭ).</resp>
</respstmt></filedesc>
<profiledesc>
<textdesc n="play in verse"></textdesc>
<textclass>
<catref target="2_114" type="ID"></catref>
<catref target="О.Э. Мандельштам. Собрание сочинений в 4-х т. -- М.: Терра, 1991" type="Источник"></catref>
<catref target="стихотворение" type="Жанр художественной литературы"></catref>
<catref target="перевод" type="Уточнение жанра"></catref>
<catref target="Я # Я # Я # Ан, Аф, Д, тонический : Дк # Я # Х, Я" type="Метр"></catref>
<catref target="6(4,5) # 4 # 6 # вольная" type="Длина строки"></catref>
<catref target="вольная" type="Клаузула"></catref>
<catref target="ж, м # м # регулярная" type="Уточнение клаузулы"></catref>
<catref target="nan" type="Классическая строфа"></catref>
<catref target="вольная # парная" type="Рифма"></catref>
<catref target="аа # парная" type="Схема рифмовки"></catref>
<catref target="Я6ж,м. Я4м, Я5ж,м # Я4м # Я6жжмм. Я3,5м # Дк2,3,6,7,8ж,м # Я4ж,м. Я5ж # Х4д~Х3,Х3ж~Я3,Х5,7,Я3ж~Я3,Я7ж,м" type="Метрическая формула"></catref>
<catref target="полиметрия, монотонная рифма, цезурные усечения, нарушения строфики, нарушения внутренней анакрусы, цезурные усечения" type="Дополнительные параметры"></catref>
<catref target="104" type="Число строк"></catref>
<catref target="Ж. Ромэн" type="Автор оригинала"></catref>
<catref target="французский" type="Язык оригинала"></catref>
</textclass></profiledesc>
</teiheader>
<text>
<body>
<div1 n="2" type="volume">
<div2 n="" type="part">
<head>ЖЮЛЬ РОМЭН</head>
<head>114.
‹ИЗ ПОВЕСТИ «ОБОРМОТЫ» ›</head>
<lg type="104_line">
<l n="1">Вода, бегущая хрустальным писсуаром,</l>
<l n="2">Твой мужественный ток напомнил мне Амбер,</l>
<l n="3">Откуда солнце — круглый камамбер —</l>
<l n="4">Я наблюдал над Иссуаром!</l>
<l n="5">Каштановый навес над томным писсуаром,</l>
<l n="6">Багрянцем осени окрашенный Амбер;</l>
<l n="7">Гармония листвы повеет Иссуаром,</l>
<l n="8">И сердце льнет к нему, как нежный камамбер!</l>
<l n="9">Зарницы городов маячат в Иссуарах</l>
<l n="10">И в мареве равнин заразы камамбер!</l>
<l n="11">Ты пожираешь ночь, Амбер, —</l>
<l n="12">Безумцев-кузнецов в горящих писсуарах!</l>
<l n="13">О, годы! О, часы! О, бремя Иссуара!</l>
<l n="14">Проточная вода в воронке писсуара!</l>
<l n="15">В прорывы бытия брось лилию, Амбер!</l>
<l n="16">Амбер! Кто вплел в твой герб позорный камамбер?</l>
<l n="17">Эфирный холодок в преддверьи писсуара,</l>
<l n="18">Лия всемирное молчанье Иссуара,</l>
<l n="19">Убьет жандармских ног пахучий камамбер.</l>
<l n="20"> — Конец!</l>
<l n="21">Ненавижу Амбер: это проклятый сыр,</l>
<l n="22">Личинками червей кишащий камамбер;</l>
<l n="23">Но Иссуар — везде и всюду нам укор:</l>
<l n="24">Забронированный от взоров писсуар!</l>
<l n="25">Высокая гражданственность Амбера —</l>
<l n="26">Республиканских урн блестящий писсуар;</l>
<l n="27">Но если мы затронем Иссуар, —</l>
<l n="28">Не миновать зловонья камамбера!</l>
<l n="29">Коль беспокойный барабан</l>
<l n="30">Глухих разбудит спящий клан,</l>
<l n="31">Коль страсти славные шаги</l>
<l n="32">Прервут теченье литургий,</l>
<l n="33">Коль самозванец, смел и лжив,</l>
<l n="34">Накроет рыцарей нажив, —</l>
<l n="35">Тогда Амбер и Иссуар</l>
<l n="36">Получат крепкий в зад удар.</l>
<l n="37">Знай, благородный друг, что в среду, утром росным,</l>
<l n="38">Крылатым способом, движением колесным,</l>
<l n="39">Ты в облюбованный направишься притин,</l>
<l n="40">Где — артиллерия окраинных равнин —</l>
<l n="41">Молочник утренний гремит порожней жестью,</l>
<l n="42">Я, кофий выкушав, по гулкому предместью</l>
<l n="43">Нажимом легких ног машину поведу</l>
<l n="44">И старца на пути маститого найду,</l>
<l n="45">Чья жесткая метла — нептуново орудье —</l>
<l n="46">Навозом скакунов метается в безлюдьи.</l>
<l n="47">Туда поеду я, высоких полон чувств,</l>
<l n="48">В Сквер зеленеющий Ремесел и Искусств,</l>
<l n="49">Где, профиль мужеский, блеснув улыбкой жаркой,</l>
<l n="50">Утешит жизнь мою, надрезанную Паркой!<rs ref="Парки (мойры)" type="myth_index"></rs></l>
<l n="51">Прочь, бисер нежных слов! Любезность — ерунда;</l>
<l n="52">Сквер. Пятый час утра. Запомним: середа!</l>
<l n="53">Ночь существует.</l>
<l n="54">Король хочет спать.</l>
<l n="55">Зыби огромного сна подымают его, — кругом подвластные земли.</l>
<l n="56">Мачты погашен огонь, оружье оставлено дома.</l>
<l n="57">Скоро дугою пути он океан перережет:</l>
<l n="58">Два короля — руки друг другу пожмут на другом берегу.</l>
<l n="59">Герой хочет спать.</l>
<l n="60">Входит в сон, как в дремучую чащу.</l>
<l n="61">Держит копье золотое, держит звенящий щит.</l>
<l n="62">Сколько лиственных куп он раздвинет, веток сломает, трав зеленых сомнет?</l>
<l n="63">Сколько зверей изумленных ощерятся грозно на лапах упругих?</l>
<l n="64">Не вас ли, государь, сюда уже зовут,</l>
<l n="65">Хоть кони Фебовы еще не достают</l>
<l n="66">В пурпурной мгле ворот небесного чертога...</l>
<l n="67">И лавр обещанный, и слава полубога?</l>
<l n="68">Не вас ли, государь...</l>
<l n="69">Владыка, чувствами нежнейшими палим,<rs ref="Петербург (Ленинград, Петрополь)" type="geo_index"></rs></l>
<l n="70">Избрал мою гортань посредником худым</l>
<l n="71">Для передачи слов, в которых дружба дышит...</l>
<l n="72">Когда бы знал Бенен и если он услышит,</l>
<l n="73">Каким узлом коварств удержан я вдали!..</l>
<l n="74">Все подозрения лежали бы в пыли!..</l>
<l n="75">Я в славном городе, где Ньевра берег моет.</l>
<l n="76">Из телеграфных рун я узнаю: тифоид</l>
<l n="77">У дядюшки Проспера моего.</l>
<l n="78">Я не нарадуюсь на капитал его!..</l>
<l n="79">Ну, как же он сойдет к бесплотным и незримым,</l>
<l n="80">Не провожаемый племянником любимым?</l>
<l n="81">Срываюсь... тороплюсь... без ног спешу в Невер!</l>
<l n="82">Увы! Чудовищной превратности пример:</l>
<l n="83">Здоровье дядино — сей дряхлый жезл — окрепло.</l>
<l n="84">Событье грустное ложится тучей пепла.</l>
<l n="85">Но живы замыслы возвышенных побед!</l>
<l n="86">Еще нам предстоит, друзья, велосипед!</l>
<l n="87">Баранта, номер три, — я пью неверский морок.<rs ref="Бартель, Макс" type="person"></rs></l>
<l n="88">Готовься к поезду, Бенен, в четыре сорок!</l>
<l n="89">Я в девять на перрон приду без десяти...</l>
<l n="90">С платком и шляпою душа к тебе лети!</l>
<l n="91">Был дом, похожий на бомбарду,</l>
<l n="92">Что в деревенский взрывается праздник, —</l>
<l n="93">До утра мы гнездились в нем;</l>
<l n="94">И Брудье был похож на порох,</l>
<l n="95">На селитру был похож Бенен.</l>
<l n="96">Но фитиль поджигает солнце:</l>
<l n="97">Вот когда разразится взрыв.</l>
<l n="98">Я вырвался из ночи, как поезд из туннеля;</l>
<l n="99">Вот уже на солнце клубится паровоз,</l>
<l n="100">Но дребезжит под сводами вагонное охвостье.</l>
<l n="101">Я вырвался из ночи, как поезд из туннеля,</l>
<l n="102">К занавескам пассажиры бросились спросонья.</l>
<l n="103">Дует ветер. Путь ложится прямо,</l>
<l n="104">И мое дыханье искрами поджигает травы.</l>
</lg>
</div2>
</div1>
</body>
</text>
</tei>
