<?xml version='1.0' encoding='UTF8'?>
<tei xmlns="http://www.tei-c.org/ns/1.0">
<teiheader>
<filedesc>
<titlestmt>
<title>Переводы. Макс Бартель. Каторжный май</title>
<author>О.Э. Мандельштам</author>
</titlestmt>
<publicationstmt>
<p>АРТ-БИЗНЕС-ЦЕНТР МОСКВА 1993</p>
<biblstruct>
<biblscope n="" type="volume"></biblscope>
<biblscope n="" type="part"></biblscope>
</biblstruct></publicationstmt>
<sourcedesc>
<p>Издание подготовлено Мандельштамовским обществом</p>
</sourcedesc>
<respstmt>
<resp>Подготовка и разметка файлов - Алексей Литвинцев, Вероника Файнберг. Создание
          электронного ресурса - Тимофей Молчанов. Руководители проекта - Центр Digital Humanities,
          Мандельштамовское общество (НИУ ВШЭ).</resp>
</respstmt></filedesc>
<profiledesc>
<textdesc n="poem"></textdesc>
<textclass>
<catref target="2_119" type="ID"></catref>
<catref target="О.Э. Мандельштам. Собрание сочинений в 4-х т. -- М.: Терра, 1991" type="Источник"></catref>
<catref target="стихотворение" type="Жанр художественной литературы"></catref>
<catref target="перевод" type="Уточнение жанра"></catref>
<catref target="Я" type="Метр"></catref>
<catref target="регулярная" type="Длина строки"></catref>
<catref target="м" type="Клаузула"></catref>
<catref target="nan" type="Уточнение клаузулы"></catref>
<catref target="nan" type="Классическая строфа"></catref>
<catref target="перекрестная" type="Рифма"></catref>
<catref target="абаб" type="Схема рифмовки"></catref>
<catref target="Я4м+Я3м" type="Метрическая формула"></catref>
<catref target="nan" type="Дополнительные параметры"></catref>
<catref target="24" type="Число строк"></catref>
<catref target="М. Бартель" type="Автор оригинала"></catref>
<catref target="немецкий" type="Язык оригинала"></catref>
</textclass></profiledesc>
</teiheader>
<text>
<body>
<div1 n="2" type="volume">
<div2 n="119" type="part">
<head>119.
КАТОРЖНЫЙ МАЙ</head>
<lg type="octet">
<l n="1">Май месяц к каторжным пришел</l>
<l n="2">Кирпичным воротам.</l>
<l n="3">Едва дыханье перевел.</l>
<l n="4">Кровь хлынула к вискам.</l>
<l n="5">До крови закусил губу,</l>
<l n="6">Скрепился, сам не рад;</l>
<l n="7">И в каменном мешке-гробу</l>
<l n="8">Разбил цветочный сад.</l>
</lg>
<lg type="octet">
<l n="9">Вот на прогулку поднялся</l>
<l n="10">Весь полосатый сброд,</l>
<l n="11">И голубеют небеса,</l>
<l n="12">И нежный сад цветет;</l>
<l n="13">И все клянут свою судьбу —</l>
<l n="14">Невыносимый срок —</l>
<l n="15">И слышат в каменном гробу</l>
<l n="16">Девичий голосок:</l>
</lg>
<lg type="quatrain">
<l n="17"> — Уж лучше по полю ползти,</l>
<l n="18">Как красноглазый крот,</l>
<l n="19">Чем кругом мельничным идти,</l>
<l n="20">Гуськом, из года в год!</l>
</lg>
</div2>
</div1>
</body>
</text>
</tei>
