<?xml version='1.0' encoding='UTF8'?>
<tei xmlns="http://www.tei-c.org/ns/1.0">
<teiheader>
<filedesc>
<titlestmt>
<title>Переводы. Макс Бартель. Поруганный лес. I. «Лес был поруган, как наше завтра..».</title>
<author>О.Э. Мандельштам</author>
</titlestmt>
<publicationstmt>
<p>АРТ-БИЗНЕС-ЦЕНТР МОСКВА 1993</p>
<biblstruct>
<biblscope n="" type="volume"></biblscope>
<biblscope n="" type="part"></biblscope>
</biblstruct></publicationstmt>
<sourcedesc>
<p>Издание подготовлено Мандельштамовским обществом</p>
</sourcedesc>
<respstmt>
<resp>Подготовка и разметка файлов - Алексей Литвинцев, Вероника Файнберг. Создание
          электронного ресурса - Тимофей Молчанов. Руководители проекта - Центр Digital Humanities,
          Мандельштамовское общество (НИУ ВШЭ).</resp>
</respstmt></filedesc>
<profiledesc>
<textdesc n="poem"></textdesc>
<textclass>
<catref target="2_117" type="ID"></catref>
<catref target="О.Э. Мандельштам. Собрание сочинений в 4-х т. -- М.: Терра, 1991" type="Источник"></catref>
<catref target="стихотворение" type="Жанр художественной литературы"></catref>
<catref target="цикл" type="Уточнение жанра"></catref>
<catref target="Аф, тонический : Ак, Тк" type="Метр"></catref>
<catref target="вольная" type="Длина строки"></catref>
<catref target="вольная" type="Клаузула"></catref>
<catref target="ж, м" type="Уточнение клаузулы"></catref>
<catref target="nan" type="Классическая строфа"></catref>
<catref target="0" type="Рифма"></catref>
<catref target="nan" type="Схема рифмовки"></catref>
<catref target="Тк3,4ж,м. Ак3ж" type="Метрическая формула"></catref>
<catref target="переменная анакруса" type="Дополнительные параметры"></catref>
<catref target="11" type="Число строк"></catref>
<catref target="М. Бартель" type="Автор оригинала"></catref>
<catref target="немецкий" type="Язык оригинала"></catref>
</textclass></profiledesc>
</teiheader>
<text>
<body>
<div1 n="2" type="volume">
<div2 n="" type="part">
<head>117—118.
ПОРУГАННЫЙ ЛЕС</head>
<lg type="tercet">
<l n="1">Лес был поруган, как наше «завтра».</l>
<l n="2">Мы зябли под бурей вечерней.</l>
<l n="3">Сумрак из жалости нас укрыл.</l>
</lg>
<lg type="quatrain">
<l n="4">Тогда мы выползли из окопов —</l>
<l n="5">Проволочную укрепить ограду —</l>
<l n="6">И взвыли: ведь простерла Россия<rs ref="Россия (СССР)" type="geo_index"></rs></l>
<l n="7">Пальму мира над полем сраженья!</l>
</lg>
<lg type="quatrain">
<l n="8">И мы устыдились позорной работы</l>
<l n="9">И наблюдали уже беззлобно,</l>
<l n="10">Как француз, тяжелой батареей,</l>
<l n="11">В темноте нащупывает нас.</l>
</lg>
</div2>
</div1>
</body>
</text>
</tei>
