<?xml version='1.0' encoding='UTF8'?>
<tei xmlns="http://www.tei-c.org/ns/1.0">
<teiheader>
<filedesc>
<titlestmt>
<title>Переводы. Макс Бартель. «Тюремные братья, в весенние дни...»</title>
<author>О.Э. Мандельштам</author>
</titlestmt>
<publicationstmt>
<p>АРТ-БИЗНЕС-ЦЕНТР МОСКВА 1993</p>
<biblstruct>
<biblscope n="" type="volume"></biblscope>
<biblscope n="" type="part"></biblscope>
</biblstruct></publicationstmt>
<sourcedesc>
<p>Издание подготовлено Мандельштамовским обществом</p>
</sourcedesc>
<respstmt>
<resp>Подготовка и разметка файлов - Алексей Литвинцев, Вероника Файнберг. Создание
          электронного ресурса - Тимофей Молчанов. Руководители проекта - Центр Digital Humanities,
          Мандельштамовское общество (НИУ ВШЭ).</resp>
</respstmt></filedesc>
<profiledesc>
<textdesc n="poem"></textdesc>
<textclass>
<catref target="2_121" type="ID"></catref>
<catref target="О.Э. Мандельштам. Собрание сочинений в 4-х т. -- М.: Терра, 1991" type="Источник"></catref>
<catref target="стихотворение" type="Жанр художественной литературы"></catref>
<catref target="перевод" type="Уточнение жанра"></catref>
<catref target="Ан, Аф, Д, тонический : Дк" type="Метр"></catref>
<catref target="регулярная" type="Длина строки"></catref>
<catref target="вольная" type="Клаузула"></catref>
<catref target="ж, м" type="Уточнение клаузулы"></catref>
<catref target="nan" type="Классическая строфа"></catref>
<catref target="перекрестная" type="Рифма"></catref>
<catref target="абаб" type="Схема рифмовки"></catref>
<catref target="Дк4ж,м+Дк3м" type="Метрическая формула"></catref>
<catref target="нарушения анакрусы" type="Дополнительные параметры"></catref>
<catref target="32" type="Число строк"></catref>
<catref target="М. Бартель" type="Автор оригинала"></catref>
<catref target="немецкий" type="Язык оригинала"></catref>
</textclass></profiledesc>
</teiheader>
<text>
<body>
<div1 n="2" type="volume">
<div2 n="121" type="part">
<head>121.</head>
<lg type="octet">
<l n="1">Тюремные братья, в весенние дни</l>
<l n="2">Блаженством горит голова.</l>
<l n="3">Я помню: дыханье в груди затаив,</l>
<l n="4">Как первый дрозд запевал!</l>
<l n="5">Кузнечиков скрипы, набухшие липы,</l>
<l n="6">Пуховая пена весны;</l>
<l n="7">И вздохи любимой и детские всхлипы</l>
<l n="8">Из звездной плывут глубины.</l>
</lg>
<lg type="octet">
<l n="9">Бежит, как песок, измельченное время,</l>
<l n="10">И кто-то зовет: помоги!</l>
<l n="11">За толщей стены, где покинутый всеми</l>
<l n="12">Кандальник считает шаги.</l>
<l n="13">Решетки-квадраты, и месяц щербатый</l>
<l n="14">С высокой млечной тропы</l>
<l n="15">Срезает брусья, — как жнец горбатый,</l>
<l n="16">На землю кидая снопы!</l>
</lg>
<lg type="octet">
<l n="17">Месяц оставил глубокий надрез</l>
<l n="18">На железном конверте окна,</l>
<l n="19">И с гиацинтовых бледных небес</l>
<l n="20">Молочная льется волна;</l>
<l n="21">И звезды восходят, и лес колобродит,</l>
<l n="22">Студенческий нектар шумит;</l>
<l n="23">И в этой божественно ясной природе</l>
<l n="24">Один только узник молчит!</l>
</lg>
<lg type="octet">
<l n="25">И вдруг облапили облака</l>
<l n="26">Соломенный узкий просвет,</l>
<l n="27">И за толстой стеною (в клетке зверька),</l>
<l n="28">Возится с цепью сосед.</l>
<l n="29">На звезды разруха! На месяц проруха!</l>
<l n="30">В четырех квадратах окна —</l>
<l n="31">Земля за решеткой! И мечется глухо</l>
<l n="32">Зверинец. Я зябну. Весна.</l>
</lg>
</div2>
</div1>
</body>
</text>
</tei>
