<?xml version='1.0' encoding='UTF8'?>
<tei xmlns="http://www.tei-c.org/ns/1.0">
<teiheader>
<filedesc>
<titlestmt>
<title>Переводы. Макс Бартель. «Под дымным вымпелом корабль кирпичный...»</title>
<author>О.Э. Мандельштам</author>
</titlestmt>
<publicationstmt>
<p>АРТ-БИЗНЕС-ЦЕНТР МОСКВА 1993</p>
<biblstruct>
<biblscope n="" type="volume"></biblscope>
<biblscope n="" type="part"></biblscope>
</biblstruct></publicationstmt>
<sourcedesc>
<p>Издание подготовлено Мандельштамовским обществом</p>
</sourcedesc>
<respstmt>
<resp>Подготовка и разметка файлов - Алексей Литвинцев, Вероника Файнберг. Создание
          электронного ресурса - Тимофей Молчанов. Руководители проекта - Центр Digital Humanities,
          Мандельштамовское общество (НИУ ВШЭ).</resp>
</respstmt></filedesc>
<profiledesc>
<textdesc n="poem"></textdesc>
<textclass>
<catref target="2_123" type="ID"></catref>
<catref target="О.Э. Мандельштам. Собрание сочинений в 4-х т. -- М.: Терра, 1991" type="Источник"></catref>
<catref target="стихотворение" type="Жанр художественной литературы"></catref>
<catref target="перевод" type="Уточнение жанра"></catref>
<catref target="Я" type="Метр"></catref>
<catref target="вольная" type="Длина строки"></catref>
<catref target="регулярная" type="Клаузула"></catref>
<catref target="жм" type="Уточнение клаузулы"></catref>
<catref target="nan" type="Классическая строфа"></catref>
<catref target="перекрестная" type="Рифма"></catref>
<catref target="абаб" type="Схема рифмовки"></catref>
<catref target="Я4,5,6жм # Я4жм" type="Метрическая формула"></catref>
<catref target="полиметрия" type="Дополнительные параметры"></catref>
<catref target="20" type="Число строк"></catref>
<catref target="М. Бартель" type="Автор оригинала"></catref>
<catref target="немецкий" type="Язык оригинала"></catref>
</textclass></profiledesc>
</teiheader>
<text>
<body>
<div1 n="2" type="volume">
<div2 n="123" type="part">
<head>123.</head>
<lg type="quatrain">
<l n="1">Под дымным вымпелом корабль кирпичный,</l>
<l n="2">Огромный, на ходу, уверенный завод.</l>
<l n="3">И пар, начальник музыки фабричной,</l>
<l n="4">Дружину молотов ведет.</l>
</lg>
<lg type="quatrain">
<l n="5">Ворчи, ворчи, несытая машина.</l>
<l n="6">Я, укротитель твой, переведу рычаг.</l>
<l n="7">Энергии моей обрушится лавина.</l>
<l n="8">Сказал: хочу — и мне послужит враг.</l>
</lg>
<lg type="quatrain">
<l n="9">Пускай по чуждому приказу</l>
<l n="10">Я эти вещи создаю,</l>
<l n="11">Великолепно помнит разум</l>
<l n="12">Цель хладнокровную свою.</l>
</lg>
<lg type="quatrain">
<l n="13">Плодотворит и освежает</l>
<l n="14">Меня сталелитейный дождь.</l>
<l n="15">Моя работа излучает</l>
<l n="16">Народа солнечную мощь.</l>
</lg>
<lg type="quatrain">
<l n="17">Как вырывает свет динамо,</l>
<l n="18">Божественное колесо,</l>
<l n="19">Из стали мертвой и упрямой</l>
<l n="20">Я жизни создаю кусок.</l>
</lg>
</div2>
</div1>
</body>
</text>
</tei>
