<?xml version='1.0' encoding='UTF8'?>
<tei xmlns="http://www.tei-c.org/ns/1.0">
<teiheader>
<filedesc>
<titlestmt>
<title>Переводы. Макс Бартель. «Ты сейчас блуждаешь где-то...»</title>
<author>О.Э. Мандельштам</author>
</titlestmt>
<publicationstmt>
<p>АРТ-БИЗНЕС-ЦЕНТР МОСКВА 1993</p>
<biblstruct>
<biblscope n="" type="volume"></biblscope>
<biblscope n="" type="part"></biblscope>
</biblstruct></publicationstmt>
<sourcedesc>
<p>Издание подготовлено Мандельштамовским обществом</p>
</sourcedesc>
<respstmt>
<resp>Подготовка и разметка файлов - Алексей Литвинцев, Вероника Файнберг. Создание
          электронного ресурса - Тимофей Молчанов. Руководители проекта - Центр Digital Humanities,
          Мандельштамовское общество (НИУ ВШЭ).</resp>
</respstmt></filedesc>
<profiledesc>
<textdesc n="poem"></textdesc>
<textclass>
<catref target="2_125" type="ID"></catref>
<catref target="О.Э. Мандельштам. Собрание сочинений в 4-х т. -- М.: Терра, 1991" type="Источник"></catref>
<catref target="стихотворение" type="Жанр художественной литературы"></catref>
<catref target="перевод" type="Уточнение жанра"></catref>
<catref target="Х" type="Метр"></catref>
<catref target="4" type="Длина строки"></catref>
<catref target="вольная" type="Клаузула"></catref>
<catref target="ж, м" type="Уточнение клаузулы"></catref>
<catref target="nan" type="Классическая строфа"></catref>
<catref target="спорадическая" type="Рифма"></catref>
<catref target="nan" type="Схема рифмовки"></catref>
<catref target="Х4ж,м" type="Метрическая формула"></catref>
<catref target="nan" type="Дополнительные параметры"></catref>
<catref target="20" type="Число строк"></catref>
<catref target="М. Бартель" type="Автор оригинала"></catref>
<catref target="немецкий" type="Язык оригинала"></catref>
</textclass></profiledesc>
</teiheader>
<text>
<body>
<div1 n="2" type="volume">
<div2 n="125" type="part">
<head>125.</head>
<lg type="20_line">
<l n="1">Ты сейчас блуждаешь где-то,</l>
<l n="2">Рук твоих не осязаю,</l>
<l n="3">Но твоя мне близость веет,</l>
<l n="4">Жизнь моя, душа моя!</l>
<l n="5">Вечером и утром рано</l>
<l n="6">Слышу голос соловьиный</l>
<l n="7">За рекою, за домами,</l>
<l n="8">Жизнь моя, сестра моя!</l>
<l n="9">Вспоминается последний</l>
<l n="10">Ураган в свиданьи нашем.</l>
<l n="11">Раздавался бури посвист,</l>
<l n="12">Звучно башни строил гром.</l>
<l n="13">Свежей розою дыханья,</l>
<l n="14">Облаком сулишь мне радость,</l>
<l n="15">В воротах горишь огромных</l>
<l n="16">Светлым платьем и лицом.</l>
<l n="17">И не выйти мне из круга,</l>
<l n="18">Где тебя встречаю я,</l>
<l n="19">Майская моя подруга,</l>
<l n="20">Жизнь моя, сестра моя.</l>
</lg>
</div2>
</div1>
</body>
</text>
</tei>
