<?xml version='1.0' encoding='UTF8'?>
<tei xmlns="http://www.tei-c.org/ns/1.0">
<teiheader>
<filedesc>
<titlestmt>
<title>Переводы. Макс Бартель. «Янтарных персиков румянец...»</title>
<author>О.Э. Мандельштам</author>
</titlestmt>
<publicationstmt>
<p>АРТ-БИЗНЕС-ЦЕНТР МОСКВА 1993</p>
<biblstruct>
<biblscope n="" type="volume"></biblscope>
<biblscope n="" type="part"></biblscope>
</biblstruct></publicationstmt>
<sourcedesc>
<p>Издание подготовлено Мандельштамовским обществом</p>
</sourcedesc>
<respstmt>
<resp>Подготовка и разметка файлов - Алексей Литвинцев, Вероника Файнберг. Создание
          электронного ресурса - Тимофей Молчанов. Руководители проекта - Центр Digital Humanities,
          Мандельштамовское общество (НИУ ВШЭ).</resp>
</respstmt></filedesc>
<profiledesc>
<textdesc n="poem"></textdesc>
<textclass>
<catref target="2_129" type="ID"></catref>
<catref target="О.Э. Мандельштам. Собрание сочинений в 4-х т. -- М.: Терра, 1991" type="Источник"></catref>
<catref target="стихотворение" type="Жанр художественной литературы"></catref>
<catref target="перевод" type="Уточнение жанра"></catref>
<catref target="Я" type="Метр"></catref>
<catref target="вольная" type="Длина строки"></catref>
<catref target="вольная" type="Клаузула"></catref>
<catref target="ж, м" type="Уточнение клаузулы"></catref>
<catref target="nan" type="Классическая строфа"></catref>
<catref target="охватная" type="Рифма"></catref>
<catref target="абба" type="Схема рифмовки"></catref>
<catref target="Я2,4,5,6ж,м" type="Метрическая формула"></catref>
<catref target="nan" type="Дополнительные параметры"></catref>
<catref target="20" type="Число строк"></catref>
<catref target="М. Бартель" type="Автор оригинала"></catref>
<catref target="немецкий" type="Язык оригинала"></catref>
</textclass></profiledesc>
</teiheader>
<text>
<body>
<div1 n="2" type="volume">
<div2 n="129" type="part">
<head>129.</head>
<lg type="quatrain">
<l n="1">Янтарных персиков румянец</l>
<l n="2">Завесой пламенной к пологим льнет холмам,</l>
<l n="3">И птичий гам</l>
<l n="4">В темно-лазурную уносится туманность.</l>
</lg>
<lg type="quatrain">
<l n="5">Смягчился рок,</l>
<l n="6">Горящей лапою детей земли когтивший,</l>
<l n="7">В кровавый сгусток сердце превративший, —</l>
<l n="8">И человек на грудь земли прилег.</l>
</lg>
<lg type="quatrain">
<l n="9">Гряда уютных черепичных крыш.</l>
<l n="10">Нет больше войн, могильщиков не надо.</l>
<l n="11">Сосредоточенная комнаты прохлада,</l>
<l n="12">Зенитом солнечным насыщенная тишь.</l>
</lg>
<lg type="quatrain">
<l n="13">Лишь выводок дроздов разворошит деревья —</l>
<l n="14">Мужское сердце, буйствуя, кипит;</l>
<l n="15">Ликует плоть; томленье разрешит</l>
<l n="16">Усмешка обольстительная девья.</l>
</lg>
<lg type="quatrain">
<l n="17">От жизни не бежать и насыщаться днями!</l>
<l n="18">Забудем мертвых, горечь растворим.</l>
<l n="19">Мы по весне теперь горим,</l>
<l n="20">Как персики, янтарными огнями!</l>
</lg>
</div2>
</div1>
</body>
</text>
</tei>
