<?xml version='1.0' encoding='UTF8'?>
<tei xmlns="http://www.tei-c.org/ns/1.0">
<teiheader>
<filedesc>
<titlestmt>
<title>Переводы. Макс Бартель. Птицы</title>
<author>О.Э. Мандельштам</author>
</titlestmt>
<publicationstmt>
<p>АРТ-БИЗНЕС-ЦЕНТР МОСКВА 1993</p>
<biblstruct>
<biblscope n="" type="volume"></biblscope>
<biblscope n="" type="part"></biblscope>
</biblstruct></publicationstmt>
<sourcedesc>
<p>Издание подготовлено Мандельштамовским обществом</p>
</sourcedesc>
<respstmt>
<resp>Подготовка и разметка файлов - Алексей Литвинцев, Вероника Файнберг. Создание
          электронного ресурса - Тимофей Молчанов. Руководители проекта - Центр Digital Humanities,
          Мандельштамовское общество (НИУ ВШЭ).</resp>
</respstmt></filedesc>
<profiledesc>
<textdesc n="poem"></textdesc>
<textclass>
<catref target="2_122" type="ID"></catref>
<catref target="О.Э. Мандельштам. Собрание сочинений в 4-х т. -- М.: Терра, 1991" type="Источник"></catref>
<catref target="стихотворение" type="Жанр художественной литературы"></catref>
<catref target="перевод" type="Уточнение жанра"></catref>
<catref target="Ан, Аф, Д, Я, тонический : Дк" type="Метр"></catref>
<catref target="4(3)" type="Длина строки"></catref>
<catref target="м" type="Клаузула"></catref>
<catref target="nan" type="Уточнение клаузулы"></catref>
<catref target="nan" type="Классическая строфа"></catref>
<catref target="парная" type="Рифма"></catref>
<catref target="аа" type="Схема рифмовки"></catref>
<catref target="Дк4м. Дк3м" type="Метрическая формула"></catref>
<catref target="переменная анакруса" type="Дополнительные параметры"></catref>
<catref target="32" type="Число строк"></catref>
<catref target="М. Бартель" type="Автор оригинала"></catref>
<catref target="немецкий" type="Язык оригинала"></catref>
</textclass></profiledesc>
</teiheader>
<text>
<body>
<div1 n="2" type="volume">
<div2 n="122" type="part">
<head>122.
ПТИЦЫ</head>
<lg type="quatrain">
<l n="1">Сон обвил меня темным плющом.</l>
<l n="2">Спящий боролся я с душным сном:</l>
<l n="3">Это птиц заблудившийся грай</l>
<l n="4">Хлещет в окна, как крупный град.</l>
</lg>
<lg type="quatrain">
<l n="5">Нестройно сетуя, птицы звенят:</l>
<l n="6">Мы проснулись в начале дня,</l>
<l n="7">Когда заиграл зорь румяный рожок</l>
<l n="8">И солнце ночной осушило песок.</l>
</lg>
<lg type="quatrain">
<l n="9">Из душных кварталов, из серых трущоб,</l>
<l n="10">Мы — души рабочих, стряхнувших свой горб;</l>
<l n="11">Весь день на строгой страже станка;</l>
<l n="12">Страна за решеткой — мир бедняка.</l>
</lg>
<lg type="quatrain">
<l n="13">Гудок — наша песня и камень— полет,</l>
<l n="14">Наш клюв — человека искривленный рот.</l>
<l n="15">Посланники бури, свободы гонцы,</l>
<l n="16">Мятеж разносим во все концы.</l>
</lg>
<lg type="quatrain">
<l n="17">Все, все, что рабочую душу томит —</l>
<l n="18">В нашем полете высоком звенит:</l>
<l n="19">Радости посвист, тугая борьба</l>
<l n="20">И справедливой крови алчба.</l>
</lg>
<lg type="quatrain">
<l n="21">Передовые священной страны,</l>
<l n="22">Мы таранили ночь — толщу старой стены.</l>
<l n="23">Своим ненавидящим властным чутьем</l>
<l n="24">Мы гнезда твои, революция, вьем!</l>
</lg>
<lg type="quatrain">
<l n="25">Покинув ветхий, невзрачный кров,</l>
<l n="26">Вышли из темных, нищих домов.</l>
<l n="27">Точный и меткий убийства снаряд</l>
<l n="28">Вчера скосил рабочий ряд.</l>
</lg>
<lg type="quatrain">
<l n="29">Наши немые хозяева</l>
<l n="30">Лежат в крови у пыльного рва.</l>
<l n="31">Мы безочажный, блуждающий грай;</l>
<l n="32">В сердце, товарищ, приют нам дай!</l>
</lg>
</div2>
</div1>
</body>
</text>
</tei>
