<?xml version='1.0' encoding='UTF8'?>
<tei xmlns="http://www.tei-c.org/ns/1.0">
<teiheader>
<filedesc>
<titlestmt>
<title>Переводы. Макс Бартель. «Любы мне глыбы больших достижений...»</title>
<author>О.Э. Мандельштам</author>
</titlestmt>
<publicationstmt>
<p>АРТ-БИЗНЕС-ЦЕНТР МОСКВА 1993</p>
<biblstruct>
<biblscope n="" type="volume"></biblscope>
<biblscope n="" type="part"></biblscope>
</biblstruct></publicationstmt>
<sourcedesc>
<p>Издание подготовлено Мандельштамовским обществом</p>
</sourcedesc>
<respstmt>
<resp>Подготовка и разметка файлов - Алексей Литвинцев, Вероника Файнберг. Создание
          электронного ресурса - Тимофей Молчанов. Руководители проекта - Центр Digital Humanities,
          Мандельштамовское общество (НИУ ВШЭ).</resp>
</respstmt></filedesc>
<profiledesc>
<textdesc n="poem"></textdesc>
<textclass>
<catref target="2_124" type="ID"></catref>
<catref target="О.Э. Мандельштам. Собрание сочинений в 4-х т. -- М.: Терра, 1991" type="Источник"></catref>
<catref target="стихотворение" type="Жанр художественной литературы"></catref>
<catref target="перевод" type="Уточнение жанра"></catref>
<catref target="Аф, Д, тонический : Дк" type="Метр"></catref>
<catref target="4" type="Длина строки"></catref>
<catref target="регулярная" type="Клаузула"></catref>
<catref target="жм" type="Уточнение клаузулы"></catref>
<catref target="nan" type="Классическая строфа"></catref>
<catref target="0" type="Рифма"></catref>
<catref target="nan" type="Схема рифмовки"></catref>
<catref target="Дк4жм" type="Метрическая формула"></catref>
<catref target="нарушения анакрусы" type="Дополнительные параметры"></catref>
<catref target="16" type="Число строк"></catref>
<catref target="М. Бартель" type="Автор оригинала"></catref>
<catref target="немецкий" type="Язык оригинала"></catref>
</textclass></profiledesc>
</teiheader>
<text>
<body>
<div1 n="2" type="volume">
<div2 n="124" type="part">
<head>124.</head>
<lg type="quatrain">
<l n="1">Любы мне глыбы больших достижений.</l>
<l n="2">Взор обратил к начинаньям крутым.</l>
<l n="3">К чему колебанья и трепет раздумья,</l>
<l n="4">Если маячит высокая цель?</l>
</lg>
<lg type="quatrain">
<l n="5">Нужно подъем пережить и паденье,</l>
<l n="6">Прежде чем хлынет победа в глаза.</l>
<l n="7">С бурей гуди, восходи вместе с солнцем,</l>
<l n="8">Крепко храни вожделенья залог.</l>
</lg>
<lg type="quatrain">
<l n="9">Где же граница, где передышка?</l>
<l n="10">Нет их. Пусть небо сойдется с землей;</l>
<l n="11">Кажется, близко, ан нет — за горою</l>
<l n="12">Новый открылся перевал!</l>
</lg>
<lg type="quatrain">
<l n="13">И малодушный к гибели клонит,</l>
<l n="14">Бой променяв на спокойный очаг.</l>
<l n="15">Кто будет медлить? Кто затрепещет,</l>
<l n="16">Если маячит высокая цель?</l>
</lg>
</div2>
</div1>
</body>
</text>
</tei>
