<?xml version='1.0' encoding='UTF8'?>
<tei xmlns="http://www.tei-c.org/ns/1.0">
<teiheader>
<filedesc>
<titlestmt>
<title>Переводы. Макс Бартель. «Если мы уж собрались...»</title>
<author>О.Э. Мандельштам</author>
</titlestmt>
<publicationstmt>
<p>АРТ-БИЗНЕС-ЦЕНТР МОСКВА 1993</p>
<biblstruct>
<biblscope n="" type="volume"></biblscope>
<biblscope n="" type="part"></biblscope>
</biblstruct></publicationstmt>
<sourcedesc>
<p>Издание подготовлено Мандельштамовским обществом</p>
</sourcedesc>
<respstmt>
<resp>Подготовка и разметка файлов - Алексей Литвинцев, Вероника Файнберг. Создание
          электронного ресурса - Тимофей Молчанов. Руководители проекта - Центр Digital Humanities,
          Мандельштамовское общество (НИУ ВШЭ).</resp>
</respstmt></filedesc>
<profiledesc>
<textdesc n="poem"></textdesc>
<textclass>
<catref target="2_120" type="ID"></catref>
<catref target="О.Э. Мандельштам. Собрание сочинений в 4-х т. -- М.: Терра, 1991" type="Источник"></catref>
<catref target="стихотворение" type="Жанр художественной литературы"></catref>
<catref target="перевод" type="Уточнение жанра"></catref>
<catref target="Х" type="Метр"></catref>
<catref target="4" type="Длина строки"></catref>
<catref target="регулярная" type="Клаузула"></catref>
<catref target="мж" type="Уточнение клаузулы"></catref>
<catref target="nan" type="Классическая строфа"></catref>
<catref target="перекрестная" type="Рифма"></catref>
<catref target="абаб" type="Схема рифмовки"></catref>
<catref target="Х4мж" type="Метрическая формула"></catref>
<catref target="nan" type="Дополнительные параметры"></catref>
<catref target="28" type="Число строк"></catref>
<catref target="М. Бартель" type="Автор оригинала"></catref>
<catref target="немецкий" type="Язык оригинала"></catref>
</textclass></profiledesc>
</teiheader>
<text>
<body>
<div1 n="2" type="volume">
<div2 n="120" type="part">
<head>120.</head>
<lg type="quatrain">
<l n="1">Если мы уж собрались.</l>
<l n="2">Полной грудью, на собраньи</l>
<l n="3">В звездно-ветряную высь</l>
<l n="4">Выскажем свои признанья!</l>
</lg>
<lg type="quatrain">
<l n="5">Достиженье только миг,</l>
<l n="6">Только ключ от новой двери.</l>
<l n="7">Наше сердце — проводник</l>
<l n="8">К новой выси, к новой вере.</l>
</lg>
<lg type="quatrain">
<l n="9">В наш горящий хоровод</l>
<l n="10">С нежным личиком румяным</l>
<l n="11">Девушка не подойдет:</l>
<l n="12">Мы горящий эпос пьяный.</l>
</lg>
<lg type="quatrain">
<l n="13">Мы горим, а не живем,</l>
<l n="14">Возле правды колобродим;</l>
<l n="15">Бессознательным чутьем</l>
<l n="16">В настоящее выходим.</l>
</lg>
<lg type="quatrain">
<l n="17">К свету лестницей крутой</l>
<l n="18">Нас уводит мысли трепет.</l>
<l n="19">И над нами Дух Святой,</l>
<l n="20">Но не голубь — хищный стрепет.</l>
</lg>
<lg type="quatrain">
<l n="21">Вынужденные страдать —</l>
<l n="22">Мы, печальники на время,</l>
<l n="23">Вынуждены принимать</l>
<l n="24">Лицемерной жизни бремя.</l>
</lg>
<lg type="quatrain">
<l n="25">Праздничный струится свет</l>
<l n="26">В нашу жизнь с певучим звоном!</l>
<l n="27">Благовест грядущих лет —</l>
<l n="28">И борьбы желанный омут!</l>
</lg>
</div2>
</div1>
</body>
</text>
</tei>
