<?xml version='1.0' encoding='UTF8'?>
<tei xmlns="http://www.tei-c.org/ns/1.0">
<teiheader>
<filedesc>
<titlestmt>
<title>Переводы. Макс Бартель. Завоюем мир!</title>
<author>О.Э. Мандельштам</author>
</titlestmt>
<publicationstmt>
<p>АРТ-БИЗНЕС-ЦЕНТР МОСКВА 1993</p>
<biblstruct>
<biblscope n="" type="volume"></biblscope>
<biblscope n="" type="part"></biblscope>
</biblstruct></publicationstmt>
<sourcedesc>
<p>Издание подготовлено Мандельштамовским обществом</p>
</sourcedesc>
<respstmt>
<resp>Подготовка и разметка файлов - Алексей Литвинцев, Вероника Файнберг. Создание
          электронного ресурса - Тимофей Молчанов. Руководители проекта - Центр Digital Humanities,
          Мандельштамовское общество (НИУ ВШЭ).</resp>
</respstmt></filedesc>
<profiledesc>
<textdesc n="poem"></textdesc>
<textclass>
<catref target="2_128" type="ID"></catref>
<catref target="О.Э. Мандельштам. Собрание сочинений в 4-х т. -- М.: Терра, 1991" type="Источник"></catref>
<catref target="стихотворение" type="Жанр художественной литературы"></catref>
<catref target="перевод" type="Уточнение жанра"></catref>
<catref target="Х" type="Метр"></catref>
<catref target="4" type="Длина строки"></catref>
<catref target="ж" type="Клаузула"></catref>
<catref target="nan" type="Уточнение клаузулы"></catref>
<catref target="nan" type="Классическая строфа"></catref>
<catref target="затянутая" type="Рифма"></catref>
<catref target="аббаб" type="Схема рифмовки"></catref>
<catref target="Х4ж" type="Метрическая формула"></catref>
<catref target="nan" type="Дополнительные параметры"></catref>
<catref target="25" type="Число строк"></catref>
<catref target="М. Бартель" type="Автор оригинала"></catref>
<catref target="немецкий" type="Язык оригинала"></catref>
</textclass></profiledesc>
</teiheader>
<text>
<body>
<div1 n="2" type="volume">
<div2 n="128" type="part">
<head>128.
ЗАВОЮЕМ МИР!</head>
<lg type="quintet">
<l n="1">Диких слов большая ярость</l>
<l n="2">На воротах поднебесных.</l>
<l n="3">Край желаний неизвестных.</l>
<l n="4">Позади огонь пожарищ,</l>
<l n="5">Трубачи вдоль улиц тесных.</l>
</lg>
<lg type="quintet">
<l n="6">Дайте нам за дело взяться,</l>
<l n="7">Солнце золотит знамена.</l>
<l n="8">Буквы надписи червленой</l>
<l n="9">«Завоюем мир» струятся,</l>
<l n="10">Рвутся к цели отдаленной.</l>
</lg>
<lg type="quintet">
<l n="11">Брат, познай свои мечтанья,</l>
<l n="12">Пусть сердечный пыл смирится.</l>
<l n="13">Нужно нам соединиться,</l>
<l n="14">В заблужденьи и скитаньи</l>
<l n="15">Ключевой водой стремиться!</l>
</lg>
<lg type="quintet">
<l n="16">Тяжесть с плеч скатилась лавой,</l>
<l n="17">Ненависть перемололась.</l>
<l n="18">Крепнет мужественный голос:</l>
<l n="19">Каждому почет и слава!</l>
<l n="20">Каждому земля и колос!</l>
</lg>
<lg type="quintet">
<l n="21">Палачей людского рода</l>
<l n="22">Из ключарни рая выгнать</l>
<l n="23">И один закон постигнуть —</l>
<l n="24">Нет владыки: есть свобода —</l>
<l n="25">В братский круг с весельем прыгнуть.</l>
</lg>
</div2>
</div1>
</body>
</text>
</tei>
