<?xml version='1.0' encoding='UTF8'?>
<tei xmlns="http://www.tei-c.org/ns/1.0">
<teiheader>
<filedesc>
<titlestmt>
<title>Переводы. Макс Бартель. «Ведь любишь ты? Так появись в пустыне...»</title>
<author>О.Э. Мандельштам</author>
</titlestmt>
<publicationstmt>
<p>АРТ-БИЗНЕС-ЦЕНТР МОСКВА 1993</p>
<biblstruct>
<biblscope n="" type="volume"></biblscope>
<biblscope n="" type="part"></biblscope>
</biblstruct></publicationstmt>
<sourcedesc>
<p>Издание подготовлено Мандельштамовским обществом</p>
</sourcedesc>
<respstmt>
<resp>Подготовка и разметка файлов - Алексей Литвинцев, Вероника Файнберг. Создание
          электронного ресурса - Тимофей Молчанов. Руководители проекта - Центр Digital Humanities,
          Мандельштамовское общество (НИУ ВШЭ).</resp>
</respstmt></filedesc>
<profiledesc>
<textdesc n="poem"></textdesc>
<textclass>
<catref target="2_126" type="ID"></catref>
<catref target="О.Э. Мандельштам. Собрание сочинений в 4-х т. -- М.: Терра, 1991" type="Источник"></catref>
<catref target="стихотворение" type="Жанр художественной литературы"></catref>
<catref target="перевод" type="Уточнение жанра"></catref>
<catref target="Я" type="Метр"></catref>
<catref target="вольная" type="Длина строки"></catref>
<catref target="регулярная" type="Клаузула"></catref>
<catref target="жммж мжжм" type="Уточнение клаузулы"></catref>
<catref target="nan" type="Классическая строфа"></catref>
<catref target="охватная" type="Рифма"></catref>
<catref target="абба" type="Схема рифмовки"></catref>
<catref target="Я5,6жм" type="Метрическая формула"></catref>
<catref target="nan" type="Дополнительные параметры"></catref>
<catref target="16" type="Число строк"></catref>
<catref target="М. Бартель" type="Автор оригинала"></catref>
<catref target="немецкий" type="Язык оригинала"></catref>
</textclass></profiledesc>
</teiheader>
<text>
<body>
<div1 n="2" type="volume">
<div2 n="126" type="part">
<head>126.</head>
<lg type="quatrain">
<l n="1">Ведь любишь ты? Так появись в пустыне.</l>
<l n="2">Войди в тюрьму. Встань за моим плечом.</l>
<l n="3">Утешь меня в молчаньи гробовом,</l>
<l n="4">Студеный ключ, струящийся в ложбине.</l>
</lg>
<lg type="quatrain">
<l n="5">Люблю тебя. Тебе открылся весь.</l>
<l n="6">Ты поняла мой потаенный жребий</l>
<l n="7">И вдруг взвилась кометой в черном небе —</l>
<l n="8">Рассыпалась, меня покинув здесь.</l>
</lg>
<lg type="couplet">
<l n="9">Ведь любишь ты? Так приходи немедля.</l>
<l n="10">Прости. Нет больше сил в тюрьме влачить себя.</l>
</lg>
<lg type="quatrain">
<l n="11">Вот мы вдвоем. Держу твою ладонь,</l>
<l n="12">Моя судьба в твоем уснула лоне.</l>
<l n="13">Однажды ты сказала мне спросонок,</l>
<l n="14">Что для тебя я теплый и родной...</l>
</lg>
</div2>
</div1>
</body>
</text>
</tei>
