<?xml version='1.0' encoding='UTF8'?>
<tei xmlns="http://www.tei-c.org/ns/1.0">
<teiheader>
<filedesc>
<titlestmt>
<title>Переводы. Макс Бартель. Верден</title>
<author>О.Э. Мандельштам</author>
</titlestmt>
<publicationstmt>
<p>АРТ-БИЗНЕС-ЦЕНТР МОСКВА 1993</p>
<biblstruct>
<biblscope n="" type="volume"></biblscope>
<biblscope n="" type="part"></biblscope>
</biblstruct></publicationstmt>
<sourcedesc>
<p>Издание подготовлено Мандельштамовским обществом</p>
</sourcedesc>
<respstmt>
<resp>Подготовка и разметка файлов - Алексей Литвинцев, Вероника Файнберг. Создание
          электронного ресурса - Тимофей Молчанов. Руководители проекта - Центр Digital Humanities,
          Мандельштамовское общество (НИУ ВШЭ).</resp>
</respstmt></filedesc>
<profiledesc>
<textdesc n="poem"></textdesc>
<textclass>
<catref target="2_137" type="ID"></catref>
<catref target="О.Э. Мандельштам. Собрание сочинений в 4-х т. -- М.: Терра, 1991" type="Источник"></catref>
<catref target="стихотворение" type="Жанр художественной литературы"></catref>
<catref target="перевод" type="Уточнение жанра"></catref>
<catref target="Я" type="Метр"></catref>
<catref target="4" type="Длина строки"></catref>
<catref target="регулярная" type="Клаузула"></catref>
<catref target="мжжм" type="Уточнение клаузулы"></catref>
<catref target="nan" type="Классическая строфа"></catref>
<catref target="охватная" type="Рифма"></catref>
<catref target="абба" type="Схема рифмовки"></catref>
<catref target="Я4мж" type="Метрическая формула"></catref>
<catref target="nan" type="Дополнительные параметры"></catref>
<catref target="52" type="Число строк"></catref>
<catref target="М. Бартель" type="Автор оригинала"></catref>
<catref target="немецкий" type="Язык оригинала"></catref>
</textclass></profiledesc>
</teiheader>
<text>
<body>
<div1 n="2" type="volume">
<div2 n="137" type="part">
<head>137.
ВЕРДЕН</head>
<lg type="quatrain">
<l n="1">Весной шарахнулась, вскричав, —</l>
<l n="2">Где ствол расстрелянный кривится, —</l>
<l n="3">Закатом раненная птица,</l>
<l n="4">И на равнине крик зачах.</l>
</lg>
<lg type="quatrain">
<l n="5">Еще не брошенные в бой,</l>
<l n="6">Шеренгой серой мы стояли,</l>
<l n="7">И вылил все, чего мы ждали,</l>
<l n="8">Истошной птицы крик слепой.</l>
</lg>
<lg type="quatrain">
<l n="9">Оружье, сухари и шлем,</l>
<l n="10">Докучный груз военной страды,</l>
<l n="11">И гул верденской канонады —</l>
<l n="12">Глухой прибой, понятный всем.</l>
</lg>
<lg type="quatrain">
<l n="13">Земля в пурпурной нищете,</l>
<l n="14">Чуть освещенная, тонула,</l>
<l n="15">И, навалившись, ночь зевнула,</l>
<l n="16">Как зверь горячий в темноте.</l>
</lg>
<lg type="quatrain">
<l n="17">Большой холодный горизонт,</l>
<l n="18">Одна звезда другой крупнее:</l>
<l n="19">На ямы, трупы и траншеи,</l>
<l n="20">На бывший трихтерфильдский фронт...</l>
</lg>
<lg type="quatrain">
<l n="21">Вдруг плач мужской: Верден, Верден!<rs ref="Верден" type="geo_index"></rs></l>
<l n="22">Воронка ада, мясорубка,</l>
<l n="23">Вулкан снарядов, злая ступка...</l>
<l n="24">Который день! Без перемен!</l>
</lg>
<lg type="quatrain">
<l n="25">Верден, ты жаждой и жарой,<rs ref="Верден" type="geo_index"></rs></l>
<l n="26">Как приторным волнуешь ядом,</l>
<l n="27">И кожу белую распадом</l>
<l n="28">Казнишь и морщишь кожурой!</l>
</lg>
<lg type="quatrain">
<l n="29">Верден: ужасное лицо<rs ref="Верден" type="geo_index"></rs></l>
<l n="30">Глядит с презрительной улыбкой,</l>
<l n="31">И на крови, на глине липкой</l>
<l n="32">Курганами тела бойцов!</l>
</lg>
<lg type="quatrain">
<l n="33">Верден, Верден — ты чумный дух,<rs ref="Верден" type="geo_index"></rs></l>
<l n="34">Ты бойня с гнойниками всеми!</l>
<l n="35">Верден! Громит народов темя<rs ref="Верден" type="geo_index"></rs></l>
<l n="36">Братоубийственный обух.</l>
</lg>
<lg type="quatrain">
<l n="37">Верден, черства твоя весна,<rs ref="Верден" type="geo_index"></rs></l>
<l n="38">Старухой сморщилась природа,</l>
<l n="39">И в сетке молний хороводом</l>
<l n="40">Несутся года времена.</l>
</lg>
<lg type="quatrain">
<l n="41">Верден, зачем позоришь нас,<rs ref="Верден" type="geo_index"></rs></l>
<l n="42">Бесчестишь лес, дорогу, камень?</l>
<l n="43">Верден — кромешник! Хриплый Каин!<rs ref="Каин" type="myth_index"></rs><rs ref="Верден" type="geo_index"></rs></l>
<l n="44">Колючий стыд! Ползучий газ!</l>
</lg>
<lg type="couplet">
<l n="45">Верден! Переживет века<rs ref="Верден" type="geo_index"></rs></l>
<l n="46">Горючее сухое имя.</l>
</lg>
<lg type="quatrain">
<l n="47">Верден! Верден! И человек<rs ref="Верден" type="geo_index"></rs></l>
<l n="48">Свинцовую разорван пачкой —</l>
<l n="49">Как птицы темная заплачка,</l>
<l n="50">Когда готовится набег.</l>
</lg>
</div2>
</div1>
</body>
</text>
</tei>
