<?xml version='1.0' encoding='UTF8'?>
<tei xmlns="http://www.tei-c.org/ns/1.0">
<teiheader>
<filedesc>
<titlestmt>
<title>Переводы. Макс Бартель. Утопия</title>
<author>О.Э. Мандельштам</author>
</titlestmt>
<publicationstmt>
<p>АРТ-БИЗНЕС-ЦЕНТР МОСКВА 1993</p>
<biblstruct>
<biblscope n="" type="volume"></biblscope>
<biblscope n="" type="part"></biblscope>
</biblstruct></publicationstmt>
<sourcedesc>
<p>Издание подготовлено Мандельштамовским обществом</p>
</sourcedesc>
<respstmt>
<resp>Подготовка и разметка файлов - Алексей Литвинцев, Вероника Файнберг. Создание
          электронного ресурса - Тимофей Молчанов. Руководители проекта - Центр Digital Humanities,
          Мандельштамовское общество (НИУ ВШЭ).</resp>
</respstmt></filedesc>
<profiledesc>
<textdesc n="poem"></textdesc>
<textclass>
<catref target="2_139" type="ID"></catref>
<catref target="О.Э. Мандельштам. Собрание сочинений в 4-х т. -- М.: Терра, 1991" type="Источник"></catref>
<catref target="стихотворение" type="Жанр художественной литературы"></catref>
<catref target="перевод" type="Уточнение жанра"></catref>
<catref target="Я" type="Метр"></catref>
<catref target="вольная" type="Длина строки"></catref>
<catref target="регулярная" type="Клаузула"></catref>
<catref target="жм" type="Уточнение клаузулы"></catref>
<catref target="nan" type="Классическая строфа"></catref>
<catref target="перекрестная" type="Рифма"></catref>
<catref target="абаб" type="Схема рифмовки"></catref>
<catref target="Я4,5жм" type="Метрическая формула"></catref>
<catref target="nan" type="Дополнительные параметры"></catref>
<catref target="28" type="Число строк"></catref>
<catref target="М. Бартель" type="Автор оригинала"></catref>
<catref target="немецкий" type="Язык оригинала"></catref>
</textclass></profiledesc>
</teiheader>
<text>
<body>
<div1 n="2" type="volume">
<div2 n="139" type="part">
<head>139.
УТОПИЯ</head>
<lg type="quatrain">
<l n="1">Люблю внимать средь грохота и теми</l>
<l n="2">Утопии заморским голосам:</l>
<l n="3">По-старому еще бушует время,</l>
<l n="4">По-новому шумят ее леса.</l>
</lg>
<lg type="quatrain">
<l n="5">Угадываю наигрыш бесплотный,</l>
<l n="6">Рожденный хриплой музыкой войны,</l>
<l n="7">И звуки песни, прежде мимолетной,</l>
<l n="8">В органный голос масс воплощены.</l>
</lg>
<lg type="couplet">
<l n="9">Утопия! под купол твой свинцовый,</l>
<l n="10">Под твой сияющий зенит,</l>
</lg>
<lg type="quatrain">
<l n="11">Играет ветер пальмовой тесьмою,</l>
<l n="12">И взбитый пеной воздух по холмам, —</l>
<l n="13">Заря девической ступнею —</l>
<l n="14">Идет по лаковым волнам.</l>
</lg>
<lg type="quatrain">
<l n="15">Ты зрелой жизни изобилье.</l>
<l n="16">Мать, на руках твоих прилечь</l>
<l n="17">И ветошь страха и бессилья</l>
<l n="18">Смять судорожно, сбросить с плеч.</l>
</lg>
<lg type="quatrain">
<l n="19">Ты золотым хрустящим хлебом</l>
<l n="20">Накормишь по любви народ,</l>
<l n="21">И под твоим шатровым небом</l>
<l n="22">Земля для нищих расцветет.</l>
</lg>
<lg type="quatrain">
<l n="23">Льнет к острову прибой громовый —</l>
<l n="24">Под твой зияющий зенит.</l>
<l n="25">Под купол твой лазорево-грозовый</l>
<l n="26">Челн современника скользит.</l>
</lg>
</div2>
</div1>
</body>
</text>
</tei>
