<?xml version='1.0' encoding='UTF8'?>
<tei xmlns="http://www.tei-c.org/ns/1.0">
<teiheader>
<filedesc>
<titlestmt>
<title>Переводы. Макс Бартель. Гроза права</title>
<author>О.Э. Мандельштам</author>
</titlestmt>
<publicationstmt>
<p>АРТ-БИЗНЕС-ЦЕНТР МОСКВА 1993</p>
<biblstruct>
<biblscope n="" type="volume"></biblscope>
<biblscope n="" type="part"></biblscope>
</biblstruct></publicationstmt>
<sourcedesc>
<p>Издание подготовлено Мандельштамовским обществом</p>
</sourcedesc>
<respstmt>
<resp>Подготовка и разметка файлов - Алексей Литвинцев, Вероника Файнберг. Создание
          электронного ресурса - Тимофей Молчанов. Руководители проекта - Центр Digital Humanities,
          Мандельштамовское общество (НИУ ВШЭ).</resp>
</respstmt></filedesc>
<profiledesc>
<textdesc n="poem"></textdesc>
<textclass>
<catref target="2_132" type="ID"></catref>
<catref target="О.Э. Мандельштам. Собрание сочинений в 4-х т. -- М.: Терра, 1991" type="Источник"></catref>
<catref target="стихотворение" type="Жанр художественной литературы"></catref>
<catref target="перевод" type="Уточнение жанра"></catref>
<catref target="Я" type="Метр"></catref>
<catref target="4(5)" type="Длина строки"></catref>
<catref target="регулярная" type="Клаузула"></catref>
<catref target="жм" type="Уточнение клаузулы"></catref>
<catref target="nan" type="Классическая строфа"></catref>
<catref target="перекрестная" type="Рифма"></catref>
<catref target="абаб" type="Схема рифмовки"></catref>
<catref target="Я4жм. Я5ж" type="Метрическая формула"></catref>
<catref target="nan" type="Дополнительные параметры"></catref>
<catref target="36" type="Число строк"></catref>
<catref target="М. Бартель" type="Автор оригинала"></catref>
<catref target="немецкий" type="Язык оригинала"></catref>
</textclass></profiledesc>
</teiheader>
<text>
<body>
<div1 n="2" type="volume">
<div2 n="132" type="part">
<head>132.
ГРОЗА ПРАВА</head>
<lg type="quatrain">
<l n="1">Лесная загудела качка.</l>
<l n="2">Кидаюсь в песню с головой!</l>
<l n="3">Вот грома темная заплачка.</l>
<l n="4">Ей вторит сердца темный вой.</l>
</lg>
<lg type="quatrain">
<l n="5">Разлапый, на корню, бродяга,</l>
<l n="6">С лазурью в хвойных бородах,</l>
<l n="7">Брат— лес, шуми в сырых оврагах,</l>
<l n="8">Твоих студеных погребах!</l>
</lg>
<lg type="quatrain">
<l n="9">Подпочва стонет. Сухожилья</l>
<l n="10">Корней пьют влажные права.</l>
<l n="11">В вершинах жизни изобилье.</l>
<l n="12">Гроза права. Гроза права.</l>
</lg>
<lg type="quatrain">
<l n="13">К земле нагнула ветви-звезды,</l>
<l n="14">К корням. Подпочвы стон стоит.</l>
<l n="15">И пеньем птиц расширен воздух —</l>
<l n="16">Брат-лес бытийствует, шумит.</l>
</lg>
<lg type="quatrain">
<l n="17">И в бархат ласковый, незнойный.</l>
<l n="18">Зеленый пролился кувшин —</l>
<l n="19">Чтоб, напитавшись маслом хвойным,</l>
<l n="20">Горели фитили вершин.</l>
</lg>
<lg type="quatrain">
<l n="21">Огонь. А я с надеждой зыбкой</l>
<l n="22">Тропинкой узкой в гору шел,</l>
<l n="23">И провожал тягучей скрипкой</l>
<l n="24">Меня в дорогу запах смол.</l>
</lg>
<lg type="quatrain">
<l n="25">Вскипает тьма сосны и кедра.</l>
<l n="26">Я вышел крепким из глубин,</l>
<l n="27">И благородной флейтой ветра</l>
<l n="28">Пел запад — как вина рубин.</l>
</lg>
<lg type="quatrain">
<l n="29">Я счастья полновесный слиток</l>
<l n="30">В колодезь горный уронил;</l>
<l n="31">О, расточи блаженных сил избыток</l>
<l n="32">И промолчи — кто б не спросил!</l>
</lg>
<lg type="quatrain">
<l n="33">Так голубой прикрыта чашей</l>
<l n="34">Лесного купола гора</l>
<l n="35">И усмирит волненье наше</l>
<l n="36">Недр материнская игра.</l>
</lg>
</div2>
</div1>
</body>
</text>
</tei>
