<?xml version='1.0' encoding='UTF8'?>
<tei xmlns="http://www.tei-c.org/ns/1.0">
<teiheader>
<filedesc>
<titlestmt>
<title>Переводы. Макс Бартель. Колосья</title>
<author>О.Э. Мандельштам</author>
</titlestmt>
<publicationstmt>
<p>АРТ-БИЗНЕС-ЦЕНТР МОСКВА 1993</p>
<biblstruct>
<biblscope n="" type="volume"></biblscope>
<biblscope n="" type="part"></biblscope>
</biblstruct></publicationstmt>
<sourcedesc>
<p>Издание подготовлено Мандельштамовским обществом</p>
</sourcedesc>
<respstmt>
<resp>Подготовка и разметка файлов - Алексей Литвинцев, Вероника Файнберг. Создание
          электронного ресурса - Тимофей Молчанов. Руководители проекта - Центр Digital Humanities,
          Мандельштамовское общество (НИУ ВШЭ).</resp>
</respstmt></filedesc>
<profiledesc>
<textdesc n="poem"></textdesc>
<textclass>
<catref target="2_131" type="ID"></catref>
<catref target="О.Э. Мандельштам. Собрание сочинений в 4-х т. -- М.: Терра, 1991" type="Источник"></catref>
<catref target="стихотворение" type="Жанр художественной литературы"></catref>
<catref target="перевод" type="Уточнение жанра"></catref>
<catref target="Аф, Д, тонический : Тк" type="Метр"></catref>
<catref target="вольная" type="Длина строки"></catref>
<catref target="вольная" type="Клаузула"></catref>
<catref target="ж, м" type="Уточнение клаузулы"></catref>
<catref target="nan" type="Классическая строфа"></catref>
<catref target="перекрестная" type="Рифма"></catref>
<catref target="абаб" type="Схема рифмовки"></catref>
<catref target="Тк2,4ж,м" type="Метрическая формула"></catref>
<catref target="нарушения анакрусы" type="Дополнительные параметры"></catref>
<catref target="20" type="Число строк"></catref>
<catref target="М. Бартель" type="Автор оригинала"></catref>
<catref target="немецкий" type="Язык оригинала"></catref>
</textclass></profiledesc>
</teiheader>
<text>
<body>
<div1 n="2" type="volume">
<div2 n="131" type="part">
<head>131.
КОЛОСЬЯ</head>
<lg type="quatrain">
<l n="1">Поле сраженья зарубцевалось.</l>
<l n="2">Всюду зеленые нежные швы:</l>
<l n="3">Веет колосьев робкая жалость</l>
<l n="4">В море весенней синевы.</l>
</lg>
<lg type="quatrain">
<l n="5">Зыбь ветерка.</l>
<l n="6">Утра костер.</l>
<l n="7">Рожь высока.</l>
<l n="8">Солнце в упор.</l>
</lg>
<lg type="quatrain">
<l n="9">Блеск возрожденья лугов зеленых —</l>
<l n="10">Это весеннего мира приход.</l>
<l n="11">В душу отчаявшихся и угнетенных</l>
<l n="12">Он росяную прохладу прольет.</l>
</lg>
<lg type="quatrain">
<l n="13">Добрым и умным своим шелестеньем,</l>
<l n="14">Колос, в гневные, скорбные дни</l>
<l n="15">Встань над кладбищенским тленьем!</l>
<l n="16">Флаги зеленых надежд разверни!</l>
</lg>
<lg type="quatrain">
<l n="17">Хлеб, всколосись</l>
<l n="18">В пурпурную рань!</l>
<l n="19">Колос, в зерно превратись!</l>
<l n="20">Солнце багровое, встань!</l>
</lg>
</div2>
</div1>
</body>
</text>
</tei>
