<?xml version='1.0' encoding='UTF8'?>
<tei xmlns="http://www.tei-c.org/ns/1.0">
<teiheader>
<filedesc>
<titlestmt>
<title>Переводы. Макс Бартель. «Простерла руку жизнь над ними...»</title>
<author>О.Э. Мандельштам</author>
</titlestmt>
<publicationstmt>
<p>АРТ-БИЗНЕС-ЦЕНТР МОСКВА 1993</p>
<biblstruct>
<biblscope n="" type="volume"></biblscope>
<biblscope n="" type="part"></biblscope>
</biblstruct></publicationstmt>
<sourcedesc>
<p>Издание подготовлено Мандельштамовским обществом</p>
</sourcedesc>
<respstmt>
<resp>Подготовка и разметка файлов - Алексей Литвинцев, Вероника Файнберг. Создание
          электронного ресурса - Тимофей Молчанов. Руководители проекта - Центр Digital Humanities,
          Мандельштамовское общество (НИУ ВШЭ).</resp>
</respstmt></filedesc>
<profiledesc>
<textdesc n="poem"></textdesc>
<textclass>
<catref target="2_130" type="ID"></catref>
<catref target="О.Э. Мандельштам. Собрание сочинений в 4-х т. -- М.: Терра, 1991" type="Источник"></catref>
<catref target="стихотворение" type="Жанр художественной литературы"></catref>
<catref target="перевод" type="Уточнение жанра"></catref>
<catref target="Я" type="Метр"></catref>
<catref target="4" type="Длина строки"></catref>
<catref target="регулярная" type="Клаузула"></catref>
<catref target="жм" type="Уточнение клаузулы"></catref>
<catref target="nan" type="Классическая строфа"></catref>
<catref target="перекрестная" type="Рифма"></catref>
<catref target="абаб" type="Схема рифмовки"></catref>
<catref target="Я4жм" type="Метрическая формула"></catref>
<catref target="nan" type="Дополнительные параметры"></catref>
<catref target="24" type="Число строк"></catref>
<catref target="М. Бартель" type="Автор оригинала"></catref>
<catref target="немецкий" type="Язык оригинала"></catref>
</textclass></profiledesc>
</teiheader>
<text>
<body>
<div1 n="2" type="volume">
<div2 n="130" type="part">
<head>130.</head>
<lg type="quatrain">
<l n="1">Простерла руку жизнь над нами.</l>
<l n="2">Я был до боли молодым.</l>
<l n="3">Моих зрачков метнулось пламя</l>
<l n="4">К зрачкам темнеющим твоим.</l>
</lg>
<lg type="quatrain">
<l n="5">В тебе певучий гул машины</l>
<l n="6">И крутень яростный колес.</l>
<l n="7">Я верен общему почину —</l>
<l n="8">Но сердце к сердцу я принес.</l>
</lg>
<lg type="quatrain">
<l n="9">И день сложил свою поклажу.</l>
<l n="10">Пустуют скамьи мастерских.</l>
<l n="11">Вот вечер с розовою пряжей,</l>
<l n="12">Лес, полный голосов ночных.</l>
</lg>
<lg type="couplet">
<l n="13">И вот когда, себя не помня,</l>
<l n="14">Как миру чуждые лучи, —</l>
</lg>
<lg type="quatrain">
<l n="15">Как дышишь ты! Соблазн великий!</l>
<l n="16">Как изучил я этот плен!</l>
<l n="17">О, этот путь, ночной и дикий</l>
<l n="18">До берега твоих колен!</l>
</lg>
<lg type="quatrain">
<l n="19">Однажды в ночь, себя не помня, —</l>
<l n="20">Она плащом покрыла нас —</l>
<l n="21">Я погрузился в нежный омут,</l>
<l n="22">Зарделся, вспыхнул и погас.</l>
</lg>
</div2>
</div1>
</body>
</text>
</tei>
