<?xml version='1.0' encoding='UTF8'?>
<tei xmlns="http://www.tei-c.org/ns/1.0">
<teiheader>
<filedesc>
<titlestmt>
<title>Переводы. Макс Бартель. Кулак</title>
<author>О.Э. Мандельштам</author>
</titlestmt>
<publicationstmt>
<p>АРТ-БИЗНЕС-ЦЕНТР МОСКВА 1993</p>
<biblstruct>
<biblscope n="" type="volume"></biblscope>
<biblscope n="" type="part"></biblscope>
</biblstruct></publicationstmt>
<sourcedesc>
<p>Издание подготовлено Мандельштамовским обществом</p>
</sourcedesc>
<respstmt>
<resp>Подготовка и разметка файлов - Алексей Литвинцев, Вероника Файнберг. Создание
          электронного ресурса - Тимофей Молчанов. Руководители проекта - Центр Digital Humanities,
          Мандельштамовское общество (НИУ ВШЭ).</resp>
</respstmt></filedesc>
<profiledesc>
<textdesc n="poem"></textdesc>
<textclass>
<catref target="2_148" type="ID"></catref>
<catref target="О.Э. Мандельштам. Собрание сочинений в 4-х т. -- М.: Терра, 1991" type="Источник"></catref>
<catref target="стихотворение" type="Жанр художественной литературы"></catref>
<catref target="перевод" type="Уточнение жанра"></catref>
<catref target="Я" type="Метр"></catref>
<catref target="вольная" type="Длина строки"></catref>
<catref target="регулярная" type="Клаузула"></catref>
<catref target="жм" type="Уточнение клаузулы"></catref>
<catref target="nan" type="Классическая строфа"></catref>
<catref target="перекрестная" type="Рифма"></catref>
<catref target="абаб" type="Схема рифмовки"></catref>
<catref target="Я4,5,6жм" type="Метрическая формула"></catref>
<catref target="nan" type="Дополнительные параметры"></catref>
<catref target="20" type="Число строк"></catref>
<catref target="М. Бартель" type="Автор оригинала"></catref>
<catref target="немецкий" type="Язык оригинала"></catref>
</textclass></profiledesc>
</teiheader>
<text>
<body>
<div1 n="2" type="volume">
<div2 n="148" type="part">
<head>148.
КУЛАК</head>
<lg type="quatrain">
<l n="1">Благословен судеб кромешным хором,</l>
<l n="2">Благословен в ночах и днях,</l>
<l n="3">В последний раз мятежным приговором</l>
<l n="4">Рокочущий обрушил взмах!</l>
</lg>
<lg type="quatrain">
<l n="5">Рай. Цокает табун о золотых копытах.</l>
<l n="6">Шагает мощно солнце в ворота.</l>
<l n="7">Фиалки брошены на раскаленных плитах,</l>
<l n="8">И ноша пламени кристальна и чиста.</l>
</lg>
<lg type="quatrain">
<l n="9">Звериное тепло и братское веселье;</l>
<l n="10">Ягненка, старший брат, целует лев в глаза;</l>
<l n="11">И горло певчих птиц распухло гибкой трелью,</l>
<l n="12">Как виноградная лоза.</l>
</lg>
<lg type="quatrain">
<l n="13">Зато поэт, кифару отодвинув,</l>
<l n="14">Вдруг вспомнит ритм, фабричный молоток!</l>
<l n="15">И шмель гудит, и воздух синь на диво,</l>
<l n="16">И красной розою раскрылся рок.</l>
</lg>
<lg type="quatrain">
<l n="17">Возьмитесь за руки, любите, спорить бросьте:</l>
<l n="18">Достроил башню мир, упрямый Вавилон;<rs ref="Вавилон" type="geo_index"></rs></l>
<l n="19">Здесь правдолюбца дом, его друзья и гости,</l>
<l n="20">И мир в своей руке плясать заставил он.</l>
</lg>
</div2>
</div1>
</body>
</text>
</tei>
