<?xml version='1.0' encoding='UTF8'?>
<tei xmlns="http://www.tei-c.org/ns/1.0">
<teiheader>
<filedesc>
<titlestmt>
<title>Переводы. Макс Бартель. Призыв</title>
<author>О.Э. Мандельштам</author>
</titlestmt>
<publicationstmt>
<p>АРТ-БИЗНЕС-ЦЕНТР МОСКВА 1993</p>
<biblstruct>
<biblscope n="" type="volume"></biblscope>
<biblscope n="" type="part"></biblscope>
</biblstruct></publicationstmt>
<sourcedesc>
<p>Издание подготовлено Мандельштамовским обществом</p>
</sourcedesc>
<respstmt>
<resp>Подготовка и разметка файлов - Алексей Литвинцев, Вероника Файнберг. Создание
          электронного ресурса - Тимофей Молчанов. Руководители проекта - Центр Digital Humanities,
          Мандельштамовское общество (НИУ ВШЭ).</resp>
</respstmt></filedesc>
<profiledesc>
<textdesc n="poem"></textdesc>
<textclass>
<catref target="2_145" type="ID"></catref>
<catref target="О.Э. Мандельштам. Собрание сочинений в 4-х т. -- М.: Терра, 1991" type="Источник"></catref>
<catref target="стихотворение" type="Жанр художественной литературы"></catref>
<catref target="перевод" type="Уточнение жанра"></catref>
<catref target="Я" type="Метр"></catref>
<catref target="4" type="Длина строки"></catref>
<catref target="регулярная" type="Клаузула"></catref>
<catref target="жм" type="Уточнение клаузулы"></catref>
<catref target="nan" type="Классическая строфа"></catref>
<catref target="перекрестная" type="Рифма"></catref>
<catref target="абаб" type="Схема рифмовки"></catref>
<catref target="Я4жм" type="Метрическая формула"></catref>
<catref target="nan" type="Дополнительные параметры"></catref>
<catref target="60" type="Число строк"></catref>
<catref target="М. Бартель" type="Автор оригинала"></catref>
<catref target="немецкий" type="Язык оригинала"></catref>
</textclass></profiledesc>
</teiheader>
<text>
<body>
<div1 n="2" type="volume">
<div2 n="145" type="part">
<head>145.
ПРИЗЫВ</head>
<lg type="quatrain">
<l n="1">Вставайте с мрачного ночлега,</l>
<l n="2">Тупого данники труда,</l>
<l n="3">Чтоб знамя красное с разбега</l>
<l n="4">Лесной вершине передать.</l>
</lg>
<lg type="quatrain">
<l n="5">Учитесь властвовать собою,</l>
<l n="6">Как дух творца— формовщика:</l>
<l n="7">Ведь перед красною судьбою</l>
<l n="8">Тверда литейщика рука.</l>
</lg>
<lg type="quatrain">
<l n="9">Цветочную ли холить грядку,</l>
<l n="10">Когда ворчит в амбарах гром?</l>
<l n="11">Лизать ли барскую перчатку,</l>
<l n="12">Когда штурмуют старый дом?</l>
</lg>
<lg type="quatrain">
<l n="13">Да будут вам примером трудным</l>
<l n="14">Дерев зеленые верхи:</l>
<l n="15">Корням доверившись подспудным,</l>
<l n="16">Средь голубых шумят стихий.</l>
</lg>
<lg type="quatrain">
<l n="17">Так не пора ли вынуть жребий,</l>
<l n="18">На громовой призыв скрепясь:</l>
<l n="19">Вам должно головой стать в небе</l>
<l n="20">И сохранить с землею связь.</l>
</lg>
<lg type="quatrain">
<l n="21">И брызнет сок из муравьиной</l>
<l n="22">Из черной мастерской корней</l>
<l n="23">И разольется до вершины</l>
<l n="24">В зеленых щупальцах ветвей.</l>
</lg>
<lg type="quatrain">
<l n="25">Еще царюет ночь— дикарка</l>
<l n="26">И полыхает в сердце тень,</l>
<l n="27">Но в кузнице страданья жаркой</l>
<l n="28">Изображен грядущий день.</l>
</lg>
<lg type="quatrain">
<l n="29">Язык грядущего богатый —</l>
<l n="30">В нем орлий крик, огонь и крепь.</l>
<l n="31">Скрепясь, ломайте казематы,</l>
<l n="32">Кандальную дробите цепь!</l>
</lg>
<lg type="quatrain">
<l n="33">Так воспаленными словами</l>
<l n="34">Мятеж посеял я в стране,</l>
<l n="35">И мне повиновалось пламя —</l>
<l n="36">Затем, что я стоял в огне.</l>
</lg>
<lg type="quatrain">
<l n="37">И сердце вместе с ураганом</l>
<l n="38">Швырнуло вызов небесам:</l>
<l n="39">Крепчайший ствол гудит органом,</l>
<l n="40">Но прежде всех он рухнет сам.</l>
</lg>
<lg type="quatrain">
<l n="41">Дыханье масс. Сердцебиенье.</l>
<l n="42">Рукопожатий переплет.</l>
<l n="43">Сначала взлет, потом паденье,</l>
<l n="44">Потом скрип каторжных ворот.</l>
</lg>
<lg type="quatrain">
<l n="45">Дня запечатано сиянье.</l>
<l n="46">Везде решетки и волчки.</l>
<l n="47">Как лозунги знамен восстанья —</l>
<l n="48">Душа разорвана в клочки.</l>
</lg>
<lg type="quatrain">
<l n="49">Действительность глаза мне режет.</l>
<l n="50">Товарищи лежат в бреду.</l>
<l n="51">Я слышу отреченья скрежет:</l>
<l n="52">Отказ. Конец. Куда пойду?</l>
</lg>
<lg type="couplet">
<l n="53">Но хладнокровно и умело</l>
<l n="54">Я сердце вылущил в груди;</l>
</lg>
<lg type="quatrain">
<l n="55">По всем дорогам твердым шагом</l>
<l n="56">Я шел, не опуская глаз.</l>
<l n="57">Любовь по роковым оврагам</l>
<l n="58">Спасает мужественных, нас.</l>
</lg>
</div2>
</div1>
</body>
</text>
</tei>
