<?xml version='1.0' encoding='UTF8'?>
<tei xmlns="http://www.tei-c.org/ns/1.0">
<teiheader>
<filedesc>
<titlestmt>
<title>Переводы. Макс Бартель. Март</title>
<author>О.Э. Мандельштам</author>
</titlestmt>
<publicationstmt>
<p>АРТ-БИЗНЕС-ЦЕНТР МОСКВА 1993</p>
<biblstruct>
<biblscope n="" type="volume"></biblscope>
<biblscope n="" type="part"></biblscope>
</biblstruct></publicationstmt>
<sourcedesc>
<p>Издание подготовлено Мандельштамовским обществом</p>
</sourcedesc>
<respstmt>
<resp>Подготовка и разметка файлов - Алексей Литвинцев, Вероника Файнберг. Создание
          электронного ресурса - Тимофей Молчанов. Руководители проекта - Центр Digital Humanities,
          Мандельштамовское общество (НИУ ВШЭ).</resp>
</respstmt></filedesc>
<profiledesc>
<textdesc n="poem"></textdesc>
<textclass>
<catref target="2_143" type="ID"></catref>
<catref target="О.Э. Мандельштам. Собрание сочинений в 4-х т. -- М.: Терра, 1991" type="Источник"></catref>
<catref target="стихотворение" type="Жанр художественной литературы"></catref>
<catref target="перевод" type="Уточнение жанра"></catref>
<catref target="Я" type="Метр"></catref>
<catref target="регулярная" type="Длина строки"></catref>
<catref target="регулярная" type="Клаузула"></catref>
<catref target="мж" type="Уточнение клаузулы"></catref>
<catref target="nan" type="Классическая строфа"></catref>
<catref target="четная" type="Рифма"></catref>
<catref target="хаха" type="Схема рифмовки"></catref>
<catref target="Я4м+Я3ж" type="Метрическая формула"></catref>
<catref target="nan" type="Дополнительные параметры"></catref>
<catref target="20" type="Число строк"></catref>
<catref target="М. Бартель" type="Автор оригинала"></catref>
<catref target="немецкий" type="Язык оригинала"></catref>
</textclass></profiledesc>
</teiheader>
<text>
<body>
<div1 n="2" type="volume">
<div2 n="143" type="part">
<head>143.
МАРТ</head>
<lg type="quatrain">
<l n="1">Вонзились в март, в горячий март,</l>
<l n="2">Звезд красные булавки,</l>
<l n="3">Свистит сквозняк — сквозняк свистит</l>
<l n="4">В домах, казармах, лавках!</l>
</lg>
<lg type="quatrain">
<l n="5">Свивают жгут и кровь прольют:</l>
<l n="6">Лафа свисткам и бурям —</l>
<l n="7">Март пролил кровь, свивая жгут,</l>
<l n="8">Дичком ворвался в тюрьмы.</l>
</lg>
<lg type="quatrain">
<l n="9">На что уж мертв булыжный наст —</l>
<l n="10">Булыжник — камень хмурый, —</l>
<l n="11">Не смей громить его, битюг</l>
<l n="12">И рыночные фуры!</l>
</lg>
<lg type="quatrain">
<l n="13">На нем лежал сугроба пласт</l>
<l n="14">Прессованной громадой,</l>
<l n="15">Теперь коробится горой</l>
<l n="16">И пухнет баррикадой.</l>
</lg>
<lg type="quatrain">
<l n="17">Свивают жгут и кровь прольют,</l>
<l n="18">В стране свистки и буря —</l>
<l n="19">Март пролил кровь, свивая жгут!</l>
<l n="20">Свистим, дрожим, дежурим.</l>
</lg>
</div2>
</div1>
</body>
</text>
</tei>
