<?xml version='1.0' encoding='UTF8'?>
<tei xmlns="http://www.tei-c.org/ns/1.0">
<teiheader>
<filedesc>
<titlestmt>
<title>Переводы. Макс Бартель. «Перебросилось в сердце сотрясенье турбины...»</title>
<author>О.Э. Мандельштам</author>
</titlestmt>
<publicationstmt>
<p>АРТ-БИЗНЕС-ЦЕНТР МОСКВА 1993</p>
<biblstruct>
<biblscope n="" type="volume"></biblscope>
<biblscope n="" type="part"></biblscope>
</biblstruct></publicationstmt>
<sourcedesc>
<p>Издание подготовлено Мандельштамовским обществом</p>
</sourcedesc>
<respstmt>
<resp>Подготовка и разметка файлов - Алексей Литвинцев, Вероника Файнберг. Создание
          электронного ресурса - Тимофей Молчанов. Руководители проекта - Центр Digital Humanities,
          Мандельштамовское общество (НИУ ВШЭ).</resp>
</respstmt></filedesc>
<profiledesc>
<textdesc n="poem"></textdesc>
<textclass>
<catref target="2_149" type="ID"></catref>
<catref target="О.Э. Мандельштам. Собрание сочинений в 4-х т. -- М.: Терра, 1991" type="Источник"></catref>
<catref target="стихотворение" type="Жанр художественной литературы"></catref>
<catref target="перевод" type="Уточнение жанра"></catref>
<catref target="Ан, Аф, Д, тонический : Ак" type="Метр"></catref>
<catref target="вольная" type="Длина строки"></catref>
<catref target="вольная" type="Клаузула"></catref>
<catref target="д, ж, м" type="Уточнение клаузулы"></catref>
<catref target="nan" type="Классическая строфа"></catref>
<catref target="перекрестная" type="Рифма"></catref>
<catref target="абаб" type="Схема рифмовки"></catref>
<catref target="Ак2,3,4,5д,ж,м" type="Метрическая формула"></catref>
<catref target="переменная анакруса" type="Дополнительные параметры"></catref>
<catref target="20" type="Число строк"></catref>
<catref target="М. Бартель" type="Автор оригинала"></catref>
<catref target="немецкий" type="Язык оригинала"></catref>
</textclass></profiledesc>
</teiheader>
<text>
<body>
<div1 n="2" type="volume">
<div2 n="149" type="part">
<head>149.</head>
<lg type="20_line">
<l n="1">Перебросилось в сердце сотрясенье турбины.</l>
<l n="2">Я — мастерская, пронизанная шумами.</l>
<l n="3">Спели песню ваши динамо-машины,</l>
<l n="4">Загудела грусть моя динамо-думами.</l>
<l n="5">Я стою рядом с вашей бастующей печью,</l>
<l n="6">И стелется дым потухших очагов</l>
<l n="7">К изрожденному рельсами заречью,</l>
<l n="8">Где не слышно грохота вам послушных поездов.</l>
<l n="9">Не хотите ли сесть на рабочие скамьи, —</l>
<l n="10">Остроумцы, канцелярии чернильные грибы?</l>
<l n="11">То-то вы испуганно всплеснете руками —</l>
<l n="12">Отшвырнет белоручек мощный прилив судьбы!</l>
<l n="13">Размягчите кости в производствах отравленных,</l>
<l n="14">Вдохните шахт заплесневевшую пыль:</l>
<l n="15">Мы — союз заговорщиков новоявленных,</l>
<l n="16">Вы — вчерашнего дня смердящая гниль.</l>
<l n="17">И творческой радости нет предела.</l>
<l n="18">По хлябям хаоса плавает духа глагол:</l>
<l n="19">Мир переделать</l>
<l n="20">Рабочий пришел.</l>
</lg>
</div2>
</div1>
</body>
</text>
</tei>
