<?xml version='1.0' encoding='UTF8'?>
<tei xmlns="http://www.tei-c.org/ns/1.0">
<teiheader>
<filedesc>
<titlestmt>
<title>Переводы. Макс Бартель. «Мой шаг звучит...»</title>
<author>О.Э. Мандельштам</author>
</titlestmt>
<publicationstmt>
<p>АРТ-БИЗНЕС-ЦЕНТР МОСКВА 1993</p>
<biblstruct>
<biblscope n="" type="volume"></biblscope>
<biblscope n="" type="part"></biblscope>
</biblstruct></publicationstmt>
<sourcedesc>
<p>Издание подготовлено Мандельштамовским обществом</p>
</sourcedesc>
<respstmt>
<resp>Подготовка и разметка файлов - Алексей Литвинцев, Вероника Файнберг. Создание
          электронного ресурса - Тимофей Молчанов. Руководители проекта - Центр Digital Humanities,
          Мандельштамовское общество (НИУ ВШЭ).</resp>
</respstmt></filedesc>
<profiledesc>
<textdesc n="poem"></textdesc>
<textclass>
<catref target="2_144" type="ID"></catref>
<catref target="О.Э. Мандельштам. Собрание сочинений в 4-х т. -- М.: Терра, 1991" type="Источник"></catref>
<catref target="стихотворение" type="Жанр художественной литературы"></catref>
<catref target="перевод" type="Уточнение жанра"></catref>
<catref target="Я" type="Метр"></catref>
<catref target="2" type="Длина строки"></catref>
<catref target="регулярная" type="Клаузула"></catref>
<catref target="мж" type="Уточнение клаузулы"></catref>
<catref target="nan" type="Классическая строфа"></catref>
<catref target="четная" type="Рифма"></catref>
<catref target="хаха" type="Схема рифмовки"></catref>
<catref target="Я2мж" type="Метрическая формула"></catref>
<catref target="диссонанс" type="Дополнительные параметры"></catref>
<catref target="20" type="Число строк"></catref>
<catref target="М. Бартель" type="Автор оригинала"></catref>
<catref target="немецкий" type="Язык оригинала"></catref>
</textclass></profiledesc>
</teiheader>
<text>
<body>
<div1 n="2" type="volume">
<div2 n="144" type="part">
<head>144.</head>
<lg type="quatrain">
<l n="1">Мой шаг звучит</l>
<l n="2">Поутру рано</l>
<l n="3">Средь мастерских</l>
<l n="4">Чужого стана.</l>
</lg>
<lg type="quatrain">
<l n="5">Горит звезда</l>
<l n="6">В ночном тумане.</l>
<l n="7">На ней ярма</l>
<l n="8">Нет и в помине!</l>
</lg>
<lg type="quatrain">
<l n="9">Звезда как пух</l>
<l n="10">В седое утро.</l>
<l n="11">Проснулся труд —</l>
<l n="12">Дрожите, трутни!</l>
</lg>
<lg type="quatrain">
<l n="13">Кузнец кует</l>
<l n="14">Подкову— время;</l>
<l n="15">Но где же день,</l>
<l n="16">Желанный всеми?</l>
</lg>
<lg type="quatrain">
<l n="17">Кулак, огонь</l>
<l n="18">Молниевидный.</l>
<l n="19">Ах, новых звезд</l>
<l n="20">Не видеть стыдно!</l>
</lg>
</div2>
</div1>
</body>
</text>
</tei>
