<?xml version='1.0' encoding='UTF8'?>
<tei xmlns="http://www.tei-c.org/ns/1.0">
<teiheader>
<filedesc>
<titlestmt>
<title>Переводы. Макс Бартель. Пробуждение города</title>
<author>О.Э. Мандельштам</author>
</titlestmt>
<publicationstmt>
<p>АРТ-БИЗНЕС-ЦЕНТР МОСКВА 1993</p>
<biblstruct>
<biblscope n="" type="volume"></biblscope>
<biblscope n="" type="part"></biblscope>
</biblstruct></publicationstmt>
<sourcedesc>
<p>Издание подготовлено Мандельштамовским обществом</p>
</sourcedesc>
<respstmt>
<resp>Подготовка и разметка файлов - Алексей Литвинцев, Вероника Файнберг. Создание
          электронного ресурса - Тимофей Молчанов. Руководители проекта - Центр Digital Humanities,
          Мандельштамовское общество (НИУ ВШЭ).</resp>
</respstmt></filedesc>
<profiledesc>
<textdesc n="poem"></textdesc>
<textclass>
<catref target="2_147" type="ID"></catref>
<catref target="О.Э. Мандельштам. Собрание сочинений в 4-х т. -- М.: Терра, 1991" type="Источник"></catref>
<catref target="стихотворение" type="Жанр художественной литературы"></catref>
<catref target="перевод" type="Уточнение жанра"></catref>
<catref target="Я" type="Метр"></catref>
<catref target="4" type="Длина строки"></catref>
<catref target="вольная" type="Клаузула"></catref>
<catref target="ж, м" type="Уточнение клаузулы"></catref>
<catref target="nan" type="Классическая строфа"></catref>
<catref target="вольная" type="Рифма"></catref>
<catref target="nan" type="Схема рифмовки"></catref>
<catref target="Я4ж,м" type="Метрическая формула"></catref>
<catref target="nan" type="Дополнительные параметры"></catref>
<catref target="12" type="Число строк"></catref>
<catref target="М. Бартель" type="Автор оригинала"></catref>
<catref target="немецкий" type="Язык оригинала"></catref>
</textclass></profiledesc>
</teiheader>
<text>
<body>
<div1 n="2" type="volume">
<div2 n="147" type="part">
<head>147.
ПРОБУЖДЕНИЕ ГОРОДА</head>
<lg type="quatrain">
<l n="1">О городскую мостовую</l>
<l n="2">Разбился сон — крепчает явь.</l>
<l n="3">Освобожденью срок поставь!</l>
<l n="4">Явь с грезой цепь куют живую.</l>
</lg>
<lg type="quatrain">
<l n="5">Крепчает жизнь. О, ярость сдвига!</l>
<l n="6">Борьба с кромешной пеной тьмы!</l>
<l n="7">Да не застигнет ночь кормы</l>
<l n="8">Зерном наполненного брига!</l>
</lg>
<lg type="quatrain">
<l n="9">Крик первый. Рдеющее пламя.</l>
<l n="10">Блаженный утренник окреп,</l>
<l n="11">Рабочих одарил венками;</l>
<l n="12">Все, что мы схватим, — будет хлеб!</l>
</lg>
</div2>
</div1>
</body>
</text>
</tei>
