<?xml version='1.0' encoding='UTF8'?>
<tei xmlns="http://www.tei-c.org/ns/1.0">
<teiheader>
<filedesc>
<titlestmt>
<title>Переводы. Макс Бартель. Деятель</title>
<author>О.Э. Мандельштам</author>
</titlestmt>
<publicationstmt>
<p>АРТ-БИЗНЕС-ЦЕНТР МОСКВА 1993</p>
<biblstruct>
<biblscope n="" type="volume"></biblscope>
<biblscope n="" type="part"></biblscope>
</biblstruct></publicationstmt>
<sourcedesc>
<p>Издание подготовлено Мандельштамовским обществом</p>
</sourcedesc>
<respstmt>
<resp>Подготовка и разметка файлов - Алексей Литвинцев, Вероника Файнберг. Создание
          электронного ресурса - Тимофей Молчанов. Руководители проекта - Центр Digital Humanities,
          Мандельштамовское общество (НИУ ВШЭ).</resp>
</respstmt></filedesc>
<profiledesc>
<textdesc n="poem"></textdesc>
<textclass>
<catref target="2_140" type="ID"></catref>
<catref target="О.Э. Мандельштам. Собрание сочинений в 4-х т. -- М.: Терра, 1991" type="Источник"></catref>
<catref target="стихотворение" type="Жанр художественной литературы"></catref>
<catref target="перевод" type="Уточнение жанра"></catref>
<catref target="Я" type="Метр"></catref>
<catref target="4" type="Длина строки"></catref>
<catref target="регулярная" type="Клаузула"></catref>
<catref target="жм" type="Уточнение клаузулы"></catref>
<catref target="nan" type="Классическая строфа"></catref>
<catref target="перекрестная" type="Рифма"></catref>
<catref target="абаб" type="Схема рифмовки"></catref>
<catref target="Я4жм" type="Метрическая формула"></catref>
<catref target="nan" type="Дополнительные параметры"></catref>
<catref target="12" type="Число строк"></catref>
<catref target="М. Бартель" type="Автор оригинала"></catref>
<catref target="немецкий" type="Язык оригинала"></catref>
</textclass></profiledesc>
</teiheader>
<text>
<body>
<div1 n="2" type="volume">
<div2 n="140" type="part">
<head>140.
ДЕЯТЕЛЬ</head>
<lg type="quatrain">
<l n="1">Был некий муж тысячерукий.</l>
<l n="2">Был деятель. Глядясь в себя,</l>
<l n="3">Он видел длань, на цвет и звуки</l>
<l n="4">Свой изначальный сон дробя.</l>
</lg>
<lg type="quatrain">
<l n="5">Он видел длань, в самозабвеньи</l>
<l n="6">Вгрызалась в мускулы пила,</l>
<l n="7">И в пятикратном расщепленьи</l>
<l n="8">Впервые силой изошла.</l>
</lg>
<lg type="quatrain">
<l n="9">И распахнулся мрак тяжелый;</l>
<l n="10">Теперь другой ему внушал</l>
<l n="11">Неповторимые глаголы</l>
<l n="12">И светом ласковым сиял.</l>
</lg>
</div2>
</div1>
</body>
</text>
</tei>
