<?xml version='1.0' encoding='UTF8'?>
<tei xmlns="http://www.tei-c.org/ns/1.0">
<teiheader>
<filedesc>
<titlestmt>
<title>Переводы. Макс Бартель. Молодая гвардия</title>
<author>О.Э. Мандельштам</author>
</titlestmt>
<publicationstmt>
<p>АРТ-БИЗНЕС-ЦЕНТР МОСКВА 1993</p>
<biblstruct>
<biblscope n="" type="volume"></biblscope>
<biblscope n="" type="part"></biblscope>
</biblstruct></publicationstmt>
<sourcedesc>
<p>Издание подготовлено Мандельштамовским обществом</p>
</sourcedesc>
<respstmt>
<resp>Подготовка и разметка файлов - Алексей Литвинцев, Вероника Файнберг. Создание
          электронного ресурса - Тимофей Молчанов. Руководители проекта - Центр Digital Humanities,
          Мандельштамовское общество (НИУ ВШЭ).</resp>
</respstmt></filedesc>
<profiledesc>
<textdesc n="poem"></textdesc>
<textclass>
<catref target="2_146" type="ID"></catref>
<catref target="О.Э. Мандельштам. Собрание сочинений в 4-х т. -- М.: Терра, 1991" type="Источник"></catref>
<catref target="стихотворение" type="Жанр художественной литературы"></catref>
<catref target="перевод" type="Уточнение жанра"></catref>
<catref target="Аф, Д, тонический : Ак" type="Метр"></catref>
<catref target="вольная" type="Длина строки"></catref>
<catref target="регулярная" type="Клаузула"></catref>
<catref target="жм" type="Уточнение клаузулы"></catref>
<catref target="nan" type="Классическая строфа"></catref>
<catref target="перекрестная" type="Рифма"></catref>
<catref target="абаб" type="Схема рифмовки"></catref>
<catref target="Ак4,5жм. Ак4д" type="Метрическая формула"></catref>
<catref target="переменная анакруса, нарушения строфики, неравносложная рифма" type="Дополнительные параметры"></catref>
<catref target="44" type="Число строк"></catref>
<catref target="М. Бартель" type="Автор оригинала"></catref>
<catref target="немецкий" type="Язык оригинала"></catref>
</textclass></profiledesc>
</teiheader>
<text>
<body>
<div1 n="2" type="volume">
<div2 n="146" type="part">
<head>146.
МОЛОДАЯ ГВАРДИЯ</head>
<lg type="octet">
<l n="1">Продолжая раскачиваться в такт толчкам машины,</l>
<l n="2">Солнце-станок в груди затормозив,</l>
<l n="3">Хлынет молодежь из фабричной домовины, —</l>
<l n="4">Как река, впадающая в зеркальный залив.</l>
<l n="5">В них неистовством маховика пронизанные залы.</l>
<l n="6">Но в зрачках отражается спокойная вечера вода.</l>
<l n="7">Скоро они успокоятся, как фламандские каналы,</l>
<l n="8">Несущие праздничных гребцов в ослепительные города.</l>
</lg>
<lg type="octet">
<l n="9">На корме развеваются ганзейские флаги.</l>
<l n="10">В баснословную гавань, в Утопию плывут,</l>
<l n="11">Под стеклянное небо, в сад тропической влаги,</l>
<l n="12">Куда их сокровенные желанья зовут.</l>
<l n="13">Другие — чердачники и буквоеды,</l>
<l n="14">С керосиновой лампой и горкой книг, —</l>
<l n="15">Пока не будет найден рычаг Архимеда,<rs ref="Архимед" type="person"></rs></l>
<l n="16">Не будет разрешен мирозданья тупик.</l>
</lg>
<lg type="octet">
<l n="17">Разгоряченные клятвами, словно к невесте,</l>
<l n="18">К полочке с книгами подходят, трепеща;</l>
<l n="19">Распахивают окна в душную ночь предместья.</l>
<l n="20">Здравствуй, мятежник! Вчерашний раб, прощай!</l>
<l n="21">Бремя пытливости горше дневного мученья.</l>
<l n="22">Синими жилками вздувается мыслящий лоб.</l>
<l n="23">Но зато, если найдено правильное решенье,</l>
<l n="24">По телу пробегает счастливый озноб.</l>
</lg>
<lg type="tercet">
<l n="25">Ведь так стоял Колумб на корме каравеллы,<rs ref="Колумб, Христофор" type="person"></rs></l>
<l n="26">Когда раздался голос: «Земля, мы спасены!»</l>
<l n="27">Так стоял Васко де Гама, от счастья белее мела,<rs ref="Васко де Гама " type="person"></rs></l>
</lg>
<lg type="octet">
<l n="28">Их счастье осязаемо, им некуда стремиться:</l>
<l n="29">Смутно различают предметов грань.</l>
<l n="30">С ними шепчется дерево, к ним ластится птица,</l>
<l n="31">Сердце несут переполненное всклянь.</l>
<l n="32">Другие себя революцией связали:</l>
<l n="33">Гибкими клинками молодых рапир,</l>
<l n="34">Как странствующие рыцари в сумрачном зале,</l>
<l n="35">Они сражаются за грядущий мир.</l>
</lg>
<lg type="quatrain">
<l n="36">И масса внемлет ораторским бурям.</l>
<l n="37">Вырваны с корнем смиренье и судорожный страх.</l>
<l n="38">Гражданская война. Штурмуют тюрьмы.</l>
<l n="39">Рожденье баррикад в уличных боях!</l>
</lg>
</div2>
</div1>
</body>
</text>
</tei>
