<?xml version='1.0' encoding='UTF8'?>
<tei xmlns="http://www.tei-c.org/ns/1.0">
<teiheader>
<filedesc>
<titlestmt>
<title>Переводы. Макс Бартель. Лес</title>
<author>О.Э. Мандельштам</author>
</titlestmt>
<publicationstmt>
<p>АРТ-БИЗНЕС-ЦЕНТР МОСКВА 1993</p>
<biblstruct>
<biblscope n="" type="volume"></biblscope>
<biblscope n="" type="part"></biblscope>
</biblstruct></publicationstmt>
<sourcedesc>
<p>Издание подготовлено Мандельштамовским обществом</p>
</sourcedesc>
<respstmt>
<resp>Подготовка и разметка файлов - Алексей Литвинцев, Вероника Файнберг. Создание
          электронного ресурса - Тимофей Молчанов. Руководители проекта - Центр Digital Humanities,
          Мандельштамовское общество (НИУ ВШЭ).</resp>
</respstmt></filedesc>
<profiledesc>
<textdesc n="poem"></textdesc>
<textclass>
<catref target="2_141" type="ID"></catref>
<catref target="О.Э. Мандельштам. Собрание сочинений в 4-х т. -- М.: Терра, 1991" type="Источник"></catref>
<catref target="стихотворение" type="Жанр художественной литературы"></catref>
<catref target="перевод" type="Уточнение жанра"></catref>
<catref target="Я" type="Метр"></catref>
<catref target="4(5,6)" type="Длина строки"></catref>
<catref target="регулярная" type="Клаузула"></catref>
<catref target="жм" type="Уточнение клаузулы"></catref>
<catref target="nan" type="Классическая строфа"></catref>
<catref target="перекрестная" type="Рифма"></catref>
<catref target="абаб" type="Схема рифмовки"></catref>
<catref target="Я4жм. Я5ж, Я6м" type="Метрическая формула"></catref>
<catref target="nan" type="Дополнительные параметры"></catref>
<catref target="24" type="Число строк"></catref>
<catref target="М. Бартель" type="Автор оригинала"></catref>
<catref target="немецкий" type="Язык оригинала"></catref>
</textclass></profiledesc>
</teiheader>
<text>
<body>
<div1 n="2" type="volume">
<div2 n="141" type="part">
<head>141.
ЛЕС</head>
<lg type="quatrain">
<l n="1">Сомкнись скорей над головою</l>
<l n="2">Дремучим и сплошным шатром —</l>
<l n="3">Чтоб в клочья небо голубое</l>
<l n="4">Зеленым разорвать огнем.</l>
</lg>
<lg type="quatrain">
<l n="5">Старинное отцовское наследство —</l>
<l n="6">Стояло дерево в гудении машин:</l>
<l n="7">Я сухорукий ствол запомнил с детства,</l>
<l n="8">Когда я кланялся и помогал большим.</l>
</lg>
<lg type="quatrain">
<l n="9">Работа ладилась уныло.</l>
<l n="10">Стальная мышь в груди скреблась.</l>
<l n="11">Но дерево меня взманило —</l>
<l n="12">И в душу радость пролилась.</l>
</lg>
<lg type="quatrain">
<l n="13">Взгляну — и начинают сниться</l>
<l n="14">Колонны мачтовых лесов,</l>
<l n="15">Лепечет ключ, щебечет птица,</l>
<l n="16">В лесу темно, в душе светло.</l>
</lg>
<lg type="quatrain">
<l n="17">Я в жизни бодрствовал бессонной,</l>
<l n="18">Но ты всегда стоял за мной,</l>
<l n="19">Широкошумный и согбенный</l>
<l n="20">Лесной страдальческой покой — </l>
</lg>
<lg type="quatrain">
<l n="21">Лес-громовержец, солнцем пьяный,</l>
<l n="22">Смиренно гнущийся к земле</l>
<l n="23">И в мировые океаны,</l>
<l n="24">К созвездьям, рвущийся во мгле!</l>
</lg>
</div2>
</div1>
</body>
</text>
</tei>
