<?xml version='1.0' encoding='UTF8'?>
<tei xmlns="http://www.tei-c.org/ns/1.0">
<teiheader>
<filedesc>
<titlestmt>
<title>Переводы. Макс Бартель. Сводка</title>
<author>О.Э. Мандельштам</author>
</titlestmt>
<publicationstmt>
<p>АРТ-БИЗНЕС-ЦЕНТР МОСКВА 1993</p>
<biblstruct>
<biblscope n="" type="volume"></biblscope>
<biblscope n="" type="part"></biblscope>
</biblstruct></publicationstmt>
<sourcedesc>
<p>Издание подготовлено Мандельштамовским обществом</p>
</sourcedesc>
<respstmt>
<resp>Подготовка и разметка файлов - Алексей Литвинцев, Вероника Файнберг. Создание
          электронного ресурса - Тимофей Молчанов. Руководители проекта - Центр Digital Humanities,
          Мандельштамовское общество (НИУ ВШЭ).</resp>
</respstmt></filedesc>
<profiledesc>
<textdesc n="poem"></textdesc>
<textclass>
<catref target="2_142" type="ID"></catref>
<catref target="О.Э. Мандельштам. Собрание сочинений в 4-х т. -- М.: Терра, 1991" type="Источник"></catref>
<catref target="стихотворение" type="Жанр художественной литературы"></catref>
<catref target="перевод" type="Уточнение жанра"></catref>
<catref target="Ан, Аф, тонический : Ак" type="Метр"></catref>
<catref target="вольная" type="Длина строки"></catref>
<catref target="м" type="Клаузула"></catref>
<catref target="nan" type="Уточнение клаузулы"></catref>
<catref target="nan" type="Классическая строфа"></catref>
<catref target="вольная" type="Рифма"></catref>
<catref target="nan" type="Схема рифмовки"></catref>
<catref target="Ак2,4,5,6,7м" type="Метрическая формула"></catref>
<catref target="диссонанс, переменная анакруса" type="Дополнительные параметры"></catref>
<catref target="26" type="Число строк"></catref>
<catref target="М. Бартель" type="Автор оригинала"></catref>
<catref target="немецкий" type="Язык оригинала"></catref>
</textclass></profiledesc>
</teiheader>
<text>
<body>
<div1 n="2" type="volume">
<div2 n="142" type="part">
<head>142.
СВОДКА</head>
<lg type="quatrain">
<l n="1">Дым на поле битвы растаял давно.</l>
<l n="2">Новая война из старой почвы родилась,</l>
<l n="3">Серп луны искривленной дрожит, серебрясь,</l>
<l n="4">И в пучине вселенского моря темно.</l>
</lg>
<lg type="quatrain">
<l n="5">Звезды погасли, солнце — стеклянный шар,</l>
<l n="6">Пылает лоб бетонный больших городов.</l>
<l n="7">Выбиваются искры дерзких умов.</l>
<l n="8">Революция близится. Близок удар.</l>
</lg>
<lg type="quatrain">
<l n="9">Разгромы редакций. Типографий захват.</l>
<l n="10">Вокзалы убиты. Вещи холоднее рельс.</l>
<l n="11">Но мощной идеи бьется в насильях пульс, —</l>
<l n="12">Много негодующих. Проклятий крупный град.</l>
</lg>
<lg type="quintet">
<l n="13">Кряхтит буржуазия, друзья порядка шипят —</l>
<l n="14">Порядок и собственность мобилизуют власть.</l>
<l n="15">Да здравствует правительство!</l>
<l n="16">Расстреливают власть.</l>
<l n="17">Ехидная усмешка: разложился пролетариат!</l>
</lg>
<lg type="quintet">
<l n="18">Рабочие колонны, мятежа переплеск,</l>
<l n="19">По красному золотом надпись: «Спартак».</l>
<l n="20">Захлебываются винтовки. Атакует враг.</l>
<l n="21">Мозг родил насилие. Артиллерия на улицах.</l>
<l n="22">Пулеметный треск.</l>
</lg>
<lg type="quatrain">
<l n="23">Сводка: восстанье подавлено. Но повеяло свежестью с восточных равнин.</l>
<l n="24">Мертвые лежат вповалку под грудой рухнувших крыш.</l>
<l n="25">Солнце трубит: убийца рабочих, никуда не убежишь.</l>
<l n="26">И пламя ползет дальше. Клином вышибают клин.</l>
</lg>
</div2>
</div1>
</body>
</text>
</tei>
