<?xml version='1.0' encoding='UTF8'?>
<tei xmlns="http://www.tei-c.org/ns/1.0">
<teiheader>
<filedesc>
<titlestmt>
<title>Переводы. Макс Бартель. Видение Носке. 2. «На утро радостный почин...»</title>
<author>О.Э. Мандельштам</author>
</titlestmt>
<publicationstmt>
<p>АРТ-БИЗНЕС-ЦЕНТР МОСКВА 1993</p>
<biblstruct>
<biblscope n="" type="volume"></biblscope>
<biblscope n="" type="part"></biblscope>
</biblstruct></publicationstmt>
<sourcedesc>
<p>Издание подготовлено Мандельштамовским обществом</p>
</sourcedesc>
<respstmt>
<resp>Подготовка и разметка файлов - Алексей Литвинцев, Вероника Файнберг. Создание
          электронного ресурса - Тимофей Молчанов. Руководители проекта - Центр Digital Humanities,
          Мандельштамовское общество (НИУ ВШЭ).</resp>
</respstmt></filedesc>
<profiledesc>
<textdesc n="poem"></textdesc>
<textclass>
<catref target="2_157" type="ID"></catref>
<catref target="О.Э. Мандельштам. Собрание сочинений в 4-х т. -- М.: Терра, 1991" type="Источник"></catref>
<catref target="стихотворение" type="Жанр художественной литературы"></catref>
<catref target="перевод" type="Уточнение жанра"></catref>
<catref target="Я" type="Метр"></catref>
<catref target="вольная" type="Длина строки"></catref>
<catref target="м" type="Клаузула"></catref>
<catref target="nan" type="Уточнение клаузулы"></catref>
<catref target="nan" type="Классическая строфа"></catref>
<catref target="парная" type="Рифма"></catref>
<catref target="аа" type="Схема рифмовки"></catref>
<catref target="Я5,6,7,8м" type="Метрическая формула"></catref>
<catref target="nan" type="Дополнительные параметры"></catref>
<catref target="10" type="Число строк"></catref>
<catref target="М. Бартель" type="Автор оригинала"></catref>
<catref target="немецкий" type="Язык оригинала"></catref>
</textclass></profiledesc>
</teiheader>
<text>
<body>
<div1 n="2" type="volume">
<div2 n="" type="part">
<lg type="18_line">
<l n="1">Наутро радостный почин —</l>
<l n="2">Под баррикадами Берлин.<rs ref="Берлин" type="geo_index"></rs></l>
<l n="3">Народ, примкнув к винтовке штык,</l>
<l n="4">Горящий поднимает лик.</l>
<l n="5">Герр Носке освежился сном,</l>
<l n="6">Он в настроеньи боевом.</l>
<l n="7">Его подручный — лейтенант,</l>
<l n="8">В воротничке высоком франт!</l>
<l n="9">Прикажет — смерть, дохнет — чума...</l>
<l n="10">В Берлине свадьбы кутерьма,<rs ref="Берлин" type="geo_index"></rs></l>
<l n="11">И факелов смола трещит,</l>
<l n="12">И свадьба едет в Моабит.</l>
<l n="13">Кивнул, велел открыть огонь:</l>
<l n="14">Невесту топчет вражий конь.</l>
<l n="15">Взмахнул платком: затворов щелк —</l>
<l n="16">Расстрельщиков гвардейский полк.</l>
<l n="17">Виденье Носке. Темнота.</l>
<l n="18">Белая пена бьет изо рта.</l>
</lg>
</div2>
</div1>
</body>
</text>
</tei>
