<?xml version='1.0' encoding='UTF8'?>
<tei xmlns="http://www.tei-c.org/ns/1.0">
<teiheader>
<filedesc>
<titlestmt>
<title>Переводы. Макс Бартель. «Dorogaya»</title>
<author>О.Э. Мандельштам</author>
</titlestmt>
<publicationstmt>
<p>АРТ-БИЗНЕС-ЦЕНТР МОСКВА 1993</p>
<biblstruct>
<biblscope n="" type="volume"></biblscope>
<biblscope n="" type="part"></biblscope>
</biblstruct></publicationstmt>
<sourcedesc>
<p>Издание подготовлено Мандельштамовским обществом</p>
</sourcedesc>
<respstmt>
<resp>Подготовка и разметка файлов - Алексей Литвинцев, Вероника Файнберг. Создание
          электронного ресурса - Тимофей Молчанов. Руководители проекта - Центр Digital Humanities,
          Мандельштамовское общество (НИУ ВШЭ).</resp>
</respstmt></filedesc>
<profiledesc>
<textdesc n="poem"></textdesc>
<textclass>
<catref target="2_155" type="ID"></catref>
<catref target="О.Э. Мандельштам. Собрание сочинений в 4-х т. -- М.: Терра, 1991" type="Источник"></catref>
<catref target="стихотворение" type="Жанр художественной литературы"></catref>
<catref target="перевод" type="Уточнение жанра"></catref>
<catref target="Х" type="Метр"></catref>
<catref target="регулярная" type="Длина строки"></catref>
<catref target="регулярная" type="Клаузула"></catref>
<catref target="жжжм мжмж" type="Уточнение клаузулы"></catref>
<catref target="nan" type="Классическая строфа"></catref>
<catref target="нечетная" type="Рифма"></catref>
<catref target="ахах" type="Схема рифмовки"></catref>
<catref target="Х4ж+Х2ж+Х4жм" type="Метрическая формула"></catref>
<catref target="рефрен" type="Дополнительные параметры"></catref>
<catref target="40" type="Число строк"></catref>
<catref target="М. Бартель" type="Автор оригинала"></catref>
<catref target="немецкий" type="Язык оригинала"></catref>
</textclass></profiledesc>
</teiheader>
<text>
<body>
<div1 n="2" type="volume">
<div2 n="155" type="part">
<head>155.
«DOROGAYA»</head>
<lg type="octet">
<l n="1">Слышу шум грачей московских —</l>
<l n="2">«Дорогая!» —</l>
<l n="3">У кирпичных стен кремлевских.</l>
<l n="4">А дорога вьется в рай.</l>
<l n="5">Запрягай в телегу гром.</l>
<l n="6">«Дорогая»,</l>
<l n="7">В ворота́ твои войдем,</l>
<l n="8">«Дорогая».</l>
</lg>
<lg type="octet">
<l n="9">Ночь. Мерцает звездный улей, —</l>
<l n="10">«Дорогая!» —</l>
<l n="11">Жены милые вздохнули,</l>
<l n="12">А дорога вьется в рай.</l>
<l n="13">В пестряди цветов гора —</l>
<l n="14">«Дорогая!»,</l>
<l n="15">Встаньте, девушки, пора:</l>
<l n="16">«Дорогая!»</l>
</lg>
<lg type="octet">
<l n="17">В стан врагов мы мечем копья, —</l>
<l n="18">«Дорогая!» —</l>
<l n="19">Мы войдем в страну утопий,</l>
<l n="20">Ведь дорога вьется в рай.</l>
<l n="21">О тебе душа жива,</l>
<l n="22">«Дорогая»,</l>
<l n="23">Золотой маяк — Москва,<rs ref="Москва" type="geo_index"></rs><rs ref="Москва" type="geo_index"></rs></l>
<l n="24">«Дорогая».</l>
</lg>
<lg type="octet">
<l n="25">Нить врагов обрежет парка —</l>
<l n="26">«Дорогая», —</l>
<l n="27">И последний, после жаркой</l>
<l n="28">Битвы, первым вступит в рай.</l>
<l n="29">И струится красный флаг,</l>
<l n="30">«Дорогая»,</l>
<l n="31">И пурпурный вьется стяг,</l>
<l n="32">«Дорогая».</l>
</lg>
<lg type="octet">
<l n="33">Красный флаг и холм могильный,<rs ref="Москва" type="geo_index"></rs></l>
<l n="34">«Дорогая»,</l>
<l n="35">Мы пойдем в огонь крестильный:</l>
<l n="36">Лишь огонь приводит в рай.</l>
<l n="37">Ветер шелковый в лицо —</l>
<l n="38">«Дорогая».</l>
<l n="39">Станем все в ряды бойцов —</l>
<l n="40">«Дорогая!»</l>
</lg>
</div2>
</div1>
</body>
</text>
</tei>
