<?xml version='1.0' encoding='UTF8'?>
<tei xmlns="http://www.tei-c.org/ns/1.0">
<teiheader>
<filedesc>
<titlestmt>
<title>Переводы. Макс Бартель. Рука</title>
<author>О.Э. Мандельштам</author>
</titlestmt>
<publicationstmt>
<p>АРТ-БИЗНЕС-ЦЕНТР МОСКВА 1993</p>
<biblstruct>
<biblscope n="" type="volume"></biblscope>
<biblscope n="" type="part"></biblscope>
</biblstruct></publicationstmt>
<sourcedesc>
<p>Издание подготовлено Мандельштамовским обществом</p>
</sourcedesc>
<respstmt>
<resp>Подготовка и разметка файлов - Алексей Литвинцев, Вероника Файнберг. Создание
          электронного ресурса - Тимофей Молчанов. Руководители проекта - Центр Digital Humanities,
          Мандельштамовское общество (НИУ ВШЭ).</resp>
</respstmt></filedesc>
<profiledesc>
<textdesc n="poem"></textdesc>
<textclass>
<catref target="2_159" type="ID"></catref>
<catref target="О.Э. Мандельштам. Собрание сочинений в 4-х т. -- М.: Терра, 1991" type="Источник"></catref>
<catref target="стихотворение" type="Жанр художественной литературы"></catref>
<catref target="перевод" type="Уточнение жанра"></catref>
<catref target="Ан, Аф, Д, Х, Я, тонический : Дк" type="Метр"></catref>
<catref target="вольная" type="Длина строки"></catref>
<catref target="вольная" type="Клаузула"></catref>
<catref target="г, д, ж, м" type="Уточнение клаузулы"></catref>
<catref target="nan" type="Классическая строфа"></catref>
<catref target="0" type="Рифма"></catref>
<catref target="nan" type="Схема рифмовки"></catref>
<catref target="Дк2,3,4,5г,д,ж,м" type="Метрическая формула"></catref>
<catref target="переменная анакруса" type="Дополнительные параметры"></catref>
<catref target="47" type="Число строк"></catref>
<catref target="М. Бартель" type="Автор оригинала"></catref>
<catref target="немецкий" type="Язык оригинала"></catref>
</textclass></profiledesc>
</teiheader>
<text>
<body>
<div1 n="2" type="volume">
<div2 n="159" type="part">
<head>159.
РУКА</head>
<lg type="quatrain">
<l n="1">Спи спокойно, ладонь.</l>
<l n="2">Льет на тебя и на горы розовый солнце огонь.</l>
<l n="3">Спи спокойно, рука: блаженно твое забытье;</l>
<l n="4">Скоро в кулак ты сожмешься и будешь держать ружье.</l>
</lg>
<lg type="quatrain">
<l n="5">В этот час я хочу облегчить твои прегрешенья.</l>
<l n="6">Слушай, слушай, рука, грядущего нежное пенье:</l>
<l n="7">Скоро, рука, ты рассыплешь волосы милой густые,</l>
<l n="8">Дышащей груди коснутся льстивые пальцы мужские.</l>
</lg>
<lg type="quatrain">
<l n="9">Настанет день,</l>
<l n="10">И, как песок, журча, растает тень,</l>
<l n="11">И твердым кулаком</l>
<l n="12">Ты вклинишься в кипучей жизни гром.</l>
</lg>
<lg type="quintet">
<l n="13">И грубых часов собьешь вереницу</l>
<l n="14">В сверкающий круг.</l>
<l n="15">Свистки поездов. Пароходы с пшеницей.</l>
<l n="16">Свирепые битвы. Гудящие птицы.</l>
<l n="17">Из гулкой пропасти взлеты в зенит...</l>
</lg>
<lg type="quintet">
<l n="18">Рука, изловчившаяся в работе!</l>
<l n="19">Рука, за хлебом для мира в охоте!</l>
<l n="20">Рука, громоздящая подвиги в мрак, —</l>
<l n="21">Солнце рубцы твои омыло,</l>
<l n="22">Поцеловало, благословило:</l>
</lg>
<lg type="couplet">
<l n="23">Спи спокойно, рука:</l>
<l n="24">Скоро в убийственный ты сожмешься кулак!</l>
</lg>
</div2>
</div1>
</body>
</text>
</tei>
