<?xml version='1.0' encoding='UTF8'?>
<tei xmlns="http://www.tei-c.org/ns/1.0">
<teiheader>
<filedesc>
<titlestmt>
<title>Переводы. Макс Бартель. «Проснулся день, враждебный музыке и снам...»</title>
<author>О.Э. Мандельштам</author>
</titlestmt>
<publicationstmt>
<p>АРТ-БИЗНЕС-ЦЕНТР МОСКВА 1993</p>
<biblstruct>
<biblscope n="" type="volume"></biblscope>
<biblscope n="" type="part"></biblscope>
</biblstruct></publicationstmt>
<sourcedesc>
<p>Издание подготовлено Мандельштамовским обществом</p>
</sourcedesc>
<respstmt>
<resp>Подготовка и разметка файлов - Алексей Литвинцев, Вероника Файнберг. Создание
          электронного ресурса - Тимофей Молчанов. Руководители проекта - Центр Digital Humanities,
          Мандельштамовское общество (НИУ ВШЭ).</resp>
</respstmt></filedesc>
<profiledesc>
<textdesc n="poem"></textdesc>
<textclass>
<catref target="2_158" type="ID"></catref>
<catref target="О.Э. Мандельштам. Собрание сочинений в 4-х т. -- М.: Терра, 1991" type="Источник"></catref>
<catref target="стихотворение" type="Жанр художественной литературы"></catref>
<catref target="перевод" type="Уточнение жанра"></catref>
<catref target="Ан, Аф, Я, тонический : Дк" type="Метр"></catref>
<catref target="вольная" type="Длина строки"></catref>
<catref target="вольная" type="Клаузула"></catref>
<catref target="ж, м" type="Уточнение клаузулы"></catref>
<catref target="nan" type="Классическая строфа"></catref>
<catref target="вольная" type="Рифма"></catref>
<catref target="nan" type="Схема рифмовки"></catref>
<catref target="Дк2,3,4,5,6ж,м" type="Метрическая формула"></catref>
<catref target="переменная анакруса" type="Дополнительные параметры"></catref>
<catref target="24" type="Число строк"></catref>
<catref target="М. Бартель" type="Автор оригинала"></catref>
<catref target="немецкий" type="Язык оригинала"></catref>
</textclass></profiledesc>
</teiheader>
<text>
<body>
<div1 n="2" type="volume">
<div2 n="158" type="part">
<head>158.</head>
<lg type="couplet">
<l n="1">Проснулся день, враждебный музыке и снам.</l>
<l n="2">День, сновидений враг, швырнет меня к станкам.</l>
</lg>
<lg type="couplet">
<l n="3">Иду. По Млечному Пути еще скользит мой взгляд;</l>
<l n="4">Но в просеке проспекта фабрики стоят.</l>
</lg>
<lg type="couplet">
<l n="5">И серебро, и золото, рожденные моей рукой,</l>
<l n="6">Ритмичной лентой обвивают шар земной.</l>
</lg>
<lg type="couplet">
<l n="7">Удары молота и свист размеренный колес:</l>
<l n="8">И мне втянуться в мощное движенье удалось.</l>
</lg>
<lg type="couplet">
<l n="9">Свободен я. Льнет к добрым звездам взгляд.</l>
<l n="10">Иду. В конце проспекта фабрики дымят.</l>
</lg>
</div2>
</div1>
</body>
</text>
</tei>
