<?xml version='1.0' encoding='UTF8'?>
<tei xmlns="http://www.tei-c.org/ns/1.0">
<teiheader>
<filedesc>
<titlestmt>
<title>Переводы. Макс Бартель. Видение Носке. 1. «С пеной у рта, упав на стул...»</title>
<author>О.Э. Мандельштам</author>
</titlestmt>
<publicationstmt>
<p>АРТ-БИЗНЕС-ЦЕНТР МОСКВА 1993</p>
<biblstruct>
<biblscope n="" type="volume"></biblscope>
<biblscope n="" type="part"></biblscope>
</biblstruct></publicationstmt>
<sourcedesc>
<p>Издание подготовлено Мандельштамовским обществом</p>
</sourcedesc>
<respstmt>
<resp>Подготовка и разметка файлов - Алексей Литвинцев, Вероника Файнберг. Создание
          электронного ресурса - Тимофей Молчанов. Руководители проекта - Центр Digital Humanities,
          Мандельштамовское общество (НИУ ВШЭ).</resp>
</respstmt></filedesc>
<profiledesc>
<textdesc n="poem"></textdesc>
<textclass>
<catref target="2_156" type="ID"></catref>
<catref target="О.Э. Мандельштам. Собрание сочинений в 4-х т. -- М.: Терра, 1991" type="Источник"></catref>
<catref target="стихотворение" type="Жанр художественной литературы"></catref>
<catref target="перевод" type="Уточнение жанра"></catref>
<catref target="Я" type="Метр"></catref>
<catref target="4" type="Длина строки"></catref>
<catref target="м" type="Клаузула"></catref>
<catref target="nan" type="Уточнение клаузулы"></catref>
<catref target="nan" type="Классическая строфа"></catref>
<catref target="парная" type="Рифма"></catref>
<catref target="аа" type="Схема рифмовки"></catref>
<catref target="Я4м" type="Метрическая формула"></catref>
<catref target="перебои" type="Дополнительные параметры"></catref>
<catref target="36" type="Число строк"></catref>
<catref target="М. Бартель" type="Автор оригинала"></catref>
<catref target="немецкий" type="Язык оригинала"></catref>
</textclass></profiledesc>
</teiheader>
<text>
<body>
<div1 n="2" type="volume">
<div2 n="156" type="part">
<head>156—157.
ВИДЕНИЕ НОСКЕ</head>
<head>1</head>
<lg type="18_line">
<l n="1">С пеной у рта, упав на стул,</l>
<l n="2">Герр Носке грезит, он заснул:</l>
<l n="3">Все, кто сегодня был судим,</l>
<l n="4">Глумясь, проходят перед ним.</l>
<l n="5">Один:— Послушай ты, бульдог,</l>
<l n="6">Вот мой простреленный висок.</l>
<l n="7">Молодожены говорят:</l>
<l n="8"> — Убей жену, проклятый гад.</l>
<l n="9"> — Я милостью твоею труп.</l>
<l n="10"> — Смой кровь, приятель, с толстых губ.</l>
<l n="11">Бушует сходка мертвых тел,</l>
<l n="12">Одышкой Носке заболел.</l>
<l n="13">И крепкое у всех словцо,</l>
<l n="14">И все плюют ему в лицо.</l>
<l n="15"> — Мы не боялись умереть,</l>
<l n="16">Но кровь за кровь и плеть за плеть.</l>
<l n="17"> — Мы стиснем зубы, скроем боль.</l>
<l n="18">Тебя повесить лишь позволь.</l>
</lg>
</div2>
</div1>
</body>
</text>
</tei>
