<?xml version='1.0' encoding='UTF8'?>
<tei xmlns="http://www.tei-c.org/ns/1.0">
<teiheader>
<filedesc>
<titlestmt>
<title>Переводы. Макс Бартель. «Семь златоустовских скрипачей...»</title>
<author>О.Э. Мандельштам</author>
</titlestmt>
<publicationstmt>
<p>АРТ-БИЗНЕС-ЦЕНТР МОСКВА 1993</p>
<biblstruct>
<biblscope n="" type="volume"></biblscope>
<biblscope n="" type="part"></biblscope>
</biblstruct></publicationstmt>
<sourcedesc>
<p>Издание подготовлено Мандельштамовским обществом</p>
</sourcedesc>
<respstmt>
<resp>Подготовка и разметка файлов - Алексей Литвинцев, Вероника Файнберг. Создание
          электронного ресурса - Тимофей Молчанов. Руководители проекта - Центр Digital Humanities,
          Мандельштамовское общество (НИУ ВШЭ).</resp>
</respstmt></filedesc>
<profiledesc>
<textdesc n="poem"></textdesc>
<textclass>
<catref target="2_153" type="ID"></catref>
<catref target="О.Э. Мандельштам. Собрание сочинений в 4-х т. -- М.: Терра, 1991" type="Источник"></catref>
<catref target="стихотворение" type="Жанр художественной литературы"></catref>
<catref target="перевод" type="Уточнение жанра"></catref>
<catref target="Ан, Аф, Д, Я, тонический : Дк, Тк" type="Метр"></catref>
<catref target="регулярная" type="Длина строки"></catref>
<catref target="регулярная" type="Клаузула"></catref>
<catref target="ммж" type="Уточнение клаузулы"></catref>
<catref target="nan" type="Классическая строфа"></catref>
<catref target="сложная" type="Рифма"></catref>
<catref target="ааб ввб" type="Схема рифмовки"></catref>
<catref target="Дк4мм+Дк3ж. Тк4м" type="Метрическая формула"></catref>
<catref target="переменная анакруса" type="Дополнительные параметры"></catref>
<catref target="24" type="Число строк"></catref>
<catref target="М. Бартель" type="Автор оригинала"></catref>
<catref target="немецкий" type="Язык оригинала"></catref>
</textclass></profiledesc>
</teiheader>
<text>
<body>
<div1 n="2" type="volume">
<div2 n="153" type="part">
<head>153.</head>
<lg type="sestet">
<l n="1">Семь златоустовских скрипачей</l>
<l n="2">Играют вечером без огней</l>
<l n="3">В театральном холодном сарае.</l>
<l n="4">Первая скрипка так нежна:</l>
<l n="5">На ней играет старшина,</l>
<l n="6">У него голова большая.</l>
</lg>
<lg type="sestet">
<l n="7">И те же семеро играют днем.</l>
<l n="8">В скольженьи напильников узнаем</l>
<l n="9">Красавицу струнного строя.</l>
<l n="10">Прислушайся к визгу железных пил:</l>
<l n="11">Гармония песен, гармония сил</l>
<l n="12">Задевает тебя за живое.</l>
</lg>
<lg type="sestet">
<l n="13">Старик с упрямым творческим лбом</l>
<l n="14">Заскорузлыми пальцами водит смычком, —</l>
<l n="15">Старшина кузнечного цеха.</l>
<l n="16">Товарищей семь, и молотов семь;</l>
<l n="17">Рыжая светится в кузнице темь —</l>
<l n="18">И храп раздутого меха.</l>
</lg>
<lg type="sestet">
<l n="19">Есть дикая музыка в черном труде:</l>
<l n="20">Самой высокой равны звезде</l>
<l n="21">Рабочего рока взлеты.</l>
<l n="22">Семь златоустовских скрипачей</l>
<l n="23">Играют, сутулясь, без огней</l>
<l n="24">Во славу черной работы.</l>
</lg>
</div2>
</div1>
</body>
</text>
</tei>
