<?xml version='1.0' encoding='UTF8'?>
<tei xmlns="http://www.tei-c.org/ns/1.0">
<teiheader>
<filedesc>
<titlestmt>
<title>Переводы. Макс Бартель. Жалоба девушки</title>
<author>О.Э. Мандельштам</author>
</titlestmt>
<publicationstmt>
<p>АРТ-БИЗНЕС-ЦЕНТР МОСКВА 1993</p>
<biblstruct>
<biblscope n="" type="volume"></biblscope>
<biblscope n="" type="part"></biblscope>
</biblstruct></publicationstmt>
<sourcedesc>
<p>Издание подготовлено Мандельштамовским обществом</p>
</sourcedesc>
<respstmt>
<resp>Подготовка и разметка файлов - Алексей Литвинцев, Вероника Файнберг. Создание
          электронного ресурса - Тимофей Молчанов. Руководители проекта - Центр Digital Humanities,
          Мандельштамовское общество (НИУ ВШЭ).</resp>
</respstmt></filedesc>
<profiledesc>
<textdesc n="poem"></textdesc>
<textclass>
<catref target="2_162" type="ID"></catref>
<catref target="О.Э. Мандельштам. Собрание сочинений в 4-х т. -- М.: Терра, 1991" type="Источник"></catref>
<catref target="стихотворение" type="Жанр художественной литературы"></catref>
<catref target="перевод" type="Уточнение жанра"></catref>
<catref target="Ан, Аф, Д, Я, тонический : Дк, Тк" type="Метр"></catref>
<catref target="вольная" type="Длина строки"></catref>
<catref target="вольная" type="Клаузула"></catref>
<catref target="д, ж, м" type="Уточнение клаузулы"></catref>
<catref target="nan" type="Классическая строфа"></catref>
<catref target="0" type="Рифма"></catref>
<catref target="nan" type="Схема рифмовки"></catref>
<catref target="Дк3,4,5,6д,ж,м. Тк4ж, Тк5м" type="Метрическая формула"></catref>
<catref target="переменная анакруса" type="Дополнительные параметры"></catref>
<catref target="22" type="Число строк"></catref>
<catref target="М. Бартель" type="Автор оригинала"></catref>
<catref target="немецкий" type="Язык оригинала"></catref>
</textclass></profiledesc>
</teiheader>
<text>
<body>
<div1 n="2" type="volume">
<div2 n="162" type="part">
<head>162.
ЖАЛОБА ДЕВУШКИ</head>
<lg type="sestet">
<l n="1">В голове роятся мысли,</l>
<l n="2">Кровь стучит машинным ладом;</l>
<l n="3">Как летающие ремни,</l>
<l n="4">Предназначенным путем —</l>
<l n="5">Мысли пленные кружатся</l>
<l n="6">О тебе, все о тебе.</l>
</lg>
<lg type="sestet">
<l n="7">Ты — в зубцах и молньях смерти:</l>
<l n="8">Две широкие ладони.</l>
<l n="9">Мне ж во сне припоминать</l>
<l n="10">Их спокойное касанье.</l>
<l n="11">Ты — такой большой и нежный —</l>
<l n="12">Вклинился в ряды убийц.</l>
</lg>
<lg type="quatrain">
<l n="13">В ночь, исхлестанный метелью,</l>
<l n="14">В лихорадке дел жестоких,</l>
<l n="15">Пленные кружатся мысли —</l>
<l n="16">О тебе, все о тебе.</l>
</lg>
<lg type="quatrain">
<l n="17">Ярость полчищ миллионных,</l>
<l n="18">Гул рыданий миллионных,</l>
<l n="19">Миллионам — скрип ярма.</l>
<l n="20">Значит, молодость и радость,</l>
</lg>
<lg type="couplet">
<l n="21">И мерцают звезды зябко,</l>
<l n="22">Госпожа луна сияет.</l>
</lg>
</div2>
</div1>
</body>
</text>
</tei>
