<?xml version='1.0' encoding='UTF8'?>
<tei xmlns="http://www.tei-c.org/ns/1.0">
<teiheader>
<filedesc>
<titlestmt>
<title>Переводы. Франц Верфель. Прекрасный, сияющий человек</title>
<author>О.Э. Мандельштам</author>
</titlestmt>
<publicationstmt>
<p>АРТ-БИЗНЕС-ЦЕНТР МОСКВА 1993</p>
<biblstruct>
<biblscope n="" type="volume"></biblscope>
<biblscope n="" type="part"></biblscope>
</biblstruct></publicationstmt>
<sourcedesc>
<p>Издание подготовлено Мандельштамовским обществом</p>
</sourcedesc>
<respstmt>
<resp>Подготовка и разметка файлов - Алексей Литвинцев, Вероника Файнберг. Создание
          электронного ресурса - Тимофей Молчанов. Руководители проекта - Центр Digital Humanities,
          Мандельштамовское общество (НИУ ВШЭ).</resp>
</respstmt></filedesc>
<profiledesc>
<textdesc n="poem"></textdesc>
<textclass>
<catref target="2_167" type="ID"></catref>
<catref target="О.Э. Мандельштам. Собрание сочинений в 4-х т. -- М.: Терра, 1991" type="Источник"></catref>
<catref target="стихотворение" type="Жанр художественной литературы"></catref>
<catref target="перевод" type="Уточнение жанра"></catref>
<catref target="Х" type="Метр"></catref>
<catref target="7" type="Длина строки"></catref>
<catref target="м" type="Клаузула"></catref>
<catref target="nan" type="Уточнение клаузулы"></catref>
<catref target="nan" type="Классическая строфа"></catref>
<catref target="парная" type="Рифма"></catref>
<catref target="аа" type="Схема рифмовки"></catref>
<catref target="Х7м" type="Метрическая формула"></catref>
<catref target="nan" type="Дополнительные параметры"></catref>
<catref target="8" type="Число строк"></catref>
<catref target="А. Лихтенштейн" type="Автор оригинала"></catref>
<catref target="немецкий" type="Язык оригинала"></catref>
</textclass></profiledesc>
</teiheader>
<text>
<body>
<div1 n="2" type="volume">
<div2 n="167" type="part">
<head>ФРАНЦ ВЕРФЕЛЬ</head>
<head>167.
ПРЕКРАСНЫЙ, СИЯЮЩИЙ ЧЕЛОВЕК</head>
<lg type="quatrain">
<l n="1">Друзья, со мной беседуя, сияют,</l>
<l n="2">Хоть раньше огорчалися немало,</l>
<l n="3">С веселием в чертах моих блуждают.</l>
<l n="4">Их дружба в благородстве наверстала.</l>
</lg>
<lg type="quatrain">
<l n="5">Достоинства черты меня стесняют:</l>
<l n="6">Серьезность, сдержанность мне не пристала,</l>
<l n="7">И тысячи улыбок вылетают</l>
<l n="8">Из вечного, глубокого овала.</l>
</lg>
<lg type="tercet">
<l n="9">Я праздник Корсо в солнечную страду,</l>
<l n="10">Южный базар под женскую беседу.</l>
<l n="11">Набухла солнцем глаз моих сетчатка.</l>
</lg>
<lg type="tercet">
<l n="12">Сегодня я на свежий дерн присяду,</l>
<l n="13">Вместе с землей на запад я поеду.</l>
<l n="14">О, вечер, о, земля, как жить мне сладко!</l>
</lg>
</div2>
</div1>
</body>
</text>
</tei>
