<?xml version='1.0' encoding='UTF8'?>
<tei xmlns="http://www.tei-c.org/ns/1.0">
<teiheader>
<filedesc>
<titlestmt>
<title>Переводы. Макс Бартель. Мученики</title>
<author>О.Э. Мандельштам</author>
</titlestmt>
<publicationstmt>
<p>АРТ-БИЗНЕС-ЦЕНТР МОСКВА 1993</p>
<biblstruct>
<biblscope n="" type="volume"></biblscope>
<biblscope n="" type="part"></biblscope>
</biblstruct></publicationstmt>
<sourcedesc>
<p>Издание подготовлено Мандельштамовским обществом</p>
</sourcedesc>
<respstmt>
<resp>Подготовка и разметка файлов - Алексей Литвинцев, Вероника Файнберг. Создание
          электронного ресурса - Тимофей Молчанов. Руководители проекта - Центр Digital Humanities,
          Мандельштамовское общество (НИУ ВШЭ).</resp>
</respstmt></filedesc>
<profiledesc>
<textdesc n="poem"></textdesc>
<textclass>
<catref target="2_165" type="ID"></catref>
<catref target="О.Э. Мандельштам. Собрание сочинений в 4-х т. -- М.: Терра, 1991" type="Источник"></catref>
<catref target="стихотворение" type="Жанр художественной литературы"></catref>
<catref target="перевод" type="Уточнение жанра"></catref>
<catref target="Ан, Аф, тонический : Дк" type="Метр"></catref>
<catref target="регулярная" type="Длина строки"></catref>
<catref target="м" type="Клаузула"></catref>
<catref target="nan" type="Уточнение клаузулы"></catref>
<catref target="nan" type="Классическая строфа"></catref>
<catref target="перекрестная" type="Рифма"></catref>
<catref target="абаб" type="Схема рифмовки"></catref>
<catref target="Аф4м+Аф3м. Ан3м, Дк3м" type="Метрическая формула"></catref>
<catref target="нарушения анакрусы" type="Дополнительные параметры"></catref>
<catref target="56" type="Число строк"></catref>
<catref target="М. Бартель" type="Автор оригинала"></catref>
<catref target="немецкий" type="Язык оригинала"></catref>
</textclass></profiledesc>
</teiheader>
<text>
<body>
<div1 n="2" type="volume">
<div2 n="165" type="part">
<head>165.
МУЧЕНИКИ</head>
<lg type="quintet">
<l n="1">С необъятного купола, где роятся желанья,</l>
<l n="2">Каплют набухшие слезы свободы,</l>
<l n="3">Тяжко каплют на темя народов.</l>
<l n="4">Проницая даль,</l>
<l n="5">Чело подняв, толпы ждут.</l>
</lg>
<lg type="quintet">
<l n="6">Ни добро, ни молитва, ни ладан</l>
<l n="7">Человечеству рук не развяжут,</l>
<l n="8">Одиночной душе спасенье суля;</l>
<l n="9">И, кирпичами греха нагруженный,</l>
<l n="10">Каждый близится к черной могиле.</l>
</lg>
<lg type="quintet">
<l n="11">Народы рассеются и соберутся —</l>
<l n="12">Дряхлым смена придет,</l>
<l n="13">И на весах неподкупных</l>
<l n="14">Справедливость</l>
<l n="15">Все до зернышка взвесит.</l>
</lg>
<lg type="quintet">
<l n="16">Осанна! Бушует народ</l>
<l n="17">На месте казни,</l>
<l n="18">Но мученик груз преступлений</l>
<l n="19">Всего поколенья</l>
<l n="20">Одной слезой перевесит.</l>
</lg>
</div2>
</div1>
</body>
</text>
</tei>
