<?xml version='1.0' encoding='UTF8'?>
<tei xmlns="http://www.tei-c.org/ns/1.0">
<teiheader>
<filedesc>
<titlestmt>
<title>Переводы. Макс Бартель. Весна</title>
<author>О.Э. Мандельштам</author>
</titlestmt>
<publicationstmt>
<p>АРТ-БИЗНЕС-ЦЕНТР МОСКВА 1993</p>
<biblstruct>
<biblscope n="" type="volume"></biblscope>
<biblscope n="" type="part"></biblscope>
</biblstruct></publicationstmt>
<sourcedesc>
<p>Издание подготовлено Мандельштамовским обществом</p>
</sourcedesc>
<respstmt>
<resp>Подготовка и разметка файлов - Алексей Литвинцев, Вероника Файнберг. Создание
          электронного ресурса - Тимофей Молчанов. Руководители проекта - Центр Digital Humanities,
          Мандельштамовское общество (НИУ ВШЭ).</resp>
</respstmt></filedesc>
<profiledesc>
<textdesc n="poem"></textdesc>
<textclass>
<catref target="2_163" type="ID"></catref>
<catref target="О.Э. Мандельштам. Собрание сочинений в 4-х т. -- М.: Терра, 1991" type="Источник"></catref>
<catref target="стихотворение" type="Жанр художественной литературы"></catref>
<catref target="перевод" type="Уточнение жанра"></catref>
<catref target="Ан, тонический : Дк" type="Метр"></catref>
<catref target="3(4)" type="Длина строки"></catref>
<catref target="вольная" type="Клаузула"></catref>
<catref target="ж, м" type="Уточнение клаузулы"></catref>
<catref target="nan" type="Классическая строфа"></catref>
<catref target="парная" type="Рифма"></catref>
<catref target="аа" type="Схема рифмовки"></catref>
<catref target="Дк3ж,м. Дк4ж,м" type="Метрическая формула"></catref>
<catref target="нарушения строфики, нарушения анакрусы" type="Дополнительные параметры"></catref>
<catref target="19" type="Число строк"></catref>
<catref target="М. Бартель" type="Автор оригинала"></catref>
<catref target="немецкий" type="Язык оригинала"></catref>
</textclass></profiledesc>
</teiheader>
<text>
<body>
<div1 n="2" type="volume">
<div2 n="163" type="part">
<head>163.
ВЕСНА</head>
<lg type="22_line">
<l n="1">И дружно весна пришла —</l>
<l n="2">Сердце прикармливать — льстить нам.</l>
<l n="3">На дворе ребята кудахчут</l>
<l n="4">И грязными лапками солнце хватают.</l>
<l n="5">Как весной заводские девушки</l>
<l n="6">Хорошеют — чудно хорошеют;</l>
<l n="7">Угловатые, узкие расцветают плечики:</l>
<l n="8">Так черная ветвь покрывается клейкой листвой;</l>
<l n="9">Плавно идут, качая стан,</l>
<l n="10">Стройной и блаженной походкой майских тополей.</l>
<l n="11">И замужние работницы</l>
<l n="12">С расщепленной душой, с шершавой кожей</l>
<l n="13">Желтого солнца пьют мед.</l>
<l n="14">В добрых морщинках лицо.</l>
<l n="15">Смеются и целомудренно робеют —</l>
<l n="16">Словно девушки; им ветерок воробьиный</l>
<l n="17">Треплет пряди жестких волос.</l>
<l n="18">Святые жены! В вас весна — и сразу жатва!</l>
<l n="19">Дети кудахчут: мама —</l>
<l n="20">И ловят прядку волос,</l>
<l n="21">Как бывало... Это было давно.</l>
<l n="22">Как бывало возлюбленный, в мае.</l>
</lg>
</div2>
</div1>
</body>
</text>
</tei>
