<?xml version='1.0' encoding='UTF8'?>
<tei xmlns="http://www.tei-c.org/ns/1.0">
<teiheader>
<filedesc>
<titlestmt>
<title>Переводы. Рене Шикеле. Троица</title>
<author>О.Э. Мандельштам</author>
</titlestmt>
<publicationstmt>
<p>АРТ-БИЗНЕС-ЦЕНТР МОСКВА 1993</p>
<biblstruct>
<biblscope n="" type="volume"></biblscope>
<biblscope n="" type="part"></biblscope>
</biblstruct></publicationstmt>
<sourcedesc>
<p>Издание подготовлено Мандельштамовским обществом</p>
</sourcedesc>
<respstmt>
<resp>Подготовка и разметка файлов - Алексей Литвинцев, Вероника Файнберг. Создание
          электронного ресурса - Тимофей Молчанов. Руководители проекта - Центр Digital Humanities,
          Мандельштамовское общество (НИУ ВШЭ).</resp>
</respstmt></filedesc>
<profiledesc>
<textdesc n="poem"></textdesc>
<textclass>
<catref target="2_169" type="ID"></catref>
<catref target="О.Э. Мандельштам. Собрание сочинений в 4-х т. -- М.: Терра, 1991" type="Источник"></catref>
<catref target="стихотворение" type="Жанр художественной литературы"></catref>
<catref target="перевод" type="Уточнение жанра"></catref>
<catref target="Я" type="Метр"></catref>
<catref target="вольная" type="Длина строки"></catref>
<catref target="регулярная" type="Клаузула"></catref>
<catref target="мммм жжмм" type="Уточнение клаузулы"></catref>
<catref target="nan" type="Классическая строфа"></catref>
<catref target="сложная" type="Рифма"></catref>
<catref target="абаб ввгг" type="Схема рифмовки"></catref>
<catref target="Я5,6мм…жж. Я4м, Я7м" type="Метрическая формула"></catref>
<catref target="нарушения строфики" type="Дополнительные параметры"></catref>
<catref target="47" type="Число строк"></catref>
<catref target="Р. Шикеле" type="Автор оригинала"></catref>
<catref target="немецкий" type="Язык оригинала"></catref>
</textclass></profiledesc>
</teiheader>
<text>
<body>
<div1 n="2" type="volume">
<div2 n="169" type="part">
<head>РЕНЕ ШИКЕЛЕ</head>
<head>169.
ТРОИЦА</head>
<lg type="septet">
<l n="1">Ангелы матерей </l>
<l n="2">На улицу вышли,</l>
<l n="3">Легче бьется суровое</l>
<l n="4">Сердце отцов.</l>
<l n="5">Пламя летит языками</l>
<l n="6">И венком ложится</l>
<l n="7">Каждому на лоб.</l>
</lg>
<lg type="sestet">
<l n="8">Ибо слух и лицо — одна бесконечность,</l>
<l n="9">С человеком и зверем — один разговор,</l>
<l n="10">Отвечает нам — «мы» все, что видит взор:</l>
<l n="11">Дорожные ветлы — звучные песни,</l>
<l n="12">И пульса удары — чудесные гости.</l>
<l n="13">Умирает цветущее в язычках молодого огня.</l>
</lg>
<lg type="sestet">
<l n="14">На плавниках своих качают небо рыбы,</l>
<l n="15">И золотые кольца плавают на лоне вод,</l>
<l n="16">Танцует солнце на спине дворняги,</l>
<l n="17">Из Божья образа выходят жизни глыбы,</l>
<l n="18">И в час единственный в горящей этой влаге</l>
<l n="19">Брат узнает сестру и радостно поет.</l>
</lg>
</div2>
</div1>
</body>
</text>
</tei>
