<?xml version='1.0' encoding='UTF8'?>
<tei xmlns="http://www.tei-c.org/ns/1.0">
<teiheader>
<filedesc>
<titlestmt>
<title>Переводы. Макс Бартель. Карл Либкнехт</title>
<author>О.Э. Мандельштам</author>
</titlestmt>
<publicationstmt>
<p>АРТ-БИЗНЕС-ЦЕНТР МОСКВА 1993</p>
<biblstruct>
<biblscope n="" type="volume"></biblscope>
<biblscope n="" type="part"></biblscope>
</biblstruct></publicationstmt>
<sourcedesc>
<p>Издание подготовлено Мандельштамовским обществом</p>
</sourcedesc>
<respstmt>
<resp>Подготовка и разметка файлов - Алексей Литвинцев, Вероника Файнберг. Создание
          электронного ресурса - Тимофей Молчанов. Руководители проекта - Центр Digital Humanities,
          Мандельштамовское общество (НИУ ВШЭ).</resp>
</respstmt></filedesc>
<profiledesc>
<textdesc n="poem"></textdesc>
<textclass>
<catref target="2_166" type="ID"></catref>
<catref target="О.Э. Мандельштам. Собрание сочинений в 4-х т. -- М.: Терра, 1991" type="Источник"></catref>
<catref target="стихотворение" type="Жанр художественной литературы"></catref>
<catref target="перевод" type="Уточнение жанра"></catref>
<catref target="Я" type="Метр"></catref>
<catref target="5" type="Длина строки"></catref>
<catref target="ж" type="Клаузула"></catref>
<catref target="nan" type="Уточнение клаузулы"></catref>
<catref target="сонет" type="Классическая строфа"></catref>
<catref target="сложная" type="Рифма"></catref>
<catref target="абаб абаб вгд вгд" type="Схема рифмовки"></catref>
<catref target="Я5ж" type="Метрическая формула"></catref>
<catref target="nan" type="Дополнительные параметры"></catref>
<catref target="14" type="Число строк"></catref>
<catref target="Ф. Верфель" type="Автор оригинала"></catref>
<catref target="немецкий" type="Язык оригинала"></catref>
</textclass></profiledesc>
</teiheader>
<text>
<body>
<div1 n="2" type="volume">
<div2 n="166" type="part">
<head>166.
КАРЛ ЛИБКНЕХТ</head>
<lg type="octet">
<l n="1">И был среди них молодой паладин —</l>
<l n="2">Спокойного мужества взор;</l>
<l n="3">Он сам положил дерзновенный почин,</l>
<l n="4">Предательский сжег кругозор.</l>
<l n="5">Он был закален для высоких боев</l>
<l n="6">И двигался мерно вперед,</l>
<l n="7">И сколько за ним шелестело шагов,</l>
<l n="8">Не знал, отправляясь в поход.</l>
</lg>
<lg type="octet">
<l n="9">Когда отступили назад шептуны,</l>
<l n="10">Когда окривели вожди</l>
<l n="11">И ржавое слово, как нож со спины</l>
<l n="12">Ударило тех, впереди, —</l>
<l n="13">Карл Либкнехт стоял неподкупен и прям.<rs ref="Либкнехт, Карл" type="person"></rs></l>
<l n="14">Вся свора рычала: «Война!»</l>
<l n="15">А ты, одинокий товарищ, врагам:</l>
<l n="16">«Разбойничья, — крикнул, — она!»</l>
</lg>
<lg type="octet">
<l n="17">Кого обливали ушатом молвы,</l>
<l n="18">Как тебя, от макушки до пят?</l>
<l n="19">Где шапка для гордой твоей головы,</l>
<l n="20">Наш бледный, наш замкнутый брат?</l>
<l n="21">Зане, отправляя войны ремесло,</l>
<l n="22">Умрет и убийца тупой, —</l>
<l n="23">Но словом прижечь воспаленное зло</l>
<l n="24">Сумеет лишь чистый душой.</l>
</lg>
<lg type="quintet">
<l n="25">Простым, благородным и гибким клинком</l>
<l n="26">Владея, он бьется в упор.</l>
<l n="27">И лживый туман патриотов огнем</l>
<l n="28">Казнит его едкий прозор.</l>
<l n="29">И, в стоптанных рыжих своих башмаках,</l>
</lg>
<lg type="octet">
<l n="30">В последнем сраженьи стоять одному,</l>
<l n="31">Посмешищем челяди быть, —</l>
<l n="32">И в каторгу рухнуть, в ночную тюрьму,</l>
<l n="33">Запечатать себя, схоронить.</l>
<l n="34">Но имя твое выговаривал гром,</l>
<l n="35">В теснинах измены ворча,</l>
<l n="36">Как башня в грозу, ты стоишь под огнем,</l>
<l n="37">Стыду говоришь: отвечай!</l>
</lg>
<lg type="octet">
<l n="38">Я знаю: еще продолжается бой</l>
<l n="39">С спесивой породой господ,</l>
<l n="40">Я знаю: ты Зигфрид из саги седой,</l>
<l n="41">Солдат и народа оплот.</l>
<l n="42">Но, с холодом утра в простых волосах,</l>
<l n="43">Ворвется к тебе молодежь, —</l>
<l n="44">Как лебедь, поднимут тебя на руках, —</l>
<l n="45">Карл Либкнехт, ты не умрешь!<rs ref="Либкнехт, Карл" type="person"></rs></l>
</lg>
<lg type="octet">
<l n="46">И был среди них молодой паладин —</l>
<l n="47">Спокойного мужества взор,</l>
<l n="48">Он сам положил дерзновенный почин,</l>
<l n="49">Предательский сжег кругозор.</l>
<l n="50">И, в стоптанных рыжих своих башмаках,</l>
<l n="51">Под градом насмешек косым,</l>
<l n="52">Народ наблюдал на углах, в воротах</l>
<l n="53">За верным трибуном своим.</l>
</lg>
</div2>
</div1>
</body>
</text>
</tei>
