<?xml version='1.0' encoding='UTF8'?>
<tei xmlns="http://www.tei-c.org/ns/1.0">
<teiheader>
<filedesc>
<titlestmt>
<title>Переводы. Макс Бартель. Баррикада</title>
<author>О.Э. Мандельштам</author>
</titlestmt>
<publicationstmt>
<p>АРТ-БИЗНЕС-ЦЕНТР МОСКВА 1993</p>
<biblstruct>
<biblscope n="" type="volume"></biblscope>
<biblscope n="" type="part"></biblscope>
</biblstruct></publicationstmt>
<sourcedesc>
<p>Издание подготовлено Мандельштамовским обществом</p>
</sourcedesc>
<respstmt>
<resp>Подготовка и разметка файлов - Алексей Литвинцев, Вероника Файнберг. Создание
          электронного ресурса - Тимофей Молчанов. Руководители проекта - Центр Digital Humanities,
          Мандельштамовское общество (НИУ ВШЭ).</resp>
</respstmt></filedesc>
<profiledesc>
<textdesc n="poem"></textdesc>
<textclass>
<catref target="2_161" type="ID"></catref>
<catref target="О.Э. Мандельштам. Собрание сочинений в 4-х т. -- М.: Терра, 1991" type="Источник"></catref>
<catref target="стихотворение" type="Жанр художественной литературы"></catref>
<catref target="перевод" type="Уточнение жанра"></catref>
<catref target="Х" type="Метр"></catref>
<catref target="4" type="Длина строки"></catref>
<catref target="вольная" type="Клаузула"></catref>
<catref target="ж, м" type="Уточнение клаузулы"></catref>
<catref target="nan" type="Классическая строфа"></catref>
<catref target="0" type="Рифма"></catref>
<catref target="nan" type="Схема рифмовки"></catref>
<catref target="Х4ж,м" type="Метрическая формула"></catref>
<catref target="nan" type="Дополнительные параметры"></catref>
<catref target="24" type="Число строк"></catref>
<catref target="М. Бартель" type="Автор оригинала"></catref>
<catref target="немецкий" type="Язык оригинала"></catref>
</textclass></profiledesc>
</teiheader>
<text>
<body>
<div1 n="2" type="volume">
<div2 n="161" type="part">
<head>161.
БАРРИКАДА</head>
<lg type="tercet">
<l n="1">Мы строим тихо, мы строим умно,</l>
<l n="2">Я уличный камень в коросте земной —</l>
<l n="3">Основа баррикады.</l>
</lg>
<lg type="tercet">
<l n="4">Священной кровью напитанный грунт,</l>
<l n="5">Хребет восстанья — завтрашний бунт,</l>
<l n="6">Вздыбленная баррикада!</l>
</lg>
<lg type="tercet">
<l n="7">Мы вяжем кровью и мозгом земли:</l>
<l n="8">Вот почему так быстро взошли</l>
<l n="9">Дрожжи баррикады.</l>
</lg>
<lg type="tercet">
<l n="10">И каждый булыжный несет каравай.</l>
<l n="11">А ну-ка проверим: выравнивай знай!</l>
<l n="12">Вперед — на баррикаду!</l>
</lg>
<lg type="tercet">
<l n="13">Блестящего мира кичится орда:</l>
<l n="14">Шапками закидаем! Куда?</l>
<l n="15">Руки прочь от баррикады!</l>
</lg>
<lg type="tercet">
<l n="16">Мы строим тихо, мы строим умно,</l>
<l n="17">Я дерзкий булыжник в коросте земной —</l>
<l n="18">Основа баррикады.</l>
</lg>
</div2>
</div1>
</body>
</text>
</tei>
