<?xml version='1.0' encoding='UTF8'?>
<tei xmlns="http://www.tei-c.org/ns/1.0">
<teiheader>
<filedesc>
<titlestmt>
<title>Переводы. Макс Бартель. Перед битвой</title>
<author>О.Э. Мандельштам</author>
</titlestmt>
<publicationstmt>
<p>АРТ-БИЗНЕС-ЦЕНТР МОСКВА 1993</p>
<biblstruct>
<biblscope n="" type="volume"></biblscope>
<biblscope n="" type="part"></biblscope>
</biblstruct></publicationstmt>
<sourcedesc>
<p>Издание подготовлено Мандельштамовским обществом</p>
</sourcedesc>
<respstmt>
<resp>Подготовка и разметка файлов - Алексей Литвинцев, Вероника Файнберг. Создание
          электронного ресурса - Тимофей Молчанов. Руководители проекта - Центр Digital Humanities,
          Мандельштамовское общество (НИУ ВШЭ).</resp>
</respstmt></filedesc>
<profiledesc>
<textdesc n="poem"></textdesc>
<textclass>
<catref target="2_160" type="ID"></catref>
<catref target="О.Э. Мандельштам. Собрание сочинений в 4-х т. -- М.: Терра, 1991" type="Источник"></catref>
<catref target="стихотворение" type="Жанр художественной литературы"></catref>
<catref target="перевод" type="Уточнение жанра"></catref>
<catref target="Х, Я + Аф, тонический : Дк" type="Метр"></catref>
<catref target="регулярная" type="Длина строки"></catref>
<catref target="регулярная" type="Клаузула"></catref>
<catref target="ммж" type="Уточнение клаузулы"></catref>
<catref target="nan" type="Классическая строфа"></catref>
<catref target="сложная" type="Рифма"></catref>
<catref target="аа р" type="Схема рифмовки"></catref>
<catref target="Дк4мм+Х3,4,Я3ж" type="Метрическая формула"></catref>
<catref target="рефрен, нарушения анакрусы, строчный логаэд" type="Дополнительные параметры"></catref>
<catref target="18" type="Число строк"></catref>
<catref target="М. Бартель" type="Автор оригинала"></catref>
<catref target="немецкий" type="Язык оригинала"></catref>
</textclass></profiledesc>
</teiheader>
<text>
<body>
<div1 n="2" type="volume">
<div2 n="160" type="part">
<head>160.
ПЕРЕД БИТВОЙ</head>
<lg type="47_line">
<l n="1">Брат мой русский! Рука могучая,</l>
<l n="2">Рок, сильнее воли человеческой,</l>
<l n="3">Рок, беспощаднее жизни самой, —</l>
<l n="4">Друг на друга велел нам ринуться,</l>
<l n="5">Рок низколобый к убийству нас вынудил.</l>
<l n="6">Но в свободных трудах,</l>
<l n="7">Но в борьбе за свободу окрепли мы.</l>
<l n="8">Ты, огромный в плечах, необузданный,</l>
<l n="9">Я — с томленьем в сердце,</l>
<l n="10">С лихорадочным блеском в глазах:</l>
<l n="11">Свобода — да здравствует!</l>
<l n="12">Я, задыхаясь, рос в тесноте германской,</l>
<l n="13">Ты — в бесконечных степях полынных,</l>
<l n="14">Бурей перекидываясь,</l>
<l n="15">Смерти в глаза глядел, мужественный.</l>
<l n="16">Революция — да здравствует!</l>
<l n="17">И нам знаком кнут самодержавный.</l>
<l n="18">Только мы скулим, как псы пришибленные,</l>
<l n="19">Когда кнутом нас хлещут;</l>
<l n="20">Вы же, в столицах, — все те же волки</l>
<l n="21">В клетках каменных,</l>
<l n="22">В громыхающих фабриках,</l>
<l n="23">Где машины пьют кровь.</l>
<l n="24">Волки свободы, вас приветствую!</l>
<l n="25">Но судьба сильнее,</l>
<l n="26">Чем томленье, чем воля наша.</l>
<l n="27">Итак — мы смерть пьем,</l>
<l n="28">Знаем ставку в игре,</l>
<l n="29">А цели не знаем.</l>
<l n="30">И с любовью, без тени ненависти</l>
<l n="31">В глаза твои гляжу, брат.</l>
<l n="32">Поцелуй меня,</l>
<l n="33">По обычаю древней Руси.</l>
<l n="34">Поцелуемся братски,</l>
<l n="35">А там начнем</l>
<l n="36">В скотской ярости</l>
<l n="37">Терзать друг друга.</l>
<l n="38">Куда не ступишь — луг земной,</l>
<l n="39">Плодородный, широкий круг земной,</l>
<l n="40">Нагруженный жатвой и плодами,</l>
<l n="41">Рабочей кровью</l>
<l n="42">Утучненные нивы.</l>
<l n="43">Погоди же стрелять, брат мой русский!</l>
<l n="44">Споем вместе гимн</l>
<l n="45">Интернационала,</l>
<l n="46">Голоса сольем</l>
<l n="47">В гимн всемирной отчизны!</l>
</lg>
</div2>
</div1>
</body>
</text>
</tei>
