<?xml version='1.0' encoding='UTF8'?>
<tei xmlns="http://www.tei-c.org/ns/1.0">
<teiheader>
<filedesc>
<titlestmt>
<title>Переводы. Эптон Синклер. ‹Из пьесы «Тюремные соловушки»›</title>
<author>О.Э. Мандельштам</author>
</titlestmt>
<publicationstmt>
<p>АРТ-БИЗНЕС-ЦЕНТР МОСКВА 1993</p>
<biblstruct>
<biblscope n="" type="volume"></biblscope>
<biblscope n="" type="part"></biblscope>
</biblstruct></publicationstmt>
<sourcedesc>
<p>Издание подготовлено Мандельштамовским обществом</p>
</sourcedesc>
<respstmt>
<resp>Подготовка и разметка файлов - Алексей Литвинцев, Вероника Файнберг. Создание
          электронного ресурса - Тимофей Молчанов. Руководители проекта - Центр Digital Humanities,
          Мандельштамовское общество (НИУ ВШЭ).</resp>
</respstmt></filedesc>
<profiledesc>
<textdesc n="play in verse"></textdesc>
<textclass>
<catref target="Series([], Name: ID, dtype: object)" type="ID"></catref>
<catref target="Series([], Name: Источник, dtype: object)" type="Источник"></catref>
<catref target="Series([], Name: Жанр художественной литературы, dtype: object)" type="Жанр художественной литературы"></catref>
<catref target="Series([], Name: Уточнение жанра 1, dtype: object)" type="Уточнение жанра"></catref>
<catref target="Series([], Name: Метр, dtype: object)" type="Метр"></catref>
<catref target="Series([], Name: Длина строки, dtype: object)" type="Длина строки"></catref>
<catref target="Series([], Name: Клаузула, dtype: object)" type="Клаузула"></catref>
<catref target="Series([], Name: Уточнение клаузулы 1, dtype: object)" type="Уточнение клаузулы"></catref>
<catref target="Series([], Name: Классическая строфа, dtype: object)" type="Классическая строфа"></catref>
<catref target="Series([], Name: Рифма, dtype: object)" type="Рифма"></catref>
<catref target="Series([], Name: Схема рифмовки, dtype: object)" type="Схема рифмовки"></catref>
<catref target="Series([], Name: Метрическая формула, dtype: object)" type="Метрическая формула"></catref>
<catref target="Series([], Name: Дополнительные параметры, dtype: object)" type="Дополнительные параметры"></catref>
<catref target="Series([], Name: Число строк, dtype: int64)" type="Число строк"></catref>
<catref target="Series([], Name: Автор оригинала, dtype: object)" type="Автор оригинала"></catref>
<catref target="Series([], Name: Язык оригинала, dtype: object)" type="Язык оригинала"></catref>
</textclass></profiledesc>
</teiheader>
<text>
<body>
<div1 n="2" type="volume">
<div2 n="" type="part">
<head>ЭПТОН СИНКЛЕР</head>
<head>175.
‹ИЗ ПЬЕСЫ «ТЮРЕМНЫЕ СОЛОВУШКИ» ›</head>
<lg type="164_line">
<l n="1">К черной работе привычные —</l>
<l n="2">Молотобойцы и парни рудничные:</l>
<l n="3">Пильщик, литейщик, моряк и шахтер —</l>
<l n="4">Держимся крепко, сливаемся в хор!</l>
<l n="5">В калифорнийском сидим мы застенке —</l>
<l n="6">Глотки здоровые, зоркие зенки...</l>
<l n="7">Вы — на свободе — поймите наш гнев,</l>
<l n="8">Братский, тюремный ловите напев!</l>
<l n="9">Братья, крепитесь: да здравствует жатва!</l>
<l n="10">Наша, рабочая, ширится клятва.</l>
<l n="11">Наша решимость — без перемен!</l>
<l n="12">Знайте, что мы не сгибаем колен!</l>
<l n="13">Загнаны в камеры, занумерованы,</l>
<l n="14">Перелицованы, перетасованы,</l>
<l n="15">Страха не знаем. Движенье растет!</l>
<l n="16">Дело Союза весь мир захлестнет!</l>
<l n="17">Солидарность навсегда,</l>
<l n="18">Солидарность навсегда,</l>
<l n="19">Солидарность навсегда,</l>
<l n="20">В единеньи — сила!</l>
<l n="21">Когда приходит пастор к нам</l>
<l n="22">В воротничке высоком,</l>
<l n="23">Он предлагает пластырь нам —</l>
<l n="24">Лекарство всем порокам:</l>
<l n="25">Священное писание,</l>
<l n="26">А пуще прилежание, —</l>
<l n="27">А прочее, съедобное,</l>
<l n="28">Приложится само.</l>
<l n="29">Скучнее рыбы вяленой,</l>
<l n="30">Наш пастырь накрахмаленный</l>
<l n="31">Сказал, что все съедобное</l>
<l n="32">Приложится само.</l>
<l n="33">Эй, ханжа, бросай свою шарманку,</l>
<l n="34">Уходи, покуда цел, урод!</l>
<l n="35">Ту же песню, только наизнанку,</l>
<l n="36">Пролетарий скоро запоет:</l>
<l n="37">Сначала прилежание,</l>
<l n="38">Почтенное собрание, —</l>
<l n="39">А прочее, съедобное,</l>
<l n="40">Приложится потом.</l>
<l n="41">Попробуйте, магнаты,</l>
<l n="42">Кирку, станки, лопаты, —</l>
<l n="43">А прочее, съедобное,</l>
<l n="44">Приложится потом!</l>
<l n="45">Сгинь, капитала чудовище грузное!</l>
<l n="46">Все на работу, за дело союзное!</l>
<l n="47">Мы не сдаемся, не падаем ниц —</l>
<l n="48">Стая тюремных, отчаянных птиц!</l>
<l n="49">В камере бетонной</l>
<l n="50">Соловей плененный</l>
<l n="51">Цокает и щелкает — товарищей зовет,</l>
<l n="52">Не по-воробьиноcму,</l>
<l n="53">А по-соловьиному —</l>
<l n="54">Толстому тюремщику баню задает.</l>
<l n="55">Соловьи тюремные</l>
<l n="56">Прочищают горло.</l>
<l n="57">Песня беззаконная тюремщикам страшна.</l>
<l n="58">Эй, законодатели,</l>
<l n="59">И друзья-предатели,</l>
<l n="60">Соловьи тюремные заплатят вам сполна!</l>
<l n="61">Мы, пролетарии всех стран,</l>
<l n="62">Сплотимся как один.</l>
<l n="63">Отныне никакой тиран</l>
<l n="64">Для нас не господин!</l>
<l n="65">Мы не клянем свою судьбу, —</l>
<l n="66">Смеемся мы и тут!</l>
<l n="67">Мы знаем: до конца борьбу</l>
<l n="68">Другие доведут!</l>
<l n="69">Билли, Билли, Билли, Билли,</l>
<l n="70">Видно мало тебя били, —</l>
<l n="71">Ты не мог бы как-нибудь</l>
<l n="72">В Миссисипи утонуть?<rs ref="Миссисипи" type="geo_index"></rs></l>
<l n="73">Билли, Билли, Билли, Билли,</l>
<l n="74">Мы у Дарвина учили,<rs ref="Дарвин, Чарлз Роберт" type="person"></rs></l>
<l n="75">Что какой-то переход</l>
<l n="76">К обезьяне нас ведет.</l>
<l n="77">Уж не ты ли, кроме шуток,</l>
<l n="78">Билли, этот промежуток?</l>
<l n="79">Бессознательный ты, Билли!</l>
<l n="80">Видно мало тебя били!</l>
<l n="81">В Сан-Франциско и в Чикаго и в лесную глушь,<rs ref="Сан-Франциско" type="geo_index"></rs></l>
<l n="82">Всюду клином вбился Билли, всюду порет чушь.</l>
<l n="83">Затесался на заводы, в рудники прополз, —</l>
<l n="84">С виду он не очень тонок и не очень толст.</l>
<l n="85">А когда в него вселится красноречья бес,</l>
<l n="86">За «святую дружбу классов» на стену полез...</l>
<l n="87">Скажет: «Сам себе рабочий наизлейший враг...», —</l>
<l n="88">Как услышишь: вянут уши, чешется кулак.</l>
<l n="89">Билли, Билли, Билли, Билли,</l>
<l n="90">Видно мало тебя били, —</l>
<l n="91">Ты не мог бы как-нибудь</l>
<l n="92">В Миссисипи утонуть?<rs ref="Миссисипи" type="geo_index"></rs></l>
<l n="93">В голове у Билли тряпки и на шее груз,</l>
<l n="94">На спине у Билли ездит желтый профсоюз,</l>
<l n="95">Он газетную читает и смакует дрянь...</l>
<l n="96">Билли! Вот идет твой пастор: поскорее встань!</l>
<l n="97">Нам голубчик не попутчик: сильно нам претит</l>
<l n="98">Лимонад речей церковных и святой бисквит.</l>
<l n="99">Нашу твердость, нашу спайку — круговой бокал —</l>
<l n="100">На бесплатную фуфайку Билли променял.</l>
<l n="101">Не войдет бессмертный Билли в райский вертоград,</l>
<l n="102">Но пощечины у Билли на щеках горят.</l>
<l n="103">День был осенний: туманно и сыро.</l>
<l n="104">ИРМ’а: стальные рабочие мира —</l>
<l n="105">Пели могучий и траурный стих</l>
<l n="106">В честь отплывавших, как легкое пламя,</l>
<l n="107">Павших борцов за рабочее знамя —</l>
<l n="108">Джеральда Лайвли и многих других.</l>
<l n="109">Нету такого союза и цеха,</l>
<l n="110">Митинга, парка, кузнечного меха,</l>
<l n="111">Где бы не реял тот траурный стих.</l>
<l n="112">Нету такого рудничного дола,</l>
<l n="113">Где б не звучала еще баркарола</l>
<l n="114">Джеральда Лайвли и многих других.</l>
<l n="115">Воспоминанья о часах любовных —</l>
<l n="116">Как горсть жемчужин, тусклых и бескровных.</l>
<l n="117">Я перекатный жемчуг собрала,</l>
<l n="118">На шелковую нитку нанизала,</l>
<l n="119">Потом на них тихонько подышала,</l>
<l n="120">И радость мне утехою была.</l>
<l n="121">Дурачок и дурочка,</l>
<l n="122">Петушок и курочка,</l>
<l n="123">А может быть, утеныши —</l>
<l n="124">Лукавые гаденыши —</l>
<l n="125">Квохтали, кудахтали,</l>
<l n="126">Добрые приятели,</l>
<l n="127">Впотьмах, впотьмах,</l>
<l n="128">Кудах, кудах!</l>
<l n="129">Зверей могучее сословье</l>
<l n="130">Поет отчизне славословье.</l>
<l n="131">Наш край, промышленный и жирный,</l>
<l n="132">Свободы поставщик всемирный</l>
<l n="133">Хвала тебе, творец прекрасной</l>
<l n="134">Свободомыслящей страны,</l>
<l n="135">Где все законы беспристрастны</l>
<l n="136">И все вопросы решены.</l>
<l n="137">Хуже смерти, хуже тифа</l>
<l n="138">Безработным быть, —</l>
<l n="139">У сурового шерифа</l>
<l n="140">Кандалы добыть.</l>
<l n="141">Сердце чует — тяжело мне —</l>
<l n="142">Что судья был строг:</l>
<l n="143">Мальчик мой в каменоломне</l>
<l n="144">Получил урок.</l>
<l n="145">Паровозные сирены,</l>
<l n="146">Вы скажите мне,</l>
<l n="147">Где мой мальчик драгоценный?</l>
<l n="148">Где? В какой стране?</l>
<l n="149">Поезда бегут по рельсам</l>
<l n="150">И поют гудки...</l>
<l n="151">Где мой сын? Куда он делся?</l>
<l n="152">Не унять тоски!</l>
<l n="153">Крепкая подруга пролетарию нужна:</l>
<l n="154">Сильная, здоровая и смелая жена,</l>
<l n="155">Чтобы за свободу рядом билась с ним она.</l>
<l n="156">Муж ее уверенно за руку берет,</l>
<l n="157">Муж ее целует в ярко-красный рот,</l>
<l n="158">На собранье людное к товарищам ведет.</l>
<l n="159">С нами делят женщины радость и труды,</l>
<l n="160">Женщинами спаяны красные ряды,</l>
<l n="161">Верными подругами по праву мы горды.</l>
<l n="162">Кто же, как не женщина, сможет жар вдохнуть,</l>
<l n="163">Сможет руку в трудную минуту протянуть,</l>
<l n="164">Сможет знамя красное, как солнце, развернуть?</l>
</lg>
</div2>
</div1>
</body>
</text>
</tei>
