<?xml version='1.0' encoding='UTF8'?>
<tei xmlns="http://www.tei-c.org/ns/1.0">
<teiheader>
<filedesc>
<titlestmt>
<title>Переводы. Роберт Стивенсон. Заморские дети</title>
<author>О.Э. Мандельштам</author>
</titlestmt>
<publicationstmt>
<p>АРТ-БИЗНЕС-ЦЕНТР МОСКВА 1993</p>
<biblstruct>
<biblscope n="" type="volume"></biblscope>
<biblscope n="" type="part"></biblscope>
</biblstruct></publicationstmt>
<sourcedesc>
<p>Издание подготовлено Мандельштамовским обществом</p>
</sourcedesc>
<respstmt>
<resp>Подготовка и разметка файлов - Алексей Литвинцев, Вероника Файнберг. Создание
          электронного ресурса - Тимофей Молчанов. Руководители проекта - Центр Digital Humanities,
          Мандельштамовское общество (НИУ ВШЭ).</resp>
</respstmt></filedesc>
<profiledesc>
<textdesc n="poem"></textdesc>
<textclass>
<catref target="2_173" type="ID"></catref>
<catref target="О.Э. Мандельштам. Собрание сочинений в 4-х т. -- М.: Терра, 1991" type="Источник"></catref>
<catref target="стихотворение" type="Жанр художественной литературы"></catref>
<catref target="перевод" type="Уточнение жанра"></catref>
<catref target="Х, тонический : Дк" type="Метр"></catref>
<catref target="5(6)" type="Длина строки"></catref>
<catref target="регулярная" type="Клаузула"></catref>
<catref target="жм" type="Уточнение клаузулы"></catref>
<catref target="nan" type="Классическая строфа"></catref>
<catref target="перекрестная" type="Рифма"></catref>
<catref target="абаб" type="Схема рифмовки"></catref>
<catref target="Х5жм. Дк5ж, Х6ж" type="Метрическая формула"></catref>
<catref target="nan" type="Дополнительные параметры"></catref>
<catref target="16" type="Число строк"></catref>
<catref target="Р. Стивенсон" type="Автор оригинала"></catref>
<catref target="английский" type="Язык оригинала"></catref>
</textclass></profiledesc>
</teiheader>
<text>
<body>
<div1 n="2" type="volume">
<div2 n="173" type="part">
<head>Из английской и американской поэзии</head>
<head>РОБЕРТ СТИВЕНСОН</head>
<head>173.
ЗАМОРСКИЕ ДЕТИ</head>
<lg type="quatrain">
<l n="1">Дети-негры, мальчики-малайцы,</l>
<l n="2">Дети-турки, персы и китайцы,</l>
<l n="3">В теплых шапках маленькие чукчи,</l>
<l n="4">Вам хорошо, а все-таки мне лучше!</l>
</lg>
<lg type="quatrain">
<l n="5">Вы живете где-нибудь в Сахаре,</l>
<l n="6">На Камчатке, на Мадагаскаре,</l>
<l n="7">И, наверно, маленькие кафры</l>
<l n="8">Черепаху вам дают на завтрак!</l>
</lg>
<lg type="quatrain">
<l n="9">Там у вас кокосы и бананы</l>
<l n="10">И сидят на ветках обезьяны.</l>
<l n="11">Хорошо — но все же не годится:</l>
<l n="12">Не хочу всегда жить за границей!</l>
</lg>
<lg type="quatrain">
<l n="13">У меня есть комната и печка,</l>
<l n="14">Я леплю из глины человечка,</l>
<l n="15">Сплю в кровати на своей подушке,</l>
<l n="16">По утрам пью молоко из кружки!</l>
</lg>
<lg type="quatrain">
<l n="17">Дети-негры, мальчики-малайцы,</l>
<l n="18">Папуасы, кафры и китайцы,</l>
<l n="19">В теплых шапках маленькие чукчи, —</l>
<l n="20">Вам хорошо, а все— таки мне лучше!</l>
</lg>
</div2>
</div1>
</body>
</text>
</tei>
