<?xml version='1.0' encoding='UTF8'?>
<tei xmlns="http://www.tei-c.org/ns/1.0">
<teiheader>
<filedesc>
<titlestmt>
<title>Батум («Дождь, дождь, дождь...»)</title>
<author>О.Э. Мандельштам</author>
</titlestmt>
<publicationstmt>
<p>АРТ-БИЗНЕС-ЦЕНТР МОСКВА 1993</p>
<biblstruct>
<biblscope n="" type="volume"></biblscope>
<biblscope n="" type="part"></biblscope>
</biblstruct></publicationstmt>
<sourcedesc>
<p>Издание подготовлено Мандельштамовским обществом</p>
</sourcedesc>
<respstmt>
<resp>Подготовка и разметка файлов - Алексей Литвинцев, Вероника Файнберг. Создание
          электронного ресурса - Тимофей Молчанов. Руководители проекта - Центр Digital Humanities,
          Мандельштамовское общество (НИУ ВШЭ).</resp>
</respstmt></filedesc>
<profiledesc>
<textdesc n="prose"></textdesc>
<textclass>
<catref target="Series([], Name: ID, dtype: object)" type="ID"></catref>
<catref target="Series([], Name: Источник, dtype: object)" type="Источник"></catref>
<catref target="Series([], Name: Жанр художественной литературы, dtype: object)" type="Жанр художественной литературы"></catref>
<catref target="Series([], Name: Уточнение жанра 1, dtype: object)" type="Уточнение жанра"></catref>
<catref target="Series([], Name: Метр, dtype: object)" type="Метр"></catref>
<catref target="Series([], Name: Длина строки, dtype: object)" type="Длина строки"></catref>
<catref target="Series([], Name: Клаузула, dtype: object)" type="Клаузула"></catref>
<catref target="Series([], Name: Уточнение клаузулы 1, dtype: object)" type="Уточнение клаузулы"></catref>
<catref target="Series([], Name: Классическая строфа, dtype: object)" type="Классическая строфа"></catref>
<catref target="Series([], Name: Рифма, dtype: object)" type="Рифма"></catref>
<catref target="Series([], Name: Схема рифмовки, dtype: object)" type="Схема рифмовки"></catref>
<catref target="Series([], Name: Метрическая формула, dtype: object)" type="Метрическая формула"></catref>
<catref target="Series([], Name: Дополнительные параметры, dtype: object)" type="Дополнительные параметры"></catref>
<catref target="Series([], Name: Число строк, dtype: int64)" type="Число строк"></catref>
<catref target="Series([], Name: Автор оригинала, dtype: object)" type="Автор оригинала"></catref>
<catref target="Series([], Name: Язык оригинала, dtype: object)" type="Язык оригинала"></catref>
</textclass></profiledesc>
</teiheader>
<text>
<body>
<div1 n="2" type="volume">
<div2 n="178" type="part">
<head>178.
БАТУМ</head>
<p>Дождь, дождь, дождь — это не значит, что нельзя выйти на улицу. Дождь может идти и завтра и послезавтра: зимний дождь в Батуме это грандиозный теплый душ на несколько недель. Никто его не боится и, если нужно по делу, всякий батумец пойдет куда угодно даже в такой потоп, когда Ной побоится высунуться из ковчега. Вот спешит «центросоюзник» на службу в свой родной Центросоюз в охотничьих сапогах — последняя кооперативная выдача. Он смело переходит вброд самые опасные места и даже нарочно выбирает там, где поглубже.<rs ref="Батум (Батуми)" type="geo_index"></rs></p>
<p>Центросоюз внешне процветает, работа кипит с утра до ночи в маленьком чистеньком особнячке у самого приморского бульвара с пихтами, олеандрами и пальмами, в том самом доме, где — по свежему преданию — англичане держали военный суд. С раннего утра неутомимые кооператоры в непромокаемых плащах и макинтошах снаряжают автомобили для осмотра чаквинских чайных плантаций и плодовых имений. С раннего утра в приемных толкутся иностранные купцы, ведомые, как</p>
<p>агнцы на заклание, местными коммерсантами (всегда можно отличить того, кого ведут, и того, кто ведет), и не без легкого подобострастия проникают в кабинет заведующего, где встречают острый и проницательный суд библейского Соломона или кади из «Тысяча и одной ночи».<rs ref="Соломон" type="myth_index"></rs></p>
<p>— Мы — «общественные купцы», — с гордостью говорят батумские кооператоры. — Нам ни плохо, ни холодно от Центросоюза, — твердит простой обыватель. Но обыватель требует синицу в руки, ему нужно сейчас же что-нибудь осязательное. Между тем, если бы не Центросоюз, тесно связанный с Внешторгом, не было бы никакого удержа, никакой управы на иностранных хищников, которые находят здесь отпор своей алчности и авторитет, перед которым они должны склониться.</p>
<p>Но дождь идет не вечно. Как по волшебству просыхают чистенькие улицы. Батумский потоп — это царство проточной воды. После дождя город только омылся, освежился. Начинается зимнее гулянье на бульваре. В январе люди сидят на теплом щебне пляжа, близко, у самых волн, только что не купаются. Тут-то начинается праздник для портовых турецких кофеен — это сердцевина всего города: его маленькие клубы и биржи. В кофейне темно и накурено. Ароматный тягучий кофейный пар стоит в воздухе. В глубине золотыми угольками тлеет неугасающе жаровня, и на ней в медных тигельках самим хозяином изготовляется божественный напиток. Слуга выбился из сил, перенося маленькие кофейные чашечки, сопровождаемые стаканом холодной воды.<rs ref="Батум (Батуми)" type="geo_index"></rs></p>
<p>Вот заходит газетчик. У него припасены газеты на всех языках. Каждому — свое.</p>
<p>Старый почтенный турок покупает турецкий «Коммунист» и медленно читает вслух другим. Что поймет он, купец и патриарх, в предлагаемом ему новом учении? Он морщит лоб, но не улыбается. Как и весь его народ, он хорошо воспитан и привык уважать чужое мнение.</p>
<p>Самое приятное в торговом Батуме это именно торговые дома. В них есть благообразие и культура, которых нет в скороспелых итальянских и прочих европейских торговых фирмах, где царствует суета и нехороший хищный дух. Есть один пункт, где торговля Востока не чета европейской — именно: торговля не только аппарат распределения, но социальное явление, и в привычках торгующего Востока чувствуешь уважение к человеку, которого нельзя просто обобрать и с кашей съесть.<rs ref="Батум (Батуми)" type="geo_index"></rs></p>
<p>Наступают сумерки, но Батум не хочет ложиться спать. По Маринской улице до поздней ночи движется сплошная праздничная лавина; чувствуется, что каждый в этой толпе «сделал дело» и теперь пожинает плоды своей коммерческой тонкости. Ярко освещены лари и подворотни с фруктами и южной зимней утехой — мандаринами. Какие-то предприимчивые чумазые мальчишки, выплясывая лезгинку, бросаются под ноги прохожим, которые в ужасе откупаются мелкой подачкой. Толпа настолько оживлена, что ее радостный и громкий ропот долетает на четвертый этаж и баюкает ваш первый сон.<rs ref="Батум (Батуми)" type="geo_index"></rs><rs ref="Батум (Батуми)" type="geo_index"></rs></p>
<p>А в это время целые кварталы мертвы, как пустыня. Это специальные кварталы лавок у моря. Целые улицы, потухшие, во тьме, с наглухо закрытыми — железными тяжелыми висячими замками — ставнями. Бродят только сторожа с неусыпными трещотками, охраняя спящие миллиарды. Впрочем, сквозь железные ставни кое-где пробивается свет, и во многих лавках живут. Дело в том, что в Батуме нет квартир, нет даже «жилищного кризиса». Он устранен очень просто — комнат настолько бесповоротно нет, что никому даже не приходит в голову их искать. В Батуме, если вы приезжий, вас не спрашивают, где вы живете, а спрашивают, где вы ночуете. Страх перед бездомными приезжими так велик, что ни в одной кофейной нельзя оставить вещей с вокзала: хозяева уверены, что вы к ним вернетесь ночевать, и боятся этого, как чумы. Мелкие торговцы ютятся в своих ларьках и будках, размерами не больше собачьей конуры. Каким образом устраиваются крупные коммерсанты — это совершенно таинственно. Очевидно, лира побеждает законы пространства.<rs ref="Батум (Батуми)" type="geo_index"></rs></p>
<p>По характеру своего интернационального торгового оживления Батум напоминает колониальный город или европейский квартал где-нибудь в Шанхае. До чего убогим кажется после него Новороссийск со своим прекрасным, гигантски оборудованным портом, со своими элеваторами, которые высоко поднимают на курьих ножках фантастически длинные, похожие на купальни, приемники для зерна. Все это спит и ждет пробуждения, но в городе чувствуется какая-то особая серьезность, и он как бы готовится к исполнению огромной предстоящей ему экономической задачи. Но пока что в пустых холодных лавках, где на прилавок демонстративно брошен кусок бязи, героические коммивояжеры с какими-то воровскими по привычке ухватками лихорадочно<rs ref="Батум (Батуми)" type="geo_index"></rs><rs ref="Батум (Батуми)" type="geo_index"></rs><rs ref="Новороссийск" type="geo_index"></rs><rs ref="Шанхай" type="geo_index"></rs></p>
<p>набивают чемоданы батумскими нитками и влекут куда-то подозрительную стопудовую ношу в опасный и темный путь, вечно стремясь к берегам своей Аркадии.</p>
<date when="1922">‹1922›</date>
</div2>
</div1>
</body>
</text>
</tei>
