<?xml version='1.0' encoding='UTF8'?>
<tei xmlns="http://www.tei-c.org/ns/1.0">
<teiheader>
<filedesc>
<titlestmt>
<title>Переводы. Рене Шикеле. Телохранители</title>
<author>О.Э. Мандельштам</author>
</titlestmt>
<publicationstmt>
<p>АРТ-БИЗНЕС-ЦЕНТР МОСКВА 1993</p>
<biblstruct>
<biblscope n="" type="volume"></biblscope>
<biblscope n="" type="part"></biblscope>
</biblstruct></publicationstmt>
<sourcedesc>
<p>Издание подготовлено Мандельштамовским обществом</p>
</sourcedesc>
<respstmt>
<resp>Подготовка и разметка файлов - Алексей Литвинцев, Вероника Файнберг. Создание
          электронного ресурса - Тимофей Молчанов. Руководители проекта - Центр Digital Humanities,
          Мандельштамовское общество (НИУ ВШЭ).</resp>
</respstmt></filedesc>
<profiledesc>
<textdesc n="poem"></textdesc>
<textclass>
<catref target="2_170" type="ID"></catref>
<catref target="О.Э. Мандельштам. Собрание сочинений в 4-х т. -- М.: Терра, 1991" type="Источник"></catref>
<catref target="стихотворение" type="Жанр художественной литературы"></catref>
<catref target="перевод" type="Уточнение жанра"></catref>
<catref target="Д, Х, Я, тонический : Дк" type="Метр"></catref>
<catref target="вольная" type="Длина строки"></catref>
<catref target="вольная" type="Клаузула"></catref>
<catref target="г, д, ж, м" type="Уточнение клаузулы"></catref>
<catref target="nan" type="Классическая строфа"></catref>
<catref target="0" type="Рифма"></catref>
<catref target="nan" type="Схема рифмовки"></catref>
<catref target="Дк1,2,3,4,5,6,7,8,9г,д,ж,м" type="Метрическая формула"></catref>
<catref target="нарушения анакрусы, перебои" type="Дополнительные параметры"></catref>
<catref target="75" type="Число строк"></catref>
<catref target="Р. Шикеле" type="Автор оригинала"></catref>
<catref target="немецкий" type="Язык оригинала"></catref>
</textclass></profiledesc>
</teiheader>
<text>
<body>
<div1 n="2" type="volume">
<div2 n="170" type="part">
<head>170.
ТЕЛОХРАНИТЕЛИ</head>
<lg type="octet">
<l n="1">И я подчас иду сторонкой, смят, убит.</l>
<l n="2">Есть полыханье крови, его нельзя унять.</l>
<l n="3">Моя же кровь меня повсюду озарит,</l>
<l n="4">Догонит славою подспудного огня.</l>
<l n="5">Она содержит семя предков, ряд тяжелый:</l>
<l n="6">Солдаты, мужики, бродяги, богомолы, —</l>
<l n="7">Ряд жизней внутреннею теплотой</l>
<l n="8">Мне согревает кровь, бежит за мной.</l>
</lg>
<lg type="octet">
<l n="9">Я это чувствую, как щит, как ржу кольчуг,</l>
<l n="10">Как крепостной кругом горящий ров:</l>
<l n="11">Неразбериха мирозданья мнится вдруг</l>
<l n="12">В кровавой паутинке, в сетке солнечных паров,</l>
<l n="13">Чтобы скользило по глазам моим</l>
<l n="14">То, что на вечный прок угодно им.</l>
<l n="15">И в сердце возится горячий пульс корней,</l>
<l n="16">И роет тьму восток, завещан мне вчерне;</l>
</lg>
<lg type="octet">
<l n="17">И то, что якорем во тьму упал росток,</l>
<l n="18">И о котором я не знаю ничего,</l>
<l n="19">Как то, что двигался горячей воли ток,</l>
<l n="20">Покуда мной не стал по цепи уст живой.</l>
<l n="21">Вот гвардия моя, чуть одержим уроном,</l>
<l n="22">Спешу с небесным я смешаться эскадроном,</l>
<l n="23">Я руку поднял, и мелькает роща рук,</l>
<l n="24">Встал — духов конница расположилась вкруг!</l>
</lg>
<lg type="octet">
<l n="25">Я чувствую во сне — так близок их бивак,</l>
<l n="26">Уздечками обвесившись лежат, —</l>
<l n="27">У них дыханье, жизнь, и, как— никак,</l>
<l n="28">Когда один толкнет другого, спутав ряд,</l>
<l n="29">Сейчас же звон начнется, гул паденья,</l>
<l n="30">Все тело вовлекается в движенье, —</l>
<l n="31">Как бы подъемника колодца переплеск,</l>
<l n="32">То сердце матерей пронизывает мозг.</l>
</lg>
<lg type="octet">
<l n="33">И вот, когда в прелестно— дикий час</l>
<l n="34">Мне, всем, — ручьи любви журчат</l>
<l n="35">И россыпью ракет ночная твердь зажглась,</l>
<l n="36">И тьмой смыт каждый циферблат, —</l>
<l n="37">В звездах прозрачно зеркало морское,</l>
<l n="38">И клонит плод бесстыдство золотое;</l>
<l n="39">Свет от меня бежит в нивесть— страну,</l>
<l n="40">Морей окраинных курчавлю я волну.</l>
</lg>
<lg type="septet">
<l n="41">И я подчас бываю смят, убит, —</l>
<l n="42">Мне полыханье крови не унять,</l>
<l n="43">Моя же кровь меня повсюду озарит,</l>
<l n="44">Догонит славою подспудного огня.</l>
<l n="45">Она содержит то, чем предки — ряд тяжелый:</l>
<l n="46">Солдаты, мужики, бродяги, богомолы, —</l>
<l n="47">Телохранители мои, спасут меня.</l>
</lg>
</div2>
</div1>
</body>
</text>
</tei>
