<?xml version='1.0' encoding='UTF8'?>
<tei xmlns="http://www.tei-c.org/ns/1.0">
<teiheader>
<filedesc>
<titlestmt>
<title>Переводы. Рене Шикеле. Мальчик в саду</title>
<author>О.Э. Мандельштам</author>
</titlestmt>
<publicationstmt>
<p>АРТ-БИЗНЕС-ЦЕНТР МОСКВА 1993</p>
<biblstruct>
<biblscope n="" type="volume"></biblscope>
<biblscope n="" type="part"></biblscope>
</biblstruct></publicationstmt>
<sourcedesc>
<p>Издание подготовлено Мандельштамовским обществом</p>
</sourcedesc>
<respstmt>
<resp>Подготовка и разметка файлов - Алексей Литвинцев, Вероника Файнберг. Создание
          электронного ресурса - Тимофей Молчанов. Руководители проекта - Центр Digital Humanities,
          Мандельштамовское общество (НИУ ВШЭ).</resp>
</respstmt></filedesc>
<profiledesc>
<textdesc n="poem"></textdesc>
<textclass>
<catref target="2_172" type="ID"></catref>
<catref target="О.Э. Мандельштам. Собрание сочинений в 4-х т. -- М.: Терра, 1991" type="Источник"></catref>
<catref target="стихотворение" type="Жанр художественной литературы"></catref>
<catref target="перевод" type="Уточнение жанра"></catref>
<catref target="Х, Я" type="Метр"></catref>
<catref target="5" type="Длина строки"></catref>
<catref target="ж" type="Клаузула"></catref>
<catref target="nan" type="Уточнение клаузулы"></catref>
<catref target="nan" type="Классическая строфа"></catref>
<catref target="парная" type="Рифма"></catref>
<catref target="аа" type="Схема рифмовки"></catref>
<catref target="Х5ж. Я5ж" type="Метрическая формула"></catref>
<catref target="нарушения анакрусы" type="Дополнительные параметры"></catref>
<catref target="20" type="Число строк"></catref>
<catref target="Р. Стивенсон" type="Автор оригинала"></catref>
<catref target="английский" type="Язык оригинала"></catref>
</textclass></profiledesc>
</teiheader>
<text>
<body>
<div1 n="2" type="volume">
<div2 n="172" type="part">
<head>172.
МАЛЬЧИК В САДУ</head>
<lg type="12_line">
<l n="1">Я сжимаю и перекладываю свои руки,</l>
<l n="2">Беспомощно держу их на весу.</l>
<l n="3">Вечер. Любимые мои руки.</l>
<l n="4">Колокольчики майские в темноте звенят.</l>
<l n="5">И молочно-белые запахов зыблются ткани,</l>
<l n="6">Вдыхаем пар от цветников, друг к другу прикорнув.</l>
<l n="7">В последнем блеске дня мерцают тюльпаны,</l>
<l n="8">Сирень журчит из дышащих кустов,</l>
<l n="9">К земле примостилась светлая роза.</l>
<l n="10">Славные мы все люди,</l>
<l n="11">А за версту, сквозь голубую ночь,</l>
<l n="12">Льется приглушенный бой часов.</l>
</lg>
</div2>
</div1>
</body>
</text>
</tei>
