<?xml version='1.0' encoding='UTF8'?>
<tei xmlns="http://www.tei-c.org/ns/1.0">
<teiheader>
<filedesc>
<titlestmt>
<title>Переводы. Джим Тулли. ‹Из повести «Автобиография бродяги»›</title>
<author>О.Э. Мандельштам</author>
</titlestmt>
<publicationstmt>
<p>АРТ-БИЗНЕС-ЦЕНТР МОСКВА 1993</p>
<biblstruct>
<biblscope n="" type="volume"></biblscope>
<biblscope n="" type="part"></biblscope>
</biblstruct></publicationstmt>
<sourcedesc>
<p>Издание подготовлено Мандельштамовским обществом</p>
</sourcedesc>
<respstmt>
<resp>Подготовка и разметка файлов - Алексей Литвинцев, Вероника Файнберг. Создание
          электронного ресурса - Тимофей Молчанов. Руководители проекта - Центр Digital Humanities,
          Мандельштамовское общество (НИУ ВШЭ).</resp>
</respstmt></filedesc>
<profiledesc>
<textdesc n="play in verse"></textdesc>
<textclass>
<catref target="Series([], Name: ID, dtype: object)" type="ID"></catref>
<catref target="Series([], Name: Источник, dtype: object)" type="Источник"></catref>
<catref target="Series([], Name: Жанр художественной литературы, dtype: object)" type="Жанр художественной литературы"></catref>
<catref target="Series([], Name: Уточнение жанра 1, dtype: object)" type="Уточнение жанра"></catref>
<catref target="Series([], Name: Метр, dtype: object)" type="Метр"></catref>
<catref target="Series([], Name: Длина строки, dtype: object)" type="Длина строки"></catref>
<catref target="Series([], Name: Клаузула, dtype: object)" type="Клаузула"></catref>
<catref target="Series([], Name: Уточнение клаузулы 1, dtype: object)" type="Уточнение клаузулы"></catref>
<catref target="Series([], Name: Классическая строфа, dtype: object)" type="Классическая строфа"></catref>
<catref target="Series([], Name: Рифма, dtype: object)" type="Рифма"></catref>
<catref target="Series([], Name: Схема рифмовки, dtype: object)" type="Схема рифмовки"></catref>
<catref target="Series([], Name: Метрическая формула, dtype: object)" type="Метрическая формула"></catref>
<catref target="Series([], Name: Дополнительные параметры, dtype: object)" type="Дополнительные параметры"></catref>
<catref target="Series([], Name: Число строк, dtype: int64)" type="Число строк"></catref>
<catref target="Series([], Name: Автор оригинала, dtype: object)" type="Автор оригинала"></catref>
<catref target="Series([], Name: Язык оригинала, dtype: object)" type="Язык оригинала"></catref>
</textclass></profiledesc>
</teiheader>
<text>
<body>
<div1 n="2" type="volume">
<div2 n="" type="part">
<head>ДЖИМ ТУЛЛИ
176.
‹ИЗ ПОВЕСТИ «АВТОБИОГРАФИЯ БРОДЯГИ» ›</head>
<lg type="98_line">
<l n="1">Отец был конокрадом — ему не повезло;</l>
<l n="2">Мать — мюнхенская немка, ступала тяжело.</l>
<l n="3">Сестра была циркачкой (велосипедный трюк),</l>
<l n="4">А брат был пересмешник, отбившийся от рук.</l>
<l n="5">Жил пьяницею в Синси один ее кузен,</l>
<l n="6">И умер, как младенец, потягивая ром.</l>
<l n="7">А дядя, пастор в Квинси, веселый джентльмен,</l>
<l n="8">За ужином и в церкви слыл первым остряком.</l>
<l n="9">Там, где растут папиросы у лимонадных ключей,</l>
<l n="10">Там, где горы картофеля в силе и славе своей;</l>
<l n="11">Где ветчина малосольная, вкусная — ох! — ветчина,</l>
<l n="12">Ломти, как флаги, развесила, салом окаймлена;</l>
<l n="13">Там, где отборные яйца дружно на ветках дрожат</l>
<l n="14">И под ногами румяные, свежие булки хрустят;</l>
<l n="15">Там, где цыплята на вертеле прыгают сами в обед,</l>
<l n="16">Лишь потому, что им нравится вкусный поджаристый цвет;</l>
<l n="17">Там, где коровы голландские масло сбивают хвостом,</l>
<l n="18">И молоком неразбавленным сами торгуют потом;</l>
<l n="19">Там, где горячие завтраки прямо на ветках растут,</l>
<l n="20">Сами себя согревают, сами себя подают;</l>
<l n="21">Где ровно в одиннадцать вечера туча плывет пирогом,</l>
<l n="22">В тесте печеные яблоки падают крупным дождем;— </l>
<l n="23">Там у себя на балконе Иов блаженствует Слим,</l>
<l n="24">Все его жены ласкаются, нежно беседуют с ним.</l>
<l n="25">Рельсовый путь загибается, слышится поезда гул.</l>
<l n="26">Только вагону последнему хитро Иов подмигнул.</l>
<l n="27">Был он бродяга наследственный — в воздух и ветер влюблен.</l>
<l n="28">Больше теперь, чем у пастора, у Слима нашего жен.</l>
<l n="29">Все влюблены они в Слима; с ними не знает забот</l>
<l n="30">Старый картежник и пьяница, бывший гуляка и мот.</l>
<l n="31">Домик его оглашается пеньем дроздов и щеглят.</l>
<l n="32">И молодые красавицы в фонтане резвятся, визжат...</l>
<l n="33">Там папиросы со спичками вместе растут средь листвы,</l>
<l n="34">Там горы картофеля к небу высоко подъемлют главы.</l>
<l n="35">Снова радость набежала,</l>
<l n="36">Закипает счастья ключ.</l>
<l n="37">Отдавай концы причала,</l>
<l n="38">Не удерживай, не мучь.</l>
<l n="39">Отдавай концы причала,</l>
<l n="40">Не удерживай, не мучь.</l>
<l n="41">Старая погудка,</l>
<l n="42">Старая погудка,</l>
<l n="43">Старая погудка,</l>
<l n="44">Чем не хороша?</l>
<l n="45">Маменькина библия,</l>
<l n="46">Папенькина библия,</l>
<l n="47">Дедушкина библия,</l>
<l n="48">Библия моя!</l>
<l n="49">Методисты — голуби,</l>
<l n="50">И баптисты — голуби,</l>
<l n="51">Братья мои милые,</l>
<l n="52">Голуби мои!</l>
<l n="53">Мы увидимся на рейде</l>
<l n="54">После бурного пути,</l>
<l n="55">Где святой апостол греет</l>
<l n="56">Ключ от рая на груди.</l>
<l n="57">И Христа в одежде славы,</l>
<l n="58">В ризе темно-голубой,</l>
<l n="59">Темнокожий и курчавый</l>
<l n="60">Окружит народ толпой.</l>
<l n="61">Соберемся поскорее</l>
<l n="62">У разымчивой воды,</l>
<l n="63">Где святые протоптали</l>
<l n="64">В золотом песке следы.</l>
<l n="65">Зачерпнем воды прозрачной</l>
<l n="66">И беседовать начнем,</l>
<l n="67">Чтоб над нами дни жужжали</l>
<l n="68">Золотым веретеном.</l>
<l n="69">Ого, я стар, но я не плачу:</l>
<l n="70">Наобещал мне Саваоф<rs ref="Савоаф" type="myth_index"></rs></l>
<l n="71">На небе маленькую дачу</l>
<l n="72">И к ней военный флот в придачу</l>
<l n="73">И золоченых крейсеров.</l>
<l n="74">Ого, я стар, зато чем старше,</l>
<l n="75">Тем ближе к дачке патриаршей.</l>
<l n="76">О «завтра» думать очень странно!</l>
<l n="77">А вдруг его не будет вовсе?</l>
<l n="78">Раз навсегда с судьбой условься,</l>
<l n="79">Бродяга: жизнь непостоянна.</l>
<l n="80">Однажды ужас опозданья</l>
<l n="81">На рельсы бросил горемыку.</l>
<l n="82">И раздавили, как бруснику,</l>
<l n="83">Колеса — жертву мирозданья.</l>
<l n="84">Будто негры не крадут — говорят в народе, —</l>
<l n="85">Я одиннадцать поймал негров в огороде.</l>
<l n="86">У меня один малыш корчился от боли,</l>
<l n="87">Палец, неженка, зашиб на арбузном поле.</l>
<l n="88">Как приятеля зовут? Странная картинка!</l>
<l n="89">Я за шиворот поймал в поле Хинки Динка!</l>
<l n="90">Скажи, ты видишь ли средь утренних полян</l>
<l n="91">Тобой воспетое в лучах заката знамя?</l>
<l n="92">Американский флаг, усеянный звездами:</l>
<l n="93">Благополучный флаг свободнейшей из стран?</l>
<l n="94">О, моя бедная Нелли, о, моя милая Грей!</l>
<l n="95">Как пролетели недели, ласточек быстрых быстрей.</l>
<l n="96">Ты уезжаешь надолго, — ах, золотые деньки! —</l>
<l n="97">В штат неизвестный Георгию...</l>
<l n="98">Не забывай Кентукки!<rs ref="Кентукки" type="geo_index"></rs></l>
</lg>
</div2>
</div1>
</body>
</text>
</tei>
