<?xml version='1.0' encoding='UTF8'?>
<tei xmlns="http://www.tei-c.org/ns/1.0">
<teiheader>
<filedesc>
<titlestmt>
<title>Переводы. Роберт Стивенсон. Одеяльная страна</title>
<author>О.Э. Мандельштам</author>
</titlestmt>
<publicationstmt>
<p>АРТ-БИЗНЕС-ЦЕНТР МОСКВА 1993</p>
<biblstruct>
<biblscope n="" type="volume"></biblscope>
<biblscope n="" type="part"></biblscope>
</biblstruct></publicationstmt>
<sourcedesc>
<p>Издание подготовлено Мандельштамовским обществом</p>
</sourcedesc>
<respstmt>
<resp>Подготовка и разметка файлов - Алексей Литвинцев, Вероника Файнберг. Создание
          электронного ресурса - Тимофей Молчанов. Руководители проекта - Центр Digital Humanities,
          Мандельштамовское общество (НИУ ВШЭ).</resp>
</respstmt></filedesc>
<profiledesc>
<textdesc n="poem"></textdesc>
<textclass>
<catref target="Series([], Name: ID, dtype: object)" type="ID"></catref>
<catref target="Series([], Name: Источник, dtype: object)" type="Источник"></catref>
<catref target="Series([], Name: Жанр художественной литературы, dtype: object)" type="Жанр художественной литературы"></catref>
<catref target="Series([], Name: Уточнение жанра 1, dtype: object)" type="Уточнение жанра"></catref>
<catref target="Series([], Name: Метр, dtype: object)" type="Метр"></catref>
<catref target="Series([], Name: Длина строки, dtype: object)" type="Длина строки"></catref>
<catref target="Series([], Name: Клаузула, dtype: object)" type="Клаузула"></catref>
<catref target="Series([], Name: Уточнение клаузулы 1, dtype: object)" type="Уточнение клаузулы"></catref>
<catref target="Series([], Name: Классическая строфа, dtype: object)" type="Классическая строфа"></catref>
<catref target="Series([], Name: Рифма, dtype: object)" type="Рифма"></catref>
<catref target="Series([], Name: Схема рифмовки, dtype: object)" type="Схема рифмовки"></catref>
<catref target="Series([], Name: Метрическая формула, dtype: object)" type="Метрическая формула"></catref>
<catref target="Series([], Name: Дополнительные параметры, dtype: object)" type="Дополнительные параметры"></catref>
<catref target="Series([], Name: Число строк, dtype: int64)" type="Число строк"></catref>
<catref target="Series([], Name: Автор оригинала, dtype: object)" type="Автор оригинала"></catref>
<catref target="Series([], Name: Язык оригинала, dtype: object)" type="Язык оригинала"></catref>
</textclass></profiledesc>
</teiheader>
<text>
<body>
<div1 n="2" type="volume">
<div2 n="174" type="part">
<head>174.
ОДЕЯЛЬНАЯ СТРАНА</head>
<lg type="quatrain">
<l n="1">Лег в постель. Закутался. Согрелся.</l>
<l n="2">Подавайте мне теперь сюда</l>
<l n="3">Все игрушки — кубики и рельсы.</l>
<l n="4">Корабли, сады и города.</l>
</lg>
<lg type="quatrain">
<l n="5">Два холма — под одеялами коленки,</l>
<l n="6">И простынь бушует океан.</l>
<l n="7">Города и башни ставлю к стенке</l>
<l n="8">На крутой подушечный курган.</l>
</lg>
<lg type="quatrain">
<l n="9">По холмам шерстяного одеяла,</l>
<l n="10">По горам подушечной страны</l>
<l n="11">Оловянная пехота пробежала</l>
<l n="12">И прошли индийские слоны.</l>
</lg>
<lg type="quatrain">
<l n="13">Я гляжу, как ласковый хозяин,</l>
<l n="14">Как хороший, добрый великан,</l>
<l n="15">На равнину шерстяных окраин</l>
<l n="16">И на полотняный океан.</l>
</lg>
</div2>
</div1>
</body>
</text>
</tei>
