<?xml version='1.0' encoding='UTF8'?>
<tei xmlns="http://www.tei-c.org/ns/1.0">
<teiheader>
<filedesc>
<titlestmt>
<title>Кое-что о грузинском искусстве</title>
<author>О.Э. Мандельштам</author>
</titlestmt>
<publicationstmt>
<p>АРТ-БИЗНЕС-ЦЕНТР МОСКВА 1993</p>
<biblstruct>
<biblscope n="" type="volume"></biblscope>
<biblscope n="" type="part"></biblscope>
</biblstruct></publicationstmt>
<sourcedesc>
<p>Издание подготовлено Мандельштамовским обществом</p>
</sourcedesc>
<respstmt>
<resp>Подготовка и разметка файлов - Алексей Литвинцев, Вероника Файнберг. Создание
          электронного ресурса - Тимофей Молчанов. Руководители проекта - Центр Digital Humanities,
          Мандельштамовское общество (НИУ ВШЭ).</resp>
</respstmt></filedesc>
<profiledesc>
<textdesc n="prose"></textdesc>
<textclass>
<catref target="Series([], Name: ID, dtype: object)" type="ID"></catref>
<catref target="Series([], Name: Источник, dtype: object)" type="Источник"></catref>
<catref target="Series([], Name: Жанр художественной литературы, dtype: object)" type="Жанр художественной литературы"></catref>
<catref target="Series([], Name: Уточнение жанра 1, dtype: object)" type="Уточнение жанра"></catref>
<catref target="Series([], Name: Метр, dtype: object)" type="Метр"></catref>
<catref target="Series([], Name: Длина строки, dtype: object)" type="Длина строки"></catref>
<catref target="Series([], Name: Клаузула, dtype: object)" type="Клаузула"></catref>
<catref target="Series([], Name: Уточнение клаузулы 1, dtype: object)" type="Уточнение клаузулы"></catref>
<catref target="Series([], Name: Классическая строфа, dtype: object)" type="Классическая строфа"></catref>
<catref target="Series([], Name: Рифма, dtype: object)" type="Рифма"></catref>
<catref target="Series([], Name: Схема рифмовки, dtype: object)" type="Схема рифмовки"></catref>
<catref target="Series([], Name: Метрическая формула, dtype: object)" type="Метрическая формула"></catref>
<catref target="Series([], Name: Дополнительные параметры, dtype: object)" type="Дополнительные параметры"></catref>
<catref target="Series([], Name: Число строк, dtype: int64)" type="Число строк"></catref>
<catref target="Series([], Name: Автор оригинала, dtype: object)" type="Автор оригинала"></catref>
<catref target="Series([], Name: Язык оригинала, dtype: object)" type="Язык оригинала"></catref>
</textclass></profiledesc>
</teiheader>
<text>
<body>
<div1 n="2" type="volume">
<div2 n="179" type="part">
<head>179.
КОЕ-ЧТО О ГРУЗИНСКОМ ИСКУССТВЕ</head>
<p>В русской поэзии есть грузинская традиция. Когда наши поэты прошлого столетия касаются Грузии, голос их приобретает особенную женственную мягкость и самый стих как бы погружается в мягкую влажную атмосферу:<rs ref="Грузия" type="geo_index"></rs></p>
<p>Может быть, во всей грузинской поэзии нет двух таких стихов, по-грузински пьяных и пряных, как два стиха Лермонтова:<rs ref="Лермонтов, Михаил Юрьевич" type="person"></rs></p>
<p>Я бы сказал, что в русской поэзии есть свой грузинский миф, впервые провозглашенный Пушкиным, —<rs ref="Пушкин, Александр Сергеевич" type="person"></rs></p>
<p>и разработанный Лермонтовым в целую мифологию с мифом о Тамаре в центре.<rs ref="Тамбов" type="geo_index"></rs><rs ref="Лермонтов, Михаил Юрьевич" type="person"></rs><rs ref="Тамара" type="person"></rs><rs ref="Тамара" type="person"></rs></p>
<p>Любопытно, что этим мифом, обетованной страной поэзии, для русской поэзии стала не Армения, а Грузия.<rs ref="Армения" type="geo_index"></rs><rs ref="Грузия" type="geo_index"></rs></p>
<p>Грузия обольстила русских поэтов своеобразной эротикой, любовностью, присущей национальному характеру, и легким, целомудренным духом опьянения, какой-то меланхолической и пиршественной пьяностью, в которую погружена душа и история этого народа. Грузинский эрос — вот что притягивало русских поэтов. Чужая любовь всегда была нам дороже и ближе своей, а Грузия умела любить. Ее старое искусство, мастерство ее зодчих, живописцев, поэтов, проникнуто утонченной любовностью и героической нежностью.<rs ref="Грузия" type="geo_index"></rs></p>
<p>Да, культура опьяняет. Грузины сохраняют вино в узких длинных кувшинах и зарывают их в землю. В этом — прообраз грузинской культуры: земля сохранила ее узкие, но благородные формы художественной традиции, запечатала полный брожения и аромата сосуд.<rs ref="Грузия" type="geo_index"></rs></p>
<p>То, что нельзя вывести из рассудочных данных культуры, из учета ее накопленных богатств, есть именно дух пьянства, продукт таинственного внутреннего брожения: узкая глиняная амфора с вином, зарытая в землю.</p>
<p>Никогда русская культура не навязывала Грузии своих ценностей. Русификация края никогда не шла дальше форм административной жизни. Русские администраторы начала прошлого века с Воронцовым-Дашковым во главе, уродуя экономическую жизнь края и подавляя общественность, не сумели затронуть быта и относились к нему с невольным уважением, о культурной русификации в Грузии не было и речи. Поэтому национальное и политическое самоопределение Грузии, резко распадающееся на два периода — до и после советизации Грузии, для грузинской культуры и искусства должны были быть экзаменом верности самой себе, и культурная Россия, целое столетие любовно следившая за Грузией, сейчас с тревогой глядит на страну, готовую изменить своему культурному призванию. Сущность грузинского искусства всегда была в обращенности Грузии к Востоку, причем Грузия никогда не сливалась с Востоком, была отдельной от него.<rs ref="Грузия" type="geo_index"></rs><rs ref="Россия (СССР)" type="geo_index"></rs><rs ref="Воронцов, Михаил Семенович" type="person"></rs></p>
<p>Я бы причислил грузинскую культуру к типу культур орнаментальных. Окаймляя огромную и законченную область чужого, они впитывают в себя главным образом его узор, в то же время ожесточенно сопротивляясь внутренне враждебной сути могущественных соседних областей.</p>
<p>Сейчас в Грузии стоном стоит клич: «Прочь от Востока — на Запад! Мы не азиаты — мы европейцы, парижане!» Как велика наивность грузинской художественной интеллигенции!.. Тенденция — прочь от Востока! — всегда существовала в грузинском искусстве, но разрешалась не грубым лозунгом, а высокохудожественными формальными средствами.<rs ref="Грузия" type="geo_index"></rs></p>
<p>Войдите в национальный музей грузинской живописи в Тифлисе. Перед вами предстанет длинная вереница строгих портретов, преимущественно женских, по своей технике и глубокому статическому покою напоминающих старую немецкую живопись. В то же время плоскостное восприятие формы и линейная композиция (ритм линий) дышат приемами персидской миниатюры. Часто встречается золотой фон и богатый золотой орнамент. Эти работы безымянных живописцев — настоящая победа грузинского искусства над Востоком, — и как ничтожны перед ними танцующие осколки скрипки, некогда разбитой Пикассо, пленившей новую<rs ref="Тифлис" type="geo_index"></rs><rs ref="Пикассо, Пабло" type="person"></rs><rs ref="Пикассо, Пабло" type="person"></rs></p>
<p>грузинскую живопись. С этой скрипкой — то же самое, что с мошенническими реликвиями монахов: скрипка была одна, ее разбили один раз, но нет такого города, где бы не показывали щепочки — вот кусочек от Пикассо!<rs ref="Пикассо, Пабло" type="person"></rs></p>
<p>Жизнь языка открыта всем, каждый говорит, участвует в движении языка, и каждое сказанное слово оставляет на нем свежую борозду. Чудесный случай наблюдать развитие языка живописного доставляют нам вывески, в частности тифлисские, на наших глазах вырастающие в мощное искусство Пиросманошвили.<rs ref="Пиросманашвили (Пиросмани), Нико" type="person"></rs></p>
<p>Нико Пиросманошвили был простой и неграмотный живописец вывесок. Он писал на клеенке в три цвета — охрами, зеленой землей и черной костью (со всеми вариациями серого). Его заказчики, тифлисские духанщики, требовали интересного сюжета, и он шел им навстречу. На одной из его картин я прочел собственноручную подпись — «Шамиль со свево караулом» (с сохранением орфографии). Нельзя не преклониться перед величием его «безграмотных» (не анатомических) львов, великолепных верблюдов с несоразмерными человеческими фигурами и палатками, победивших плоскость силою одного цвета. Если бы французы знали о существовании Пиросманошвили, они бы ездили в Грузию учиться живописи. Впрочем, они скоро узнают, так как по недосмотру вещи его почти все вывезены за границу.<rs ref="Грузия" type="geo_index"></rs><rs ref="Пиросманашвили (Пиросмани), Нико" type="person"></rs><rs ref="Шамиль" type="person"></rs></p>
<p>Другое явление современного грузинского искусства, представляющее европейскую ценность, — это поэт Важа Пшавела. Он переиздается Наркомпросом, и в молодой Грузии образуется даже нечто вроде культа Важа Пшавела, но боже мой, до чего ограничено его непосредственное влияние на молодую грузинскую поэзию!.. Это был настоящий ураган слова, пронесшийся по Грузии, с корнем вырывавший деревья:<rs ref="Грузия" type="geo_index"></rs><rs ref="Важа Пшавела" type="person"></rs></p>
<p>Образность его поэм, почти средневековых в своем эпическом величии, стихийна. В них клокочет вещественность, осязаемость, бытийность. Все, что он говорит, невольно становится образом, но ему мало слова, — он его как бы рвет зубами на части, широко пользуясь и без того страстным темпераментом грузинской фонетики.</p>
<p>Молодая грузинская поэзия перенесла Важа Пшавела, как бурю, и теперь не знает, что делать с его наследством.<rs ref="Важа Пшавела" type="person"></rs></p>
<p>В настоящее время она представлена так называемой группой «Голубых Рогов», имеющих резиденцию в Тифлисе, с Паоло Яшвили и Тицианом Табидзе во главе. «Голубые Роги» почитаются в Грузии верховными судьями в области художественной, но самим им бог судья. Воспитанные на раболепном преклонении перед французским модернизмом, к тому же воспринятым из вторых рук через русские переводы, они ублажают себя и своих читателей дешевой риторической настойкой на бодлэрианстве, дерзаниях Артура Рэмбо и упрощенном демонизме. Все это сдобрено поверхностной экзотикой быта. Мимо них прошло все огромное цветение русской поэзии за последнее двадцатилетие. Для нас они Пенза или Тамбов... Единственный русский поэт, имеющий на них бесспорное влияние, — это Андрей Белый, эта мистическая русская Вербицкая для иностранцев.<rs ref="Грузия" type="geo_index"></rs><rs ref="Пенза" type="geo_index"></rs><rs ref="Пенза" type="geo_index"></rs><rs ref="Тамбов" type="geo_index"></rs><rs ref="Тамбов" type="geo_index"></rs><rs ref="Тифлис" type="geo_index"></rs><rs ref="Белый, Андрей" type="person"></rs><rs ref="Вербицкая, Анастасия Александровна" type="person"></rs><rs ref="Вербицкая, Анастасия Александровна" type="person"></rs><rs ref="Табидзе, Тициан Юстинович" type="person"></rs><rs ref="Тамара" type="person"></rs><rs ref="Яшвили, Паоло" type="person"></rs></p>
<p>Другое течение грузинской литературы, консервативное, совершенно бесцветно. Литературная жизнь необыкновенно шумна и криклива, множество диспутов, ссор, банкетов, расколов. Не покроет всю эту суету сует львиный рык художника: «Вы не Запад и не Восток, не Париж и не Багдад; глубокой воронкой врезалось в историческую землю ваше искусство, ваша художественная традиция. Вино старится — в этом его будущее, культура бродит — в этом ее молодость. Берегите же свое искусство — зарытый в землю узкий глиняный кувшин!»<rs ref="Багдад" type="geo_index"></rs><rs ref="Париж" type="geo_index"></rs></p>
<date when="1922">1922</date>
</div2>
</div1>
</body>
</text>
</tei>
