<?xml version='1.0' encoding='UTF8'?>
<tei xmlns="http://www.tei-c.org/ns/1.0">
<teiheader>
<filedesc>
<titlestmt>
<title>Шуба</title>
<author>О.Э. Мандельштам</author>
</titlestmt>
<publicationstmt>
<p>АРТ-БИЗНЕС-ЦЕНТР МОСКВА 1993</p>
<biblstruct>
<biblscope n="" type="volume"></biblscope>
<biblscope n="" type="part"></biblscope>
</biblstruct></publicationstmt>
<sourcedesc>
<p>Издание подготовлено Мандельштамовским обществом</p>
</sourcedesc>
<respstmt>
<resp>Подготовка и разметка файлов - Алексей Литвинцев, Вероника Файнберг. Создание
          электронного ресурса - Тимофей Молчанов. Руководители проекта - Центр Digital Humanities,
          Мандельштамовское общество (НИУ ВШЭ).</resp>
</respstmt></filedesc>
<profiledesc>
<textdesc n="prose"></textdesc>
<textclass>
<catref target="Series([], Name: ID, dtype: object)" type="ID"></catref>
<catref target="Series([], Name: Источник, dtype: object)" type="Источник"></catref>
<catref target="Series([], Name: Жанр художественной литературы, dtype: object)" type="Жанр художественной литературы"></catref>
<catref target="Series([], Name: Уточнение жанра 1, dtype: object)" type="Уточнение жанра"></catref>
<catref target="Series([], Name: Метр, dtype: object)" type="Метр"></catref>
<catref target="Series([], Name: Длина строки, dtype: object)" type="Длина строки"></catref>
<catref target="Series([], Name: Клаузула, dtype: object)" type="Клаузула"></catref>
<catref target="Series([], Name: Уточнение клаузулы 1, dtype: object)" type="Уточнение клаузулы"></catref>
<catref target="Series([], Name: Классическая строфа, dtype: object)" type="Классическая строфа"></catref>
<catref target="Series([], Name: Рифма, dtype: object)" type="Рифма"></catref>
<catref target="Series([], Name: Схема рифмовки, dtype: object)" type="Схема рифмовки"></catref>
<catref target="Series([], Name: Метрическая формула, dtype: object)" type="Метрическая формула"></catref>
<catref target="Series([], Name: Дополнительные параметры, dtype: object)" type="Дополнительные параметры"></catref>
<catref target="Series([], Name: Число строк, dtype: int64)" type="Число строк"></catref>
<catref target="Series([], Name: Автор оригинала, dtype: object)" type="Автор оригинала"></catref>
<catref target="Series([], Name: Язык оригинала, dtype: object)" type="Язык оригинала"></catref>
</textclass></profiledesc>
</teiheader>
<text>
<body>
<div1 n="2" type="volume">
<div2 n="183" type="part">
<head>183.
ШУБА</head>
<p>Хорошо мне в моей стариковской шубе, словно дом свой на себе носишь. Спросят — холодно ли сегодня на дворе, и не знаешь, что ответить, может быть, и холодно, а я-то почем знаю?</p>
<p>Есть такие шубы, в них ходили попы и торговые старики, люди спокойные, несуетливые, себе на уме — чужого не возьмет, своего не уступит, шуба что ряса, воротник стеной стоит, сукно тонкое, не лицованное, без возрасту, шуба чистая, просторная, и носить бы ее, даром что с чужого плеча, да не могу привыкнуть, пахнет чем-то нехорошим, сундуком да ладаном, духовным завещанием.</p>
<p>Купил я ее в Ростове, на улице, никогда не думал, что шубу куплю. Ходили мы все, петербуржцы, народ подвижный и ветреный, европейского кроя, в легоньких зимних, ватой подбитых, от Манделя, с детским воротничком, хорошо, если каракуль, полугрейках, ни то ни се. Да соблазнил меня Ростов шубным торгом, город дорогой, ни к чему не приступишься, а вот шубы дешевле пареной репы.<rs ref="Россия (СССР)" type="geo_index"></rs><rs ref="Ростов" type="geo_index"></rs><rs ref="Ходасевич, Владислав Фелицианович" type="person"></rs></p>
<p>Шубный товар в Ростове выносят на улицу перекупщики-шубейники. Продают не спеша, с норовом, с характером. Миллионов не называют. Большим числом брезгуют. Спросят<rs ref="Россия (СССР)" type="geo_index"></rs><rs ref="Ростов" type="geo_index"></rs></p>
<p>восемь, отдают за три. У них своя сторона, солнечная, на самой широкой улице. Там они расхаживают с утра до двух часов пополудни, с шубами внакидку на плечах, поверх тулупчика или никчемного пальтишки. На себя напялят самое невзрачное, негреющее, чтобы товар лицом показать, чтобы мех выпушкой играл соблазнительней.</p>
<p>Покупать шубу, так в Ростове. Старый шубный митрополичий русский город. Здесь гуляют поповские гладкие шубы без карманов: зачем попу карман, только знай запахивайся, деньги не убегут.<rs ref="Россия (СССР)" type="geo_index"></rs><rs ref="Ростов" type="geo_index"></rs></p>
<p>Не дает мне покоя моя шуба, тянет меня в дорогу, в Москву да в Киев, — жалко зиму пропустить, пропадет обновка. Хочется мне на Крещатик, на Арбат, на Пречистенку. Хочется и в Харьков, на Сумскую, и в Петербург на Большой проспект, на какую-нибудь Подрезову улицу. Все города русские смешались в моей памяти и слиплись в один большой небывалый город, с вечно санным путем, где Крещатик выходит на Арбат и Сумская на Большой проспект.<rs ref="Киев" type="geo_index"></rs><rs ref="Москва" type="geo_index"></rs><rs ref="Петербург (Ленинград, Петрополь)" type="geo_index"></rs><rs ref="Петербург (Ленинград, Петрополь)" type="geo_index"></rs><rs ref="Харьков" type="geo_index"></rs><rs ref="Киев" type="geo_index"></rs><rs ref="Москва" type="geo_index"></rs><rs ref="Москва" type="geo_index"></rs><rs ref="Москва" type="geo_index"></rs></p>
<p>Я люблю этот небывалый город больше, чем настоящие города порознь, люблю его, словно в нем родился, никогда из него не выезжал.</p>
<p>Отчего же неспокойно мне в моей шубе? Или страшно мне в случайной вещи, — соскочила судьба с чужого плеча на мое плечо и сидит на нем, ничего не говорит, пока что устроилась.</p>
<p>Вспоминаю я, сколько раз я замерзал в разных городах за последние четыре года: и замерзание в Петербурге, возвращение с обледенелым пайком в руках в комнатку Дома Искусств, жгучие железные перила черной лестницы, без перчаток, никак до них не доберешься, чудом поднимешься на свой этаж, грохнешь паек на столик в кухонку, к старушонке, понемногу оттаять, прийти в чувство.<rs ref="Петербург (Ленинград, Петрополь)" type="geo_index"></rs></p>
<p>Жили мы в убогой роскоши Дома Искусств, в Елисеевском доме, что выходит на Морскую, Невский и на Мойку, поэты, художники, ученые, странной семьей, полупомешанные на пайках, одичалые и сонные. Не за что было нас кормить государству, и ничего мы не делали.<rs ref="Елисеев" type="person"></rs></p>
<p>Впрочем, молодые не унывали, особенно Виктор Борисович Шкловский, задорнейший и талантливейший литературный критик нового Петербурга, пришедший на смену Чуковскому, настоящий литературный броневик, весь буйное пламя, острое филологическое остроумие и литературного темперамента на десятерых. Он, как настоящий захватчик,<rs ref="Петербург (Ленинград, Петрополь)" type="geo_index"></rs><rs ref="Чуковский, Корней Иванович" type="person"></rs><rs ref="Шкловский, Виктор Борисович" type="person"></rs></p>
<p>утвердился революционным порядком в елисеевской спальне, с камином, двуспальной постелью, киотом и окнами на Невский.</p>
<p>На него было любо смотреть, и елисеевская бывшая челядь его уважала и боялась. Вот он возвращается с огромным мешком картона на спине из экспедиции по дрова. Комнаты нам недотапливали, зато тут же в доме находились девственные залежи топлива: брошенный банк, около сорока пустых комнат, где по колено навалено толстых банковских картонов. Ходи кому не лень, но мы не решались, а Шкловский, бывало, пойдет в этот лес и вернется с несметной добычей. Затрещит затопленный канцелярским валежником камин, а хозяин разбросает по глянцевитым ломберным елисеевским столам и на кровати, и на стульях, и чуть ли не на полу листочки с выписками из Розанова и начнет клеить свою удивительную теорию о том, что Розанов писал роман и основал новую литературную форму.<rs ref="Розанов, Василий Васильевич" type="person"></rs><rs ref="Ходасевич, Владислав Фелицианович" type="person"></rs><rs ref="Шкловский, Виктор Борисович" type="person"></rs></p>
<p>Приехала к нам и Мариетта Шагинян, прямо из Ростова, со своей монашеской глухотой, не от мира сего, вернее не от нашего петербургского мира. Ее засмеяли, когда она, единственная из всего населения Дома Искусств, вышла на чистку снега, скромную трудовую повинность, возложенную на нас советской властью и встреченную, конечно, снобическим саботажем.<rs ref="Россия (СССР)" type="geo_index"></rs><rs ref="Ростов" type="geo_index"></rs><rs ref="Шагинян, Мариэтта Сергеевна" type="person"></rs></p>
<p>Вспоминаю я моего соседа по камчатке бывших меблированных комнат, куда сплавили нас за неимением места в хоромах Дома Искусств — поэта Владислава Ходасевича, автора «Счастливого домика», чей негромкий, старческий, серебряный голос за двадцатилетие его поэтического труда подарил нам всего несколько стихотворений, пленительных, как цоканье соловья, неожиданных и звонких, как девический смех в морозную ночь.<rs ref="Ходасевич, Владислав Фелицианович" type="person"></rs><rs ref="Ходасевич, Владислав Фелицианович" type="person"></rs></p>
<p>Это была суровая и прекрасная зима 20—21 года. Последняя страдная зима Советской России, и я жалею о ней, вспоминаю о ней с нежностью. Я любил этот Невский, пустой и черный, как бочка, оживляемый только глазастыми автомобилями и редкими, редкими прохожими, взятыми на учет ночной пустыней. Тогда у Петербурга оставалась одна голова, одни нервы.<rs ref="Петербург (Ленинград, Петрополь)" type="geo_index"></rs><rs ref="Россия (СССР)" type="geo_index"></rs><rs ref="Россия (СССР)" type="geo_index"></rs></p>
<p>Тяжело мне в моей шубе, как тяжела сейчас всей Советской России случайная сытость, случайное тепло, нехорошее добро с чужого плеча. Я спешу пройти в ней поскорее мимо окна гастрономического магазина, спешу рассказать знакомым, что заплатил за нее недорого, но больше всего мне<rs ref="Россия (СССР)" type="geo_index"></rs><rs ref="Россия (СССР)" type="geo_index"></rs></p>
<p>совестно за мою шубу перед старушкой, что ютится на кухне нашей квартиры, которая нарочно ездила прошлой осенью в Москву за вещами после покойного сына, на обратном пути добрые люди посоветовали ей сдать вещи в багаж и у нее выкрали из багажа весь ее жалкий скарб, все, буквально все заработанное за всю жизнь.<rs ref="Москва" type="geo_index"></rs><rs ref="Москва" type="geo_index"></rs></p>
<date when="1922">1922</date>
</div2>
</div1>
</body>
</text>
</tei>
