<?xml version='1.0' encoding='UTF8'?>
<tei xmlns="http://www.tei-c.org/ns/1.0">
<teiheader>
<filedesc>
<titlestmt>
<title>«Гротеск»</title>
<author>О.Э. Мандельштам</author>
</titlestmt>
<publicationstmt>
<p>АРТ-БИЗНЕС-ЦЕНТР МОСКВА 1993</p>
<biblstruct>
<biblscope n="" type="volume"></biblscope>
<biblscope n="" type="part"></biblscope>
</biblstruct></publicationstmt>
<sourcedesc>
<p>Издание подготовлено Мандельштамовским обществом</p>
</sourcedesc>
<respstmt>
<resp>Подготовка и разметка файлов - Алексей Литвинцев, Вероника Файнберг. Создание
          электронного ресурса - Тимофей Молчанов. Руководители проекта - Центр Digital Humanities,
          Мандельштамовское общество (НИУ ВШЭ).</resp>
</respstmt></filedesc>
<profiledesc>
<textdesc n="prose"></textdesc>
<textclass>
<catref target="Series([], Name: ID, dtype: object)" type="ID"></catref>
<catref target="Series([], Name: Источник, dtype: object)" type="Источник"></catref>
<catref target="Series([], Name: Жанр художественной литературы, dtype: object)" type="Жанр художественной литературы"></catref>
<catref target="Series([], Name: Уточнение жанра 1, dtype: object)" type="Уточнение жанра"></catref>
<catref target="Series([], Name: Метр, dtype: object)" type="Метр"></catref>
<catref target="Series([], Name: Длина строки, dtype: object)" type="Длина строки"></catref>
<catref target="Series([], Name: Клаузула, dtype: object)" type="Клаузула"></catref>
<catref target="Series([], Name: Уточнение клаузулы 1, dtype: object)" type="Уточнение клаузулы"></catref>
<catref target="Series([], Name: Классическая строфа, dtype: object)" type="Классическая строфа"></catref>
<catref target="Series([], Name: Рифма, dtype: object)" type="Рифма"></catref>
<catref target="Series([], Name: Схема рифмовки, dtype: object)" type="Схема рифмовки"></catref>
<catref target="Series([], Name: Метрическая формула, dtype: object)" type="Метрическая формула"></catref>
<catref target="Series([], Name: Дополнительные параметры, dtype: object)" type="Дополнительные параметры"></catref>
<catref target="Series([], Name: Число строк, dtype: int64)" type="Число строк"></catref>
<catref target="Series([], Name: Автор оригинала, dtype: object)" type="Автор оригинала"></catref>
<catref target="Series([], Name: Язык оригинала, dtype: object)" type="Язык оригинала"></catref>
</textclass></profiledesc>
</teiheader>
<text>
<body>
<div1 n="2" type="volume">
<div2 n="182" type="part">
<head>182.
«ГРОТЕСК»</head>
<p>Когда входишь в маленькую, уютную теплую каюту «Гротеска», сразу начинают щекотать ноздри воспоминанья, такой тонкий приятный запах прошлого, словно весь «Гротеск», как знаменитый страсбургский пирог, только что доставлен, горячий и дымящийся, из кухни петербургской «Бродячей Собаки» и «Дома Интермедии».</p>
<p>Здесь незримо присутствует «гений» Потемкина, автора великой англо-негритянской трагедии «Black and white»<rs ref="Потемкин, Петр Петрович" type="person"></rs></p>
<p> (кстати, входит в репертуар «Гротеска»), и все семейство больших и маленьких «Вампук» перекочевало в этот хрупкий ковчег остроумия.</p>
<p>«Гротеск» не просто забавный неисхищренный маленький театр, это правнучек, кровный отпрыск семьи российского театрального Сатирикона, может быть, нелюбимый бабушкин внучек, да что делать — бабушка постарела, приласкать некому.</p>
<p>Давно отшумел блестящий петербургский ‹1›913 год.</p>
<p>Что это было, что это было! Из расплавленной остроумием атмосферы горячечного, тесного, шумного, как улей, но всегда порядочного, сдержанного беснующегося гробик-подвала в маленькие сенцы, заваленные шубами и шубками, где проходят последние объяснения, прямо в морозную ночь, на тихую Михайловскую площадь; взглянешь на небо, и даже звезды покажутся сомнительными; остроумничают: ехидничают, мерцают с подмигиванием.</p>
<p> «Черный и белый» (</p>
<p>.) — скетч П.П.Потемкина и К.Э.Гибшмана.<rs ref="Потемкин, Петр Петрович" type="person"></rs></p>
<p>И не освежает морской воздух, не успокаивают звезды. Скрипит снег под легенькими полозьями извозчичьих санок, и, как «бесы невидимкой при луне», в снежной пыли кувыркаются последние петербургские остроты, нелепость последнего скетча сливается с снежной нелепицей, и холодок остроумия, однажды попав в кровь, «как льдинка в пенистом вине», будет студить и леденить ее, пока не замороз��т.</p>
<p>Да, я любила их, те сборища ночные,</p>
<p>
На маленьком столе стаканы ледяные.</p>
<p>В том году театральное остроумие взвилось, как стоцветная ракета в темную ночь. «Дом Интермедии», «Кривое зеркало», «Би-ба-бо» рассыпали холодный фейерверк гротеска, скетча и пародии в воздухе, который был «предчувствием томим» для театральной публики; посвященная, она прошла через культуру остроумия, высшую школу издевательства, академию изысканной нелепости.</p>
<p>Простой петербуржец из трамвая, банка, министерства ничего не понимал в этом, но мы сходили с ума от факира, который, показывая бритву перед каким-то фокусом, пояснял, что она бреет растительность, «и даже на лице».</p>
<p>Дело было так. Из своеобразного ощущения исторической минуты родилось сильнейшее и острейшее чувство нелепости, возведенное в культ кривозеркальцами и сатириконцами. Это чувство нелепости положило начало позднему и утонченному расцвету русского театрального гротеска.</p>
<p>Настоящими участниками этой мистерии абсолютно нелепого могли быть только люди, дошедшие до «предела», у которых было что терять и которых толкала на путь сокрушительного творчества из нелепого внутренняя опустошенность — предчувствие конца. Появились приемы, выработалась традиция, театр гротеска вышел на улицу. Иррациональный, нерассудочный элемент, заключенный в эстетической категории нелепого, должен был выветриться, уступить место простому остроумничанью. «Сатирикону» с штучками Мисс и стилизацией Агнивцева. То-то и печально, что в ростовском «Гротеске» господствует не тень Потемкина, который даже трезвый и приличный походил на отмытого негра, а изысканный Агнивцев с браслетами, щеночками и собачками, этот Кузмин на сахарине с маргариновым старым Петербургом, где стилизация не прячется в углах губ, а прет из каждой строчки, как лошадиное дышло.<rs ref="Петербург (Ленинград, Петрополь)" type="geo_index"></rs><rs ref="Агнивцев, Николай Яковлевич" type="person"></rs><rs ref="Кузмин, Михаил Алексеевич" type="person"></rs><rs ref="Потемкин, Петр Петрович" type="person"></rs></p>
<p>В «Гротеске» кончилось творчество нелепого, все</p>
<p>остроумно, мило, занятно. Но когда выходишь из «Гротеска» на морозную улицу, звезды не ехидствуют и снег не хрустит с усмешкой.</p>
<p>Антракты «Гротеска», благодаря Курихину, острее, художественнее, гротескнее самого действия. Каждое слово — чистое золото нелепости:<rs ref="Курихин, Федор Николаевич" type="person"></rs></p>
<p>«Вот позвольте представить, Марья Васильевна, самая красивая девушка Ростова и Нахичевани».<rs ref="Нахичевань" type="geo_index"></rs><rs ref="Ростов" type="geo_index"></rs></p>
<p>За это «и Нахичевани» можно все отдать.<rs ref="Нахичевань" type="geo_index"></rs></p>
<p>В антрактах Курихина живет традиция творчества нелепого, он единственный из джиммистов, составляющих ядро «Гротеска», подлинный мастер иррационального, гротескного юмора тонкого упадочного театра, стоящего на грани пустоты.<rs ref="Курихин, Федор Николаевич" type="person"></rs></p>
<date when="1922">1922</date>
<note>
1 «Черный и белый» (англ.) — скетч П.П.Потемкина и К.Э.Гибшмана.
</note>
<rs ref="Потемкин, Петр Петрович" type="person"></rs>
</div2>
</div1>
</body>
</text>
</tei>
