<?xml version='1.0' encoding='UTF8'?>
<tei xmlns="http://www.tei-c.org/ns/1.0">
<teiheader>
<filedesc>
<titlestmt>
<title>Пшеница человеческая</title>
<author>О.Э. Мандельштам</author>
</titlestmt>
<publicationstmt>
<p>АРТ-БИЗНЕС-ЦЕНТР МОСКВА 1993</p>
<biblstruct>
<biblscope n="" type="volume"></biblscope>
<biblscope n="" type="part"></biblscope>
</biblstruct></publicationstmt>
<sourcedesc>
<p>Издание подготовлено Мандельштамовским обществом</p>
</sourcedesc>
<respstmt>
<resp>Подготовка и разметка файлов - Алексей Литвинцев, Вероника Файнберг. Создание
          электронного ресурса - Тимофей Молчанов. Руководители проекта - Центр Digital Humanities,
          Мандельштамовское общество (НИУ ВШЭ).</resp>
</respstmt></filedesc>
<profiledesc>
<textdesc n="prose"></textdesc>
<textclass>
<catref target="Series([], Name: ID, dtype: object)" type="ID"></catref>
<catref target="Series([], Name: Источник, dtype: object)" type="Источник"></catref>
<catref target="Series([], Name: Жанр художественной литературы, dtype: object)" type="Жанр художественной литературы"></catref>
<catref target="Series([], Name: Уточнение жанра 1, dtype: object)" type="Уточнение жанра"></catref>
<catref target="Series([], Name: Метр, dtype: object)" type="Метр"></catref>
<catref target="Series([], Name: Длина строки, dtype: object)" type="Длина строки"></catref>
<catref target="Series([], Name: Клаузула, dtype: object)" type="Клаузула"></catref>
<catref target="Series([], Name: Уточнение клаузулы 1, dtype: object)" type="Уточнение клаузулы"></catref>
<catref target="Series([], Name: Классическая строфа, dtype: object)" type="Классическая строфа"></catref>
<catref target="Series([], Name: Рифма, dtype: object)" type="Рифма"></catref>
<catref target="Series([], Name: Схема рифмовки, dtype: object)" type="Схема рифмовки"></catref>
<catref target="Series([], Name: Метрическая формула, dtype: object)" type="Метрическая формула"></catref>
<catref target="Series([], Name: Дополнительные параметры, dtype: object)" type="Дополнительные параметры"></catref>
<catref target="Series([], Name: Число строк, dtype: int64)" type="Число строк"></catref>
<catref target="Series([], Name: Автор оригинала, dtype: object)" type="Автор оригинала"></catref>
<catref target="Series([], Name: Язык оригинала, dtype: object)" type="Язык оригинала"></catref>
</textclass></profiledesc>
</teiheader>
<text>
<body>
<div1 n="2" type="volume">
<div2 n="184" type="part">
<head>184.
ПШЕНИЦА ЧЕЛОВЕЧЕСКАЯ</head>
<p>Много, много зерен в мешке, как их ни перетряхивай, ни пересыпай, все одно и то же. Никакое количество русских, французов, англичан еще не образует народ, те же зерна в мешке, та же пшеница человеческая неразмолотая, чистое количество. Это чистое количество, эта пшеница человеческая жаждет быть размолотой, обращенной в муку, выпеченной в хлеб. Состояние зерна в хлебах соответствует состоянию личности в том совершенно новом и не механическом соединении, которое называется народом. И вот бывают такие эпохи, когда хлеб не выпекается, когда амбары полны зерна человеческой пшеницы, но помола нет, мельник одряхлел и устал и широкие лапчатые крылья мельниц беспомощно ждут работы.</p>
<p>Духовая печь истории, некогда столь широкая и поместительная, жаркая и домовитая духовка, откуда вышли многие румяные хлебы, забастовала. Человеческая пшеница всюду шумит и волнуется, но не хочет стать хлебом, хотя ее к тому понуждают считающие себя ее хозяевами, грубые собственники, владельцы амбаров и закромов.</p>
<p>Эра мессианизма окончательно и бесповоротно кончилась для европейских народов. Всякий мессианизм гласит приблизительно следующее: только мы хлеб, вы же просто зерно, не достойное помола, но мы можем сделать так, что и вы станете хлебом. Всякий мессианизм заранее недобросовестен, лжив и рассчитан на невозможный резонанс в сознании тех, к кому он обращается с подобным предложением. Ни один мессианствующий и витийствующий народ никогда не был услышан другим. Все говорили в пустоту, и бредовые речи лились одновременно из разных уст, не замечая друг друга.</p>
<p>Есть один факт, который способствует возникновению и процветанию всяческого мессианизма, заставляет народы бредить устами безответственных пифических оракулов, который на долгое время обратил Европу в пифическое торжище национальных идей, — этот факт — расщепление политической и существенной культурно-экономической жизни народов, расслоение политического и национального плана, в грубой формулировке: несовпадение политических границ с национальными. Но в цыганском таборе этнографии не место хищным зверям, здесь пляшет ручной медведь и орла привязывают за больную лапу. Политическое буйство Европы, ее неутомимое желание перекраивать свои границы можно рассматривать как продолжение геологического процесса, как потребность продолжить в истории эру геологических катастроф, колебаний, характерную для самого молодого, самого нежного, самого исторического материка, чье темя еще не окрепло, как темя ребенка.<rs ref="Европа" type="geo_index"></rs></p>
<p>Но политическая жизнь катастрофична по существу. Душа политики, ее природа — катастрофа, неожиданный сдвиг, разрушение. Хорошо бюргерам в «Фаусте», на скамеечке, покуривая трубку, рассуждать о турецких делах. Землетрясение приятно издалека, когда оно не страшно. Если не слышно гула политических событий — для Европы, насквозь политической по мироощущению, — это уже событие:<rs ref="Европа" type="geo_index"></rs></p>
<p>то есть простое отсутствие катастрофы ощущалось почти материально, как некий тонкий эфир тишины. Катастрофичность политической стихии по существу привела к образованию в самых недрах исторической Европы сильнейшего течения, которое поставило себе задачей умерщвление политической жизни как таковой, уничтожение самостоятельной и катастрофической политической стихии, борьбу с исторической катастрофой, где бы и чем бы она ни проявлялась, — это течение вырвалось из такой глубины, что проявление его само походило на катастрофу, и, отнюдь не катастрофичное по своей природе, оно только по недоразумению могло показаться новым политическим землетрясением, новой исторической катастрофой в ряду прочих.<rs ref="Европа" type="geo_index"></rs></p>
<p>Отныне политика умерла как стихия, и трижды благословенна ее жизнь. Многие еще говорят на старом языке, но</p>
<p>никакой политический конгресс наподобие венских или берлинских в Европе уже невозможен, никто не станет слушать актеров, да и актеры разучились играть.<rs ref="Европа" type="geo_index"></rs></p>
<p>Итак, остановка политической жизни Европы как самостояте��ьного, катастрофического процесса, завершившегося империалистической войной, совпала с прекращением органического роста национальных идей, с повсеместным распадом «народностей» на простое человеческое зерно, пшеницу, и теперь к голосу этой человеческой пшеницы, к голосу массы, как ее нынче косноязычно называют, мы должны прислушаться, чтобы понять, что происходит с нами и что нам готовит грядущий день.<rs ref="Европа" type="geo_index"></rs></p>
<p>Не на мельнице политической истории, не тяжелым жерновом катастрофы человеческая пшеница будет обращена в муку. Ныне трижды благословенно все, что не есть политика в старом значении слова, благословенная экономика с ее пафосом всемирной домашности, благословен кремневый топор классовой борьбы — все, что поглощено великой заботой об устроении мирового хозяйства, всяческая домовитость и хозяйственность, всяческая тревога за вселенский очаг. Добро в значении этическом и добро в значении хозяйственном, то есть совокупности утвари, орудий производства, горбом тысячелетий нажитого вселенского скарба, — сейчас одно и то же.</p>
<p>Ни один народ больше не самоопределится в процессе политической борьбы. Политическая независимость больше не делает народа; только бросив свой мешок на эту новую мельницу, под жернова этой новой заботы, мы получим обратно уже чистую муку — нашу новую сущность как народа.</p>
<p>Стыд вчерашнего мессианизма еще горит на лице европейских народов, и я не знаю более жгучего стыда после всего, что совершилось. Всякая национальная идея в современной Европе обречена на ничтожество, пока Европа не обретет себя как целое, не ощутит себя как нравственную личность. Вне общего, материнского европейского сознания невозможна никакая малая народность. Выход из национального распада, из состояния зерна в мешке к вселенскому единству, к интернационалу лежит для нас через возрождение европейского сознания, через восстановление европеизма как нашей большой народности.<rs ref="Европа" type="geo_index"></rs></p>
<p>«Чувство Европы» — глухое, подавленное, угнетенное войнами и гражданскими распрями — возвращается в круг<rs ref="Европа" type="geo_index"></rs></p>
<p>действующих рабочих идей. Россия сохранила это чувство для Европы подспудно и ревностно, она разжигала этот огонь заранее, как бы тревожась, что он может загаснуть. Вспомним Герцена, не мировоззрение его, а его европейскую домовитость, хозяйственность — он бродил по странам Запада, как хозяин по огромной родной усадьбе. Вспомним отношение Карамзина и Тютчева к земле Запада, к европейской почве. И тот, и другой сильнее всего чувствовали почву Европы там, где она вздыбилась горами, где она хранит живую память геологической катастрофы. Здесь в Швейцарии, Карамзин пролил сентиментальные слезы русского путешественника. Альпам посвящены лучшие стихи Тютчева. Совершенно своеобразное, насквозь одухотворенное отношение русского поэта к геологическому буйству альпийского кряжа объясняется именно тем, что здесь буйной геологической катастрофой вздыблена в мощные кряжи своя родная, историческая земля — земля, несущая Рим и собор святого Петра, носившая Канта и Гете. Оттого-то здесь —<rs ref="Альпы" type="geo_index"></rs><rs ref="Европа" type="geo_index"></rs><rs ref="Россия (СССР)" type="geo_index"></rs><rs ref="Швейцария" type="geo_index"></rs><rs ref="Москва" type="geo_index"></rs><rs ref="Герцен, Александр Иванович" type="person"></rs><rs ref="Гете, Иоганн Вольфганг" type="person"></rs><rs ref="Кант, Иммануил" type="person"></rs><rs ref="Карамзин, Николай Михайлович" type="person"></rs><rs ref="Тютчев, Федор Иванович" type="person"></rs></p>
<p>Так альпийские стихи Тютчева одухотворены историческими ощущениями европейской почвы и двойной тиарой для поэта увенчаны европейские Гималаи.<rs ref="Гималаи" type="geo_index"></rs><rs ref="Тютчев, Федор Иванович" type="person"></rs></p>
<p>В нынешней Европе нет и не должно быть никакого величия, ни тиар, ни корон, ни величественных идей, похожих на массивные тиары. Куда все это делось — вся масса литого золота исторических форм идей? — вернулась в состояние сплава, в жидкую золотую магму, не пропала, а то, что выдает себя за величие, — подмена, бутафория, папье-маше? Нужно смотреть трезво: нынешняя Европа — огромный амбар человеческого зерна, настоящей человеческой пшеницы, и мешок с зерном сейчас монументальней готики.<rs ref="Европа" type="geo_index"></rs></p>
<p>Но каждое зерно хранит память об одном древнем эллинском мифе, о том, как Юпитер превратился в простого быка, чтобы на широкой спине, тяжело фыркая и с розовой пеной усталости у губ, перенести через земные воды драгоценную ношу, нежную Европу, и та слабыми руками держалась за крепкую квадратную шею.<rs ref="Юпитер" type="myth_index"></rs><rs ref="Европа" type="geo_index"></rs></p>
<date when="1922">1922</date>
</div2>
</div1>
</body>
</text>
</tei>
