<?xml version='1.0' encoding='UTF8'?>
<tei xmlns="http://www.tei-c.org/ns/1.0">
<teiheader>
<filedesc>
<titlestmt>
<title>Кровавая мистерия 9-го января</title>
<author>О.Э. Мандельштам</author>
</titlestmt>
<publicationstmt>
<p>АРТ-БИЗНЕС-ЦЕНТР МОСКВА 1993</p>
<biblstruct>
<biblscope n="" type="volume"></biblscope>
<biblscope n="" type="part"></biblscope>
</biblstruct></publicationstmt>
<sourcedesc>
<p>Издание подготовлено Мандельштамовским обществом</p>
</sourcedesc>
<respstmt>
<resp>Подготовка и разметка файлов - Алексей Литвинцев, Вероника Файнберг. Создание
          электронного ресурса - Тимофей Молчанов. Руководители проекта - Центр Digital Humanities,
          Мандельштамовское общество (НИУ ВШЭ).</resp>
</respstmt></filedesc>
<profiledesc>
<textdesc n="prose"></textdesc>
<textclass>
<catref target="Series([], Name: ID, dtype: object)" type="ID"></catref>
<catref target="Series([], Name: Источник, dtype: object)" type="Источник"></catref>
<catref target="Series([], Name: Жанр художественной литературы, dtype: object)" type="Жанр художественной литературы"></catref>
<catref target="Series([], Name: Уточнение жанра 1, dtype: object)" type="Уточнение жанра"></catref>
<catref target="Series([], Name: Метр, dtype: object)" type="Метр"></catref>
<catref target="Series([], Name: Длина строки, dtype: object)" type="Длина строки"></catref>
<catref target="Series([], Name: Клаузула, dtype: object)" type="Клаузула"></catref>
<catref target="Series([], Name: Уточнение клаузулы 1, dtype: object)" type="Уточнение клаузулы"></catref>
<catref target="Series([], Name: Классическая строфа, dtype: object)" type="Классическая строфа"></catref>
<catref target="Series([], Name: Рифма, dtype: object)" type="Рифма"></catref>
<catref target="Series([], Name: Схема рифмовки, dtype: object)" type="Схема рифмовки"></catref>
<catref target="Series([], Name: Метрическая формула, dtype: object)" type="Метрическая формула"></catref>
<catref target="Series([], Name: Дополнительные параметры, dtype: object)" type="Дополнительные параметры"></catref>
<catref target="Series([], Name: Число строк, dtype: int64)" type="Число строк"></catref>
<catref target="Series([], Name: Автор оригинала, dtype: object)" type="Автор оригинала"></catref>
<catref target="Series([], Name: Язык оригинала, dtype: object)" type="Язык оригинала"></catref>
</textclass></profiledesc>
</teiheader>
<text>
<body>
<div1 n="2" type="volume">
<div2 n="181" type="part">
<head>181.
КРОВАВАЯ МИСТЕРИЯ 9-го ЯНВАРЯ</head>
<p>Когда режиссер затевает массовую постановку, он бросает в действие толпы людей, указывает их место, могучим электрическим током вливает в них движение, и они живут под его перстами, шумят, плачут, шарахаются, как тростинки под напором ветра. У исторических событий нет режиссуры. Без указаний, без сговору выходят участники на площади и улицы, глухим беспокойством выгнанные из укромного жилья. Неведомая сила бросает их на городские стогны, во власть неизвестного.</p>
<p>Хорошо, если найдется трибун, чей голос укажет строй — порядок человеческой стихии, если есть общая цель — крепость, которую нужно взять, Бастилия, которую нужно разрушить. Тогда муравейник, разрыхленный палкой, превращается в стройную систему сосудов, бегущих к центру, где все должно разрешиться, где должно произойти событие.</p>
<p>В трагический день девятого января — эта величественная массовая постановка обошлась без центра, без события; людские толпы не докатились до Дворцовой площади.</p>
<p>Петербургским рабочим не пришлось встретиться с царем, массовое движение, задуманное по строго определенному плану, было обезглавлено волей истории, и ни один из актеров великого дня не выполнил указаний режиссера — не дошел до огромной, как озеро, подковообразной площади с мраморным столпником-Ангелом в середине.<rs ref="Петербург (Ленинград, Петрополь)" type="geo_index"></rs></p>
<p>Сколько раз разбивалась процессия петербургских рабочих, докатившись до последней роковой заставы, сколько раз повторялась мистерия девятого января? Она разрослась</p>
<p>одновременно во всех концах великого города — и за Московской, и за Нарвской заставой, и на Охте, и на Васильевском, и на Выборгской...<rs ref="Москва" type="geo_index"></rs><rs ref="Москва" type="geo_index"></rs></p>
<p>Вместо одного грандиозного театра получилось несколько равноправн��х маленьких.</p>
<p>И каждый из них справился самостоятельно со своей задачей: обезглавливаньем веры в царя, цареубийственным апофеозом, начертанным кровью на снегу.</p>
<p>Любая детская шапочка, рукавичка или женский платок, жалко брошенный в этот день на петербургских снегах, оставались памяткой того, что царь должен умереть, что царь умрет.</p>
<p>Может, во всей летописи русской революции не было другого такого дня, столь насыщенного содержанием, как 9-е января. Сознание значительности этого дня в умах современников перевешивало его понятный смысл, тяготело над ними как нечто грозное, тяжелое, необъяснимое.</p>
<p>Урок девятого января — цареубийство — настоящий урок трагедии: нельзя жить, если не будет убит царь. Девятое января — трагедия с одним только хором, без героя, без пастыря. Гапон стушевался: как только началось действие, он был уже ничем, он был уже нигде. Столько убитых, столько раненых — и ни одного известного человека (только профессору Тарле поранило голову саблей — единственная знаменитость). Хор, забытый на сцене, брошенный, предоставленный самому себе. Кто знает законы греческой трагедии, тот поймет — нет более жалкого, более раздирающего, более сокрушительного зрелища. В ту самую минуту вспыхнула вся трагическая глубина сознания народных масс, ‹когда› засвистели пули, люди бросились врассыпную, попадали на землю в зверином страхе, забывая друг о друге.<rs ref="Гапон, Георгий Аполлонович" type="person"></rs><rs ref="Тарле, Евгений Викторович" type="person"></rs></p>
<p>Характерно, что никто не слышал сигнальных рожков перед стрельбой. Все отчеты говорят, что их прослышали, что стреляли как бы без предупреждения. Никто не слышал, как прозвучал в морозном январском воздухе последний рожок императорской России — рожок ее агонии, ее предсмертный стон. Императорская Россия умерла как зверь — никто не слышал ее последнего хрипа.<rs ref="Россия (СССР)" type="geo_index"></rs><rs ref="Россия (СССР)" type="geo_index"></rs></p>
<p>Девятое января — петербургская трагедия; ‹она› могла развернуться только в Петербурге, — его план, расположение его улиц, дух его архитектуры оставили неизгладимый след на природе исторического события. Девятое января не удалось бы в Москве. Центростремительная тяга этого дня,<rs ref="Москва" type="geo_index"></rs><rs ref="Москва" type="geo_index"></rs><rs ref="Петербург (Ленинград, Петрополь)" type="geo_index"></rs><rs ref="Москва" type="geo_index"></rs><rs ref="Москва" type="geo_index"></rs></p>
<p>правильное движение по радиусам, от окраины к центру, так сказать, вся динамика девятого января обусловлена архитектурно-историческим смыслом Петербурга.<rs ref="Петербург (Ленинград, Петрополь)" type="geo_index"></rs></p>
<p>Архитектурная идея Петербурга неизбежно приводит к представлению мощного центрального единства. Всеми своими улицами, облупленными, желтыми и зелено-серыми, Петербург естественно течет в мощный гранитный водоем Дворцовой площади, к красной подкове зданий, рассеченной надвое глубокой меднобитной аркой с взвившейся на дыбы ристалищной четверней.<rs ref="Петербург (Ленинград, Петрополь)" type="geo_index"></rs><rs ref="Петербург (Ленинград, Петрополь)" type="geo_index"></rs></p>
<p>Люди не пошли к Медному всаднику на Сенатскую площадь, потому что с ним тягаться под стать только всей России и тяжба с ним была еще впереди.<rs ref="Россия (СССР)" type="geo_index"></rs></p>
<p>Люди шли на Дворцовую площадь, как идут каменщики, чтобы положить последний кирпич, венчающий их революционное строение.</p>
<p>Рабочие построили Зимний дворец — теперь они шли испытать царя.</p>
<p>Но это не удалось — царь рухнул, дворец стал гробом и пустыней, площадь — зияющим провалом, и самый стройный город в мире — бессмысленным нагромождением зданий.</p>
<p>Что теперь делать? Огромная желтая Обуховская больница со своими палисадничками, дворниками и покойницкими одна не растерялась — она знала, что ей делать. Как старуха тетка, появляющаяся в семье в дни смертей и рождений, эта старая желтая повитуха приняла тысячи случайно убитых, подстреленных, как дичь, с незаметной ранкой и свинцовым грузиком в теле.</p>
<p>Никто не знал в этот желтый зимний день, что она принимает новорожденную красную Россию, что каждое убийство было рождением.<rs ref="Россия (СССР)" type="geo_index"></rs></p>
<p>Даже хитрый мужичонка в далекой Сибири еще не знал, кого ему предстоит спасать, и не снаряжался в далекий путь.<rs ref="Сибирь" type="geo_index"></rs></p>
<p>Мрачно стоял обезглавленный Петербург, дымились костры на улицах, мерзли на углах запоздалые, ненужные патрули, но город без души немыслим — и освобожденная новая душа Петербурга, как нежная сиротливая Психея, уже бродила на снегах. Первое шествие рабочих от кирпичных и деревянных застав к гранитной чаше Невы, к цельному, как дарохранительница, архитектурному слитку с ковчегом Адмиралтейства и саркофагом Исаакия, не удалось.<rs ref="Психея" type="myth_index"></rs><rs ref="Петербург (Ленинград, Петрополь)" type="geo_index"></rs></p>
<p>Но оно началось снова — весь Петербург, грязный, желтый, кирпичный, с домами-ящиками, с лачугами, фабриками<rs ref="Петербург (Ленинград, Петрополь)" type="geo_index"></rs></p>
<p>и пустырями ‹поднялся› и снова со всех сторон пошел через двенадцать лет к Дворцовой площади, чтобы достроить дело рук своих и последним свободно положенным кирпичом оправдать на рабочих костях стоящую мощную и прекрасную твердыню рабочего труда.</p>
<date when="1922">1922</date>
</div2>
</div1>
</body>
</text>
</tei>
