<?xml version='1.0' encoding='UTF8'?>
<tei xmlns="http://www.tei-c.org/ns/1.0">
<teiheader>
<filedesc>
<titlestmt>
<title>А.Блок (7 августа 21 г. — 7 августа 22 г.)</title>
<author>О.Э. Мандельштам</author>
</titlestmt>
<publicationstmt>
<p>АРТ-БИЗНЕС-ЦЕНТР МОСКВА 1993</p>
<biblstruct>
<biblscope n="" type="volume"></biblscope>
<biblscope n="" type="part"></biblscope>
</biblstruct></publicationstmt>
<sourcedesc>
<p>Издание подготовлено Мандельштамовским обществом</p>
</sourcedesc>
<respstmt>
<resp>Подготовка и разметка файлов - Алексей Литвинцев, Вероника Файнберг. Создание
          электронного ресурса - Тимофей Молчанов. Руководители проекта - Центр Digital Humanities,
          Мандельштамовское общество (НИУ ВШЭ).</resp>
</respstmt></filedesc>
<profiledesc>
<textdesc n="prose"></textdesc>
<textclass>
<catref target="Series([], Name: ID, dtype: object)" type="ID"></catref>
<catref target="Series([], Name: Источник, dtype: object)" type="Источник"></catref>
<catref target="Series([], Name: Жанр художественной литературы, dtype: object)" type="Жанр художественной литературы"></catref>
<catref target="Series([], Name: Уточнение жанра 1, dtype: object)" type="Уточнение жанра"></catref>
<catref target="Series([], Name: Метр, dtype: object)" type="Метр"></catref>
<catref target="Series([], Name: Длина строки, dtype: object)" type="Длина строки"></catref>
<catref target="Series([], Name: Клаузула, dtype: object)" type="Клаузула"></catref>
<catref target="Series([], Name: Уточнение клаузулы 1, dtype: object)" type="Уточнение клаузулы"></catref>
<catref target="Series([], Name: Классическая строфа, dtype: object)" type="Классическая строфа"></catref>
<catref target="Series([], Name: Рифма, dtype: object)" type="Рифма"></catref>
<catref target="Series([], Name: Схема рифмовки, dtype: object)" type="Схема рифмовки"></catref>
<catref target="Series([], Name: Метрическая формула, dtype: object)" type="Метрическая формула"></catref>
<catref target="Series([], Name: Дополнительные параметры, dtype: object)" type="Дополнительные параметры"></catref>
<catref target="Series([], Name: Число строк, dtype: int64)" type="Число строк"></catref>
<catref target="Series([], Name: Автор оригинала, dtype: object)" type="Автор оригинала"></catref>
<catref target="Series([], Name: Язык оригинала, dtype: object)" type="Язык оригинала"></catref>
</textclass></profiledesc>
</teiheader>
<text>
<body>
<div1 n="2" type="volume">
<div2 n="" type="part">
<head>185.
А.БЛОК</head>
<p>(7 августа 21 г. — 7 августа 22 г.)</p>
<p>Первая годовщина смерти Блока должна быть скромной: 7 августа только начинает жить в русском календаре. Посмертное существование Блока, новая судьба, Vita Nuova<rs ref="Блок, Александр Александрович" type="person"></rs><rs ref="Перовская, Софья Львовна" type="person"></rs></p>
<p>, переживает свой младенческий возраст.</p>
<p>Болотные испаренья русской критики, тяжелый ядовитый туман Иванова-Разумника, Айхенвальда, Зоргенфрея и др., сгустившийся в прошлом году, еще не рассеялся.<rs ref="Москва" type="geo_index"></rs><rs ref="Айхенвальд, Юлий Исаевич" type="person"></rs><rs ref="Зоргенфрей, Вильгельм Александрович" type="person"></rs><rs ref="Иванов-Разумник" type="person"></rs></p>
<p>Лирика о лирике продолжается. Самый дурной вид лирического токованья. Домыслы. Произвольные посылки. Метафизические догадки.</p>
<p>Все шатко, валко: сплошная отсебятина.</p>
<p>Не позавидуешь читателю, который пожелает почерпнуть </p>
<p> о Блоке из литературы 1921—22 г.г.<rs ref="Блок, Александр Александрович" type="person"></rs></p>
<p>Работы, именно «работы» Эйхенбаума и Жирмунского тонут в этой литании, среди болотных испарений лирической критики.<rs ref="Жирмунский, Виктор Максимович " type="person"></rs><rs ref="Эйхенбаум, Борис Михайлович" type="person"></rs></p>
<p>Еще с первых же шагов его посмертной жизни мы должны научиться познавать Блока, бороться с оптическим обманом восприятия, с неизбежным коэффициентом искажения. Постепенно расширяя область безусловного и общеобязательного знания о поэте, мы расчищаем дорогу его посмертной судьбе.<rs ref="Блок, Александр Александрович" type="person"></rs></p>
<p>Установление литературного генезиса поэта, его литературных источников, его </p>
<p> и происхождения сразу выводит нас на твердую почву. На вопрос, что хотел сказать поэт, критик может и не ответить, но на вопрос, откуда он пришел, отвечать обязан...</p>
<p>Рассматривая в целом поэтическую деятельность Блока, в ней различаешь две струи, два отличных начала — домашнее, русское, провинциальное и европейское. Восьмидесятые годы — колыбель Блока, и недаром в конце пути, уже зрелым поэтом в поэме «Возмездие» он вернулся к своим жизненным истокам — к восьмидесятым годам.<rs ref="Блок, Александр Александрович" type="person"></rs></p>
<p> «Новая жизнь» (итал.) — название автобиогpафической пpозы Данте.<rs ref="Данте Алигьери" type="person"></rs><rs ref="Данте Алигьери" type="person"></rs><rs ref="Новалис" type="person"></rs></p>
<p>Домашнее и европейское — два полюса не только поэзии Блока, но и всей русской культуры последних десятилетий. Начиная с Аполлона Григорьева наметилась глубокая духовная трещина в русском обществе. Отлучение от великих европейских интересов, отпадение от единства европейской культуры, отторгнутость от великого лона, воспринимаемая почти как ересь, в которой боялись себе признаться, стыдясь, была уже свершившимся фактом. Словно спеша исправить чью-то ошибку, загладить вину косноязычного поколения, чья память была короткой и любовь горячей, но ограниченной, и за себя, и за них, за людей восьмидесятых, шестидесятых и сороковых годов, Блок торжественно клянется:<rs ref="Блок, Александр Александрович" type="person"></rs><rs ref="Григорьев, Аполлон Александрович" type="person"></rs></p>
<p>Но более того у Блока была историческая любовь, историческая объективность к домашнему периоду русской истории, который прошел под знаком интеллигенции и народничества. Тяжелый трехдольник Некрасова был для него величав, как «Труды и дни» Гесиода. Семиструнная гитара, подруга Аполлона Григорьева, была для него не менее священна, нежели классическая лира. Он подхватил цыганский романс и сделал его языком всенародной страсти. Кажется, будто высокий математический лоб Софьи Перовской в блистательном свете блоковского познания русской действительности веет уже мраморным холодком настоящего бессмертия.<rs ref="Блок, Александр Александрович" type="person"></rs><rs ref="Гесиод" type="person"></rs><rs ref="Григорьев, Аполлон Александрович" type="person"></rs><rs ref="Некрасов, Николай Алексеевич" type="person"></rs><rs ref="Перовская, Софья Львовна" type="person"></rs><rs ref="Перовская, Софья Львовна" type="person"></rs></p>
<p>Не надивишься историческому чутью Блока. Еще задолго до того, как он умолял слуша��ь музыку революции. Блок слушал подземную музыку русской истории, там где самое напряженное ухо улавливало только синкопическую паузу. Из каждой строчки стихов Блока о России на нас глядят Костомаров, Соловьев и Ключевский, именно Ключевский, добрый гений, домашний дух, — покровитель русской культуры, с которым не страшны никакие бедствия, никакие испытания.<rs ref="Россия (СССР)" type="geo_index"></rs><rs ref="Блок, Александр Александрович" type="person"></rs><rs ref="Ключевский, Василий Осипович " type="person"></rs><rs ref="Костомаров, Николай Иванович" type="person"></rs><rs ref="Соловьев, Владимир Сергеевич" type="person"></rs></p>
<p>Блок был человеком девятнадцатого века и знал, что дни его столетия сочтены. Он жадно расширял и углублял свой внутренний мир во времени, подобно тому, как барсук роется в земле, устраивая свое жилище, прокладывая из него два выхода. Век — барсучья нора, и человек своего века живет и движется в скупо отмеренном пространстве, лихорадочно<rs ref="Блок, Александр Александрович" type="person"></rs></p>
<p>стремится расширить свои владения и больше всего дорожит выходами из подземной норы. И, движимый этим барсучьим инстинктом, Блок углублял свое поэтическое знание девятнадцатого века. Английский и германский романтизм, голубой цветок Новалиса, ирония Гейне, почти пушкинская жажда прикоснуться горячими устами к утоляющим в своей чистоте и разобщенности отдельно бьющим ключам европейского народного творчества: английского, французского, германского — издавна мучили Блока. Среди созданий Блока есть внушенные непосредственно англо-саксонским, романским, германским гением, и эта непосредственность внушения еще раз заставляет вспомнить «Пир во время чумы» и то место, где «ночь лимоном и лавром пахнет» и песенку «Пью за здравие Мэри». Вся поэтика девятнадцатого века- вот границы могущества Блока, вот где он царь, вот на чем крепнет его голос, когда его движения становятся властными, интонации повелительными. Свобода, с которой обращается Блок с тематическим матерьялом этой поэтики, наводит на мысль, что некоторые сюжеты, индивидуальные и случайные до последнего времени, на наших глазах завоевали гражданское равноправие с мифом, — такова тема Дон-Жуана и Кармен. Сжатой и образцовой повести Мериме повезло: легкая и воинственная музыка Бизе, как боевой рожок, разнесла по всем захолустьям весть о вечной молодости и жажде жизни романской расы. Стихи Блока дают последнее убежище младшему в европейской семье сказанию — мифу. Но вершина исторической поэтики Блока, торжество европейского мифа, который свободно движется в традиционных формах, не боится анахронизма и современности — это «Шаги Командора». Здесь пласты времени легли друг на друга в заново вспаханном поэтическом сознании, и зерна старого сюжета дали обильные всходы (Тихий, черный, как сова, мотор... Из страны блаженной, незнакомой, дальней слышно пенье петуха).<rs ref="Бизе, Жорж" type="person"></rs><rs ref="Блок, Александр Александрович" type="person"></rs><rs ref="Гейне, Генрих" type="person"></rs><rs ref="Мериме, Проспер" type="person"></rs><rs ref="Новалис" type="person"></rs><rs ref="Новалис" type="person"></rs></p>
<p>В литературном отношении Блок был просвещенный консерватор. Во всем, что касалось вопросов стиля, ритмики, образности, он был удивительно осторожен: ни одного открытого разрыва с прошлым. Представляя себе Блока, как новатора в литературе, вспоминаешь английского лорда, с<rs ref="Блок, Александр Александрович" type="person"></rs></p>
<p>большим тактом проводящего новый билль в палате. Это был какой-то не русский, скорее английский консерватизм. Литературная революция в рамках традиции и безупречной лояльности. Начиная с прямой, почти ученической зависимости от Владимира Соловьева и Фета, Блок до конца не разрывал ни с одним из принятых на себя обязательств, не выбросил ни одного пиетета, не растоптал ни одного канона. Он только усложнял свое поэтическое credo все новыми и новыми пиететами: так, довольно поздно он ввел в свою поэзию некрасовский канон и гораздо позже испытал прямое, каноническое влияние Пушкина, весьма редкий случай в русской поэзии. Литературная мягкость Блока происходила отнюдь не от бесхарактерности: он чрезвычайно сильно чувствовал стиль, как породу, поэтому жизнь языка и литературной формы он ощущал, не как ломку и разрушение, а как скрещивание, спаривание различных пород, кровей и как прививку различных плодов к одному и тому же дереву.<rs ref="Блок, Александр Александрович" type="person"></rs><rs ref="Пушкин, Александр Сергеевич" type="person"></rs><rs ref="Соловьев, Владимир Сергеевич" type="person"></rs><rs ref="Фет (Шеншин), Афанасий Афанасьевич" type="person"></rs></p>
<p>Самое неожиданное и резкое из всех произведений Блока — «Двенадцать» — не что иное, как применение независимо от него сложившегося и ранее существовавшего литературного канона, а именно частушки. Поэма «Двенадцать» — монументальная драматическая частушка. Центр тяжести — в композиции, в расположении частей, благодаря которому переходы от одного частушечного строя к другому получают особую выразительность, и каждое колено поэмы является источником разряда новой драматической энергии, но сила «Двенадцати» не только в композиции, но и в самом материале, почерпнутом непосредственно из фольклора. Здесь, схвачены и закреплены крылатые речения улицы, нередко эфемериды-однодневки вроде: «у ей керенки есть в чулке» и с величайшим самообладанием вправлены в общую фактуру поэмы. Фольклористическая ценность «Двенадцати» напоминает разговоры младших персонажей в «Войне и мире». Независимо от различных праздных толкований, поэма «Двенадцать» бессмертна, как фольклор.<rs ref="Блок, Александр Александрович" type="person"></rs></p>
<p>Поэзия русских символистов была экстенсивной, хищнической: они, то есть Бальмонт, Брюсов, Андрей Белый, открывали новые области для себя, опустошали их и подобно конкистадорам стремились дальше. Поэзия Блока от начала до конца, от «стихов о Прекрасной Даме» до «Двенадцати» включительно была интенсивной, культурно-созидательной. Тематическое развитие поэзии Блока шло от культа к культу. От «Незнакомки» и «Прекрасной Дамы», через<rs ref="Бальмонт, Константин Дмитриевич" type="person"></rs><rs ref="Бальмонт, Константин Дмитриевич" type="person"></rs><rs ref="Белый, Андрей" type="person"></rs><rs ref="Блок, Александр Александрович" type="person"></rs><rs ref="Брюсов, Валерий Яковлевич" type="person"></rs></p>
<p>«Балаганчик» и «Снежную Маску», к России и русской культуре и далее к революции, как высшему музыкальному напряжению и катастрофической сущности культуры. Душевный строй поэта располагает к катастрофе. Культ же и культура предполагают скрытый и защищенный источник энергии, равномерное и целесообразное движение: «любовь, которая движет солнцем и остальными светилами». Поэтическая культура возникает из стремления предотвратить катастрофу, поставить ее в зависимость от центрального солнца всей системы, будь то любовь, о которой сказал Дант, или музыка, к которой в конце концов пришел Блок.<rs ref="Россия (СССР)" type="geo_index"></rs><rs ref="Бальмонт, Константин Дмитриевич" type="person"></rs><rs ref="Блок, Александр Александрович" type="person"></rs><rs ref="Данте Алигьери" type="person"></rs></p>
<p>О Блоке можно сказать, — поэт Незнакомки и русской культуры; разумеется, нелепо предполагать, что Незнакомка и Прекрасная Дама — символ русской культуры, но одна и та же потребность культа, то есть целесообразного разряда поэтической энергии, руководила его тематическим творчеством и нашла свое высшее удовлетворение в служении русской культуре и революции.<rs ref="Блок, Александр Александрович" type="person"></rs></p>
<date when="1922">1922</date>
<note>
1 «Новая жизнь» (итал.) — название автобиогpафической пpозы Данте.
</note>
<rs ref="Данте Алигьери" type="person"></rs>
</div2>
</div1>
</body>
</text>
</tei>
