<?xml version='1.0' encoding='UTF8'?>
<tei xmlns="http://www.tei-c.org/ns/1.0">
<teiheader>
<filedesc>
<titlestmt>
<title>Vulgata (Заметки о поэзии)</title>
<author>О.Э. Мандельштам</author>
</titlestmt>
<publicationstmt>
<p>АРТ-БИЗНЕС-ЦЕНТР МОСКВА 1993</p>
<biblstruct>
<biblscope n="" type="volume"></biblscope>
<biblscope n="" type="part"></biblscope>
</biblstruct></publicationstmt>
<sourcedesc>
<p>Издание подготовлено Мандельштамовским обществом</p>
</sourcedesc>
<respstmt>
<resp>Подготовка и разметка файлов - Алексей Литвинцев, Вероника Файнберг. Создание
          электронного ресурса - Тимофей Молчанов. Руководители проекта - Центр Digital Humanities,
          Мандельштамовское общество (НИУ ВШЭ).</resp>
</respstmt></filedesc>
<profiledesc>
<textdesc n="prose"></textdesc>
<textclass>
<catref target="Series([], Name: ID, dtype: object)" type="ID"></catref>
<catref target="Series([], Name: Источник, dtype: object)" type="Источник"></catref>
<catref target="Series([], Name: Жанр художественной литературы, dtype: object)" type="Жанр художественной литературы"></catref>
<catref target="Series([], Name: Уточнение жанра 1, dtype: object)" type="Уточнение жанра"></catref>
<catref target="Series([], Name: Метр, dtype: object)" type="Метр"></catref>
<catref target="Series([], Name: Длина строки, dtype: object)" type="Длина строки"></catref>
<catref target="Series([], Name: Клаузула, dtype: object)" type="Клаузула"></catref>
<catref target="Series([], Name: Уточнение клаузулы 1, dtype: object)" type="Уточнение клаузулы"></catref>
<catref target="Series([], Name: Классическая строфа, dtype: object)" type="Классическая строфа"></catref>
<catref target="Series([], Name: Рифма, dtype: object)" type="Рифма"></catref>
<catref target="Series([], Name: Схема рифмовки, dtype: object)" type="Схема рифмовки"></catref>
<catref target="Series([], Name: Метрическая формула, dtype: object)" type="Метрическая формула"></catref>
<catref target="Series([], Name: Дополнительные параметры, dtype: object)" type="Дополнительные параметры"></catref>
<catref target="Series([], Name: Число строк, dtype: int64)" type="Число строк"></catref>
<catref target="Series([], Name: Автор оригинала, dtype: object)" type="Автор оригинала"></catref>
<catref target="Series([], Name: Язык оригинала, dtype: object)" type="Язык оригинала"></catref>
</textclass></profiledesc>
</teiheader>
<text>
<body>
<div1 n="2" type="volume">
<div2 n="194" type="part">
<head>194.
VULGATA
(ЗАМЕТКИ О ПОЭЗИИ)</head>
<p>Современная русская поэзия не свалилась с неба, а была предсказана всем поэтическим прошлым нашей страны, — разве щелканьем и цоканием Языкова не был предсказан Пастернак, и разве одного этого примера недостаточно, чтоб показать, как поэтические батареи разговаривают друг с другом перекидным огнем, нимало не смущаясь равнодушием разделяющего их времени? В поэзии всегда война. И только в эпохи общественного идиотизма наступает мир или перемирие. Корневоды, как полководцы, ополчаются друг на друга. Корни слов воюют в темноте, отымая друг у друга пищу и земные соки. Борьба русской, т.е. мирской бесписьменной речи, домашнего корнесловья, языка мирян, с письменной речью монахов, с церковно-славянской, враждебной, византийской грамотой — сказывается до сих пор.<rs ref="Пастернак, Борис Леонидович" type="person"></rs><rs ref="Пастернак, Борис Леонидович" type="person"></rs><rs ref="Языков, Николай Михайлович" type="person"></rs></p>
<p>Первые интеллигенты были византийские монахи, они навязали языку чужой дух и чужое обличье. Чернецы, т.е.</p>
<p>интеллигенты, и миряне всегда говорили в России на разных языках. Славянщина Кирилла и Мефодия для своего времени была тем же, чем волапюк газеты для нашего времени. Разговорная речь любит приспособление. Из враждебных кусков она создает сплав. Разговорная речь всегда находит средний удобный путь. По отношению ко всей истории языка она настроена примиренчески и определяется расплывчатым благодушием, т.е. оппортунизмом. Поэтическая речь никогда не бывает достаточно «замирена», и в ней через много столетий открываются старые нелады, — это янтарь, в котором жужжит муха, давным-давно затянутая смолой, живое чужеродное тело продолжает жить и в окаменелости. Все, что работает в русской поэзии на пользу чужой монашеской словесности, всякая интеллигентская словесность, т.е. «Византия», — реакционна, т.е. зла, несет зло. Все, что клонится к обмирщению поэтической речи, т.е. к изгнанию из нее монашествующей интеллигенции, Византии, — несет языку добро, т.е. долговечность, и помогает ему как праведному совершить подвиг самостоятельного существования в семье других наречий. Возможна и совершенно обратная картина, скажем, если бы народ с природной теократией, вроде тибетского, освобождался от светских чужеземных завоевателей, вроде манджур. В русской поэзии первостепенное дело делали только те работники, какие непосредственно участвовали в великом обмирщении языка, его секуляризации. Это — Тредьяковский, Ломоносов, Батюшков, Языков и, наконец, Хлебников и Пастернак.<rs ref="Кирилл и Мефодий" type="myth_index"></rs><rs ref="Византия" type="geo_index"></rs><rs ref="Россия (СССР)" type="geo_index"></rs><rs ref="Батюшков, Константин Николаевич" type="person"></rs><rs ref="Ломоносов, Михаил Васильевич" type="person"></rs><rs ref="Пастернак, Борис Леонидович" type="person"></rs><rs ref="Тредьяковский (Тредиаковский), Василий Кириллович" type="person"></rs><rs ref="Хлебников, Велимир" type="person"></rs><rs ref="Языков, Николай Михайлович" type="person"></rs></p>
<p>Рискуя показаться чрезвычайно элементарным, донельзя упростить предмет, я изобразил бы отрицательный и положительный полюсы в состоянии поэтического языка, как буйное морфологическое цветение и отвердение морфологической лавы под смысловой корой. Поэтическую речь живит блуждающий, многосмысленный корень.</p>
<p>Множитель корня — согласный звук, показатель его живучести (классический пример «Смеярышня смехочеств» Хлебникова). Слово размножается не гласными, а согласными. Согласные — семя и залог потомства языка.<rs ref="Хлебников, Велимир" type="person"></rs></p>
<p>Пониженное языковое сознание — отмиранье чувства согласной.</p>
<p>Русский стих насыщен согласными и цокает, и щелкает, и свистит ими. Настоящая мирская речь. Монашеская речь — литания гласных.</p>
<p>Благодаря тому, что борьба с монашески интеллигентской</p>
<p>Византией на военном поле поэзии после Языкова заглохла и на этом славном поприще долго не являлось нового героя, русские поэты один за другим стали глохнуть к шуму языка, становились тугими на ухо к прибою звуковых волн и только через слуховую трубку различали в шуме словаря свой собственный малый словарь. Пример: глухому старцу в «Горе от ума» кричат: «Князь, князь, назад» (Соллогуб). Небольшой словарь еще не грех, и не порочный круг. Он замыкает иногда говорящего и пламенным кругом, но он есть признак того, что говорящий не доверяет родной почве и не всюду может поставить свою ногу. Воистину русские символисты были столпниками стиля: на всех вместе не больше пятисот слов — словарь полинезийца. Но это по крайней мере были аскеты, подвижники. Они стояли на колодах. Ахматова же стоит на паркетине — это уже паркетное столпничество. Кузмин посыпает паркет травкой, чтобы было похоже на луг («Нездешние вечера»).<rs ref="Византия" type="geo_index"></rs><rs ref="Ахматова (Горенко), Анна Андреевна" type="person"></rs><rs ref="Кузмин, Михаил Алексеевич" type="person"></rs><rs ref="Языков, Николай Михайлович" type="person"></rs></p>
<p>У Пушкина есть два выражения для новаторов в поэзии, одно: «чтоб, возмутив бескрылое желанье в нас, чадах праха, снова улететь», а другое: «когда великий Глюк явился и открыл нам новы тайны». Всякий, кто поманит родную поэзию звуком и образом чужой речи, будет новатором первого толка, т.е. соблазнителем. Неверно, что в русской речи спит латынь, неверно, что спит в ней Эллада. С тем же правом можно расколдовать в музыке русской речи негритянские барабаны и односложные словоизъявления кафров. В русской речи спит она сама и только она сама. Российскому стихотворцу не похвала, а прямая обида, если стихи его звучат, как латынь. А как же Глюк? — Глубокие, пленительные тайны? — Для российской поэтической судьбы глубоко пленительные, глюковские тайны, не в санскрите и не в эллинизме, а в последовательном обмирщении поэтической речи. — Давайте нам вульгату, не хотим латинской библии.<rs ref="Россия (СССР)" type="geo_index"></rs><rs ref="Эллада" type="geo_index"></rs><rs ref="Глюк" type="person"></rs><rs ref="Пушкин, Александр Сергеевич" type="person"></rs></p>
<p>Когда я читаю «Сестру мою жизнь» Пастернака — я испытываю ту самую чистую радость вульгатности, освобожденной от внешних влияний мирской речи, черной поденной речи Лютера, после напряженной, пусть понятной, всем, всем, конечно, понятной, но ненужной латыни, заумной некогда, но давно переставшей быть заумной, к великому огорченью монахов. Так радовались немцы в своих черепичных домах, впервые открывая свеженькие, типографской краской пахнущие, свои готические библии. Чтение же Хлебникова может сравниться с еще более величественным и поучительным<rs ref="Лютер, Мартин" type="person"></rs><rs ref="Пастернак, Борис Леонидович" type="person"></rs><rs ref="Хлебников, Велимир" type="person"></rs></p>
<p>зрелищем, как мог бы и должен был бы развиваться язык-праведник, не обремененный и не оскверненный историческими невзгодами и насильями. Речь Хлебникова до того мирская, до того вульгатна, как если бы никогда не существовало ни монахов, ни Византии, ни интеллигентской письменности. Это абсолютно светская и мирская русская речь, впервые прозвучавшая за все время существования русской книжной грамоты. Если принять такой взгляд, отпадает необходимость считать Хлебникова каким-то колдуном и шаманом. Он наметил пути развития языка, переходные, промежуточные, и этот исторически не бывший путь российской речевой судьбы, осуществленный только в Хлебникове, закрепился в его зауми, которая есть не что иное, как переходные формы, не успевшие затянуться смысловой корой правильно и праведно развивающегося языка.<rs ref="Византия" type="geo_index"></rs><rs ref="Хлебников, Велимир" type="person"></rs></p>
<p>Когда пароход после каботажного плаванья выходит в открытое море, те, кто не выносит качки, выходят на берег. После Хлебникова и Пастернака российская поэзия снова выходит в открытое море и многим из привычных пассажиров придется распроститься с ее пароходом. Я уже вижу их с чемоданами, стоящими у трапа, перекинутого на берег. Зато как желанен каждый новый пассажир, вступивший на палубу именно в эту минуту!<rs ref="Пастернак, Борис Леонидович" type="person"></rs><rs ref="Хлебников, Велимир" type="person"></rs></p>
<date from="1922" to="1923">1922—1923</date>
</div2>
</div1>
</body>
</text>
</tei>
