<?xml version='1.0' encoding='UTF8'?>
<tei xmlns="http://www.tei-c.org/ns/1.0">
<teiheader>
<filedesc>
<titlestmt>
<title>Сухаревка</title>
<author>О.Э. Мандельштам</author>
</titlestmt>
<publicationstmt>
<p>АРТ-БИЗНЕС-ЦЕНТР МОСКВА 1993</p>
<biblstruct>
<biblscope n="" type="volume"></biblscope>
<biblscope n="" type="part"></biblscope>
</biblstruct></publicationstmt>
<sourcedesc>
<p>Издание подготовлено Мандельштамовским обществом</p>
</sourcedesc>
<respstmt>
<resp>Подготовка и разметка файлов - Алексей Литвинцев, Вероника Файнберг. Создание
          электронного ресурса - Тимофей Молчанов. Руководители проекта - Центр Digital Humanities,
          Мандельштамовское общество (НИУ ВШЭ).</resp>
</respstmt></filedesc>
<profiledesc>
<textdesc n="prose"></textdesc>
<textclass>
<catref target="Series([], Name: ID, dtype: object)" type="ID"></catref>
<catref target="Series([], Name: Источник, dtype: object)" type="Источник"></catref>
<catref target="Series([], Name: Жанр художественной литературы, dtype: object)" type="Жанр художественной литературы"></catref>
<catref target="Series([], Name: Уточнение жанра 1, dtype: object)" type="Уточнение жанра"></catref>
<catref target="Series([], Name: Метр, dtype: object)" type="Метр"></catref>
<catref target="Series([], Name: Длина строки, dtype: object)" type="Длина строки"></catref>
<catref target="Series([], Name: Клаузула, dtype: object)" type="Клаузула"></catref>
<catref target="Series([], Name: Уточнение клаузулы 1, dtype: object)" type="Уточнение клаузулы"></catref>
<catref target="Series([], Name: Классическая строфа, dtype: object)" type="Классическая строфа"></catref>
<catref target="Series([], Name: Рифма, dtype: object)" type="Рифма"></catref>
<catref target="Series([], Name: Схема рифмовки, dtype: object)" type="Схема рифмовки"></catref>
<catref target="Series([], Name: Метрическая формула, dtype: object)" type="Метрическая формула"></catref>
<catref target="Series([], Name: Дополнительные параметры, dtype: object)" type="Дополнительные параметры"></catref>
<catref target="Series([], Name: Число строк, dtype: int64)" type="Число строк"></catref>
<catref target="Series([], Name: Автор оригинала, dtype: object)" type="Автор оригинала"></catref>
<catref target="Series([], Name: Язык оригинала, dtype: object)" type="Язык оригинала"></catref>
</textclass></profiledesc>
</teiheader>
<text>
<body>
<div1 n="2" type="volume">
<div2 n="199" type="part">
<head>199.
СУХАРЕВКА</head>
<p>Сухаревка начинается не сразу. Подступы к ней широки и плавны и постепенно втягивают в буйный торг, в свою свирепую воронку. Шершавеет мостовая, буграми и ухабами вскипает улица. Видно, невтерпеж румяной<rs ref="Москва" type="geo_index"></rs></p>
<p>бабище-торговле — еще не привела к себе, а уже раскидала свои манатки прямо на крупной мостовой: книжки веерами, игрушки, деревянные ложки — что полегче и в руках не горит: пустяки, равнодушный товар.</p>
<p>На отлете базара сидят на кочках цирюльники, бреют двужильных страстотерпцев. Табуретки что каленые уголья, — а не вскочишь, не убежишь!</p>
<p>Под самой Сухаревой башней, под башней-барыней, из нежного и розового кирпича, под башней-индюшкой, дородной, как сорокапятилетняя императрица, привязанная к чахлому деревцу холмогорская корова. Когда строили башню, кончался «огородный» ХVII век. Построил ее Петр с перепугу, после дурного сна, вывел на огородной земле диковинную гражданскую постройку: не цейхгауз, не каланчу, а нечто сухопутное до мозга костей, где обучали морскому делу.<rs ref="Москва" type="geo_index"></rs><rs ref="Москва" type="geo_index"></rs><rs ref="Петр I" type="person"></rs></p>
<p>Сухаревка — земля огородная. Ничего, что ее затянуло камнем, под ним чувствуется скупой и злой московский суглинок, и торговля бьет из-под земли, как порождение самой почвы.<rs ref="Москва" type="geo_index"></rs></p>
<p>Дикое зрелище базар посередине города: здесь могут разорвать человека за украденный пирог и будут швыряться им, как резиновой куклой, — до кровавой пены; здесь люди — тесто, а дрожжи — вещи, и хочешь не хочешь, а будут тебя месить чьи-то загребистые руки.</p>
<p>Как широкая баба, навалится на тебя Сухаревка — недаром славится Москва «своих базаров бабьей шириной»; плещется злой, мелководный торг в зелено-желтых трактирных берегах; слева же подковой разбежался пустой шереметевский двор, здание легкое, крылатое, как белая девическая ступня.<rs ref="Москва" type="geo_index"></rs><rs ref="Москва" type="geo_index"></rs><rs ref="Москва" type="geo_index"></rs></p>
<p>Базар, как поле, засеянное вразбивку то рожью, то овсом, то гречью, — размежеван, разлинован, изрезан тропинками, и, закрыв глаза, по запахам, по испарениям можно сказать, какие грядки ты проходишь.</p>
<p>То запах свежей убоины мускусом и здоровьем ударяет в голову — запах животных трупов, — не страшный, потому что мы не хотим понимать его значение; то квадратный запах дубленой кожи, запах ярма и труда, — и тот же, но смягченный и плутоватый запах сапожного товара; то метелочками петрушки и сельдерея щекочущий невинный запах зеленных рядов, сытый и круглый запах рядов молочных.</p>
<p>Я видел тифлисский майдан и черные базары Баку, разгоряченные, лукавые, но в подвижной и страстной<rs ref="Баку" type="geo_index"></rs></p>
<p>выразительности всегда человеческие лица грузинских, армянских и тюркских купцов, — но нигде никогда не видел ничего похожего на ничтожество и однообразие лиц сухаревских торгашей. Это какая-то помесь хорька и человека, подлинно «убогая» славянщина. Словно эти хитрые глазки, эти маленькие уши, эти волчьи лбы, этот кустарный румянец на щеку выдавались им всем поровну в свертках оберточной бумаги.</p>
<p>Муж от долгого сожительства становится похожим на жену. Если присмотреться — и купец похож на свой товар: всех спокойней и благообразней лабазники: все текуче — один хлеб остается.</p>
<p>Лица мясников говорят о сметке первобытного хирурга. Они сложнее, подвижнее, добродушнее: мускульная игра, неизбежно сопровождающая их работу свежевания туш и рубка сплеча, на глазомер, — наложили на них свой отпечаток.</p>
<p>Женщины-мануфактурщицы, торгующие булавочной мелочью, заострили лица и поджали тонкие губы.</p>
<p>Тут же шныряют какие-то кавказские чертенята, с блаженным смехом ковыряющие ваксу.</p>
<p>Медленно раскачивается Сухаревка, входит в раж, пьянеет от выкриков, от хлыстовского ритуала купли-продажи. Уже кидает человека из стороны в сторону — только выбрался он из ручного торга, преследуемый сомнительными двуногими лавками, как понесло его одним из порожистых говорливых ручейков и прибило к тупику, — оглушенный граммофонами, он уже шагает через горящие примусы, через рассыпанн��й на земле скобяной товар, через книги.<rs ref="Москва" type="geo_index"></rs></p>
<p>Книги. Какие книги, какие заглавия: «Глаза карие, хорошие...», «Талмуд и евреи», неудачные сборники стихов, чей детский плач раздался пятнадцать лет тому назад...</p>
<p>Тут же — уголок, напоминающий пожарище, — мебель, как бы выброшенная из горящего жилья на мостовую, дубовые, с шахматным отливом столы, ореховые буфеты, похожие на женщин в чепцах и наколках, ядовито-зеленые турецкие диваны, оттоманки, рассчитанные на верблюда, мещанские стулья с прямыми чахоточными спинками.</p>
<p>Удивленный человек метнулся обратно — чуть не наступил на белую пену кружевных оборок, взбитых, как сливки, и, сам не зная как, очутился среди улья гармонистов, словно подыгрывающих к чьей-то свадьбе вежливым извиняющимся движением, разворачивающим воркующие лады...</p>
<p>Есть что-то дикое в зрелище базара. Базар всегда пахнет пожаром, несчастьем, великим бедствием.</p>
<p>Недаром базары загоняют и отгораживают, как чумное место... Если дать базару волю, он перекинется в город и город обрастет шерстью.</p>
<p>Но русские базары, как Сухаревка, особенно жестоки и печальны в своем свирепом многолюдстве.<rs ref="Москва" type="geo_index"></rs></p>
<p>Русского человека тянет на базар не только купить и продать, — а еще вываляться в народе, дать работу локтям, подставить спину под веник ласковой брани, божбы и матерщины; он любит торговые петушиные бои и крепкое слово, пущенное вдогонку. В городе говорят лениво. Здесь — речь, говорок — средство острой защиты и нападения, — ручной хорек, шныряющий под лавками; базарная речь, как хищный зверек, сверкает маленькими белыми зубками.</p>
<p>Такие базары, как Сухаревка, — возможны лишь на материке — на самой сухой земле, как Пекин или Москва; только на сухой срединной земле, к которой привыкли, которую топчут, как мат, которую не с чем сравнить, — возможен этот расплывшийся торг, кроющий матом эту самую землю.<rs ref="Москва" type="geo_index"></rs><rs ref="Пекин" type="geo_index"></rs><rs ref="Москва" type="geo_index"></rs><rs ref="Москва" type="geo_index"></rs></p>
<p>Несколько пронзительных свистков — и все прячется, упаковывается, уволакивается — и площадь пустеет с той истерической поспешностью, с какой пустели бревенчатые мосты, когда по ним проходила колючая метла страха.<rs ref="Москва" type="geo_index"></rs></p>
<date when="1923">1923</date>
</div2>
</div1>
</body>
</text>
</tei>
