<?xml version='1.0' encoding='UTF8'?>
<tei xmlns="http://www.tei-c.org/ns/1.0">
<teiheader>
<filedesc>
<titlestmt>
<title>Гуманизм и современность</title>
<author>О.Э. Мандельштам</author>
</titlestmt>
<publicationstmt>
<p>АРТ-БИЗНЕС-ЦЕНТР МОСКВА 1993</p>
<biblstruct>
<biblscope n="" type="volume"></biblscope>
<biblscope n="" type="part"></biblscope>
</biblstruct></publicationstmt>
<sourcedesc>
<p>Издание подготовлено Мандельштамовским обществом</p>
</sourcedesc>
<respstmt>
<resp>Подготовка и разметка файлов - Алексей Литвинцев, Вероника Файнберг. Создание
          электронного ресурса - Тимофей Молчанов. Руководители проекта - Центр Digital Humanities,
          Мандельштамовское общество (НИУ ВШЭ).</resp>
</respstmt></filedesc>
<profiledesc>
<textdesc n="prose"></textdesc>
<textclass>
<catref target="Series([], Name: ID, dtype: object)" type="ID"></catref>
<catref target="Series([], Name: Источник, dtype: object)" type="Источник"></catref>
<catref target="Series([], Name: Жанр художественной литературы, dtype: object)" type="Жанр художественной литературы"></catref>
<catref target="Series([], Name: Уточнение жанра 1, dtype: object)" type="Уточнение жанра"></catref>
<catref target="Series([], Name: Метр, dtype: object)" type="Метр"></catref>
<catref target="Series([], Name: Длина строки, dtype: object)" type="Длина строки"></catref>
<catref target="Series([], Name: Клаузула, dtype: object)" type="Клаузула"></catref>
<catref target="Series([], Name: Уточнение клаузулы 1, dtype: object)" type="Уточнение клаузулы"></catref>
<catref target="Series([], Name: Классическая строфа, dtype: object)" type="Классическая строфа"></catref>
<catref target="Series([], Name: Рифма, dtype: object)" type="Рифма"></catref>
<catref target="Series([], Name: Схема рифмовки, dtype: object)" type="Схема рифмовки"></catref>
<catref target="Series([], Name: Метрическая формула, dtype: object)" type="Метрическая формула"></catref>
<catref target="Series([], Name: Дополнительные параметры, dtype: object)" type="Дополнительные параметры"></catref>
<catref target="Series([], Name: Число строк, dtype: int64)" type="Число строк"></catref>
<catref target="Series([], Name: Автор оригинала, dtype: object)" type="Автор оригинала"></catref>
<catref target="Series([], Name: Язык оригинала, dtype: object)" type="Язык оригинала"></catref>
</textclass></profiledesc>
</teiheader>
<text>
<body>
<div1 n="2" type="volume">
<div2 n="192" type="part">
<head>192.
ГУМАНИЗМ И СОВРЕМЕННОСТЬ</head>
<p>Бывают эпохи, которые говорят, что им нет дела до человека, что его нужно использовать, как кирпич, как цемент, что из него нужно строить, а не для него. Социальная архитектура измеряется масштабом человека. Иногда она становится враждебной человеку и питает свое величие его унижением и ничтожеством.</p>
<p>Ассирийские пленники копошатся, как цыплята, под ногами огромного царя, воины, олицетворяющие враждебную человеку мощь государства, длинными копьями убивают связанных пигмеев, и египтяне и египетские строители обращаются с человеческой массой, как с материалом, которого должно хватить, который должен быть доставлен в любом коли<rs ref="Ассирия" type="geo_index"></rs></p>
<p>Но есть другая социальная архитектура, ее масштабом, ее мерой тоже является человек, но она строит не из человека, а для человека, не на ничтожестве личности строит она свое величие, а на высшей целесообразности в соответствии с ее потребностями.</p>
<p>Все чувствуют монументальность форм надвигающейся социальной архитектуры. Еще не видно горы, но она уже отбрасывает на нас свою тень, и, отвыкшие от монументальных форм общественной жизни, приученные к государственно-правовой плоскости девятнадцатого века, мы движемся в этой тени со страхом и недоумением, не зная, что это — крыло надвигающейся ночи или тень родного города, куда мы должны вступить.</p>
<p>Простая механическая громадность и голое количество враждебны человеку, и не новая социальная пирамида</p>
<p>соблазняет нас, а социальная готика: свободная игра тяжестей и сил, человеческое общество, задуманное как сложный и дремучий архитектурный лес, где все целесообразно, индивидуально и каждая частность аукается с громадой.</p>
<p>Инстинкт социальной архитектуры, то есть устроение жизни в величественных монументальных формах, казалось бы, далеко превосходящих прямые потребности человека, глубоко присущ человеческим обществам, и не пустая прихоть диктует его. Откажитесь от социальной архитектуры, и рухнет самая простая, для всех несомненная и нужная постройка, рухнет дом человека, человеческое жилье.</p>
<p>В странах, угрожаемых землетрясениями, люди строят плоские жилища, и стремление к плоскости, отказ от архитектуры, начиная с французской революции, проходит через всю правовую жизнь девятнадцатого века, который весь прошел в напряженном ожидании подземного толчка, социального удара.</p>
<p>Но землетрясение не пощадило и плоские жилища. Хаотический мир ворвался — и в английский home</p>
<p>, и в немецкий Gemüt</p>
<p>; хаос поет в наших русских печках, стучит нашими вьюшками и заслонками.</p>
<p>Как оградить человеческое жилье от грозных потрясений, где застраховать его стены от подземных толчков истории, кто осмелится сказать, что человеческое жилище, свободный дом человека не должен стоять на земле, как лучшее ее украшение и самое прочное из всего, что существует?</p>
<p>Правовое творчество последних поколений оказалось бессильным оградить то, ради чего оно возникло, над чем билось и бесплодно мудрствовало.</p>
<p>Никакие законы о правах человека, никакие принципы собственности и неприкосновенности больше не страхуют человеческого жилья, дома больше не спасают от катастрофы, не дают ни уверенности, ни обеспечения.</p>
<p>Англичанин больше других лицемерно заботится о правовых гарантиях личности, — но он забыл, что понятие home’a возникло много веков назад в его же стране как понятие революционное, как естественное оправдание первой социальной революции в Европе, по типу своему более глубокой и родственной нашему времени, чем французская.<rs ref="Европа" type="geo_index"></rs></p>
<p>Монументальность надвигающейся социальной</p>
<p> Дом (</p>
<p>.)</p>
<p> Здесь: уклад (</p>
<p>.)</p>
<p>архитектуры обусловлена ее призванием организовать мировое хозяйство на принципе всемирной домашности на потребу человеку, расширяя круг его домашней свободы до пределов всемирных, раздувая пламя его индивидуального очага до размеров пламени вселенского.</p>
<p>Грядущее холодно и страшно для тех, кто этого не понимает, но внутренн��е тепло грядущего, тепло целесообразности, хозяйственности и теологии, так же ясно для современного гуманиста, как жар накаленной печки сегодняшнего дня.</p>
<p>Если подлинное гуманистическое оправдание не ляжет в основу грядущей социальной архитектуры, она раздавит человека, как Ассирия и Вавилон.<rs ref="Ассирия" type="geo_index"></rs><rs ref="Вавилон" type="geo_index"></rs></p>
<p>То, что ценности гуманизма ныне стали редки, как бы изъяты из употребления и подспудны, вовсе не есть дурной знак. Гуманистические ценности только ушли, спрятались, как золотая валюта, но, как золотой запас, они обеспечивают все идейное обращение современной Европы и подспудно управляют им тем более властно.<rs ref="Европа" type="geo_index"></rs></p>
<p>Переход на золотую валюту — дело будущего, и в области культуры предстоит замена временных идей — бумажных выпусков — золотым чеканом европейского гуманистического наследства, и не под заступом археолога звякнут прекрасные флорины гуманизма, а увидят свой день и, как ходячая звонкая монета, пойдут по рукам, когда настанет срок.</p>
<date when="1922">1922</date>
<note>
1 Дом (англ.)
2 Здесь: уклад (нем.)
</note>
</div2>
</div1>
</body>
</text>
</tei>
