<?xml version='1.0' encoding='UTF8'?>
<tei xmlns="http://www.tei-c.org/ns/1.0">
<teiheader>
<filedesc>
<titlestmt>
<title>Революционер в театре</title>
<author>О.Э. Мандельштам</author>
</titlestmt>
<publicationstmt>
<p>АРТ-БИЗНЕС-ЦЕНТР МОСКВА 1993</p>
<biblstruct>
<biblscope n="" type="volume"></biblscope>
<biblscope n="" type="part"></biblscope>
</biblstruct></publicationstmt>
<sourcedesc>
<p>Издание подготовлено Мандельштамовским обществом</p>
</sourcedesc>
<respstmt>
<resp>Подготовка и разметка файлов - Алексей Литвинцев, Вероника Файнберг. Создание
          электронного ресурса - Тимофей Молчанов. Руководители проекта - Центр Digital Humanities,
          Мандельштамовское общество (НИУ ВШЭ).</resp>
</respstmt></filedesc>
<profiledesc>
<textdesc n="prose"></textdesc>
<textclass>
<catref target="Series([], Name: ID, dtype: object)" type="ID"></catref>
<catref target="Series([], Name: Источник, dtype: object)" type="Источник"></catref>
<catref target="Series([], Name: Жанр художественной литературы, dtype: object)" type="Жанр художественной литературы"></catref>
<catref target="Series([], Name: Уточнение жанра 1, dtype: object)" type="Уточнение жанра"></catref>
<catref target="Series([], Name: Метр, dtype: object)" type="Метр"></catref>
<catref target="Series([], Name: Длина строки, dtype: object)" type="Длина строки"></catref>
<catref target="Series([], Name: Клаузула, dtype: object)" type="Клаузула"></catref>
<catref target="Series([], Name: Уточнение клаузулы 1, dtype: object)" type="Уточнение клаузулы"></catref>
<catref target="Series([], Name: Классическая строфа, dtype: object)" type="Классическая строфа"></catref>
<catref target="Series([], Name: Рифма, dtype: object)" type="Рифма"></catref>
<catref target="Series([], Name: Схема рифмовки, dtype: object)" type="Схема рифмовки"></catref>
<catref target="Series([], Name: Метрическая формула, dtype: object)" type="Метрическая формула"></catref>
<catref target="Series([], Name: Дополнительные параметры, dtype: object)" type="Дополнительные параметры"></catref>
<catref target="Series([], Name: Число строк, dtype: int64)" type="Число строк"></catref>
<catref target="Series([], Name: Автор оригинала, dtype: object)" type="Автор оригинала"></catref>
<catref target="Series([], Name: Язык оригинала, dtype: object)" type="Язык оригинала"></catref>
</textclass></profiledesc>
</teiheader>
<text>
<body>
<div1 n="2" type="volume">
<div2 n="" type="part">
<head>191.
РЕВОЛЮЦИОНЕР В ТЕАТРЕ</head>
<p>Пьеса Эрнста Толлера «Masse-Mensch» — «Человек-масса», еще не видевшая рампы в России, несомненно пьеса с будущим, независимо от своих художественных и театральных достоинств. Она принадлежит к типу драматических произведений, вроде «Жизни человека» Леонида Андреева, сильных и элементарных, понятных всем и каждому благодаря ясной схематичности действия и грубой, но яркой символике сценического воплощения.<rs ref="Россия (СССР)" type="geo_index"></rs><rs ref="Андреев, Леонид Николаевич" type="person"></rs><rs ref="Толлер, Эрнст" type="person"></rs></p>
<p>Эрнст Толлер, мужественный германский революционер-спартаковец, один из зачинателей кружка молодой немецкой драматургии, так называемой группы «Драматической Воли». Но в ближайшем рассмотрении, поскольку можно, по крайней мере, судить по произведениям самого Толлера, драматическая воля его единомышленников собственно лежит вне театра — это не театральная воля. Могучий и благородный социальный инстинкт — мужественная революционная воля германского пролетариата, одушевляющая Толлера, переплескивается через театр, смывая его, как таковой, ничего не созидая для театра, действуя через него, пользуясь им, как средством. Поэтому Эрнста Толлера, несмотря на его пафос, энергию и напряженность, никак нельзя назвать революционером в драматургии — это революционер в театре, наскоро приспособивший театр для своих боевых целей, пользуясь старыми средствами, в данном случае, средствами германского модерн-символизма. Нам, русским, их приемы чрезвычайно напоминают Леонида Андреева, «его школу» и печальной памяти недавнее прошлое (не дай Бог воскреснуть) — когда Он, Она, Оно и прочие значительные персонажи наводили панику на впечатлительного российского интеллигента. Но какая разница, выгодная для Толлера, при сравнении его опытов с родственными отечественными<rs ref="Андреев, Леонид Николаевич" type="person"></rs><rs ref="Толлер, Эрнст" type="person"></rs><rs ref="Толлер, Эрнст" type="person"></rs></p>
<p>дореволюционными произведениями. Вместо бледной интеллигентской немочи живая кровь, настоящий пафос, железная революционная воля:</p>
<p>Есть что-то прометеевское и исконно-германское в массовых хорах Толлера, он сумел из варьяций Интернационала сделать настоящий гимн:<rs ref="Толлер, Эрнст" type="person"></rs></p>
<p>Великолепен пафос Толлера: это пафос высокой трагедии:<rs ref="Толлер, Эрнст" type="person"></rs></p>
<p>Тем досаднее, что Толлер, как драматург, всецело в плену у символики мюнхенского модерна и весь его трагический пафос беспомощно виснет на символических манекенах.<rs ref="Толлер, Эрнст" type="person"></rs><rs ref="Толлер, Эрнст" type="person"></rs></p>
<p>В основу драматургической интриги «Masse-Mensch’а» взято совершенно реальное и правдоподобное положение: дама из хорошей буржуазной семьи, жена бюрократа, прокурора или видного адвоката, ушла в рабочее движение и готовится взять на свои плечи всю ответственность за беспощадные действия масс, как руководительница и вдохновительница. Но в последнюю минуту решимость ее покидает, гуманистические предрассудки (все, что угодно, только не насилие) берут верх, и она сходит на нет. Ее никто не хочет слушать, настоящий беспощадный вождь отводит ее в сторону, она не годится в вожди; эта дама, очевидно, дилетантка в рабочем</p>
<p>движении, названа у Толлера просто Женщина, с большой буквы, без одного реального признака, кроме Мужа. Последний, несмотря на большую букву, почти реальная, даже комически-бытовая фигура, и говорит жаргоном, соответствующим своему образованию и положению, тем нарушая общую патетику действия. Протагонист драмы, так называемый Безымянный, он же «Masse-Mensch» или массовик.<rs ref="Толлер, Эрнст" type="person"></rs></p>
<p>Это уже совершенно отвлеченная фигура, без малейших признаков личной характеристики. Пафос на манекене. Нам скажут, нелепо требовать личной характеристики от представителя коллективной воли, коллективного действия, и Толлер нарочно срезал все углы у Безымянного. Я на это отвечу: массовик тоже человек, и каждый массовик — массовик по-своему. Драматическое воплощение массовика, так же как и воплощение индивидуалиста Фауста, требует драматической характеристики. Иначе получится общее место, движущееся в пространстве, а не драматическая сила. Вся пьеса протекает и сплошь состоит из полемики Женщины и Безымянного. Это сплошной митинг. Митинг перемежается бредовыми сценами — сцена банкиров, где в кинематографическом темпе показана биржа; сцена тюремного двора, фантазия из недалекого будущего, где уже тени расстрелянных танцуют символический танец. В них мы узнаем знакомых банкиров. Разумеется, наивно массовое действие толковать, как митинг. Именно митинг есть действие, и не митинговый характер социальной революции, воспитанной массовыми причинами, назревшей в массах, но происходящей в деловом порядке, делает исторически неправдоподобными и неубедительными самые сильные сцены Толлера. Важные события, управляющие ходом революции, никогда не рождаются на митинге. Можно взять трех человек у себя дома, соединить их телефоном и показать массовое действие. Благодаря же наивному смешению массового действия с митингом почти все европейские революционные пьесы внешне на один лад. Даже сценарий — на тот же рабочий кабачок, зал собраний или что-нибудь подобное. Но смешение классового действия с митингом и банкиры-тени, пляшущие символический леонид-андреевский танец смерти под дудку Безымянного, все, все прощается Толлеру за великий пафос подлинной, хотя и не воплощенной, трагедии. Он с необычайной силой столкнул два начала: лучшее, что есть у старого мира — гуманизм и, преодолевший гуманизм ради действия, новый коллективистический императив.<rs ref="Толлер, Эрнст" type="person"></rs></p>
<p>Недаром слово действие, звучит у него, как орган и покрывает весь шум голосов. В уста героини, погибающей от раздвоенности, он вложил самые сильные, самые огненные слова, какие мог произнести старый мир в защиту гуманизма. Трагедия женщины — трагедия самого Толлера. Он переборол и переболел в себе гуманизм во имя действия — вот почему так ценен его коллективистический порыв. Пьеса Эрнста Толлера «Masse-Mensch» один из самых благородных памятников германского революционного духа.<rs ref="Толлер, Эрнст" type="person"></rs></p>
<date when="1922">1922</date>
</div2>
</div1>
</body>
</text>
</tei>
