<?xml version='1.0' encoding='UTF8'?>
<tei xmlns="http://www.tei-c.org/ns/1.0">
<teiheader>
<filedesc>
<titlestmt>
<title>Огюст Барбье (Поэт Парижской революции 1830 г.)</title>
<author>О.Э. Мандельштам</author>
</titlestmt>
<publicationstmt>
<p>АРТ-БИЗНЕС-ЦЕНТР МОСКВА 1993</p>
<biblstruct>
<biblscope n="" type="volume"></biblscope>
<biblscope n="" type="part"></biblscope>
</biblstruct></publicationstmt>
<sourcedesc>
<p>Издание подготовлено Мандельштамовским обществом</p>
</sourcedesc>
<respstmt>
<resp>Подготовка и разметка файлов - Алексей Литвинцев, Вероника Файнберг. Создание
          электронного ресурса - Тимофей Молчанов. Руководители проекта - Центр Digital Humanities,
          Мандельштамовское общество (НИУ ВШЭ).</resp>
</respstmt></filedesc>
<profiledesc>
<textdesc n="prose"></textdesc>
<textclass>
<catref target="Series([], Name: ID, dtype: object)" type="ID"></catref>
<catref target="Series([], Name: Источник, dtype: object)" type="Источник"></catref>
<catref target="Series([], Name: Жанр художественной литературы, dtype: object)" type="Жанр художественной литературы"></catref>
<catref target="Series([], Name: Уточнение жанра 1, dtype: object)" type="Уточнение жанра"></catref>
<catref target="Series([], Name: Метр, dtype: object)" type="Метр"></catref>
<catref target="Series([], Name: Длина строки, dtype: object)" type="Длина строки"></catref>
<catref target="Series([], Name: Клаузула, dtype: object)" type="Клаузула"></catref>
<catref target="Series([], Name: Уточнение клаузулы 1, dtype: object)" type="Уточнение клаузулы"></catref>
<catref target="Series([], Name: Классическая строфа, dtype: object)" type="Классическая строфа"></catref>
<catref target="Series([], Name: Рифма, dtype: object)" type="Рифма"></catref>
<catref target="Series([], Name: Схема рифмовки, dtype: object)" type="Схема рифмовки"></catref>
<catref target="Series([], Name: Метрическая формула, dtype: object)" type="Метрическая формула"></catref>
<catref target="Series([], Name: Дополнительные параметры, dtype: object)" type="Дополнительные параметры"></catref>
<catref target="Series([], Name: Число строк, dtype: int64)" type="Число строк"></catref>
<catref target="Series([], Name: Автор оригинала, dtype: object)" type="Автор оригинала"></catref>
<catref target="Series([], Name: Язык оригинала, dtype: object)" type="Язык оригинала"></catref>
</textclass></profiledesc>
</teiheader>
<text>
<body>
<div1 n="2" type="volume">
<div2 n="196" type="part">
<head>196.
ОГЮСТ БАРБЬЕ
(Поэт Парижской революции 1830 г.)</head>
<p>Июльская революция 1830 года была классически неудачная революция. Казалось, никогда еще так цинично и нагло не злоупотребляли именем народа. По существу, это был</p>
<p>мостик между двумя монархиями: бурбонской, Карла Х, и орлеанистской, Луи-Филиппа. Это был мостик от полуфеодальной реставрации, опиравшейся на уцелевших львов бывшей эмиграции, на крупное землевладение, набожной, ханжеской, бездарной в экономических вопросах, не понимавшей ни духа, ни потребностей времени — к настоящей буржуазной монархии Луи-Филиппа, к королю финансистов и биржевиков, покровителю заводчиков, перед которым охотно склонилась буржуазия, увидев почти самое себя на троне. Волна европейских революций ‹18›30 и ‹18›48 годов совпала с открытием эры железных дорог, с реальным выступлением парового двигателя. Городской пролетариат всюду содрогнулся, как бы почувствовав в своей груди новую неслыханную силу клокочущего пара. Но это был лишь толчок. Движение было впереди.<rs ref="Карл X" type="person"></rs><rs ref="Луи-Филипп" type="person"></rs></p>
<p>Между тем картинная, театральная сторона парижской революции ‹18›30 года была великолепна и не стояла ни в каком соответствии с ее реальными достижениями. Париж снова как бы копировал гениальную постановку ‹17›93 года. Три дня — 27, 28 и 29 июля — глубоко впечатлили парижан. Особенно врезался в память мощный набат, потрясавший в эти дни воздух, так как собор Парижской Богоматери был захвачен мятежниками. Казалось, по городу пронесся ураган: срубленные деревья, выкорчеванные фонари, опрокинутые пролетки, баррикады, вылепленные старинным искусством революционного улья из разной всячины, как кузов птичьего гнезда, — вот что оставила после себя трехдневная июльская буря.<rs ref="Париж" type="geo_index"></rs></p>
<p>Эти три дня заслужили и получили своего поэта. Огюст Барбье не был революционером. Сын адвоката (род. в 1805 году), к моменту революции он служил клерком у нотариуса Делавиня (брата знаменитого романтического писателя). В этой нотариальной конторе скопилась целая группка молодых писателей романтического толка, горячих театралов, восхищенных Гюго, поклонников живописной средневековой старины. Барбье разделял их увлечения, и если бы не ‹18›30 год, он навсегда бы остался бледным и банальным романтиком.<rs ref="Барбье, Огюст" type="person"></rs><rs ref="Гюго, Виктор Мари" type="person"></rs><rs ref="Делавинь," type="person"></rs></p>
<p>Интересно, что в июльские дни Барбье отсутствовал в Париже. Он был в отъезде, а вернулся, когда на улицах оставались горячие следы борьбы и происходила уже дележка власти. Барбье не был очевидцем «трех дней». Его поэзия родилась из ощущения контраста между величием<rs ref="Париж" type="geo_index"></rs><rs ref="Барбье, Огюст" type="person"></rs></p>
<p>пронесшегося урагана и убожеством достигнутых результатов. За несколько дней до появления в «Парижском обозрении» знаменитой «Собачьей склоки» Барбье журналист Жирардэн писал: «Две недели назад были днями народного мятежа, минутами храбрости и энтузиазма. Теперь — возмущение совсем другого рода, восстание всех добивающихся места. Они бегут в передние с такой же пылкостью, с какой народ бросался в битву. С семи часов утра батальоны одетых во фраки кидаются во все стороны столицы. С каждой улицей толпа их увеличивается: пешком, на извозчике, в кабриолетах, потные, задыхающиеся, с кокардою на шляпах и с трехцветными лентами в петлицах, — вы видите всю эту толпу, которая надвигается на дворцы министерств, врывается в передние, осаждает дверь кабинета и т.д.».<rs ref="Париж" type="geo_index"></rs><rs ref="Барбье, Огюст" type="person"></rs><rs ref="Жирарден, Эмиль" type="person"></rs></p>
<p>Литературные враги Барбье после напечатания «Собачьей склоки» обвиняли его в заимствовании, чуть ли не в пересказе этой газетной статьи. Но нам кажется, что умение использовать злобу газетного дня для своего вдохновения ничуть не умаляет, а лишь увеличивает заслугу поэта.<rs ref="Барбье, Огюст" type="person"></rs></p>
<p>«Собачья склока» была напечатана в газете «Журналь де деба»; еще не высохла типографская краска, как имя поэта было у всех на устах. Слава пришла одн��м ударом, одним стихотворением, потом она надолго померкла. Какими способами, какими средствами художественной выразительности достиг Барбье ошеломляющего впечатления на современников?<rs ref="Барбье, Огюст" type="person"></rs></p>
<p>Во-первых, он взял мужественный стих ямбов — как это раньше сделал Шенье, стих, стесненный размером, с энергичными ударениями, приспособленный для могучей ораторской речи, для выражения гражданской ненависти и страсти.<rs ref="Шенье, Андре Мари" type="person"></rs></p>
<p>Во-вторых, он не стеснялся приличиями литературного языка и умел сказать грубое, хлесткое и циничное слово, что было вполне в духе французского романтизма, боровшегося за обновленный поэтический словарь.</p>
<p>В-третьих, Барбье оказался мастером больших поэтических сравнений, как бы предназначенных для ораторской трибуны. Силе поэтических образов Барбье учился непосредственно у Данта, ревностным почитателем которого он был, а не следует забывать, что «Божественная комедия» была для своего времени величайшим политическим памфлетом.<rs ref="Барбье, Огюст" type="person"></rs><rs ref="Данте Алигьери" type="person"></rs></p>
<p>В Россию, несмотря на запрещение николаевской цензуры, Барбье проник очень рано. Лермонтов зачитывался им на гауптвахте и испытал сильное его влияние. В кружке<rs ref="Россия (СССР)" type="geo_index"></rs><rs ref="Барбье, Огюст" type="person"></rs><rs ref="Лермонтов, Михаил Юрьевич" type="person"></rs></p>
<p>петрашевцев Барбье знали и переводили; поколение шестидесятников, не будучи в состоянии оценить поэтической силы Барбье, восхищалось им как сатириком. Характерно, что редактор «Вестника Европы» Стасюлевич, покоробленный подлинным выражением Барбье «святая сволочь», — просил своего переводчика смягчить его или заменить другим. Некрасов переложил стихотворение Барбье «Пророк» — «Не говори, забыл он осторожность...» Нынешняя революционная поэзия, идущая совершенно другими путями, не испытала классического влияния Барбье. Отзвуки его голоса мы слышим у Лермонтова и даже у Тютчева (когда он говорит о Наполеоне). Но в поэзии Барбье нас пленяет даже не страсть, не буйство образа, а одна почти пушкинская черта: уменье одной строкой, одним метким выражением определить всю сущность крупного исторического явления.<rs ref="Барбье, Огюст" type="person"></rs><rs ref="Барбье, Огюст" type="person"></rs><rs ref="Лермонтов, Михаил Юрьевич" type="person"></rs><rs ref="Наполеон I, Бонапарт" type="person"></rs><rs ref="Некрасов, Николай Алексеевич" type="person"></rs><rs ref="Стасюлевич, Михаил Матвеевич" type="person"></rs><rs ref="Тютчев, Федор Иванович" type="person"></rs></p>
<date when="1923">1923</date>
</div2>
</div1>
</body>
</text>
</tei>
