<?xml version='1.0' encoding='UTF8'?>
<tei xmlns="http://www.tei-c.org/ns/1.0">
<teiheader>
<filedesc>
<titlestmt>
<title>Ан.Свентицкий. Книга сказания о короле Артуре и о рыцарях круглого стола</title>
<author>О.Э. Мандельштам</author>
</titlestmt>
<publicationstmt>
<p>АРТ-БИЗНЕС-ЦЕНТР МОСКВА 1993</p>
<biblstruct>
<biblscope n="" type="volume"></biblscope>
<biblscope n="" type="part"></biblscope>
</biblstruct></publicationstmt>
<sourcedesc>
<p>Издание подготовлено Мандельштамовским обществом</p>
</sourcedesc>
<respstmt>
<resp>Подготовка и разметка файлов - Алексей Литвинцев, Вероника Файнберг. Создание
          электронного ресурса - Тимофей Молчанов. Руководители проекта - Центр Digital Humanities,
          Мандельштамовское общество (НИУ ВШЭ).</resp>
</respstmt></filedesc>
<profiledesc>
<textdesc n="prose"></textdesc>
<textclass>
<catref target="Series([], Name: ID, dtype: object)" type="ID"></catref>
<catref target="Series([], Name: Источник, dtype: object)" type="Источник"></catref>
<catref target="Series([], Name: Жанр художественной литературы, dtype: object)" type="Жанр художественной литературы"></catref>
<catref target="Series([], Name: Уточнение жанра 1, dtype: object)" type="Уточнение жанра"></catref>
<catref target="Series([], Name: Метр, dtype: object)" type="Метр"></catref>
<catref target="Series([], Name: Длина строки, dtype: object)" type="Длина строки"></catref>
<catref target="Series([], Name: Клаузула, dtype: object)" type="Клаузула"></catref>
<catref target="Series([], Name: Уточнение клаузулы 1, dtype: object)" type="Уточнение клаузулы"></catref>
<catref target="Series([], Name: Классическая строфа, dtype: object)" type="Классическая строфа"></catref>
<catref target="Series([], Name: Рифма, dtype: object)" type="Рифма"></catref>
<catref target="Series([], Name: Схема рифмовки, dtype: object)" type="Схема рифмовки"></catref>
<catref target="Series([], Name: Метрическая формула, dtype: object)" type="Метрическая формула"></catref>
<catref target="Series([], Name: Дополнительные параметры, dtype: object)" type="Дополнительные параметры"></catref>
<catref target="Series([], Name: Число строк, dtype: int64)" type="Число строк"></catref>
<catref target="Series([], Name: Автор оригинала, dtype: object)" type="Автор оригинала"></catref>
<catref target="Series([], Name: Язык оригинала, dtype: object)" type="Язык оригинала"></catref>
</textclass></profiledesc>
</teiheader>
<text>
<body>
<div1 n="2" type="volume">
<div2 n="206" type="part">
<head>206.
АН. СВЕНТИЦКИЙ. КНИГА СКАЗАНИЯ О КОРОЛЕ АРТУРЕ И О РЫЦАРЯХ КРУГЛОГО СТОЛА
</head>
<p>Ан. Свентицкий использовал в своей книжке часть большого кельтского цикла о короле Артуре. Этот цикл весьма разветвлен и, самое главное, в подлиннике утрачен, не существует. Основным фондом, откуда европейская поэзия черпает артуровский сюжет, являются знаменитые стихотворные романы-повести Crestien de Troyes<rs ref="Артур" type="person"></rs><rs ref="Свентицкий (Мечиславцев), Андрей Эдуардович," type="person"></rs><rs ref="Свентицкий (Мечиславцев), Андрей Эдуардович," type="person"></rs><rs ref="Свентицкий (Мечиславцев), Андрей Эдуардович," type="person"></rs><rs ref="Свентицкий (Мечиславцев), Андрей Эдуардович," type="person"></rs></p>
<p>, занимательная литература, авантюрный роман.</p>
<p>Crestien de Troyes — француз XIII века. Отличный авантюрный рассказчик, мастер стихотворного повествования.</p>
<p>Но ни Тристана с Изольдой, ни Мерлиновской ветви, обработанной Свентицким, от Кретьена не дошло. Первоисточником мерлиновского сюжета считается латинская Historia regum Britanniae<rs ref="Кретьен де Труа" type="person"></rs><rs ref="Свентицкий (Мечиславцев), Андрей Эдуардович," type="person"></rs><rs ref="Свентицкий (Мечиславцев), Андрей Эдуардович," type="person"></rs></p>
<p> монаха Gaufrei de Monmouth</p>
<p>.</p>
<p> Кретьен де Труа (<rs ref="Кретьен де Труа" type="person"></rs><rs ref="Кретьен де Труа" type="person"></rs></p>
<p>.).</p>
<p> «История королей Британии» (</p>
<p>.) — латинская хроника (ок.1137).</p>
<p> Гальфрид Монмутский (<rs ref="Гальфрид Монмутский" type="person"></rs></p>
<p>.).</p>
<p>Трудно сказать, с какой позднейшей французской или итальянской переделки снимал свою мерку Свентицкий. Рыцарский роман русской ярмарки и лубка неизмеримо выше. Это же стихи Щепкиной-Куперник, переложенные прозой: «яркий шлем», «чары», «блестящие доспехи», где фраза закруглена как в канцелярском протоколе. Где у Свентицкого меткость и разнообразие эпит��тов Кретьена, где ручеек свежей авантюрной повести?<rs ref="Кретьен де Труа" type="person"></rs><rs ref="Свентицкий (Мечиславцев), Андрей Эдуардович," type="person"></rs><rs ref="Свентицкий (Мечиславцев), Андрей Эдуардович," type="person"></rs><rs ref="Свентицкий (Мечиславцев), Андрей Эдуардович," type="person"></rs><rs ref="Щепкина-Куперник, Татьяна Львовна" type="person"></rs></p>
<p>Книга — полное недоразумение. На первый взгляд сделана под «романтическое средневековье». Без указания источников. Без примечаний. Без указания, перевод ли это, переделка или стилизация. Голый прозаический текст. Имя Свентицкого — и больше ничего.<rs ref="Свентицкий (Мечиславцев), Андрей Эдуардович," type="person"></rs></p>
<p>Подлинным средневековьем, филологическим духом здесь и не пахнет. Это изделие во вкусе машинных французских ковров с «рыцарями», «колдунами» и «турнирами». Однако у книги все-таки есть источники, своя генеалогия. Поэтизированье и переливанье из пустого в порожнее сюжетов артуровского цикла, приспособление их к самому банальному современному пониманию, вся эта никчемная «работа», одинаково ненужная и филологу и читателю, — еще один поклеп на средневековье с его здоровым и утонченным художественным организмом, изумительно гибким каноном форм. Поразительно, как обесценивается, обесцвечивается до неузнаваемости, перелицовывается чудесная ткань средневековой фабулы в руках «поэтичного» любителя. Всему виной любовь к поэтичному, к «французскому коврику» и недостаток филологического образования.</p>
<p>Очевидно, Свентицкий соблазнился лаврами главаря теперешней романтики Бедье. Бедье воссоздал по Кретьену и другим источникам утраченную фабулу Tristan et Izeut<rs ref="Бедье, Жозеф Шарль Мари" type="person"></rs><rs ref="Кретьен де Труа" type="person"></rs><rs ref="Свентицкий (Мечиславцев), Андрей Эдуардович," type="person"></rs><rs ref="Свентицкий (Мечиславцев), Андрей Эдуардович," type="person"></rs><rs ref="Свентицкий (Мечиславцев), Андрей Эдуардович," type="person"></rs><rs ref="Свентицкий (Мечиславцев), Андрей Эдуардович," type="person"></rs></p>
<p>. «Тристан и Изольда» Бедье — настоящее чудо реконструкции, почти подлинник — и безусловно заслуживает перевода на русский язык.<rs ref="Бедье, Жозеф Шарль Мари" type="person"></rs></p>
<p> Тристан и Изольда (фр.).›</p>
<date when="1923">1923</date>
<note>
1 Кретьен де Труа (фр.).
2 «История королей Британии» (лат.) — латинская хроника (ок.1137).
3 Гальфрид Монмутский (фр.).

1 Тристан и Изольда (фр.).›
</note>
<rs ref="Гальфрид Монмутский" type="person"></rs>
</div2>
</div1>
</body>
</text>
</tei>
