<?xml version='1.0' encoding='UTF8'?>
<tei xmlns="http://www.tei-c.org/ns/1.0">
<teiheader>
<filedesc>
<titlestmt>
<title>Международная крестьянская конференция</title>
<author>О.Э. Мандельштам</author>
</titlestmt>
<publicationstmt>
<p>АРТ-БИЗНЕС-ЦЕНТР МОСКВА 1993</p>
<biblstruct>
<biblscope n="" type="volume"></biblscope>
<biblscope n="" type="part"></biblscope>
</biblstruct></publicationstmt>
<sourcedesc>
<p>Издание подготовлено Мандельштамовским обществом</p>
</sourcedesc>
<respstmt>
<resp>Подготовка и разметка файлов - Алексей Литвинцев, Вероника Файнберг. Создание
          электронного ресурса - Тимофей Молчанов. Руководители проекта - Центр Digital Humanities,
          Мандельштамовское общество (НИУ ВШЭ).</resp>
</respstmt></filedesc>
<profiledesc>
<textdesc n="prose"></textdesc>
<textclass>
<catref target="Series([], Name: ID, dtype: object)" type="ID"></catref>
<catref target="Series([], Name: Источник, dtype: object)" type="Источник"></catref>
<catref target="Series([], Name: Жанр художественной литературы, dtype: object)" type="Жанр художественной литературы"></catref>
<catref target="Series([], Name: Уточнение жанра 1, dtype: object)" type="Уточнение жанра"></catref>
<catref target="Series([], Name: Метр, dtype: object)" type="Метр"></catref>
<catref target="Series([], Name: Длина строки, dtype: object)" type="Длина строки"></catref>
<catref target="Series([], Name: Клаузула, dtype: object)" type="Клаузула"></catref>
<catref target="Series([], Name: Уточнение клаузулы 1, dtype: object)" type="Уточнение клаузулы"></catref>
<catref target="Series([], Name: Классическая строфа, dtype: object)" type="Классическая строфа"></catref>
<catref target="Series([], Name: Рифма, dtype: object)" type="Рифма"></catref>
<catref target="Series([], Name: Схема рифмовки, dtype: object)" type="Схема рифмовки"></catref>
<catref target="Series([], Name: Метрическая формула, dtype: object)" type="Метрическая формула"></catref>
<catref target="Series([], Name: Дополнительные параметры, dtype: object)" type="Дополнительные параметры"></catref>
<catref target="Series([], Name: Число строк, dtype: int64)" type="Число строк"></catref>
<catref target="Series([], Name: Автор оригинала, dtype: object)" type="Автор оригинала"></catref>
<catref target="Series([], Name: Язык оригинала, dtype: object)" type="Язык оригинала"></catref>
</textclass></profiledesc>
</teiheader>
<text>
<body>
<div1 n="2" type="volume">
<div2 n="205" type="part">
<head>205.
МЕЖДУНАРОДНАЯ КРЕСТЬЯНСКАЯ КОНФЕРЕНЦИЯ</head>
<p>Здание Коминтерна на Воздвиженке; о, это не парадные хоромы! Низкие потолки, крошечные комнатки, дощатые перегородки... Хлопают дверца и черная лестница и еще дверца, и еще черная лестница. Клетушки, переходы, домашняя теснота... Я в дощатом закутке у англичанина... Нам непривычна болезненная вежливость европейца... Это у них в крови. Ведь это искусство сделать социально-приятными мелкие, ежедневные сношения... Тут же, в тирольской шляпе, в толстом зеленом пальто сидит типичный фермер. Косматые брови насуплены, кажется упрямым маленький лоб — лоб и тот зарос волосами. Для него пишут какое-то письмо... Он долго держит его в руках, говорит: «супер флю» (не нужно) и, возвратив обратно, продолжает сидеть молча...<rs ref="Москва" type="geo_index"></rs></p>
<p>На кремлевском дворе тихо после московской улицы. Огибаем «кавалерский корпус»... Гулко звучат шаги по каменным площадкам... Автомобилям не вытоптать здесь травку. Здесь играют дети, а рядом, прохаживаясь по пустому тротуару, тихо и важно беседуют о государстве и революции.</p>
<p>В Андреевский зал, где крестьянская конференция, ведет пухлая дворцовая, с мелкими ступеньками лестница. На верхней площадке картина: Александр III, похожий на лихача, и волостные старшины, типы старших дворников в поддевках, с медалями и бляхами...<rs ref="Александр III" type="person"></rs></p>
<p>Мимо этого печального произведения искусства — зал конференции... Слишком просторно даже для 10-12 длинных, крытых красным сукном столов... Непринужденно шумит и двигается маленькая рабочая семья конференции под огромным шатром Андреевского зала. Входя, я услышал русскую речь с добро-советским акцентом волжского колониста немца. То волжанин немец переводил русским</p>
<p>крестьянам немецкое слово... Крестьяне слушали по-мужицки — истово, вытянув шею... Мне пок��залось, что я пришел на перерыв. Рядом кто-то читал по-английски, гораздо тише и сдержаннее... Монгол в полосатом халате и бурят — сидели одиноко за последним столом.<rs ref="Кретьен де Труа" type="person"></rs></p>
<p>На трибуне я заметил голову, которая показалась мне центральной по крупной выразительности и значительности своей. То был председатель Вуазей, из французской делегации... Настоящий «большеголовый», широкое лицо с лопатой бороды — словно с галереи Парижской коммуны сошел этот философ действия, серьезный и спокойный.<rs ref="Вуазей" type="person"></rs><rs ref="Вуазей" type="person"></rs></p>
<p>Слишком большой звонок, как бы маленький медный колокол, стоял перед ним, но ему не приходилось призывать к порядку. Другая фигура невольно меня поразила и тронула — был финский делегат: его большая, сутулая фигура, его мешковатый «воскресный» пиджак, его манера говорить (он говорил по-фински), горячая и убедительная, будто все должны его понять. От него дышало трогательной верой в свое дело, какой-то чудесной у скандинавского революционера нравственной силой.</p>
<p>Поляк и финн сделали сообщения с мест. Оба рассказали про ложь и кабалу своей страны, как про нечто временное, и говоря, как бы в темноте нащупывали Советскую Россию. То была страшная повесть цифрами и кровью...<rs ref="Россия (СССР)" type="geo_index"></rs></p>
<p>Прямо против Вуазея сидели французы-южане, должно быть гасконцы и провансальцы, виноградари, ставшие революционерами. Их семья казалась театральной, темпераментной. Эспаньолки, буйные шевелюры... Будто села на скамью вся европейская романтика заговора и революции! Так живуч национальный физический тип. Но они не романтики и не заговорщики — они хотят быть научными революционерами и прислушиваются к осторожным и точным указаниям марксизма. Революция среди крестьян! Ее тяжелый шаг, ее трезвый взгляд, ее холодная осторожность!<rs ref="Вуазей" type="person"></rs><rs ref="Вуазей" type="person"></rs></p>
<p>Варга, венгерский делегат, автор «тезисов» олицетворяет эти качества. Европеец до мозга костей, нервный и сухой, невероятно подвижный — он хлопочет о самом важном: о связи, о единстве. Гасконец Жаро, может быть чересчур осторожный, предлагает для Франции поправку: смягченную форму религиозной свободы.<rs ref="Франция" type="geo_index"></rs><rs ref="Варга, Евгений Самойлович" type="person"></rs><rs ref="Варга, Евгений Самойлович" type="person"></rs><rs ref="Жаро," type="person"></rs></p>
<p>Варга умело подготовляет отклонение поправки. За ним железный авторитет Вуа&lt;з&gt;е&lt;я&gt;. Еще раз окидываю взглядом конференцию: два-три пестрых, ярко шелковых халата,<rs ref="Варга, Евгений Самойлович" type="person"></rs><rs ref="Вуазей" type="person"></rs></p>
<p>молодые китайцы, похожие на изможденных экзаменами студентов, с тонкими матовыми лицами, с худым спичечным телом, в европейской одежде, русские делегатки в темных косынках уселись к сторонке, матерински-строгие и скромные, мексиканцы — коричневые, огненные, любящие опасность и действия — путешественники, и русские крестьяне, с ласковым любопытством глядящие на иностранцев. На трибуне Наркомзем Теодорович. Он говорит с жаром молодого ученого перед мировым университетом. Чудесная, ясная лекция по крестьянскому вопросу в России, от Болотникова и Пугачева до наших дней, выпуклая, насыщенная исторической правдой. Все понимающие по-русски заслушались и, как военная палатка, раскинулся внезапно причудливый университет.<rs ref="Россия (СССР)" type="geo_index"></rs><rs ref="Болотников, Иван Исаевич" type="person"></rs><rs ref="Пугачев, Емельян Иванович" type="person"></rs><rs ref="Теодорович, Иван Адольфович" type="person"></rs></p>
<date when="1923">1923</date>
</div2>
</div1>
</body>
</text>
</tei>
