<?xml version='1.0' encoding='UTF8'?>
<tei xmlns="http://www.tei-c.org/ns/1.0">
<teiheader>
<filedesc>
<titlestmt>
<title>Крымские впечатления</title>
<author>О.Э. Мандельштам</author>
</titlestmt>
<publicationstmt>
<p>АРТ-БИЗНЕС-ЦЕНТР МОСКВА 1993</p>
<biblstruct>
<biblscope n="" type="volume"></biblscope>
<biblscope n="" type="part"></biblscope>
</biblstruct></publicationstmt>
<sourcedesc>
<p>Издание подготовлено Мандельштамовским обществом</p>
</sourcedesc>
<respstmt>
<resp>Подготовка и разметка файлов - Алексей Литвинцев, Вероника Файнберг. Создание
          электронного ресурса - Тимофей Молчанов. Руководители проекта - Центр Digital Humanities,
          Мандельштамовское общество (НИУ ВШЭ).</resp>
</respstmt></filedesc>
<profiledesc>
<textdesc n="prose"></textdesc>
<textclass>
<catref target="Series([], Name: ID, dtype: object)" type="ID"></catref>
<catref target="Series([], Name: Источник, dtype: object)" type="Источник"></catref>
<catref target="Series([], Name: Жанр художественной литературы, dtype: object)" type="Жанр художественной литературы"></catref>
<catref target="Series([], Name: Уточнение жанра 1, dtype: object)" type="Уточнение жанра"></catref>
<catref target="Series([], Name: Метр, dtype: object)" type="Метр"></catref>
<catref target="Series([], Name: Длина строки, dtype: object)" type="Длина строки"></catref>
<catref target="Series([], Name: Клаузула, dtype: object)" type="Клаузула"></catref>
<catref target="Series([], Name: Уточнение клаузулы 1, dtype: object)" type="Уточнение клаузулы"></catref>
<catref target="Series([], Name: Классическая строфа, dtype: object)" type="Классическая строфа"></catref>
<catref target="Series([], Name: Рифма, dtype: object)" type="Рифма"></catref>
<catref target="Series([], Name: Схема рифмовки, dtype: object)" type="Схема рифмовки"></catref>
<catref target="Series([], Name: Метрическая формула, dtype: object)" type="Метрическая формула"></catref>
<catref target="Series([], Name: Дополнительные параметры, dtype: object)" type="Дополнительные параметры"></catref>
<catref target="Series([], Name: Число строк, dtype: int64)" type="Число строк"></catref>
<catref target="Series([], Name: Автор оригинала, dtype: object)" type="Автор оригинала"></catref>
<catref target="Series([], Name: Язык оригинала, dtype: object)" type="Язык оригинала"></catref>
</textclass></profiledesc>
</teiheader>
<text>
<body>
<div1 n="2" type="volume">
<div2 n="208" type="part">
<head>208.
КРЫМСКИЕ ВПЕЧАТЛЕНИЯ</head>
<p>Когда-то у эмира было пять собственных экипажей, он был поставщиком роскошных дач, десятками десятин считались его виноградники.</p>
<p>Сейчас он глядит смиренно, жалуется, кряхтит, но смотрит лисой. Он уже забрал в свои руки поставку винограда и фруктов на всю окрестность, снарядил пару линеек, купил в Севастополе баркас для рыбной ловли, и — странное дело — сын его в исполкоме, и он за сыном спокоен.<rs ref="Севастополь" type="geo_index"></rs></p>
<p>Эти эмиры — превосходные организаторы. Они любили действовать под флагом артели и кооперации.</p>
<p>На южном побережье работает несколько артелей виноградных товариществ. Старые прессы починены и пущены в ход, течет крепкое сусло, работают опытные мастера, выходцы из южной Европы, уже настоящие крымчаки.<rs ref="Европа" type="geo_index"></rs></p>
<p>Но превратить свой виноград в вино, послав его в артель виноделов, — не легкое дело для среднего крестьянина.</p>
<p>Ему трудно подняться. Прежде всего, он физически слаб и, не пользуясь наемным трудом, не мог как следует перекопать своего виноградника; поэтому сорта винограда для него невысоки, культура страдает. Со всех сторон слышны разговоры о необходимости образования настоящих артелей трудовых виноградарей, происходят совещания, где достать кредит.</p>
<p>Масса татарского крестьянства совершенно переродилась за последние годы.</p>
<p>Дети очень плохо оправились от последствий недоедания. Золотуха, коклюш, рахитические заболевания, всяческие язвы на почве истощения. Они, как зверьки, бегают по улицам, радуются солнцу, выздоравливают, но за ними нужен крепкий уход, а родители дать его не могут.</p>
<p>Нередко можно наблюдать сильнейшую семейную вражду между хозяйством, которое оправилось, и хозяйством, которое пришиблено вконец.</p>
<p>Брат Абдул скупил у Ибрама в голодные годы все его виноградники, и вышитые одеяла, и чадры, и подушки, все то, чем гордится татарский дом, что бережно прячется, как приданое, в чистый стеклянный шкап.</p>
<p>Для нового быта характерно такое явление. Мулла, отправляющий свои религиозные службы, в то же время занимается извозом, как обыкновенный извозчик.</p>
<p>Иронически рассказывают, что напрасно он скликает с минарета свою паству. Все равно никто не идет.</p>
<p>То, что Крыму необходимо помочь, что составляет его больное место и в то же время важнейшее средство исцеления, — это кооперация. Кооперативы, по общему признанию, из рук вон плохи. Население настолько мало уважает кооперацию, видя дурные примеры, что относится к ней, как к обычному частному торговому предприятию — с недоверием и опаской. Кооператив старается обслужить не местное население, а исключительно состоятельных приезжих. Здесь спекулируют на червонцах, не держат нужных предметов первой необходимости, и о кооперации крымчак-татарин часто говорит с раздражением и пренебрежением.<rs ref="Крым" type="geo_index"></rs></p>
<p>Во всяком случае, расслоение крестьянской массы идет полным ходом. Союзниками выздоравливающих низов являются кооперация и школа. Татарская школа, несмотря на исключительно скромный бюджет Наркомпроса, во всех отношениях впереди местной русской, которая подчас стоит подолгу пустая, с выбитыми стеклами. Следует отметить, что крымская школа получила на днях от центра довольно крупную кредитовку и сумеет в ближайшем будущем обслужить население, которое относится к ней с ревнивой любовью.</p>
<date when="1923">1923</date>
</div2>
</div1>
</body>
</text>
</tei>
