<?xml version='1.0' encoding='UTF8'?>
<tei xmlns="http://www.tei-c.org/ns/1.0">
<teiheader>
<filedesc>
<titlestmt>
<title>Севастополь</title>
<author>О.Э. Мандельштам</author>
</titlestmt>
<publicationstmt>
<p>АРТ-БИЗНЕС-ЦЕНТР МОСКВА 1993</p>
<biblstruct>
<biblscope n="" type="volume"></biblscope>
<biblscope n="" type="part"></biblscope>
</biblstruct></publicationstmt>
<sourcedesc>
<p>Издание подготовлено Мандельштамовским обществом</p>
</sourcedesc>
<respstmt>
<resp>Подготовка и разметка файлов - Алексей Литвинцев, Вероника Файнберг. Создание
          электронного ресурса - Тимофей Молчанов. Руководители проекта - Центр Digital Humanities,
          Мандельштамовское общество (НИУ ВШЭ).</resp>
</respstmt></filedesc>
<profiledesc>
<textdesc n="prose"></textdesc>
<textclass>
<catref target="Series([], Name: ID, dtype: object)" type="ID"></catref>
<catref target="Series([], Name: Источник, dtype: object)" type="Источник"></catref>
<catref target="Series([], Name: Жанр художественной литературы, dtype: object)" type="Жанр художественной литературы"></catref>
<catref target="Series([], Name: Уточнение жанра 1, dtype: object)" type="Уточнение жанра"></catref>
<catref target="Series([], Name: Метр, dtype: object)" type="Метр"></catref>
<catref target="Series([], Name: Длина строки, dtype: object)" type="Длина строки"></catref>
<catref target="Series([], Name: Клаузула, dtype: object)" type="Клаузула"></catref>
<catref target="Series([], Name: Уточнение клаузулы 1, dtype: object)" type="Уточнение клаузулы"></catref>
<catref target="Series([], Name: Классическая строфа, dtype: object)" type="Классическая строфа"></catref>
<catref target="Series([], Name: Рифма, dtype: object)" type="Рифма"></catref>
<catref target="Series([], Name: Схема рифмовки, dtype: object)" type="Схема рифмовки"></catref>
<catref target="Series([], Name: Метрическая формула, dtype: object)" type="Метрическая формула"></catref>
<catref target="Series([], Name: Дополнительные параметры, dtype: object)" type="Дополнительные параметры"></catref>
<catref target="Series([], Name: Число строк, dtype: int64)" type="Число строк"></catref>
<catref target="Series([], Name: Автор оригинала, dtype: object)" type="Автор оригинала"></catref>
<catref target="Series([], Name: Язык оригинала, dtype: object)" type="Язык оригинала"></catref>
</textclass></profiledesc>
</teiheader>
<text>
<body>
<div1 n="2" type="volume">
<div2 n="207" type="part">
<head>207.
СЕВАСТОПОЛЬ</head>
<p>Схлынула волна приезжих. Закрылись самые дорогие рестораны. Опустел Приморский бульвар. Севастополь предоставлен самому себе, чистенький, раскидавший от кургана до кургана старые военные постройки, пакгаузы, дома с колоннами, казармы и памятники.<rs ref="Севастополь" type="geo_index"></rs></p>
<p>Севастополь — приемник всей курортной волны. Скорые поезда выбрасывают на маленькую площадь из одноэтажного белого вокзала массу пассажиров; их подхватывают хищники-автомобили, скромные линейки, обтянутые полотном. Крошечный трамвай мчится в гору, и сразу проникаешься атмосферой маленького города: у вас, гражданка, нет мелочи, — говорит кондуктор, — ну, ничего: в следующий раз заплатите.<rs ref="Севастополь" type="geo_index"></rs></p>
<p>Кажется, в Севастополе не было построено ни одного нового здания с самой осады: те же самые пузатые дома, толстые стены, колонны, маленькие окна, балкончики и завитушки. Он сохранил внешний вид полумещанского, полувоенного приморского городка.<rs ref="Севастополь" type="geo_index"></rs></p>
<p>В магазинах все продают втридорога, гораздо дороже московского. Это все для приезжих; местный житель идет на базар, подошедший вплотную к зеленой, пропитанной нефтью морской воде.</p>
<p>Здесь бесчисленные парикмахерские с живописными восточными вывесками тщетно ждут клиентов, стучат кости домино в турецкой кофейне, пышет жаром, как домашняя печь, булочная, работающая на мазутном огне.</p>
<p>Единственная газета в городе — газета военмора «Аврал». Энергичный листок, умеющий находить крепкие слова, всегда простые и сильные для домашнего военморского быта, типичная «своя» газета, подошедшая вплотную к своему читателю.</p>
<p>Татарское население в городе — меньшинство. Возле базара приютился скромный татарский клуб. Здесь разучивают на стареньком фортепиано национальные мелодии, ставят злободневную оперетку; оживленно хлопочут молодые деятели татарского театра в маленьких барашковых шапках, с упрямыми скуластыми лицами и косыми глазами.</p>
<p>Уже вечерело, когда я подходил к освещенному зданию морского собрания. Происходило общее собрание союза</p>
<p>грузчиков. На скамейках плотными рядами сидели рабочие в пропыленных мукой широких блузах, все один к одному, как из камня обтесанные массивные фигуры, молчаливые и сдержанные. Президиум из трех с величайшим напряжением старался овладеть аудиторией, которая тяжело ворочала свою думу, плохо верила, туго поддавалась.</p>
<p>— Вы не смотрите, товарищи, что в Керчи и в Феодосии приняты высшие ставки, — говорил председатель. — Надо думать, чтобы нам всем не надорваться. Нельзя заставить государство платить через силу: нам же хуже будет.<rs ref="Керчь" type="geo_index"></rs><rs ref="Феодосия" type="geo_index"></rs></p>
<p>И с трудом проникали веские слова в сознание слушателей. Из грузного, но внимательного собрания по временам слышались недоверчивые возгласы, иронические вопросы.</p>
<p>Особенно досталось правлению за кассу взаимопомощи: грузчики никак не могли согласиться с тем, что нельзя распылять ссуды, и попрекали кассу покойником, которого не удалось вовремя похоронить из-за невыдачи ссуды.</p>
<p>Когда принимали отчет правления, в голосовании участвовали далеко не все — подавляющее меньшинство, остальные воздерживались и думали свою тяжелую думу. Видно было, какого колоссального труда стоит деятелям местного профсоюза поднять глыбу этих силачей, завоевывать их доверие; и все-таки это им удается, и словно стальные канаты протягиваются между организатором и массой.</p>
<p>Гордость Севастополя — «Институт физического лечения». Этот великолепный дворец может составить славу любого мирового курорта. Белоснежные сахарно-мраморные ванны, огромные комнаты для отдыха, читальни с бамбуковыми лежанками, настоящие термы, где электричество, радий и вода бьются с человеческой немощью. Никаких очередей, быстро и вежливо обслуживают массу пациентов.<rs ref="Севастополь" type="geo_index"></rs></p>
<p>«Институт физического лечения» — настоящее сокровище Севастополя. Он мог бы обслуживать гораздо больше больных, приходящих, конечно, если бы только было, где жить. Для того, чтобы институт мог развернуть свою огромную пропускную способность, необходимо дать возможность приезжим устраиваться около института. Лечение в Севастопольском институте для многих гораздо полезнее, чем пребывание в санаториях Южного берега, где отсутствует великолепное оборудование института.<rs ref="Севастополь" type="geo_index"></rs></p>
<p>Лечебное будущее Севастополя в связи с институтом — все впереди.<rs ref="Севастополь" type="geo_index"></rs></p>
<date when="1923">1923</date>
</div2>
</div1>
</body>
</text>
</tei>
