<?xml version='1.0' encoding='UTF8'?>
<tei xmlns="http://www.tei-c.org/ns/1.0">
<teiheader>
<filedesc>
<titlestmt>
<title>Андрей Белый. Записки чудака</title>
<author>О.Э. Мандельштам</author>
</titlestmt>
<publicationstmt>
<p>АРТ-БИЗНЕС-ЦЕНТР МОСКВА 1993</p>
<biblstruct>
<biblscope n="" type="volume"></biblscope>
<biblscope n="" type="part"></biblscope>
</biblstruct></publicationstmt>
<sourcedesc>
<p>Издание подготовлено Мандельштамовским обществом</p>
</sourcedesc>
<respstmt>
<resp>Подготовка и разметка файлов - Алексей Литвинцев, Вероника Файнберг. Создание
          электронного ресурса - Тимофей Молчанов. Руководители проекта - Центр Digital Humanities,
          Мандельштамовское общество (НИУ ВШЭ).</resp>
</respstmt></filedesc>
<profiledesc>
<textdesc n="prose"></textdesc>
<textclass>
<catref target="Series([], Name: ID, dtype: object)" type="ID"></catref>
<catref target="Series([], Name: Источник, dtype: object)" type="Источник"></catref>
<catref target="Series([], Name: Жанр художественной литературы, dtype: object)" type="Жанр художественной литературы"></catref>
<catref target="Series([], Name: Уточнение жанра 1, dtype: object)" type="Уточнение жанра"></catref>
<catref target="Series([], Name: Метр, dtype: object)" type="Метр"></catref>
<catref target="Series([], Name: Длина строки, dtype: object)" type="Длина строки"></catref>
<catref target="Series([], Name: Клаузула, dtype: object)" type="Клаузула"></catref>
<catref target="Series([], Name: Уточнение клаузулы 1, dtype: object)" type="Уточнение клаузулы"></catref>
<catref target="Series([], Name: Классическая строфа, dtype: object)" type="Классическая строфа"></catref>
<catref target="Series([], Name: Рифма, dtype: object)" type="Рифма"></catref>
<catref target="Series([], Name: Схема рифмовки, dtype: object)" type="Схема рифмовки"></catref>
<catref target="Series([], Name: Метрическая формула, dtype: object)" type="Метрическая формула"></catref>
<catref target="Series([], Name: Дополнительные параметры, dtype: object)" type="Дополнительные параметры"></catref>
<catref target="Series([], Name: Число строк, dtype: int64)" type="Число строк"></catref>
<catref target="Series([], Name: Автор оригинала, dtype: object)" type="Автор оригинала"></catref>
<catref target="Series([], Name: Язык оригинала, dtype: object)" type="Язык оригинала"></catref>
</textclass></profiledesc>
</teiheader>
<text>
<body>
<div1 n="2" type="volume">
<div2 n="202" type="part">
<head>202.
АНДРЕЙ БЕЛЫЙ. ЗАПИСКИ ЧУДАКА
</head>
<p>Русский символизм жив. Русский символизм не умер. Пифон клубится. Андрей Белый продолжает славные традиции литературной эпохи, когда половой, отраженный двойными зеркалами ресторана «Прага», воспринимался как мистическое явление, двойник, и порядочный литератор стеснялся лечь спать, не накопив за день пяти или шести «ужасиков».<rs ref="Белый, Андрей" type="person"></rs><rs ref="Белый, Андрей" type="person"></rs><rs ref="Белый, Андрей" type="person"></rs></p>
<p>В послесловии к «Запискам чудака» Белый оговаривается, что он написал заведомо плохую книгу: признание в устах автора почти всегда не искреннее; и действительно, тут же следует — «но зато книга моя необыкновенно правдива».<rs ref="Белый, Андрей" type="person"></rs><rs ref="Белый, Андрей" type="person"></rs><rs ref="Белый, Андрей" type="person"></rs></p>
<p>Искренность книги Белого — вопрос, лежащий вне литературы и вне чего бы то ни было общезначимого. Плохая книга — всегда литературное и социальное преступление, всегда ложь. Приемы, которыми написана книга «Записки чудака», далеко не новые и не представляют собой откровенья: это последовательное и карикатурное развитие худших качеств ранней прозы Андрея Белого, грубой, отвратительной для слуха музыкальности стихотворения в прозе (вся книга написана почти гекзаметром), напыщенный, апокалиптический тон, трескучая декламация, перегруженная астральной терминологией вперемежку с стертыми в пятачок красотами поэтического языка девятисотых годов.<rs ref="Белый, Андрей" type="person"></rs></p>
<p>В книге можно вылущить фабулу, разгребая кучу словесного мусора: русский турист, застигнутый войной в Швейцарии, строит Иоаннов храм теософской мудрости, швейцарцы, обратив внимание на подозрительного иностранца, высылают его, и, преследуемый шпиономанией, он вполне благополучно возвращается через Англию и Норвегию в Россию. Но фабула в этой книге просто заморыш, о ней и говорить не стоило бы; хотя жадно отдыхаешь на всякой конкретности, будь то описание бритого шпика, пароходного табль-д’ота или просто человеческое слово, верно записанное. Книга хочет поведать о каких-то огромных событиях душевной жизни, а вовсе не рассказать о путешествии. Получается приблизительно такая картина: человек, переходя улицу, расшибся о фонарь и написал целую книгу о том, как у него искры посыпались из глаз. Книжка Белого — в полном согласии с немецкими учебниками теософии, и бунтарство ее пахнет ячменным кофе и здоровым вегетарианством. Теософия — вязаная фуфайка вырождающейся религии. Издали разит от нее духом псевдонаучного шарлатанства. От этой дамской ерунды с одинаковым презрением отшатываются и профессиональные почтенные мистики, и представители науки.<rs ref="Англия" type="geo_index"></rs><rs ref="Норвегия" type="geo_index"></rs><rs ref="Россия (СССР)" type="geo_index"></rs><rs ref="Швейцария" type="geo_index"></rs><rs ref="Белый, Андрей" type="person"></rs></p>
<p>Что за безвкусная нелепая идея строить «храм всемирной мудрости» на таком неподходящем месте? Со всех сторон швейцары, пансионы и отели; люди живут на чеки и поправляют здоровье. Самое благополучное место в мире. Чистенький нейтральный кусочек земли и в то же время в сытом своем международном благополучии самый нечистый угол Европы. И на этом-то месте, среди фамильных пансионов и санаторий, строится какая-то новая София. Ведь нужно было потерять всякое чутье значительности, всякий такт, всякое<rs ref="Европа" type="geo_index"></rs></p>
<p>чувство истории, чтобы додуматься до такой нелепицы. Отсутствие меры и такта, отсутствие вкуса — есть ложь, первый признак лжи. У Данта одного душевного события хватило на всю жизнь. Если у человека три раза в день происходят колоссальные душевные катастрофы, мы перестаем ему верить, мы вправе ему не верить — он для нас смешон. А над Белым смеяться не хочется и грех: он написал «Петербург». Ни у одного из русских писателей предреволюционная тревога и сильнейшее смятение не сказались так сильно, как у Белого. И если он обратил свое мышление, свою тревогу, свой человеческий и литературный стиль в нелепый и безвкусный танец, тем хуже для него. Танцующая проза «Записок чудака» — высшая школа литературной самовлюбленности. Рассказать о себе, вывернуть себя наизнанк��, показать себя в четвертом, пятом, шестом измерении. Другие символисты были осторожнее, но в общем русский символизм так много и громко кричал о «несказанном», что это «несказанное» пошло по рукам, как бумажные деньги. Необычайная свобода и легкость мысли у Белого, когда он в буквальном смысле слова пытается рассказать, что думает его селезенка, или: «событие неописуемой важности заключалось в том, каким образом я убедился, что этот младенец есть я» (младенец, разумеется, совершенно иносказательный и отвлеченный). Основной нерв прозы Белого — своеобразное стремление к изяществу, к танцу, к пируэту, стремление танцуя объять необъятное. Но отсутствие всякой стилистической мысли в его новой прозе делает ее чрезвычайно элементарной, управляемой двумя или тремя законами. Проза асимметрична: ее движения — движения словесной массы — движение стада, сложное и ритмичное в своей неправильности; настоящая проза — разнобой, разлад, многоголосье, контрапункт; а «Записки чудака» — как дневник гимназиста, написанный полустихами.<rs ref="Белый, Андрей" type="person"></rs><rs ref="Белый, Андрей" type="person"></rs><rs ref="Данте Алигьери" type="person"></rs></p>
<p>В то время как в России ломают головы, как вывести на живую дорогу освобожденную от лирических пут независимую прозаическую речь, в Берлине в 1922 году появляется в издании «Геликона» какой-то прозаический недомерок, возвращающий к «Симфониям». «Записки чудака» свидетельствуют о культурной отсталости и запущенности берлинской провинции и художественном одичании даже лучших ее представителей.<rs ref="Берлин" type="geo_index"></rs><rs ref="Россия (СССР)" type="geo_index"></rs></p>
<date when="1923">1923</date>
</div2>
</div1>
</body>
</text>
</tei>
