<?xml version='1.0' encoding='UTF8'?>
<tei xmlns="http://www.tei-c.org/ns/1.0">
<teiheader>
<filedesc>
<titlestmt>
<title>Меньшевики в Грузии</title>
<author>О.Э. Мандельштам</author>
</titlestmt>
<publicationstmt>
<p>АРТ-БИЗНЕС-ЦЕНТР МОСКВА 1993</p>
<biblstruct>
<biblscope n="" type="volume"></biblscope>
<biblscope n="" type="part"></biblscope>
</biblstruct></publicationstmt>
<sourcedesc>
<p>Издание подготовлено Мандельштамовским обществом</p>
</sourcedesc>
<respstmt>
<resp>Подготовка и разметка файлов - Алексей Литвинцев, Вероника Файнберг. Создание
          электронного ресурса - Тимофей Молчанов. Руководители проекта - Центр Digital Humanities,
          Мандельштамовское общество (НИУ ВШЭ).</resp>
</respstmt></filedesc>
<profiledesc>
<textdesc n="prose"></textdesc>
<textclass>
<catref target="Series([], Name: ID, dtype: object)" type="ID"></catref>
<catref target="Series([], Name: Источник, dtype: object)" type="Источник"></catref>
<catref target="Series([], Name: Жанр художественной литературы, dtype: object)" type="Жанр художественной литературы"></catref>
<catref target="Series([], Name: Уточнение жанра 1, dtype: object)" type="Уточнение жанра"></catref>
<catref target="Series([], Name: Метр, dtype: object)" type="Метр"></catref>
<catref target="Series([], Name: Длина строки, dtype: object)" type="Длина строки"></catref>
<catref target="Series([], Name: Клаузула, dtype: object)" type="Клаузула"></catref>
<catref target="Series([], Name: Уточнение клаузулы 1, dtype: object)" type="Уточнение клаузулы"></catref>
<catref target="Series([], Name: Классическая строфа, dtype: object)" type="Классическая строфа"></catref>
<catref target="Series([], Name: Рифма, dtype: object)" type="Рифма"></catref>
<catref target="Series([], Name: Схема рифмовки, dtype: object)" type="Схема рифмовки"></catref>
<catref target="Series([], Name: Метрическая формула, dtype: object)" type="Метрическая формула"></catref>
<catref target="Series([], Name: Дополнительные параметры, dtype: object)" type="Дополнительные параметры"></catref>
<catref target="Series([], Name: Число строк, dtype: int64)" type="Число строк"></catref>
<catref target="Series([], Name: Автор оригинала, dtype: object)" type="Автор оригинала"></catref>
<catref target="Series([], Name: Язык оригинала, dtype: object)" type="Язык оригинала"></catref>
</textclass></profiledesc>
</teiheader>
<text>
<body>
<div1 n="2" type="volume">
<div2 n="" type="part">
<head>201.
МЕНЬШЕВИКИ В ГРУЗИИ</head>
<p>Оранжерея. Город-колибри. Город пальм в кадках. Город малярии и нежных японских холмов. Город, похожий на европейский квартал в какой угодно колониальной стране, звенящей москитами летом и в декабре предлагающей свежие дольки мандарина. Батум, август 20-го года. Лавки и конторы закрыты. Праздничная тишина. На беленьких колониальных домиках выкинуты красные флажки. В порту десятка два зевак затерты администрацией и полицейскими. На рейде покачивается гигант Ллойд Триестино из Константинополя. Дамы-патронессы с букетами красных роз и несколько представительных джентльменов садятся в моторный катер и отчаливают к трехпалубному дворцу.<rs ref="Батум (Батуми)" type="geo_index"></rs><rs ref="Константинополь (Стамбул)" type="geo_index"></rs></p>
<p>Сегодня лавочникам и воскресным буржуа приспичило посмотреть на самого Каутского. И вот, катерок бежит обратно: и по деревянному мостику засеменили улыбающиеся<rs ref="Каутский, Карл" type="person"></rs></p>
<p>вожди «настоящего европейского социализма». Цилиндры. Очаровательные модельные платья — и много, много влажных, дрожащих роз.</p>
<p>Каждого гостя бережно, как в ватную коробку, усаживают в автомобиль и провожают восклицаниями. Одного из делегатов неосведомленная береговая толпа принимает за Каутского, но выясняется ошибка и глубокое разочарование: Каутский очень жалеет, шлет привет — приехать не может. Тут же передается другая версия: чересчур откровенный флирт грузинских правителей с Антантой оскорбил немецкие чувства Каутского. Все-таки Германия зализывала свежие раны... Зато приехал Вандервельде. Они уже стояли на балконе профсоюзного «Дворца труда». Вандервельде говорил. Я никогда не забуду этой речи. Это был настоящий образец официального, напыщенного и пустого, комического в своей основе, красноречия. Мне вспомнился Флобер, мадам Бовари и департаментский праздник земледелия, классическое красноречие префектуры, запечатленное Флобером в этих провинциальных речах с завыванием, театральными повышениями и понижениями голоса; влюбленный, влюбленный в свою декламацию буржуа, — а все как один человек чувствовали, что перед ними буржуа — говорил: я счастлив вступить на землю истинной социалистической республики. Меня трогают (широкий жест) эти флаги, эти закрытые магазины, небывалое зрелище, по случаю приезда социалистической делегации.<rs ref="Германия" type="geo_index"></rs><rs ref="Вандервельде, Эмиль" type="person"></rs><rs ref="Каутский, Карл" type="person"></rs><rs ref="Каутский, Карл" type="person"></rs><rs ref="Флобер, Гюстав" type="person"></rs></p>
<p>— Вы цивилизовали этот уголок Азии (как характерно сказалось здесь поверхностное невежество французского буржуа и презрение к старой, вековой культуре). Вы превратили его в остров будущего. Взоры всего мира обращены на ваш единственный в мире социалистический опыт.<rs ref="Азия" type="geo_index"></rs></p>
<p>За неделю до приезда Вандервельде в Батум пришел другой пароход. Не из Константинополя, а из Феодосии — маленькая плоскодонная, небезопасная на Черном море азовская баржа с палубными пассажирами, бывшими в пути семь дней.<rs ref="Батум (Батуми)" type="geo_index"></rs><rs ref="Батум (Батуми)" type="geo_index"></rs><rs ref="Константинополь (Стамбул)" type="geo_index"></rs><rs ref="Феодосия" type="geo_index"></rs><rs ref="Черное море" type="geo_index"></rs><rs ref="Черное море" type="geo_index"></rs><rs ref="Вандервельде, Эмиль" type="person"></rs></p>
<p>С этим пароходом приехали крымские беженцы. Родина Ифигении изнемогала под солдатской пятой. И мне пришлось глядеть на любимые, сухие, полынные холмы Феодосии, на киммерийское холмогорье из тюремного окна и гулять по<rs ref="Ифигения" type="myth_index"></rs><rs ref="Феодосия" type="geo_index"></rs></p>
<p>выжженному дворику, где сбились в кучу перепуганные евреи, а крамольные офицеры искали вшей в гимнастерках, слушая дикий рев солдат, приветствующих у моря своего военачальника.</p>
<p>В эти дни Грузия была единственной отдушиной для Крыма, единственным путем в Россию. Визы в Грузию выдавались контрразведкой сравнительно легко. Связь меньшевицкой и врангелевской контрразведки была прочно налажена. Людьми бросались туда и обратно. Отпускали в Грузию для того, чтобы поглядеть, <rs ref="Грузия" type="geo_index"></rs><rs ref="Крым" type="geo_index"></rs><rs ref="Россия (СССР)" type="geo_index"></rs><rs ref="Москва" type="geo_index"></rs></p>
<p> он побежит, — а потом сгребали — и обратно в ящик.</p>
<p>Семь дней волновался тугой синий холст волн. На карачках ползали за кипятком. Дагестанцы в бурках угощали зверобоем. Хорошо из тюрьмы перейти прямо на корабль, в раздвижную палатку пространства с влажным ковровым полом.</p>
<p>На сходнях встречает студент, облеченный полномочиями. Вспомнились распорядители кавказских балов в Дворянском Собрании. — Ваш паспорт, — и ваш — и ваш! — получите через три дня. Пустая формальность. — Почему не у всех? — Формальность. Дагестанцы в бурках глядят искоса.</p>
<p>В городе предупреждают: не ходите в советскую миссию — выследят и схватят. Не ходим. Поедем в Тифлис, все-таки столица. Город живет блаженной памятью об англичанах. Семилетние дети знают курс лиры. Все профессии и занятия давно стали побочными. Единственным достоянием человека считается торговля, точнее, извлечение ценностей из горячего, калифорнийского, малярийного воздуха. Меньшевицкий Батум был плохой грузинский город.<rs ref="Батум (Батуми)" type="geo_index"></rs><rs ref="Батум (Батуми)" type="geo_index"></rs><rs ref="Тифлис" type="geo_index"></rs></p>
<p>Высокие аджарцы в бабьих платках, коренные жители, составляли низшую касту торговли мелочью на базарах. Густой, разноплеменный сброд смешался в дружную торговую нацию. Все — грузины, армяне, греки, персы, англичане, итальянцы — говорили по-русски. Дикий воляпюк, черноморское русское эсперанто носился в воздухе.</p>
<p>Через три дня после приезда я невольно познакомился с военным губернатором Батума. У нас произошел следующий разговор:<rs ref="Батум (Батуми)" type="geo_index"></rs><rs ref="Черное море" type="geo_index"></rs></p>
<p>— Откуда вы приехали? — Из Крыма. — К нам нельзя<rs ref="Крым" type="geo_index"></rs><rs ref="Москва" type="geo_index"></rs></p>
<p>приезжать. — Почему? — У нас хлеба мало. — Неожиданно поясняет:</p>
<p>— У нас так хорошо, что если бы мы позволили, к нам бы все приехали. — Эта изумительно наивная, классическая фраза глубоко запечатлелась в моей памяти. Маленькое «независимое» государство, выросшее на чужой крови, хотело быть бескровным. Оно надеялось чистеньким и благополучным войти в историю, сжатое грозными силами, стать чем-то вроде новой Швейцарии, нейтральным и от рождения «невинным» клочком земли.<rs ref="Швейцария" type="geo_index"></rs></p>
<p>— Вам придется ехать обратно.</p>
<p>— Но я не хочу здесь оставаться, я еду в Москву.<rs ref="Москва" type="geo_index"></rs><rs ref="Москва" type="geo_index"></rs></p>
<p>— Все равно. У нас такой порядок. Каждый едет туда, откуда он приехал.</p>
<p>Аудиенция окончена. Во время разговора по комнате шныряли темные люди и, жадно и восторженно указывая на меня, в чем-то убеждали губернатора. В потоке непонятных слов все время выделялось одно: большевик.</p>
<p>Люди лежат на полу. Тесно, как в курятнике. Военнопленный австриец, матрос из Керчи, человек, который неосторожно зашел в русскую миссию, буржуа из Константинополя, юродивый молодой турок, скребущий пол зубной щеткой, белый офицер, бежавший из Ганджи. Офицера берет на поруки французская миссия. Турка выталкивают пинками на свободу. Остальных — в Крым. Нас много. Ничем не кормят, как в восточной тюрьме. Кое у кого есть деньги. Стража благодушно бегает за хлебом и виноградом. Раскрывают дверь и впускают рослого румяного духанщика с подносом персидского чаю. Читаю нацарапанные надписи; одна запомнилась: «Мы бандитов не боимся пытки, ловко фабрикуем Жордания кредитки». Одного выпускают. Он по глупости опять заходит в советскую миссию, на другой день возвращается обратно. Похоже на фарс, на какую-то оперетку. С шутками и прибаутками людей отправляют туда, где их убьют, потому что для крымской контрразведки грузинская высылка — высшая улика, верное тавро. Я вышел в город за хлебом, с путником-конвойным. Его звали Чигуа. Я запомнил его имя, потому что этот человек меня спас. Он сказал: — У нас два часа времени, можно хлопотать, пойдем куда хочешь. — И таинственно прибавил:- Я люблю большевиков. Может, ты большевик?<rs ref="Ганджа (Кировабад)" type="geo_index"></rs><rs ref="Керчь" type="geo_index"></rs><rs ref="Константинополь (Стамбул)" type="geo_index"></rs><rs ref="Крым" type="geo_index"></rs><rs ref="Москва" type="geo_index"></rs><rs ref="Москва" type="geo_index"></rs><rs ref="Жордания, Ной Николаевич" type="person"></rs><rs ref="Чигуа" type="person"></rs></p>
<p>Я, оборванец каторжного вида, с разорванной штаниной, и часовой с винтовкой ходили по игрушечным улицам, мимо</p>
<p>кофеен с оркестрами, мимо итальянских контор. Пахло крепким турецким кофе, тянуло вином из погребов. Мы заходили, наводя панику, в редакции, профсоюзы, стучались в мирные дома по фантастическим адресам. Нас неизменно гнали. Но Чигуа знал, куда меня ведет; какой-то человек в типографии всплеснул руками и позвонил по телефону. Он звонил к гражданскому генерал-губернатору. Приказ: немедленно явиться с конвойным. Старый социал-демократ смущен. Он извиняется. Военная власть действует независимо от гражданской. Мы ничего не можем поделать. Я свободен. Могу курить английский табак и ехать в Москву.<rs ref="Москва" type="geo_index"></rs><rs ref="Москва" type="geo_index"></rs><rs ref="Чигуа" type="person"></rs></p>
<p>Перегон Батум-Тифлис. Мальчики и девочки продают в корзинках черный виноград-изабеллу — плотный и тяжелый как гроздья самой ночи. В вагоне пьют коньяк. Разгоряченная атмосфера пикника и погоня за счастьем. Вандервельде с товарищами уже в Тифлисе. Красные флажки на дворцах и автомобилях. Тифлис, как паяц, дергается на ниточке из Константинополя. Он превратился в отделение константинопольской биржи. Большие русские газеты полны добродушья и мягкой терпимости, пахнет «Русским Словом», двенадцатым годом, как будто ничего не случилось, как будто не было не только революции, но даже мировой войны.<rs ref="Батум (Батуми)" type="geo_index"></rs><rs ref="Константинополь (Стамбул)" type="geo_index"></rs><rs ref="Тифлис" type="geo_index"></rs><rs ref="Москва" type="geo_index"></rs><rs ref="Вандервельде, Эмиль" type="person"></rs></p>
<date when="1923">1923</date>
</div2>
</div1>
</body>
</text>
</tei>
