<?xml version='1.0' encoding='UTF8'?>
<tei xmlns="http://www.tei-c.org/ns/1.0">
<teiheader>
<filedesc>
<titlestmt>
<title>Возвращение</title>
<author>О.Э. Мандельштам</author>
</titlestmt>
<publicationstmt>
<p>АРТ-БИЗНЕС-ЦЕНТР МОСКВА 1993</p>
<biblstruct>
<biblscope n="" type="volume"></biblscope>
<biblscope n="" type="part"></biblscope>
</biblstruct></publicationstmt>
<sourcedesc>
<p>Издание подготовлено Мандельштамовским обществом</p>
</sourcedesc>
<respstmt>
<resp>Подготовка и разметка файлов - Алексей Литвинцев, Вероника Файнберг. Создание
          электронного ресурса - Тимофей Молчанов. Руководители проекта - Центр Digital Humanities,
          Мандельштамовское общество (НИУ ВШЭ).</resp>
</respstmt></filedesc>
<profiledesc>
<textdesc n="prose"></textdesc>
<textclass>
<catref target="Series([], Name: ID, dtype: object)" type="ID"></catref>
<catref target="Series([], Name: Источник, dtype: object)" type="Источник"></catref>
<catref target="Series([], Name: Жанр художественной литературы, dtype: object)" type="Жанр художественной литературы"></catref>
<catref target="Series([], Name: Уточнение жанра 1, dtype: object)" type="Уточнение жанра"></catref>
<catref target="Series([], Name: Метр, dtype: object)" type="Метр"></catref>
<catref target="Series([], Name: Длина строки, dtype: object)" type="Длина строки"></catref>
<catref target="Series([], Name: Клаузула, dtype: object)" type="Клаузула"></catref>
<catref target="Series([], Name: Уточнение клаузулы 1, dtype: object)" type="Уточнение клаузулы"></catref>
<catref target="Series([], Name: Классическая строфа, dtype: object)" type="Классическая строфа"></catref>
<catref target="Series([], Name: Рифма, dtype: object)" type="Рифма"></catref>
<catref target="Series([], Name: Схема рифмовки, dtype: object)" type="Схема рифмовки"></catref>
<catref target="Series([], Name: Метрическая формула, dtype: object)" type="Метрическая формула"></catref>
<catref target="Series([], Name: Дополнительные параметры, dtype: object)" type="Дополнительные параметры"></catref>
<catref target="Series([], Name: Число строк, dtype: int64)" type="Число строк"></catref>
<catref target="Series([], Name: Автор оригинала, dtype: object)" type="Автор оригинала"></catref>
<catref target="Series([], Name: Язык оригинала, dtype: object)" type="Язык оригинала"></catref>
</textclass></profiledesc>
</teiheader>
<text>
<body>
<div1 n="2" type="volume">
<div2 n="200" type="part">
<head>200.
ВОЗВРАЩЕНИЕ</head>
<p>В августе девятнадцатого года ветхая плоскодонная баржа, которая раньше плавала только по Азову, тащила нас из Феодосии в Батум. Хитрый полковник дал нам визы и отпустил к веселым грузинам, твердо рассчитывая получить нас обратно, ибо, как потом оказалось, были сделаны самые хозяйственные распоряжения на этот счет. Чистенькая морская контрразведка благословила наш отъезд. Мы сидели на палубе вместе с купцами и подозрительными дагестанцами в бурках, пароход уже отчалил, обогнул феодосийский мол, но<rs ref="Азов" type="geo_index"></rs><rs ref="Батум (Батуми)" type="geo_index"></rs><rs ref="Феодосия" type="geo_index"></rs><rs ref="Москва" type="geo_index"></rs></p>
<p>забыл свою подорожную и вернулся обратно. Никогда больше мне не встречалось, чтобы пароход что-нибудь забывал, как рассеянный человек.</p>
<p>Пять суток плыла азовская скорлупа по теплому соленому Понту, пять суток на карачках ползали мы через палубу за кипятком, пять суток косились на нас свирепые дагестанцы: «Ты зачем едешь?» — «У меня в Тифлисе родные». — «А зачем они в Тифлисе?» — «У них там дом». — « Ну, ничего, поезжай, всяк человек свой дом имеет. На, пей», — и протягивал стаканчик с каким-то зверобоем, от которого делались судороги и молния раздирала желудок.<rs ref="Тифлис" type="geo_index"></rs></p>
<p>Вечером на пятый день пришли в Батум, стали на рейде. Город казался расплавленным и раскаленным массой электрического света, словно гигантское казино, горящее электрическими дугами, светящийся улей, где живет чужой и праздный народ. Это после облупленной полутемной Феодосии, где старенькая Итальянская улица, некогда утеха южных салопниц, где Гостиный двор с колоннадкой времен Александра I и по ночам освещены только аптеки и гробовщики. Утром рассеялось наваждение казино и открылся берег удивительной нежности холмистых очертаний, словно японская прическа, чистенький и волнистый, с прозрачными деталями, карликовыми деревцами, которые купались в стеклянном воздухе и, оживленно жестикулируя, карабкались с перевала на перевал. Вот она, Грузия! Сейчас будут пускать на берег.<rs ref="Батум (Батуми)" type="geo_index"></rs><rs ref="Грузия" type="geo_index"></rs><rs ref="Феодосия" type="geo_index"></rs><rs ref="Александр I" type="person"></rs><rs ref="Городецкий, Сергей Митрофанович" type="person"></rs></p>
<p>На берег сойти не мешают, только какие-то студенты, совсем такие, как у нас распорядители благотворительных вечеров, почему-то всегда это были грузины, отобрали на сходнях паспорта: дескать, всегда успеете их получить, а нам так удобнее. Без паспортов в Батуме было ничуть не плохо. Зачем паспорта в свободной стране?<rs ref="Батум (Батуми)" type="geo_index"></rs></p>
<p>Нигде человек не окажется бездомным. Мы опекали в дороге двух почтенных старушек, выгружали их замысловатый многоместный багаж, и вот мы в кругу уютной батумской семьи, душой которой является «дядя». Этот дядя, собственно, живет в Лондоне и едет сейчас в Константинополь, — он такой кругленький и приятный, от него так пахнет английским мылом и табаком «Capstain», будто сам биржевой курс принял образ человека и сошел на землю сеять радость и благоволение между людьми. После обеда симпатичное семейство отпустило нас в город. Ничто не сравнится с радостным ощущением, когда после долгого морского пути земля<rs ref="Константинополь (Стамбул)" type="geo_index"></rs><rs ref="Лондон" type="geo_index"></rs></p>
<p>еще плывет под ногами, но все-таки это земля, и смеешься над обманом своих чувств и топчешь ее, торжествуя.</p>
<p>Как иностранцы, мы, конечно, сразу попали впросак: долго спрашивали у прохожих, где кафе «Маццони», между тем так называется там по-итальянски простокваша и вывешена на каждой кофейне. Наконец мы нашли свое «Маццони» — дворик, усыпанный щебнем, с зонтиками-грибами по столикам, и увенчали свой день чашечкой турецкого кофе с рюмкой жидкого золота — горячего мартеля. Здесь приключилась встреча. Долговязый А., закованный в чудовищный серебряный браслет. Он спьяну полез целоваться, но, узнав, что мы едем в Москву, сразу помрачнел и исчез.<rs ref="Москва" type="geo_index"></rs><rs ref="Москва" type="geo_index"></rs></p>
<p>На другой день отправились получать паспорта, чтобы все было в порядке. На самой чистенькой улице, где пахнет порядочностью, где остролистые тропические деревья стесняются, что они растут не в кадках, нас принял любезный комиссар и осведомился о наших намереньях. Мне показалось, что мы очаровали друг друга непринужденной искренностью и доброжелательством. Он вникал во все, беспокоился, не потеряюсь ли я без друзей в чужой стране. Я старался его успокоить — у меня есть в Грузии друзья: называю простодушно Сергея Городецкого — он очень обрадовался, как же, как же, мы его знаем, мы его недавно выслали из Грузии; называю еще одно имя, кажется Рюрика Ивнева, — он опять радуется: оказывается, они его тоже знают и тоже выслали. Теперь, говорит, вам осталась одна маленькая формальность — получить визу генерал-губернатора, это совсем близко, вам сейчас покажут дорогу.<rs ref="Грузия" type="geo_index"></rs><rs ref="Городецкий, Сергей Митрофанович" type="person"></rs><rs ref="Городецкий, Сергей Митрофанович" type="person"></rs><rs ref="Ивнев, Рюрик" type="person"></rs></p>
<p>Пошли к губернатору, а у проводника карман оттопырен, — кто из нас был поопытнее, сразу оценил эту подробность, — этот карман означал как бы инкубационный период лишения свободы, но мы шли навстречу неизвестности с чистым и невинным сердцем. К генерал-губернатору нас провели без очереди, и это был дурной знак. Он похож на итальянского генерала: высокий и сухопарый, в мундире с стоячим воротником, расшитым какими-то лаврами. Вокруг него тотчас забегали, закудахтали, залопотали люди неприятной наружности. И в этом птичьем клекоте все время повторялось одно понятное слово, сопровождаемое энергичным жестом и выпученными глазами: «болшевик», «болшевик».</p>
<p>Генерал объявил: «Вам придется ехать обратно». — «Почему?» — «У нас хлеба мало». — «Но мы здесь не остаемся, мы</p>
<p>едем в Москву». — «Нет, нельзя, — у нас такой порядок: раз вы приехали из Крыма, значит, и поезжайте в Крым».<rs ref="Крым" type="geo_index"></rs><rs ref="Москва" type="geo_index"></rs><rs ref="Москва" type="geo_index"></rs><rs ref="Москва" type="geo_index"></rs></p>
<p>Дальнейшие разговоры были бесполезны. Аудиенция окончилась. Решение относилось к целой группе лиц, не знакомых друг с другом. Видимо, не доверяли, что мы сами поедем в Крым. Мы перешли на явно полицейское попечение. Полицейские же считали нас группой заговорщиков, связанных круговой порукой, и, когда один в суматохе убежал, с ножом к горлу приставали, куда скрылся наш товарищ.<rs ref="Крым" type="geo_index"></rs><rs ref="Москва" type="geo_index"></rs></p>
<p>В самой гуще батумского порта, около таможни, там, где грязные турецкие кофейни, попыхивая угольками, выбросили на улицу табуретки с кальянами и дымящимися чашками, там, где контора «Ллойд-Триестино», там, где персы спят на своих сарпинках в прохладных лавках, где качаются фелюги и горят маки турецких флагов, где муши с лицами евангельских разбойников тащат на спине чудовищные тюки с коврами и мучные мешки, где молодые коммерсанты нюхают воздух, там возвышается ящик портового участка: внутри пассаж, бывшее торговое помещение, с одной только единственной камерой, на разведку, для всех высылаемых — «откуда и зачем приехал».</p>
<p>О тюрьмы, тюрьмы! Узилища с дубовыми дверями, громыхающими замками, где узник кормит и дрессирует паука и карабкается на амбразуру окна, чтобы выпить воздуха и света в маленьком крепком окошке; романтические тюрьмы Сильвио Пеллико, любезные хрестоматиям, с переодеванием, кинжалом в хлебе, дочерью тюремщика и визитами священника; милые упадочно-феодальные тюрьмы Франсуа Виллона, — тюрьмы, тюрьмы, все вы нахлынули на меня, когда захлопнулась гремучая дверь и я увидел следующую картину: в пустой и грязной камере по каменному полу ползал молодой турок, сосредоточенно чистил все щели и углы зубной щеткой. Ему очень не понравилось, что мы пришли и помешали ему, и он пробовал нас выгнать, хотя это было совершенно невозможно. Здесь мы должны были ждать парохода, который доставит нас в Крым. Из окошка были видны нежные «японские» холмы, целый лес моторных парусников и пре...<rs ref="Крым" type="geo_index"></rs><rs ref="Москва" type="geo_index"></rs><rs ref="Пеллико, Сильвио" type="person"></rs></p>
<p>...вооруженным спутником я пошел в русскую газету, но газета, как на грех, оказалась врангелевской, и там сказали: «Если вы не сделали ничего дурного, почему бы вам не поехать в Крым?» После долгих мытарств мы нашли другую, более подходящую газету. Редактор, увидев меня, всплеснул руками и позвонил по телефону какому-то «Веньямину<rs ref="Крым" type="geo_index"></rs><rs ref="Москва" type="geo_index"></rs></p>
<p>Соломоновичу». Этот-то Веньямин Соломонович и оказался настоящим гражданским генерал-губернатором Чиквишвили, я же попал в лапы к его военному заместителю Мдивани. Человек с иконописным интеллигентским лицом и патриархальной длинной козлиной бородой усадил меня в кресло, прогнал часового лаконическим «Пошел вон» и тотчас, протягивая мне какую-то тетрадку, заговорил: «Ради бога, что вы думаете об этом произведении, этот человек нас буквально компрометирует». Тетрадка оказалась альбомом стихотворений поэта Мазуркевича, посвященных грузинским меньшевистским правителям. Каждое начиналось приблизительно так:<rs ref="Мазуркевич, Владимир Александрович" type="person"></rs><rs ref="Мдивани Э. Н.," type="person"></rs><rs ref="Чиквишвили (Чхиквишвили), Вениамин Соломонович," type="person"></rs></p>
<p>«Скажите, — продолжал Чиквишвили, — неужели он у вас считается хорошим поэтом? Ведь он получил Суриковскую премию...»<rs ref="Чиквишвили (Чхиквишвили), Вениамин Соломонович," type="person"></rs></p>
<date when="1923">1923</date>
</div2>
</div1>
</body>
</text>
</tei>
