<?xml version='1.0' encoding='UTF8'?>
<tei xmlns="http://www.tei-c.org/ns/1.0">
<teiheader>
<filedesc>
<titlestmt>
<title>Первая международная крестьянская конференция (Набросок)</title>
<author>О.Э. Мандельштам</author>
</titlestmt>
<publicationstmt>
<p>АРТ-БИЗНЕС-ЦЕНТР МОСКВА 1993</p>
<biblstruct>
<biblscope n="" type="volume"></biblscope>
<biblscope n="" type="part"></biblscope>
</biblstruct></publicationstmt>
<sourcedesc>
<p>Издание подготовлено Мандельштамовским обществом</p>
</sourcedesc>
<respstmt>
<resp>Подготовка и разметка файлов - Алексей Литвинцев, Вероника Файнберг. Создание
          электронного ресурса - Тимофей Молчанов. Руководители проекта - Центр Digital Humanities,
          Мандельштамовское общество (НИУ ВШЭ).</resp>
</respstmt></filedesc>
<profiledesc>
<textdesc n="prose"></textdesc>
<textclass>
<catref target="Series([], Name: ID, dtype: object)" type="ID"></catref>
<catref target="Series([], Name: Источник, dtype: object)" type="Источник"></catref>
<catref target="Series([], Name: Жанр художественной литературы, dtype: object)" type="Жанр художественной литературы"></catref>
<catref target="Series([], Name: Уточнение жанра 1, dtype: object)" type="Уточнение жанра"></catref>
<catref target="Series([], Name: Метр, dtype: object)" type="Метр"></catref>
<catref target="Series([], Name: Длина строки, dtype: object)" type="Длина строки"></catref>
<catref target="Series([], Name: Клаузула, dtype: object)" type="Клаузула"></catref>
<catref target="Series([], Name: Уточнение клаузулы 1, dtype: object)" type="Уточнение клаузулы"></catref>
<catref target="Series([], Name: Классическая строфа, dtype: object)" type="Классическая строфа"></catref>
<catref target="Series([], Name: Рифма, dtype: object)" type="Рифма"></catref>
<catref target="Series([], Name: Схема рифмовки, dtype: object)" type="Схема рифмовки"></catref>
<catref target="Series([], Name: Метрическая формула, dtype: object)" type="Метрическая формула"></catref>
<catref target="Series([], Name: Дополнительные параметры, dtype: object)" type="Дополнительные параметры"></catref>
<catref target="Series([], Name: Число строк, dtype: int64)" type="Число строк"></catref>
<catref target="Series([], Name: Автор оригинала, dtype: object)" type="Автор оригинала"></catref>
<catref target="Series([], Name: Язык оригинала, dtype: object)" type="Язык оригинала"></catref>
</textclass></profiledesc>
</teiheader>
<text>
<body>
<div1 n="2" type="volume">
<div2 n="204" type="part">
<head>204.
ПЕРВАЯ МЕЖДУНАРОДНАЯ КРЕСТЬЯНСКАЯ КОНФЕРЕНЦИЯ
</head>
<p>Горой пухнет лестница, ведущая в Андреевский зал, и упирается в лубочную живопись: Александр III принимает волостных старшин. Огромное полотно, царь, похожий на лихача, окруженный старшими дворниками в поддевках и бляхах и коронационными бурятами.<rs ref="Александр III" type="person"></rs></p>
<p>Мимо этого музейного сокровища, туда, где непомерно-высокий зал, с бальным светом, приютил отважных разноязычных друзей, собравшихся к нам в гости для крепкой беседы.</p>
<p>Первое впечатление — именно беседы, а не «заседания». Многие встали с мест и облепили переводчика. Тот, с акцентом немецкого волжского колониста, перекладывает только что сказанную иностранную речь. Двое или трое слушают его по-крестьянски, вытянув голову, всем корпусом наклонившись.</p>
<p>А рядом та же речь журчит в английском пересказе, и, уже не вставая с мест, хладнокровно слушают американские фермеры и индусы, японцы.</p>
<p>Говорит финский оратор. На широких плечах, неуклюже, по-воскресному, сидит мешковато пиджак. Он говорит</p>
<p>величественно и глубоко дыша, как будто у себя перед финской аудиторией, с высоко поднятой крупной головой.</p>
<p>Говорит поляк, подыскивая русские выражения; ему не хватает слова и с крестьянского стола летит дружеский подсказ.</p>
<p>Гляжу на китайских делегатов. Ясно мне представляется огромный жизненный путь этих маленьких людей со спичечным худым телом и матовыми бледными лицами, изможденных студентов. Европейская одежда кажется на них пустой, до того в них мало плоти и все ушло в беспокойную мысль, в огромное деятельное напряжение.</p>
<p>Сразу узнаю французских южан. Гасконцев и провансальцев: виноградари с эспаньолками и буйными артистическими шевелюрами.</p>
<p>Врожденное изящество и благородство движений древнего индусского народа отличает представителей индусов.</p>
<p>Рядком за последним столом уселись русские делегатки, пожилые женщины в черных косынках, с материнскими строгими лицами. Делегаты — российские крестьяне тянутся к листкам раздаваемых тезисов. Видно, как им хочется подойти поближе к чужестранцам. Они подсаживаются к ним, разглядывают их с ласковым любопытством.</p>
<p>Среди французской делегации мелькают лица, как бы вышедшие из галереи Парижской коммуны. Это большеголовые бородачи, с упрямыми лбами мыслителей, философы действия, незаметно переходящие из кабинета на баррикады.</p>
<p>Центр тяжести для всех работа у себя дома, и все волнуются о том, как выйдет дома у них то, о чем здесь говорится. Южанин, француз, финн, поляк, норвежец, все говорят с оглядкой на свое домашнее, и в голосе нота стыда за своих братьев, если они равнодушны или превращены в холопов.</p>
<p>Состав конференции очень пестрый. Здесь есть люди, только что вышедшие из массы и еще теплые от прикосновения к ней, есть крупные деятели, организаторы европейского масштаба, но под каждым шевелится своя крестьянская глыба, и все хотят поднять одну огромную тяжесть.</p>
<p>Вдруг, после разговора с человеком земли, переносишься как бы в аудиторию германского университета и слышишь расчлененную, отточенную и методическую речь.</p>
<p>Непонимающие уходят в кулуары и гурьбой возвращаются назад послушать переводчика. Географии не соблюдают, перепутались местами. Почтительным вниманием, как ласковая бабушка, окружена гостья конференции Клара</p>
<p>Цеткин. Этим людям есть что друг другу сказать. Вот китаец положил руку на плечо молодого мексиканца. Оба удивленные и обрадованные.<rs ref="Цеткин, Клара" type="person"></rs></p>
<p>В кулуарах треплется маленькая реликвия: свежая августовская афиша пролетарской ассоциации искусств, изгнанной фашистами из Баварии и перекочевавшей в город Иену.<rs ref="Бавария" type="geo_index"></rs><rs ref="Иена (Йена)" type="geo_index"></rs></p>
<date when="1923">1923</date>
</div2>
</div1>
</body>
</text>
</tei>
