<?xml version='1.0' encoding='UTF8'?>
<tei xmlns="http://www.tei-c.org/ns/1.0">
<teiheader>
<filedesc>
<titlestmt>
<title>Художественный театр и слово</title>
<author>О.Э. Мандельштам</author>
</titlestmt>
<publicationstmt>
<p>АРТ-БИЗНЕС-ЦЕНТР МОСКВА 1993</p>
<biblstruct>
<biblscope n="" type="volume"></biblscope>
<biblscope n="" type="part"></biblscope>
</biblstruct></publicationstmt>
<sourcedesc>
<p>Издание подготовлено Мандельштамовским обществом</p>
</sourcedesc>
<respstmt>
<resp>Подготовка и разметка файлов - Алексей Литвинцев, Вероника Файнберг. Создание
          электронного ресурса - Тимофей Молчанов. Руководители проекта - Центр Digital Humanities,
          Мандельштамовское общество (НИУ ВШЭ).</resp>
</respstmt></filedesc>
<profiledesc>
<textdesc n="prose"></textdesc>
<textclass>
<catref target="Series([], Name: ID, dtype: object)" type="ID"></catref>
<catref target="Series([], Name: Источник, dtype: object)" type="Источник"></catref>
<catref target="Series([], Name: Жанр художественной литературы, dtype: object)" type="Жанр художественной литературы"></catref>
<catref target="Series([], Name: Уточнение жанра 1, dtype: object)" type="Уточнение жанра"></catref>
<catref target="Series([], Name: Метр, dtype: object)" type="Метр"></catref>
<catref target="Series([], Name: Длина строки, dtype: object)" type="Длина строки"></catref>
<catref target="Series([], Name: Клаузула, dtype: object)" type="Клаузула"></catref>
<catref target="Series([], Name: Уточнение клаузулы 1, dtype: object)" type="Уточнение клаузулы"></catref>
<catref target="Series([], Name: Классическая строфа, dtype: object)" type="Классическая строфа"></catref>
<catref target="Series([], Name: Рифма, dtype: object)" type="Рифма"></catref>
<catref target="Series([], Name: Схема рифмовки, dtype: object)" type="Схема рифмовки"></catref>
<catref target="Series([], Name: Метрическая формула, dtype: object)" type="Метрическая формула"></catref>
<catref target="Series([], Name: Дополнительные параметры, dtype: object)" type="Дополнительные параметры"></catref>
<catref target="Series([], Name: Число строк, dtype: int64)" type="Число строк"></catref>
<catref target="Series([], Name: Автор оригинала, dtype: object)" type="Автор оригинала"></catref>
<catref target="Series([], Name: Язык оригинала, dtype: object)" type="Язык оригинала"></catref>
</textclass></profiledesc>
</teiheader>
<text>
<body>
<div1 n="2" type="volume">
<div2 n="209" type="part">
<head>209.
ХУДОЖЕСТВЕННЫЙ ТЕАТР И СЛОВО</head>
<p>Художественный театр — дитя русской интеллигенции, плоть от плоти ее, кость от кости.</p>
<p>Театр русской интеллигенции! Это уже внутреннее противоречие! Такого театра быть не может! А между тем он был! Больше — он еще есть. С детства я помню благоговейную атмосферу, которой был окружен этот театр.</p>
<p>Сходить в «Художественный» для интеллигента значило почти причаститься, сходить в церковь.</p>
<p>Здесь русская интеллигенция отправляла свой самый</p>
<p>высокий и нужный для нее культ, облекая его в форму театрального представления. Общество, которое всем своим складом было враждебно всякому театру, строило свой театр из всего, что ему было дорого; но если сложить в одно место все, что любишь, даже самое дорогое, все-таки театра не получится, и любовь русской интеллигенции не стала театром.</p>
<p>Для всего поколения характерна была литература, а не театр. Это было типично литературное, даже «литераторское» поколение. Театр понимали исключительно как истолкование литературы. В театре видели толмача литературы, как бы переводчика ее на другой, более понятный и уже совершенно свой язык.</p>
<p>Источником этого театра было своеобразное стремление прикоснуться к литературе, как к живому телу, осязать ее и вложить в нее персты.</p>
<p>Пафосом поколения — и с ним Художественного театра — был пафос Фомы неверующего. У них был Чехов, но Фома-интеллигент ему не верил. Он хотел прикоснуться к Чехову, осязать его, увериться в нем. В сущности это было недоверие к реальности даже любимых авторов, к самому бытию русской литературы.<rs ref="Фома Неверующий" type="myth_index"></rs><rs ref="Чехов, Антон Павлович" type="person"></rs></p>
<p>Когда художественники привезли «Вишневый сад» в один большой русский провинциальный город, по городу распространилась весть, что труппа не захватила с собой «пузатого комода». С искренним огорчением передавали друг другу обыватели эту подробность. Без комода ведь уже не то. Пальцам «Фомы» уже нельзя будет к нему прикоснуться.</p>
<p>Что такое знаменитые «паузы» «Чайки» и других чеховских постановок?</p>
<p>Не что иное, как праздник чистого осязания. Все умолкает, остается одно безмолвное осязание.</p>
<p>Путь к театру шел от литературы, но в литературу не верили как в бытие, слова не слышали и не осязали.</p>
<p>К литературе требовался толмач, переводчик. Эту роль навязали театру.</p>
<p>Вся деятельность Художественного театра прошла под знаком недоверия к слову и жажды внешнего осязания литературы.</p>
<p>Начиная от «Федора Иоанновича», кончая «Лизистратой», это один цельный путь. Доходило до курьезов: елизаветинский Шекспир на античный лад.<rs ref="Шекспир, Уильям" type="person"></rs></p>
<p>По-настоящему буйствовал народ, по-настоящему плакали и пели, и стрелялись. Но я помню «На дне». Ведь все-таки это был ситцевый и трущобный маскарад. Чистенький притон. Прилизанная трущоба. Осязать смрад и грязь им не удалось, как и многое другое. По-настоящему они осязали только себя.</p>
<p>Я говорю о Х‹удожественном› т‹еатре› без враждебности и с уважением: он не мог быть иным. Он был расплатой целого поколения за словесную его немоту, за врожденное косноязычие, за недоверие к слову. Вместо того, чтобы читать в слове, искали, что просвечивает за ним (теория сквозного действия). Уж не проще ли было заменить текст «Горе от ума» собственными «психологическими» ремарками и домыслами?</p>
<p>Никогда не читали текст. Всегда свои домыслы. Истинный и праведный путь к театральному осязанию лежит через слово, в слове скрыта режиссура. В строении речи, стиха или прозы дана высшая выразительность.</p>
<p>Они этого не знали. Они исправляли слово, помогали ему. Они ошибались, запинались и путались в пушкинских стихах, беспомощно размахивая костылями декламации — выразительного чтения.</p>
<p>Несколько раз переделывали актерскую «азбуку чувств» и все-таки играли не правду, а актерский шифр.</p>
<p>Бытовой театр, М.Х.Т. всегда был условным, театром-толмачом, переводчиком текста на актерскую азбуку чувств.</p>
<p>Вспоминаю «Месяц в деревне». Кажется, пустяк. Легкая безделушка. А как неестественно, развязно звучали голоса Верочки и других, с растяжкой, с истерическим смехом.</p>
<p>В «Лизистрате» все женщины читают по-старому, по актерской азбуке.</p>
<p>Почти все мужчины освободились от нее, и не случайно движения всех женщин плохи, будто сошли с картины Семирадского, а движения мужчин превосходны.<rs ref="Семирадский, Хенрык" type="person"></rs></p>
<p>В театре для того, чтобы двигаться, нужно говорить, потому что он весь дан в слове.</p>
<date when="1923">1923</date>
</div2>
</div1>
</body>
</text>
</tei>
