<?xml version='1.0' encoding='UTF8'?>
<tei xmlns="http://www.tei-c.org/ns/1.0">
<teiheader>
<filedesc>
<titlestmt>
<title>Гергард Гауптман. Еретик из Соаны</title>
<author>О.Э. Мандельштам</author>
</titlestmt>
<publicationstmt>
<p>АРТ-БИЗНЕС-ЦЕНТР МОСКВА 1993</p>
<biblstruct>
<biblscope n="" type="volume"></biblscope>
<biblscope n="" type="part"></biblscope>
</biblstruct></publicationstmt>
<sourcedesc>
<p>Издание подготовлено Мандельштамовским обществом</p>
</sourcedesc>
<respstmt>
<resp>Подготовка и разметка файлов - Алексей Литвинцев, Вероника Файнберг. Создание
          электронного ресурса - Тимофей Молчанов. Руководители проекта - Центр Digital Humanities,
          Мандельштамовское общество (НИУ ВШЭ).</resp>
</respstmt></filedesc>
<profiledesc>
<textdesc n="prose"></textdesc>
<textclass>
<catref target="Series([], Name: ID, dtype: object)" type="ID"></catref>
<catref target="Series([], Name: Источник, dtype: object)" type="Источник"></catref>
<catref target="Series([], Name: Жанр художественной литературы, dtype: object)" type="Жанр художественной литературы"></catref>
<catref target="Series([], Name: Уточнение жанра 1, dtype: object)" type="Уточнение жанра"></catref>
<catref target="Series([], Name: Метр, dtype: object)" type="Метр"></catref>
<catref target="Series([], Name: Длина строки, dtype: object)" type="Длина строки"></catref>
<catref target="Series([], Name: Клаузула, dtype: object)" type="Клаузула"></catref>
<catref target="Series([], Name: Уточнение клаузулы 1, dtype: object)" type="Уточнение клаузулы"></catref>
<catref target="Series([], Name: Классическая строфа, dtype: object)" type="Классическая строфа"></catref>
<catref target="Series([], Name: Рифма, dtype: object)" type="Рифма"></catref>
<catref target="Series([], Name: Схема рифмовки, dtype: object)" type="Схема рифмовки"></catref>
<catref target="Series([], Name: Метрическая формула, dtype: object)" type="Метрическая формула"></catref>
<catref target="Series([], Name: Дополнительные параметры, dtype: object)" type="Дополнительные параметры"></catref>
<catref target="Series([], Name: Число строк, dtype: int64)" type="Число строк"></catref>
<catref target="Series([], Name: Автор оригинала, dtype: object)" type="Автор оригинала"></catref>
<catref target="Series([], Name: Язык оригинала, dtype: object)" type="Язык оригинала"></catref>
</textclass></profiledesc>
</teiheader>
<text>
<body>
<div1 n="2" type="volume">
<div2 n="203" type="part">
<head>203.
ГЕРГАРД ГАУПТМАН. ЕРЕТИК ИЗ СОАНЫ.
</head>
<p>«Еретик из Соаны» — типичная германская модернистская новелла. Германский модернизм, колеблясь между легким чтением и так называемыми «символическими и мистическими запросами», выработал особую разновидность повествования, уснащенного психологией и высокопарной символикой, но не лишенного внешней занимательности. С одной стороны, сомнительные глубины, но с другой — нельзя же пренебрегать и легкомысленными вкусами среднего читателя. В результате целый пантеон грошового символизма, где «глубины духа» отлично приспособлены к вагонному чтению. Но «Еретик из Соаны», повесть о превращении священника в козьего пастуха (итальяно-швейцарский ландшафт, дионисийские козлы, приапический культ, горная девушка-соблазнительница и пр.), не годится даже для вагонного чтения. Здесь германская новелла-модерн окончательно отяжелела и заплыла жиром. Полное отсутствие фабулы, характеристик, опорных пунктов повествования, чудовищная лирика в прозе, вроде: «мистерии черных объятий в зеленой траве, перламутровое сладострастье, восторг и опьянение, тайны желтых маисовых зерен, всех плодов, всех красок». Время действия не определено (от XV до ХХ века) — сама повесть об искушении молодого священника развивается черепашьим шагом, причем надоедливый экстатический тон повествования удушает даже зачаточное действие. Удивительно, до чего «Еретик из Соаны» — традиционная, типическая вещь. Запоздалый культ ренессанса и совершенно невинная «языческо-пантеистическая» вражда к христианству — давно знакомый штамп германского модернизма. Это — приват-доцент, отдыхающий в санатории, облеченный в сандалии и поверх егеревской фуфайки в козьи шкуры, — доцент, предпочитающий для отдыха озера итальянской Швейцарии, местечко вроде Лугано и прочие благословенные, изобилующие пансионами и отелями места, потому что они настраивают его на возвышенный мифологический и филологический лад. Таким санаторским доцентом в козьей шкуре представляется нам Гауптман — автор «Еретика из Соаны». Связь Гауптмана с ужасным литературным вкусом среднего<rs ref="Германия" type="geo_index"></rs><rs ref="Лугано" type="geo_index"></rs><rs ref="Швейцария" type="geo_index"></rs><rs ref="Гауптман, Герхард" type="person"></rs></p>
<p>мещанского читателя вычеркнула его из списка действующих рядов современной немецкой литературы. Тяжеловесные экстатические повести о священниках, искушаемых девушкой и козлом; отрыжка популярной, необычайно распространенной в Германии литературы о ренессансе с восхвалением язычества, причем ренессансу приписывается совершенно чуждый ему дух мистического пантеизма, весь этот треугольник между университетом, мюнхенским кафе и швейцарской санаторией, столь типичный для германской «новеллы» — все это может повергнуть в отчаяние. И никакое уважение к автору «Ткачей» не должно препятствовать борьбе с литературными ублюдками, вроде «Еретика из Соаны». <rs ref="Германия" type="geo_index"></rs><rs ref="Германия" type="geo_index"></rs></p>
<date when="1923">1923</date>
</div2>
</div1>
</body>
</text>
</tei>
