<?xml version='1.0' encoding='UTF8'?>
<tei xmlns="http://www.tei-c.org/ns/1.0">
<teiheader>
<filedesc>
<titlestmt>
<title>Прибой у гроба</title>
<author>О.Э. Мандельштам</author>
</titlestmt>
<publicationstmt>
<p>АРТ-БИЗНЕС-ЦЕНТР МОСКВА 1993</p>
<biblstruct>
<biblscope n="" type="volume"></biblscope>
<biblscope n="" type="part"></biblscope>
</biblstruct></publicationstmt>
<sourcedesc>
<p>Издание подготовлено Мандельштамовским обществом</p>
</sourcedesc>
<respstmt>
<resp>Подготовка и разметка файлов - Алексей Литвинцев, Вероника Файнберг. Создание
          электронного ресурса - Тимофей Молчанов. Руководители проекта - Центр Digital Humanities,
          Мандельштамовское общество (НИУ ВШЭ).</resp>
</respstmt></filedesc>
<profiledesc>
<textdesc n="prose"></textdesc>
<textclass>
<catref target="Series([], Name: ID, dtype: object)" type="ID"></catref>
<catref target="Series([], Name: Источник, dtype: object)" type="Источник"></catref>
<catref target="Series([], Name: Жанр художественной литературы, dtype: object)" type="Жанр художественной литературы"></catref>
<catref target="Series([], Name: Уточнение жанра 1, dtype: object)" type="Уточнение жанра"></catref>
<catref target="Series([], Name: Метр, dtype: object)" type="Метр"></catref>
<catref target="Series([], Name: Длина строки, dtype: object)" type="Длина строки"></catref>
<catref target="Series([], Name: Клаузула, dtype: object)" type="Клаузула"></catref>
<catref target="Series([], Name: Уточнение клаузулы 1, dtype: object)" type="Уточнение клаузулы"></catref>
<catref target="Series([], Name: Классическая строфа, dtype: object)" type="Классическая строфа"></catref>
<catref target="Series([], Name: Рифма, dtype: object)" type="Рифма"></catref>
<catref target="Series([], Name: Схема рифмовки, dtype: object)" type="Схема рифмовки"></catref>
<catref target="Series([], Name: Метрическая формула, dtype: object)" type="Метрическая формула"></catref>
<catref target="Series([], Name: Дополнительные параметры, dtype: object)" type="Дополнительные параметры"></catref>
<catref target="Series([], Name: Число строк, dtype: int64)" type="Число строк"></catref>
<catref target="Series([], Name: Автор оригинала, dtype: object)" type="Автор оригинала"></catref>
<catref target="Series([], Name: Язык оригинала, dtype: object)" type="Язык оригинала"></catref>
</textclass></profiledesc>
</teiheader>
<text>
<body>
<div1 n="2" type="volume">
<div2 n="217" type="part">
<head>217.
ПРИБОЙ У ГРОБА</head>
<p>Необычна Москва в эти ночи. Морозный хруст шагов по завьюженным улицам. Тысячи шагов. Идут кучками: терпеливые пешеходы с Замоскворечья, с Плющихи, с Таганки ...<rs ref="Москва" type="geo_index"></rs><rs ref="Москва" type="geo_index"></rs><rs ref="Москва" type="geo_index"></rs><rs ref="Москва" type="geo_index"></rs><rs ref="Москва" type="geo_index"></rs><rs ref="Москва" type="geo_index"></rs></p>
<p>Чем ближе к сердцу Москвы, к ночному гробу — тем громче шорох, и темные тени пешеходов сливаются в сплошной движущийся лес.<rs ref="Москва" type="geo_index"></rs><rs ref="Москва" type="geo_index"></rs></p>
<p>Университет на Моховой гудит, как пчельник глухой ночью. Колонны выстроились. Узкая горбатая Тверская запружена неподвижной толпой. Снега розовеют от костров. С трудом движутся всадники в черном человеческом потоке.<rs ref="Москва" type="geo_index"></rs><rs ref="Москва" type="geo_index"></rs><rs ref="Москва" type="geo_index"></rs></p>
<p>Двери аптеки распахиваются: малиновая аптека пышет паром, там яблоку негде упасть — отогреваются...</p>
<p>Революция, ты сжилась с очередями. Ты мучилась и корчилась в очередях и в 19-ом, и в 20-ом: вот самая великая твоя очередь, вот последняя твоя очередь к ночному солнцу, к ночному гробу...</p>
<p>Мертвый Ленин в Москве! Как не почувствовать Москвы в эти минуты! Кому не хочется увидеть дорогое лицо, лицо самой России?<rs ref="Москва" type="geo_index"></rs><rs ref="Россия (СССР)" type="geo_index"></rs><rs ref="Москва" type="geo_index"></rs><rs ref="Ленин (Ульянов), Владимир Ильич" type="person"></rs></p>
<p>Который час? Два, три, четыре? Сколько простоим? Никто не знает. Счёт времени потерян. Стоим в чудном ночном человеческом лесу. И с нами тясячи детей.</p>
<p>Высокое белое здание расплавлено электрическим светом. Три черных ленты спадают к ногам толпы. Там, в электрическом пожаре, окружённый елками, омываемый</p>
<p>вечно-свежими волнами толпы, лежит он, перегоревший, чей лоб был воспален еще три дня назад...</p>
<p>Сколько жизней вокруг него, который так любил жизнь суровой любовью, взыскательной любовью.</p>
<p>Перебегают к костру. Горький дым ест глаза. Какой-то художник сует к костру замерзшие краски, оттаивает кисти; шарахаются людские ряды от автомобилей и коней.</p>
<p>Чем ближе, тем плотнее жмутся люди:</p>
<p>— По трое, по трое в ряд!</p>
<p>Шутка ли в этой тьме запомнить свое место! Но перекличкой, на голос находят своих.</p>
<p>На полотнище над крышей театра неровным почерком вспыхивают ночные телеграммы. Снуют продавцы папирос. Нет, нет, да и прорвется детский смех. Дети — всегда дети: даже в чехарду играют.</p>
<p>Но мелочи жизни не оскорбляют величия минуты.</p>
<p>Ленин любил жизнь, любил детей.<rs ref="Ленин (Ульянов), Владимир Ильич" type="person"></rs></p>
<p>И мертвый — он самый живой, омытый жизнью, жизнью остудивший свой воспаленный лоб.</p>
<date when="1924">1924</date>
</div2>
</div1>
</body>
</text>
</tei>
