<?xml version='1.0' encoding='UTF8'?>
<tei xmlns="http://www.tei-c.org/ns/1.0">
<teiheader>
<filedesc>
<titlestmt>
<title>Пьер Гамп</title>
<author>О.Э. Мандельштам</author>
</titlestmt>
<publicationstmt>
<p>АРТ-БИЗНЕС-ЦЕНТР МОСКВА 1993</p>
<biblstruct>
<biblscope n="" type="volume"></biblscope>
<biblscope n="" type="part"></biblscope>
</biblstruct></publicationstmt>
<sourcedesc>
<p>Издание подготовлено Мандельштамовским обществом</p>
</sourcedesc>
<respstmt>
<resp>Подготовка и разметка файлов - Алексей Литвинцев, Вероника Файнберг. Создание
          электронного ресурса - Тимофей Молчанов. Руководители проекта - Центр Digital Humanities,
          Мандельштамовское общество (НИУ ВШЭ).</resp>
</respstmt></filedesc>
<profiledesc>
<textdesc n="prose"></textdesc>
<textclass>
<catref target="Series([], Name: ID, dtype: object)" type="ID"></catref>
<catref target="Series([], Name: Источник, dtype: object)" type="Источник"></catref>
<catref target="Series([], Name: Жанр художественной литературы, dtype: object)" type="Жанр художественной литературы"></catref>
<catref target="Series([], Name: Уточнение жанра 1, dtype: object)" type="Уточнение жанра"></catref>
<catref target="Series([], Name: Метр, dtype: object)" type="Метр"></catref>
<catref target="Series([], Name: Длина строки, dtype: object)" type="Длина строки"></catref>
<catref target="Series([], Name: Клаузула, dtype: object)" type="Клаузула"></catref>
<catref target="Series([], Name: Уточнение клаузулы 1, dtype: object)" type="Уточнение клаузулы"></catref>
<catref target="Series([], Name: Классическая строфа, dtype: object)" type="Классическая строфа"></catref>
<catref target="Series([], Name: Рифма, dtype: object)" type="Рифма"></catref>
<catref target="Series([], Name: Схема рифмовки, dtype: object)" type="Схема рифмовки"></catref>
<catref target="Series([], Name: Метрическая формула, dtype: object)" type="Метрическая формула"></catref>
<catref target="Series([], Name: Дополнительные параметры, dtype: object)" type="Дополнительные параметры"></catref>
<catref target="Series([], Name: Число строк, dtype: int64)" type="Число строк"></catref>
<catref target="Series([], Name: Автор оригинала, dtype: object)" type="Автор оригинала"></catref>
<catref target="Series([], Name: Язык оригинала, dtype: object)" type="Язык оригинала"></catref>
</textclass></profiledesc>
</teiheader>
<text>
<body>
<div1 n="2" type="volume">
<div2 n="213" type="part">
<head>213.
ПЬЕР ГАМП</head>
<p>Пьер Гамп — сейчас самый популярный писатель во Франции. Его романы выдержали десятки изданий: есть произведения, разошедшиеся в сотнях тысяч экземпляров, есть пьесы, не сходящие с репертуара избалованных парижских театров. Его «Песнь Песней» премирована, а «Рельсы» знает каждый грамотный человек. Пьера Гампа цитируют. Пьера Гампа интервьюируют. Пьера Гампа переводят на все языки.<rs ref="Франция" type="geo_index"></rs><rs ref="Гамсун (Педерсен), Кнут" type="person"></rs></p>
<p>Госиздат принял к переводу целый ряд его блестящих беллетристических произведений; предисловие к ним пишет секретарь Ц.Б. французской компартии — Борис Суварин.<rs ref="Суварин (Лифшиц), Борис К." type="person"></rs></p>
<p>Чем объяснить такую до чрезвычайности быструю и необычайно широкую популярность нового французского бытовика-беллетриста, резонера-драматурга, еще два года назад никому неизвестного? Причин несколько. Первая, разумеется, как и должно быть — это сильный и своеобразный талант. Вторая причина — своевременность появления на литературно-общественном горизонте острых тем, на которые пишет Пьер Гамп. Певец труда и поэт печали, он с таким мастерством открывает один за другим новые и новые уголки в жизни и быте «меньшего брата» и с такой силой художественности и определенного социального уклона передает читателю свое настроение, что, в сравнении с нашими далекими дореволюционными временами, его можно приравнять лишь к Максиму Горькому, который своих «босяков» посадил в почетном углу барского дома русской литературы. Но есть и третья причина, в которой кроется значительная часть шумного успеха и заслуженных лавров нового гуманиста — это его, безусловно, незаурядная биография. Джек Лондон, О.Генри, Кнут Гамсун должны почтительно расступиться и дать место<rs ref="Гамсун (Педерсен), Кнут" type="person"></rs><rs ref="Гамсун (Педерсен), Кнут" type="person"></rs><rs ref="Горький, Максим" type="person"></rs><rs ref="Лондон, Джек" type="person"></rs></p>
<p>Гампу. В узкий круг признанных больших писателей вступает человек, до 18 лет бывший неграмотным.<rs ref="Гамсун (Педерсен), Кнут" type="person"></rs></p>
<p>Что же делал, кем был до своей славы этот писатель? Кочегаром, кондитером, булочником, чернорабочим, чем хотите — обычные этапы бродяжничанья мятущейся души, в конце-концов обретшей покой на хорошем месте старшего повара в большом ресторане. Многие пишущие были бродягами, многие ими становились, чтобы получать и пополнять свой запас наблюдений и тем из подлинной жизни, но немногие из пишущих могут в своей биографии отметить неграмотность до 18 лет. А из тех, кто отметит — знаменитостей нет. Есть одна замечательная черта в произведениях Гампа — это любовь к труду и жалостливость к самым мелким невзгодам трудящихся. Эти два чувства сквозят и просачиваются в каждом его самом маленьком рассказе, посвящает ли он всю книгу жизни рабочих большой парфюмерной фабрики, дает ли изумительные картины на фоне повседневных работ железной дороги («Рельсы»), бойни или дубильного завода «Муха», любовно описанный труд и бесхитростно трогательное изображение горестей простого люда. Гамп не учит — он только показывает. Но наглядные уроки, которые им даются, — не забываются. Они твердят и доказывают, что в мире крупного капитала рабочий не может освободиться от рабства, пока он не сбросит с себя оковы, что в предстоящей борьбе, кроме этих оков, он ничего потерять не рискует.<rs ref="Гамсун (Педерсен), Кнут" type="person"></rs></p>
<date when="1923">1923</date>
</div2>
</div1>
</body>
</text>
</tei>
