<?xml version='1.0' encoding='UTF8'?>
<tei xmlns="http://www.tei-c.org/ns/1.0">
<teiheader>
<filedesc>
<titlestmt>
<title>Выпад</title>
<author>О.Э. Мандельштам</author>
</titlestmt>
<publicationstmt>
<p>АРТ-БИЗНЕС-ЦЕНТР МОСКВА 1993</p>
<biblstruct>
<biblscope n="" type="volume"></biblscope>
<biblscope n="" type="part"></biblscope>
</biblstruct></publicationstmt>
<sourcedesc>
<p>Издание подготовлено Мандельштамовским обществом</p>
</sourcedesc>
<respstmt>
<resp>Подготовка и разметка файлов - Алексей Литвинцев, Вероника Файнберг. Создание
          электронного ресурса - Тимофей Молчанов. Руководители проекта - Центр Digital Humanities,
          Мандельштамовское общество (НИУ ВШЭ).</resp>
</respstmt></filedesc>
<profiledesc>
<textdesc n="prose"></textdesc>
<textclass>
<catref target="Series([], Name: ID, dtype: object)" type="ID"></catref>
<catref target="Series([], Name: Источник, dtype: object)" type="Источник"></catref>
<catref target="Series([], Name: Жанр художественной литературы, dtype: object)" type="Жанр художественной литературы"></catref>
<catref target="Series([], Name: Уточнение жанра 1, dtype: object)" type="Уточнение жанра"></catref>
<catref target="Series([], Name: Метр, dtype: object)" type="Метр"></catref>
<catref target="Series([], Name: Длина строки, dtype: object)" type="Длина строки"></catref>
<catref target="Series([], Name: Клаузула, dtype: object)" type="Клаузула"></catref>
<catref target="Series([], Name: Уточнение клаузулы 1, dtype: object)" type="Уточнение клаузулы"></catref>
<catref target="Series([], Name: Классическая строфа, dtype: object)" type="Классическая строфа"></catref>
<catref target="Series([], Name: Рифма, dtype: object)" type="Рифма"></catref>
<catref target="Series([], Name: Схема рифмовки, dtype: object)" type="Схема рифмовки"></catref>
<catref target="Series([], Name: Метрическая формула, dtype: object)" type="Метрическая формула"></catref>
<catref target="Series([], Name: Дополнительные параметры, dtype: object)" type="Дополнительные параметры"></catref>
<catref target="Series([], Name: Число строк, dtype: int64)" type="Число строк"></catref>
<catref target="Series([], Name: Автор оригинала, dtype: object)" type="Автор оригинала"></catref>
<catref target="Series([], Name: Язык оригинала, dtype: object)" type="Язык оригинала"></catref>
</textclass></profiledesc>
</teiheader>
<text>
<body>
<div1 n="2" type="volume">
<div2 n="" type="part">
<head>219.
ВЫПАД</head>
<p>В поэзии нужен классицизм, в поэзии нужен эллинизм, в поэзии нужно повышенное чувство образности, машинный ритм, городской коллективизм, крестьянский фольклор... Бедная поэзия шарахается под множеством наведенных на нее револьверных дул неукоснительных требований. Какой должна быть поэзия? Да, может, она совсем не должна, никому она не должна, кредиторы у нее все фальшивые! Нет ничего легче, как говорить о том, что нужно, необходимо в искусстве: во-первых, это всегда произвольно и ни к чему не обязывает; во-вторых, это неиссякаемая тема для философствования; в-третьих, это избавляет от очень неприятной вещи, на которую далеко не все способны, а именно — благодарности к тому, что в данное время является поэзией.</p>
<p>О, чудовищная неблагодарность: Кузмину, Маяковскому, Хлебникову, Асееву, Вячеславу Иванову, Сологубу, Ахматовой, Пастернаку, Гумилеву, Ходасевичу, Вагинову — уж на что они не похожи друг на друга, из разной глины. Ведь это все русские поэты не на вчера, не на сегодня, а навсегда.<rs ref="Асеев, Николай Николаевич" type="person"></rs><rs ref="Ахматова (Горенко), Анна Андреевна" type="person"></rs><rs ref="Вагинов (Вагенгейм), Константин Константинович" type="person"></rs><rs ref="Гумилев, Николай Степанович" type="person"></rs><rs ref="Иванов, Вячеслав Иванович" type="person"></rs><rs ref="Кузмин, Михаил Алексеевич" type="person"></rs><rs ref="Маяковский, Владимир Владимирович" type="person"></rs><rs ref="Пастернак, Борис Леонидович" type="person"></rs><rs ref="Сологуб, Федор" type="person"></rs><rs ref="Хлебников, Велимир" type="person"></rs><rs ref="Ходасевич, Владислав Фелицианович" type="person"></rs></p>
<p>Такими нас обидел Бог. Народ не выбирает своих поэтов, точно так же, как никто не выбирает своих родителей. Народ, который не умеет чтить своих поэтов, заслуживает... Да ничего он не заслуживает, — пожалуй, просто ему не до них, но какая разница между чистым незнанием народа и полузнанием невежественного щеголя. Готтентоты, испытывая своих стариков, заставляю�� их карабкаться на дерево и потом трясут дерево: если старик настолько одряхлел, что свалится, значит, нужно его убить. Сноб копирует готтентота, его излюбленный критический прием напоминает только что описанный. Я думаю, что на это занятие нужно ответить презрением. Кому — поэзия, кому — готтентотская забава.</p>
<p>Ничто так не способствует укреплению снобизма, как частая смена поэтических поколений при одном и том же поколении читателей. Читатель приучается чувствовать себя зрителем в партере; перед ним дефилируют сменяющиеся школы. Он морщится, гримасничает, привередничает. Наконец у него появляется совсем уже необоснованное сознание превосходства — постоянного перед переменным, неподвижного — перед движущимся. Бурная смена поэтических школ в России, от символистов до наших дней, свалилась на голову одного и того же читателя.<rs ref="Россия (СССР)" type="geo_index"></rs></p>
<p>Читательское поколение девяностых годов выпадает как несостоятельное, совершенно некомпетентное в поэзии. Поэтому символисты долго ждали своего читателя и силою вещей по уму, образованию и зрелости оказались гораздо старше той зеленой молодежи, к которой они обращались. Девятисотые годы, по упадочности общественного вкуса, были немного выше девяностых, и наряду с «Весами», боевой цитаделью новой школы, — существовала безграмотная традиция «Шиповников», чудовищная по аляповатости и невежественной претенциозности альманашная литература.</p>
<p>Когда из широкого лона символизма вышли индивидуально законченные поэтические явления, когда род распался и наступило царство личности, поэтической особи, читатель, воспитанный на родовой поэзии, каковым был символизм, лоно всей новой русской поэзии, — читатель растерялся в мире цветущего разнообразия, где все уже не было покрыто шапкой рода, а каждая особь стояла отдельно с обнаженной головой. После родовой эпохи, влившей новую кровь, провозгласившей канон необычайной емкости, после густой смеси, торжествовавшей в густом благовесте Вячеслава Иванова, наступило время особи, личности. Но вся современная<rs ref="Иванов, Вячеслав Иванович" type="person"></rs></p>
<p>русская поэзия вышла из родового символического лона. У читателя короткая память — он этого не хочет знать. О, жолуди, жолуди, зачем дуб, когда есть жолуди?</p>
<p>Однажды удалось сфотографировать глаз рыбы. Снимок запечатлел железнодорожный мост и некоторые детали пейзажа, но оптический закон рыбьего зрения показал все это в невероятно искаженном виде. Если бы удалось сфотографировать поэтический глаз академика Овсянико-Куликовского или среднего русского интеллигента, как они видят, например, своего Пушкина, получилась бы картина не менее неожиданная, нежели зрительный мир рыбы.<rs ref="Овсянико-Куликовский, Дмитрий Николаевич" type="person"></rs><rs ref="Пушкин, Александр Сергеевич" type="person"></rs></p>
<p>Искажение поэтического произведения в восприятии читателя — совершенно необходимое социальное явление, бороться с ним трудно и бесполезно: легче провести в России электрификацию, чем научить всех грамотных читателей читать Пушкина так, как он написан, а не так, как того требуют их душевные потребности и позволяют их умственные способности.<rs ref="Россия (СССР)" type="geo_index"></rs><rs ref="Пушкин, Александр Сергеевич" type="person"></rs></p>
<p>В отличие от грамоты музыкальной, от нотного письма, например, поэтическое письмо в значительной степени представляет большой пробел, зияющее отсутствие множества знаков, указателей, подразумеваемых, единственно делающих текст понятным и закономерным. Но все эти знаки не менее точны, нежели нотные знаки или иероглифы танца; поэтически грамотный читатель ставит их от себя, как бы извлекая их из самого текста.</p>
<p>Поэтическая грамотность ни в коем случае не совпадает ни с грамотностью обычной, то есть читать буквы, ни даже с литературной начитанностью. Если процент обычной и литературной неграмотности в России очень велик, то поэтическая неграмотность уже просто чудовищна, и тем хуже, что ее смешивают с обычной и всякий умеющий читать считается поэтически грамотным. Сказанное сугубо относится к полуобразованной интеллигентской массе, зараженной снобизмом, потерявшей коренное чувство языка, в сущности уже безъязычной, аморфной в отношении языка, щекочущей давно притупившиеся языковые нервы легкими и дешевыми возбудителями, сомнительными лиризмами и неологизмами, нередко чуждыми и враждебными русской речевой стихии.<rs ref="Россия (СССР)" type="geo_index"></rs></p>
<p>Вот потребности этой деклассированной в языковом отношении среды должна удовлетворять текущая русская поэзия.</p>
<p>Слово, рожденное в глубочайших недрах речевого сознания, обслуживает глухонемых и косноязычных — кретинов и дегенератов слова.</p>
<p>Великая заслуга символизма, его правильная позиция в отношении к русскому читательскому обществу была в его учительстве, в его врожденной авторитетности, в патриархальной вескости и законодательной тяжести, которой он воспитывал читателя.</p>
<p>Читателя нужно поставить на место, а вместе с ним и вскормленного им критика. Критики как произвольного истолкования поэзии не должно существовать, она должна уступить объективному научному исследованию, науке о поэзии.</p>
<p>Быть может, самое утешительное во всем положении русской поэзии — это глубокое и чистое неведение, незнание народа о своей поэзии.</p>
<p>Массы, сохранившие здоровое филологическое чутье, те слои, где произрастает, крепнет и развивается морфология языка, просто-напросто еще не вошли в соприкосновение с индивидуалистической русской поэзией. Она еще не дошла до своих читателей и, может быть, дойдет до них только тогда, когда погаснут поэтические светила, пославшие свои лучи к этой отдаленной и пока недостижимой цели.</p>
<date when="1924">1924</date>
</div2>
</div1>
</body>
</text>
</tei>
