<?xml version='1.0' encoding='UTF8'?>
<tei xmlns="http://www.tei-c.org/ns/1.0">
<teiheader>
<filedesc>
<titlestmt>
<title>К юбилею Ф.К.Сологуба</title>
<author>О.Э. Мандельштам</author>
</titlestmt>
<publicationstmt>
<p>АРТ-БИЗНЕС-ЦЕНТР МОСКВА 1993</p>
<biblstruct>
<biblscope n="" type="volume"></biblscope>
<biblscope n="" type="part"></biblscope>
</biblstruct></publicationstmt>
<sourcedesc>
<p>Издание подготовлено Мандельштамовским обществом</p>
</sourcedesc>
<respstmt>
<resp>Подготовка и разметка файлов - Алексей Литвинцев, Вероника Файнберг. Создание
          электронного ресурса - Тимофей Молчанов. Руководители проекта - Центр Digital Humanities,
          Мандельштамовское общество (НИУ ВШЭ).</resp>
</respstmt></filedesc>
<profiledesc>
<textdesc n="prose"></textdesc>
<textclass>
<catref target="Series([], Name: ID, dtype: object)" type="ID"></catref>
<catref target="Series([], Name: Источник, dtype: object)" type="Источник"></catref>
<catref target="Series([], Name: Жанр художественной литературы, dtype: object)" type="Жанр художественной литературы"></catref>
<catref target="Series([], Name: Уточнение жанра 1, dtype: object)" type="Уточнение жанра"></catref>
<catref target="Series([], Name: Метр, dtype: object)" type="Метр"></catref>
<catref target="Series([], Name: Длина строки, dtype: object)" type="Длина строки"></catref>
<catref target="Series([], Name: Клаузула, dtype: object)" type="Клаузула"></catref>
<catref target="Series([], Name: Уточнение клаузулы 1, dtype: object)" type="Уточнение клаузулы"></catref>
<catref target="Series([], Name: Классическая строфа, dtype: object)" type="Классическая строфа"></catref>
<catref target="Series([], Name: Рифма, dtype: object)" type="Рифма"></catref>
<catref target="Series([], Name: Схема рифмовки, dtype: object)" type="Схема рифмовки"></catref>
<catref target="Series([], Name: Метрическая формула, dtype: object)" type="Метрическая формула"></catref>
<catref target="Series([], Name: Дополнительные параметры, dtype: object)" type="Дополнительные параметры"></catref>
<catref target="Series([], Name: Число строк, dtype: int64)" type="Число строк"></catref>
<catref target="Series([], Name: Автор оригинала, dtype: object)" type="Автор оригинала"></catref>
<catref target="Series([], Name: Язык оригинала, dtype: object)" type="Язык оригинала"></catref>
</textclass></profiledesc>
</teiheader>
<text>
<body>
<div1 n="2" type="volume">
<div2 n="218" type="part">
<head>218.
К ЮБИЛЕЮ Ф.К. СОЛОГУБА</head>
<p>Сегодня Ленинград, а с ним вся литературная Россия, празднует сорокалетие литературной деятельности Фёдора Кузьмича Сологуба (Тетерникова). Поэзия Сологуба связана с глухим старческим временем — восьмидесятыми и девяностыми годами в истоках своих, и с отдаленнейшим будущим связана она своей природой.<rs ref="Россия (СССР)" type="geo_index"></rs><rs ref="Кузмин, Михаил Алексеевич" type="person"></rs><rs ref="Ленин (Ульянов), Владимир Ильич" type="person"></rs><rs ref="Сологуб, Федор" type="person"></rs></p>
<p>Среди всех стихов, какие печатали сверстники молодого Сологуба, стихи его сразу выделились особой твердостью, уверенной гармонией, высокой и человеческой ясностью.<rs ref="Сологуб, Федор" type="person"></rs></p>
<p>Может быть, впервые после долгого, долгого перерыва в русских стихах прозвучало волевое начало — воля к жизни, воля к бытию.</p>
<p>Среди полусуществований, среди ублюдков литературы и жизни появилась личность цельная, жаждущая полноты бытия, трепещущая от сознанья своей связи с миром.</p>
<p>В те печальные годы ничто не называлось своим именем: проза называлась «беллетристикой» и жалкое поэтизированье</p>
<p>называлось поэзией. Не было недостатка в писателях обличительного склада, кругом раздавалось лирическое нытье. Казалось, в этой обстановке не может быть места не только величию, но даже значительности. Но Сологуб поднял на плечи свои огромную работу, обобщающей силой человеческого духа он поднял современность до значенья эпохи и той же обобщающей силой беспомощный лепет современников возвысил до выразительности вечных, классических формул.<rs ref="Сологуб, Федор" type="person"></rs></p>
<p>В наследство от прошлого он получил горсточку слов, скудный словарь и немного образов. Но как дитя, играющее камушками, он научил нас играть и этими скудными дарами времени с ясной свободой и вдохновеньем.</p>
<p>Для людей моего поколения Сологуб был легендой уже двадцать лет назад. Мы спрашивали себя: кто этот человек, чей старческий голос звучит с такой бессмертной силой? Сколько ему лет? Где черпает он свою свободу, это бесстрашие, эту нежность и утешительную сладость, эту ясность духа и в самом отчаяньи?<rs ref="Сологуб, Федор" type="person"></rs></p>
<p>Сначала, по юношеской своей незрелости, мы видели в Сологубе только утешителя, бормочущего сонные слова, только искусного колыбельщика, который учит забытью, но чем дальше, тем больше мы понимали, что поэзия Сологуба есть наука действия, наука воли, наука мужества и любви.<rs ref="Сологуб, Федор" type="person"></rs></p>
<p>Прозрачными горными ручьями текли сологубовские стихи с альпийской тютчевской вершины. Ручейки эти журчали так близко от нашего жилья, от нашего дома. Но где-то тают в розоватом холоде альпийском вечные снега Тютчева. Стихи Сологуба предполагают существование и таяние вечного льда. Там, наверху, в тютчевских Альпах, их причина, их зарождение. Это нисхождение в долину, спуск к жилью и житью снеговых, эфирно-холодных залежей русской поэзии, может быть, слишком неподвижных и эгоистических в ледяном своем равнодушии и доступных лишь для отважного читателя. Тают, тают тютчевские снега, через полвека Тютчев спускается к нашим домам: это второй акт, необходимый, как выдыхание после вдыхания, как гласная в слоге после согласной, это не перекличка и даже не продолжение, а кругооборот вещества, великий оборот естества в русской поэзии с ее Альпами и равнинами.<rs ref="Альпы" type="geo_index"></rs><rs ref="Сологуб, Федор" type="person"></rs><rs ref="Тютчев, Федор Иванович" type="person"></rs></p>
<p>Есть голоса эпох, которые нуждаются в переводчике. Есть косноязычные времена, лишенные голоса. Из косноязычья рождается самый прозрачный голос. От прозрачного отчаяния один шаг до радости. К будущему обращена вся поэзия Сологуба. Он родился в безвременьи и медленно насыщался временем, учился дышать и учил любить.<rs ref="Сологуб, Федор" type="person"></rs></p>
<p>Внуки и правнуки поймут Сологуба, и поймут по-своему, и для них «Пламенный круг» будет книгой, сжигающей уныние, превращающей нашу косную природу в легкий и чистый пепел.<rs ref="Сологуб, Федор" type="person"></rs></p>
<p>Федор Кузьмич Сологуб — как немногие — любит все подлинно новое �� русской поэзии. Не к перепевам и к застывшим формам он нас зовет. И лучший урок из его поэзии: если можешь, если умеешь, делай новое, если нет, то прощайся с прошлым, но так прощайся, чтобы сжечь это прошлое своим прощанием.<rs ref="Кузмин, Михаил Алексеевич" type="person"></rs><rs ref="Сологуб, Федор" type="person"></rs></p>
<date when="1924">1924</date>
</div2>
</div1>
</body>
</text>
</tei>
