<?xml version='1.0' encoding='UTF8'?>
<tei xmlns="http://www.tei-c.org/ns/1.0">
<teiheader>
<filedesc>
<titlestmt>
<title>Армия поэтов. ‹II›. Кто же они такие?</title>
<author>О.Э. Мандельштам</author>
</titlestmt>
<publicationstmt>
<p>АРТ-БИЗНЕС-ЦЕНТР МОСКВА 1993</p>
<biblstruct>
<biblscope n="" type="volume"></biblscope>
<biblscope n="" type="part"></biblscope>
</biblstruct></publicationstmt>
<sourcedesc>
<p>Издание подготовлено Мандельштамовским обществом</p>
</sourcedesc>
<respstmt>
<resp>Подготовка и разметка файлов - Алексей Литвинцев, Вероника Файнберг. Создание
          электронного ресурса - Тимофей Молчанов. Руководители проекта - Центр Digital Humanities,
          Мандельштамовское общество (НИУ ВШЭ).</resp>
</respstmt></filedesc>
<profiledesc>
<textdesc n="prose"></textdesc>
<textclass>
<catref target="Series([], Name: ID, dtype: object)" type="ID"></catref>
<catref target="Series([], Name: Источник, dtype: object)" type="Источник"></catref>
<catref target="Series([], Name: Жанр художественной литературы, dtype: object)" type="Жанр художественной литературы"></catref>
<catref target="Series([], Name: Уточнение жанра 1, dtype: object)" type="Уточнение жанра"></catref>
<catref target="Series([], Name: Метр, dtype: object)" type="Метр"></catref>
<catref target="Series([], Name: Длина строки, dtype: object)" type="Длина строки"></catref>
<catref target="Series([], Name: Клаузула, dtype: object)" type="Клаузула"></catref>
<catref target="Series([], Name: Уточнение клаузулы 1, dtype: object)" type="Уточнение клаузулы"></catref>
<catref target="Series([], Name: Классическая строфа, dtype: object)" type="Классическая строфа"></catref>
<catref target="Series([], Name: Рифма, dtype: object)" type="Рифма"></catref>
<catref target="Series([], Name: Схема рифмовки, dtype: object)" type="Схема рифмовки"></catref>
<catref target="Series([], Name: Метрическая формула, dtype: object)" type="Метрическая формула"></catref>
<catref target="Series([], Name: Дополнительные параметры, dtype: object)" type="Дополнительные параметры"></catref>
<catref target="Series([], Name: Число строк, dtype: int64)" type="Число строк"></catref>
<catref target="Series([], Name: Автор оригинала, dtype: object)" type="Автор оригинала"></catref>
<catref target="Series([], Name: Язык оригинала, dtype: object)" type="Язык оригинала"></catref>
</textclass></profiledesc>
</teiheader>
<text>
<body>
<div1 n="2" type="volume">
<div2 n="" type="part">
<p>Встреча в редакции тяжелого, допотопного, уже не существующего ежемесячника. Входит милый юноша, хорошо одетый, неестественно громкий смех, светские движения, светское обращение — совсем не к месту. Надышавшись табачного дыму, уже собираясь уходить, он словно что-то вспоминает и с непринужденностью обращается к бородатому, одурманенному идеологией и честностью редактору: «А скажите, вам не подошли бы французские переводы стихов Языкова?» Глаза у всех раскрылись — было похоже на бред. Он пришел сюда предложить французские стихи, и притом переводы Языкова. Когда ему пролепетали вежливое «не нужно», он ушел веселый и ничуть не смущенный. Дикий образ этого юноши мне запомнился надолго. Это был какой-то рекорд ненужности. Все было ненужно: и Языков ему, и он журналу, и французские переводы Языкова России. Не знаю, легко ли ему ходить по людям с таким товаром, но он отверженный, он щеголь и гордится этим.<rs ref="Россия (СССР)" type="geo_index"></rs><rs ref="Языков, Николай Михайлович" type="person"></rs></p>
<p>Однажды я застал у себя в комнате мрачного, очень взрослого человека. Он стоял в шляпе с толстым портфелем, решительный, тяжелый, и глядел с ненавистью. Ни тени приветливости, ни улыбки, ни даже обыкновенной просьбы не выражало его лицо: лицо враждебное и ненавидящие глаза. С сосредоточенной враждебностью он сообщил, что его многие слушали или одобрили «из вашей компании», как он</p>
<p>выразился с оттенком презрительности, и вдруг уселся, вытащил из портфеля пять клеенчатых тетрадей: «У меня есть драмы, трагедии, поэмы и лирические вещи. Что вам прочесть?» Обязательно прочесть вслух. Обязательно немедленно. Требование и все та же непримиримая ненависть. «Я не знаю, чего вам нужно, на какой вкус вам нужно. Вашей компании нравилось. Я могу на разный вкус». Когда его тихонько выпроводили, у меня осталось впечатление, что в комнате побывал сумасшедший. Но я ошибся: то был разумный, взрослый человек, отец семейства, по образованию техник, но неудачный, инженерию забросил, где-то служит, кормит семью, но иногда на него «находит», и с тяжелой, звериной ненавистью, обращенной даже на собственные кожаные тетради, он врывается в чужие жилища, требует, чтобы его похвалила какая-то «компания», чтобы ему кто-то помог и признал. С ним нельзя говорить. Он оскорбит и хлопнет дверью. С ним разговор закончился бы где-нибудь в пивной бурной исповедью и слезами.</p>
<p>Еще один: голубоглазый, чистенький, с германской вежливостью, аккуратностью приказчика и шубертовской голубой дымкой в глазах. Его приход не уродлив, в нем нет ничего насильственного и безобразящего человеческое общение. Просто, слегка извиняясь, оставляет детскую каллиграфическую рукопись. И что же? — в убогих строчках, косноязычных напевах — благородный дух германской романтики, темы Новалиса, странные совпадения, беспомощные создания подлинно высокого духа. Он приказчик в нотном магазине, был настройщиком, полунемец. Да читайте же Новалиса, Тика, Брентано. Ведь есть же целый мир, которому вы, кажется, сродни. — Не читал, не догадался, предпочитает писать. Этот или излечится совсем от высокой болезни, или станет настоящим читателем.<rs ref="Брентано, Клеменс" type="person"></rs><rs ref="Новалис" type="person"></rs><rs ref="Тик, Людвиг" type="person"></rs></p>
<p>Молодой человек в голодное время ходил к классическому поэту и читал ассирийские стихи. Чтобы заставить себя слушать, он приносил сахар. Будучи убежден, что все вообще ерунда и что все можно подделать, — ассирийскую мифологию и сахар он приносил в дар поэту. Он стеснялся бедности и всяческого убожества — он поддерживал самоуважение странными своими жертвоприношениями. Судьба подняла его очень высоко — сейчас у него международное бюро для марочных коллекционеров. Он сохранил только скептицизм, неуважение к своему ассирийскому учителю и убежденье, что все можно подделать.</p>
<p>Стихотворцев в Москву и Петербург шлет Сибирь, шлет Ташкент, даже Бухара и Хорезм. Всем этим людям кажется, что нельзя ехать в Москву с голыми руками, и они вооружаются чем могут — стихами. Стихи везут вместо денег, вместо белья, вместо рекомендаций, как средство завязать сношения с людьми, как способ завоевать жизнь. Ребенок кричит оттого, что он дышит и живет, затем крик обрывается — начинается лепет, но внутренний крик не стихает и взрослый человек внутренне кричит немым криком, тем же древним криком новорожденного. Общественные приличия заглушают этот крик — он сплошное зияние. Стихотворство юношей и взрослых людей нередко этот самый крик — атавистический, продолжающийся крик младенца.<rs ref="Бухара" type="geo_index"></rs><rs ref="Москва" type="geo_index"></rs><rs ref="Петербург (Ленинград, Петрополь)" type="geo_index"></rs><rs ref="Сибирь" type="geo_index"></rs><rs ref="Ташкент" type="geo_index"></rs><rs ref="Хорезм" type="geo_index"></rs><rs ref="Москва" type="geo_index"></rs></p>
<p>Слова безразличны — это вечное «я живу, я хочу, мне больно».</p>
<p>Он приехал из Иркутска, из рабочих, большое самолюбие, не боится правды, если ему говорят «плохо», он привез не стихи, а сплошной крик. Ему кажется, это похоже не то на Маяковского, не то на каких-то имажинистов. Ни на что не похоже! Короткие строки, два-три слова, дробит, грызет, захлебывается, душит, неистовствует, затихает, опять куда-то громоздится, ревет — слова безразличны, слова непослушны, все выходит не так, как он хочет, но слышен в них древний рев: я живу, я хочу, мне больно, и, может быть, еще одно уже от взрослого и сознательного человека — помогите! Таких, как этот, — десятки тысяч. Они — самое главное, им нужно помочь, чтобы они перестали кричать, когда для них будет покончено со стихами — этим атавистическим ревом, начнется лепет, начнется речь, начнется жизнь.<rs ref="Иркутск" type="geo_index"></rs><rs ref="Маяковский, Владимир Владимирович" type="person"></rs></p>
<p>Я спрашиваю — как они сами себя слышат? — ведь это очень важно — все зло в том, что они себя оглушают, дурманят звуком собственного голоса: кто просто орет, не считаясь с синтаксисом, чувством и логикой, кто подпевает в нос, кто бормочет, раскачиваясь на арабский лад, кто выдумал речитативную себе погудку и запевает под мелодическую сурдинку. Смотришь на листок бумаги и думаешь — ведь неглупый человек написал — как он может в этом что-нибудь находить? Но послушаешь, как он это читает, — литургия, пророк, носовые звуки, уже на русскую речь не похоже — до того торжественно, сохранившиеся эстеты напирают на окончание прилагательных — анный, онный; любители грубых стихов — на новый лад читают, словно ругаются, насту��ая на слушателей с проклятием и угрозами. Ну,</p>
<p>конечно: голос — рабочий инструмент, без погудки нельзя, она что рубанок. Голосом, голосом работают стихотворцы. Правильно. Но голос этих людей — их собственный враг. С таким голосом ничего не сошьешь, не сладишь.</p>
<p>Другая черта — жажда увидеть себя напечатанным, хоть где-нибудь, хоть как-нибудь. Убеждены — вот напечатают, и сразу начнется новая жизнь. Ничего не начнется. Печатанье не событие, даже хорошее стихотворенье не двигает с места литературных гор. Девушки и барышни, рукодельницы стихов, те, что зовут себя охотно Майями и хранят благоговейную память о снисходительной ласке большого поэта! Ваше дело проще, вы пишете стихи, чтобы нравиться. А мы сделаем вот что: заговор русской молодежи — не глядеть на барышень, которые пишут стихи.</p>
<p>А кто же будет писать стихи? Да разве на это вообще нужно разрешенье — все мы носим ботинки, а ведь мало кто шьет башмаки. А многие ли умеют читать стихи? А ведь пишут их почти все.</p>
<date when="1923">1923</date>
</div2>
</div1>
</body>
</text>
</tei>
