<?xml version='1.0' encoding='UTF8'?>
<tei xmlns="http://www.tei-c.org/ns/1.0">
<teiheader>
<filedesc>
<titlestmt>
<title>Нюэн-Ай-Как. В гостях у коминтернщика</title>
<author>О.Э. Мандельштам</author>
</titlestmt>
<publicationstmt>
<p>АРТ-БИЗНЕС-ЦЕНТР МОСКВА 1993</p>
<biblstruct>
<biblscope n="" type="volume"></biblscope>
<biblscope n="" type="part"></biblscope>
</biblstruct></publicationstmt>
<sourcedesc>
<p>Издание подготовлено Мандельштамовским обществом</p>
</sourcedesc>
<respstmt>
<resp>Подготовка и разметка файлов - Алексей Литвинцев, Вероника Файнберг. Создание
          электронного ресурса - Тимофей Молчанов. Руководители проекта - Центр Digital Humanities,
          Мандельштамовское общество (НИУ ВШЭ).</resp>
</respstmt></filedesc>
<profiledesc>
<textdesc n="prose"></textdesc>
<textclass>
<catref target="Series([], Name: ID, dtype: object)" type="ID"></catref>
<catref target="Series([], Name: Источник, dtype: object)" type="Источник"></catref>
<catref target="Series([], Name: Жанр художественной литературы, dtype: object)" type="Жанр художественной литературы"></catref>
<catref target="Series([], Name: Уточнение жанра 1, dtype: object)" type="Уточнение жанра"></catref>
<catref target="Series([], Name: Метр, dtype: object)" type="Метр"></catref>
<catref target="Series([], Name: Длина строки, dtype: object)" type="Длина строки"></catref>
<catref target="Series([], Name: Клаузула, dtype: object)" type="Клаузула"></catref>
<catref target="Series([], Name: Уточнение клаузулы 1, dtype: object)" type="Уточнение клаузулы"></catref>
<catref target="Series([], Name: Классическая строфа, dtype: object)" type="Классическая строфа"></catref>
<catref target="Series([], Name: Рифма, dtype: object)" type="Рифма"></catref>
<catref target="Series([], Name: Схема рифмовки, dtype: object)" type="Схема рифмовки"></catref>
<catref target="Series([], Name: Метрическая формула, dtype: object)" type="Метрическая формула"></catref>
<catref target="Series([], Name: Дополнительные параметры, dtype: object)" type="Дополнительные параметры"></catref>
<catref target="Series([], Name: Число строк, dtype: int64)" type="Число строк"></catref>
<catref target="Series([], Name: Автор оригинала, dtype: object)" type="Автор оригинала"></catref>
<catref target="Series([], Name: Язык оригинала, dtype: object)" type="Язык оригинала"></catref>
</textclass></profiledesc>
</teiheader>
<text>
<body>
<div1 n="2" type="volume">
<div2 n="212" type="part">
<head>212.
НЮЭН-АЙ-КАК
В ГОСТЯХ У КОМИНТЕРНЩИКА</head>
<p>— А как отразилось в Индо-Китае движение Ганди? Не дошли ли какие-нибудь волны, отголоски? — спросил я Нюэна-Ай-Кака.<rs ref="Индокитай" type="geo_index"></rs><rs ref="Ганди, Мохандас Кармчанд" type="person"></rs><rs ref="Нюэн-Ай-Как" type="person"></rs></p>
<p>— Нет, — отвечал мой собеседник. — Анамитский народ, крестьяне, живет погруженный в глубокую кромешную ночь — никаких газет, никакого представления о том, что делается в мире; ночь, настоящая ночь.</p>
<p>Нюэн-Ай-Как — единственный анамит в Москве, представитель древней малайской расы. Он почти мальчик, худой и гибкий, в вязаной шерстяной телогрейке. Говорит по-французски, на языке угнетателей, но французские слова звучат тускло и матово, как приглушенный колокол родной речи.<rs ref="Москва" type="geo_index"></rs><rs ref="Москва" type="geo_index"></rs><rs ref="Нюэн-Ай-Как" type="person"></rs><rs ref="Нюэн-Ай-Как" type="person"></rs></p>
<p>Нюэн-Ай-Как с отвращением произносит слово «цивилизация»: он объехал почти весь колониальный мир, был в<rs ref="Нюэн-Ай-Как" type="person"></rs><rs ref="Нюэн-Ай-Как" type="person"></rs></p>
<p>северной и центральной Африке и достаточно насмотрелся. В разговоре он часто произносит «братья». Братья — это негры, индусы, сирийцы, китайцы. Он написал письмо Рене Марану, офранцуженному негру, автору густо-экзотической Батулы и поставил вопрос ребром: хочет или не хочет Маран помочь освобождению колониальных братьев? — Рене Маран, увенчанный французской академией, отвечал сдержанно и уклончиво.<rs ref="Африка" type="geo_index"></rs><rs ref="Маран, Рене" type="person"></rs></p>
<p>— Я из привилегированной анамитской семьи. Эти семьи у нас ничего не делают. — Юноши изучают конфуцианство. Вы знаете, конфуцианство — это не религия, а скорее наука о нравственном опыте и приличиях. И в основе своей предполагает «социальный мир». Мальчиком, лет 13-ти, я впервые услышал французские слова: свобода, равенство и братство — ведь для нас в��який белый — это француз. И мне захотелось познакомиться с французской цивилизацией, прощупать, что скрывается за этими словами. Но в туземных школах французы воспитывают попугаев. От нас прячут книги и газеты, запрещают не только новых писателей, но даже Руссо и Монтескье. Что было делать? Я решил уехать. Анамит — крепостной. Нам запрещено не только путешествовать, но и малейшее передвижение внутри страны. Железные дороги построены с «стратегической» целью: по мнению французов мы, еще не созрели ими пользоваться. Я добрался до побережья — ну и уехал. Мне было 19 лет. Во Франции шли выборы. Буржуа обливали друг друга грязью. — Судорога почти физического отвращения пробегает по лицу Нюэна-Ай-Кака. Тусклый и матовый, он загорается блеском. В больших зрачках тяжелая вода, он косит и смотрит зрячим взглядом слепого.<rs ref="Судан" type="geo_index"></rs><rs ref="Франция" type="geo_index"></rs><rs ref="Франция" type="geo_index"></rs><rs ref="Монтескье, Шарль Луи де Секонда, барон де Ла Бред" type="person"></rs><rs ref="Нюэн-Ай-Как" type="person"></rs><rs ref="Руссо, Жан-Жак" type="person"></rs></p>
<p>— Когда пришли французы, все порядочные старые семьи разбежались. Сволочь, которая умела прислуживаться, захватила брошенные дома и усадьбы; теперь они разбогатели — новая буржуазия — и могут воспитывать детей на французский лад. Если мальчик идет у нас учиться к католическим миссионерам, это уже отбросы, подонки. За это платят деньги. — Ну и идут низколобые тупицы, все равно, как если бы шли служить в полицию, жандармерию. Католическим миссионерам принадлежит у нас 5-я часть всей земли. С ними могут потягаться только концессионеры.</p>
<p>— Что такое французский колонизатор? О, какой это бездарный и недалекий народ. Первая забота — устройство родственников. Затем — нахватать и награбить как можно</p>
<p>больше и скорее, а цель всей этой политики — маленький домик, «свой домик» во Франции.<rs ref="Франция" type="geo_index"></rs><rs ref="Франция" type="geo_index"></rs></p>
<p>— Французы отравляют мой народ. Они ввели обязательное употребление алкоголя. Мы берем немного хорошего рису и делаем хорошую водку, — когда придут друзья или в семейный праздник предков. Французы брали плохой дешевый рис и гнали водку бочками. Никто не хотел у них покупать. Слишком много водки. Тогда губернаторам предписали по количеству душ населения сделать обязательную водочную раскладку и заставили насильно покупать водку, которой никто не хотел.<rs ref="Франция" type="geo_index"></rs></p>
<p>Мне наглядно представилось, как спаивают этот нежный народ, любящий такт и меру, ненавидящий излишества. Врожденным тактом и деликатностью дышал весь облик Нюэн-Ай-Кака. Европейская цивилизация работает штыком и водкой, пряча их под сутану католического миссионера. Нюэн-Ай-Как дышит культурой, не европейской культурой, быть может, культурой будущего.<rs ref="Нюэн-Ай-Как" type="person"></rs><rs ref="Нюэн-Ай-Как" type="person"></rs></p>
<p>— Сейчас в Париже группа товарищей из французских колоний — 5-6 человек из Кохинхины, Судана, Мадагаскара, Гаити издают журнальчик «Пария», посвященный борьбе с колониальной политикой французов. Это совсем маленький журнальчик — каждый сотрудник доплачивает на его издание из своего кармана, вместо того чтобы получать гонорар.<rs ref="Гаити" type="geo_index"></rs><rs ref="Кохинхина" type="geo_index"></rs><rs ref="Мадагаскар" type="geo_index"></rs><rs ref="Париж" type="geo_index"></rs><rs ref="Судан" type="geo_index"></rs><rs ref="Судан" type="geo_index"></rs></p>
<p>Бамбуковая трость с вырезанным на ней воззванием незаметно обошла все деревни. Ее пересаживали с места на место — и сговор состоялся. Он дорого обошелся анамитам, были казни, полетели сотни голов.</p>
<p>— У анамитского народа нет священников и нет религии, в европейском смысле. Культ предков — чисто социальное явление. Никаких жрецов. Старший член семьи или деревенский старейшина совершает поминальные обрядности. Мы не знаем, что такое авторитет жреца или священника.</p>
<p>— Да, интересно, как французские власти научили наших крестьян словам большевик и Ленин. Они начали преследовать коммунистов среди анамитов в то время, как никаких коммунистов и в помине не было. И, таким образом, вели пропаганду.<rs ref="Ленин (Ульянов), Владимир Ильич" type="person"></rs></p>
<p>Анамиты — простой и вежливый народ. В благородстве манер, в тусклом, матовом голосе Нюэн-Ай-Кака слышен завтрашний день, океанская тишина всемирного братства.<rs ref="Нюэн-Ай-Как" type="person"></rs><rs ref="Нюэн-Ай-Как" type="person"></rs></p>
<p>На столе рукопись. Спокойный, деловой отчет. Телеграфный стиль корреспондента. Он фантазирует на тему:</p>
<p>Конгресс Интернационала в 1947 году. Он видит и слышит порядок дня, он там присутствует, он ведет протокол.</p>
<p>На прощанье Нюэн-Ай-Как что-то вспоминает: — Да, у нас был еще один «мятеж». Его поднял анамитский царек Зюнтан. Против увоза наших крестьян на французскую бойню. Зюнтан бежал. Теперь он в эмиграции. Скажите и о нем.<rs ref="Нюэн-Ай-Как" type="person"></rs><rs ref="Нюэн-Ай-Как" type="person"></rs></p>
<date when="1923">1923</date>
</div2>
</div1>
</body>
</text>
</tei>
