<?xml version='1.0' encoding='UTF8'?>
<tei xmlns="http://www.tei-c.org/ns/1.0">
<teiheader>
<filedesc>
<titlestmt>
<title>Новые произведения Жюля Ромэна</title>
<author>О.Э. Мандельштам</author>
</titlestmt>
<publicationstmt>
<p>АРТ-БИЗНЕС-ЦЕНТР МОСКВА 1993</p>
<biblstruct>
<biblscope n="" type="volume"></biblscope>
<biblscope n="" type="part"></biblscope>
</biblstruct></publicationstmt>
<sourcedesc>
<p>Издание подготовлено Мандельштамовским обществом</p>
</sourcedesc>
<respstmt>
<resp>Подготовка и разметка файлов - Алексей Литвинцев, Вероника Файнберг. Создание
          электронного ресурса - Тимофей Молчанов. Руководители проекта - Центр Digital Humanities,
          Мандельштамовское общество (НИУ ВШЭ).</resp>
</respstmt></filedesc>
<profiledesc>
<textdesc n="prose"></textdesc>
<textclass>
<catref target="Series([], Name: ID, dtype: object)" type="ID"></catref>
<catref target="Series([], Name: Источник, dtype: object)" type="Источник"></catref>
<catref target="Series([], Name: Жанр художественной литературы, dtype: object)" type="Жанр художественной литературы"></catref>
<catref target="Series([], Name: Уточнение жанра 1, dtype: object)" type="Уточнение жанра"></catref>
<catref target="Series([], Name: Метр, dtype: object)" type="Метр"></catref>
<catref target="Series([], Name: Длина строки, dtype: object)" type="Длина строки"></catref>
<catref target="Series([], Name: Клаузула, dtype: object)" type="Клаузула"></catref>
<catref target="Series([], Name: Уточнение клаузулы 1, dtype: object)" type="Уточнение клаузулы"></catref>
<catref target="Series([], Name: Классическая строфа, dtype: object)" type="Классическая строфа"></catref>
<catref target="Series([], Name: Рифма, dtype: object)" type="Рифма"></catref>
<catref target="Series([], Name: Схема рифмовки, dtype: object)" type="Схема рифмовки"></catref>
<catref target="Series([], Name: Метрическая формула, dtype: object)" type="Метрическая формула"></catref>
<catref target="Series([], Name: Дополнительные параметры, dtype: object)" type="Дополнительные параметры"></catref>
<catref target="Series([], Name: Число строк, dtype: int64)" type="Число строк"></catref>
<catref target="Series([], Name: Автор оригинала, dtype: object)" type="Автор оригинала"></catref>
<catref target="Series([], Name: Язык оригинала, dtype: object)" type="Язык оригинала"></catref>
</textclass></profiledesc>
</teiheader>
<text>
<body>
<div1 n="2" type="volume">
<div2 n="220" type="part">
<head>220.
НОВЫЕ ПРОИЗВЕДЕНИЯ ЖЮЛЯ РОМЭНА</head>
<p>В ближайшее время в издании Ленгиза выходят две новые книги Жюля Ромэна: пьеса «Старый Кромдейр» и повесть «Обормоты».<rs ref="Ромэн (Ромен), Жюль" type="person"></rs></p>
<p>Еще очень недавно Жюля Ромэна у нас знали очень глухо и на вопрос: «читали ли вы Жюля Ромэна», чуть ли не отвечали: «как же, как же, знаю, Ромэн Роллан». Между тем, Жюль Ромэн не похож ни на Ромэна Роллана, ни на кого другого из современных французских писателей, если не считать его спутника, его малую планету — Дюамеля. Жюль Ромэн — стихотворец и прозаик. Жюль Ромэн — реформатор французского стиха. Он пробовал свои силы во всех<rs ref="Дюамель, Жорж" type="person"></rs><rs ref="Роллан, Ромен" type="person"></rs><rs ref="Ромэн (Ромен), Жюль" type="person"></rs><rs ref="Ромэн (Ромен), Жюль" type="person"></rs></p>
<p>литературных жанрах, начиная от высокой эсхиловской трагедии («Армия в городе»), кончая кино-романом («Доонго-Тонка») и похождениями обормотов, — веселой и остроумной книгой — отличным чтением для юношества — книгой, которая соединяет здоровую грубость Рабле с жизнерадостностью Марка Твэна.<rs ref="Рабле, Франсуа" type="person"></rs></p>
<p>Но во всех своих жанрах Жюль Ромэн верен одному качеству — своеобразно понимаемой им простоте.<rs ref="Ромэн (Ромен), Жюль" type="person"></rs><rs ref="Ромэн (Ромен), Жюль" type="person"></rs></p>
<p>Жюль Ромэн поставил себе законом писать крупно, почти с каллиграфической четкостью — так, чтоб видно было издалека. При этом он никогда не впадает в пропись, не поучает, не ханжит, не льет сентиментальных слез.<rs ref="Ромэн (Ромен), Жюль" type="person"></rs><rs ref="Ромэн (Ромен), Жюль" type="person"></rs></p>
<p>В предисловии к «Армии в городе» Жюль Ромэн говорит:<rs ref="Ромэн (Ромен), Жюль" type="person"></rs><rs ref="Ромэн (Ромен), Жюль" type="person"></rs></p>
<p>«В театре нет места обособленной личности, которая царит в лирической поэзии. В драматическом произведении, на протяжении любой сцены все сводится к пламенной и текучей жизни группы. Драматический акт — взаимодействие групповых сил. Зритель наблюдает их смену, их борьбу, их взаимное проникновение».</p>
<p>В «Старом Кромдейре» действуют группы крестьян. Мы знаем французского крестьянина. Его инстинкт собственника, косная сторона его психологии достаточно изучены. Драма Жюля Ромэна развертывается в одной из южных провинций Франции, в Севэнских горах, где пестрый этнографический состав населения позволяет ему столкнуть два различных крестьянских уклада, как бы две расы.<rs ref="Франция" type="geo_index"></rs><rs ref="Ромэн (Ромен), Жюль" type="person"></rs></p>
<p>Кромдейр — деревушка, гдездящаяся в скале, выбитая в ней, словно выщербленная долотом. Это каменный улей, твердая ржаная лепешка, нахлобученная на темя гор. Кромдейр — община. У него один язык. Одна воля.</p>
<p>Все кряжисто в пьесе «Кромдейр» — и люди, и предметы. Такое впечатление производили приблизительно картины художника Курбе, когда впервые появились в живописи толстые деревянные башмаки и крестьянские блузы.<rs ref="Курбе, Гюстав" type="person"></rs></p>
<p>В пьесе два драматических узла: Кромдейру навязывают церковь, которую он не хочет, Кромдейру нужно взять лоссонских девушек. «Мы исконный народ самцов. У нас девичий недород».</p>
<p>Поссорившись с епископом, кромдейрцы строят, однако, свою церковь, увлекшись этой работой не из религиозных побуждений, а из любви к обтесыванию каменных глыб «величиной с быка», в каком-то коллективном опьянении дикой и строгой прелестью возникающей архитектуры.</p>
<p>Церковь готова — и тут-то оказывается, что как таковая она совсем не нужна. Эммануил — любимец деревни, которого прочили в священники, поворачивает это дело в шутку, а старики говорят: «то-то будет нам, старым дьяволам рыжим, исповедываться у него лафа».</p>
<p>Между тем дает себя знать «девичий недород». Назревает умыканье (древний обычай Кромдейра). Кромдейрские конники в ярмарочный день лавиной скатываются в долину. Во главе их Эммануил. Девушки похищены. Они станут плотью Кромдейра.</p>
<p>Другая книга Жюля Ромэна «Обормоты» переносит нас в совершенно иной мир.<rs ref="Ромэн (Ромен), Жюль" type="person"></rs></p>
<p>Обормоты — семеро друзей студентов — образуют «группу» в самом жюльромэновском значении слова. Каждый из семерых необходим. Даже бесцветный Мартен, о котором автор затрудняется сказать что-либо характерное. Эти молодые люди, может быть, политехники, будущие инженеры, только недавно отбывшие воинскую повинность, злобно и весело расправляются с набившим оскомину официальным порядком, мстят администрации, военщине, правительству, глупой и смешной провинции.</p>
<p>В студенческом кабачке, на товарищеской попойке возникает мысль о походе на Амбер и Иссуар — две провинциальных префектуры. Кто на поезде, кто на велосипедах, обормоты добираются до городков, обреченных в жертву их мистификаторской изобретательности.</p>
<p>Ночью в Амберские казармы является министр с секретарской свитой. «Я побывал у них в лапах, — говорит обормот Брудье, — сейчас мы отомстим». Строжайшая ревизия. Начальство перепугано. Министр приказывает устроить ночную тревогу. У правительства свои тайные виды. Пусть часть солдат изображает инсургентов, остальные — усмиряют мятеж. Это маневры первостепенной важности. Требуется абсолютная тайна. Мистификация удается. Буржуазный городок Амбер сходит с ума от ужаса, потрясаемый чудовищными ночными залпами, созерцая сквозь щели ставень с неба свалившуюся гражданскую войну.</p>
<p>Две другие мистификации обормотов не менее остроумны и злы.</p>
<p>Проза «Обормотов» экономна, прозрачна и насыщена геометрически точными образами и сравнениями. Пластическая сила Жюля Ромэна так велика, что слышно, как хрустит каждый камушек под велосипедной шиной. «Обормоты»<rs ref="Ромэн (Ромен), Жюль" type="person"></rs></p>
<p>достойны занять классическое место среди произведений европейского юмора.</p>
<p>Эти две, столь не похожие друг на друга, книги — «Старый Кромдейр» и «Обормоты» — несомненно приблизят Жюля Ромэна к русскому читателю. Он — поэт группы, изучающей связки и сочленения современного общества, делает работу аналогичную той, которую в области художественного отображения индустриальной жизни совершил «Гомер производственной техники», ее эпический изобразитель — Пьер Амп.<rs ref="Амп, Пьер" type="person"></rs><rs ref="Гомер" type="person"></rs><rs ref="Ромэн (Ромен), Жюль" type="person"></rs></p>
<date when="1924">1924</date>
</div2>
</div1>
</body>
</text>
</tei>
