<?xml version='1.0' encoding='UTF8'?>
<tei xmlns="http://www.tei-c.org/ns/1.0">
<teiheader>
<filedesc>
<titlestmt>
<title>Жюль Ромэн. Обормоты. Предисловие к русскому изданию</title>
<author>О.Э. Мандельштам</author>
</titlestmt>
<publicationstmt>
<p>АРТ-БИЗНЕС-ЦЕНТР МОСКВА 1993</p>
<biblstruct>
<biblscope n="" type="volume"></biblscope>
<biblscope n="" type="part"></biblscope>
</biblstruct></publicationstmt>
<sourcedesc>
<p>Издание подготовлено Мандельштамовским обществом</p>
</sourcedesc>
<respstmt>
<resp>Подготовка и разметка файлов - Алексей Литвинцев, Вероника Файнберг. Создание
          электронного ресурса - Тимофей Молчанов. Руководители проекта - Центр Digital Humanities,
          Мандельштамовское общество (НИУ ВШЭ).</resp>
</respstmt></filedesc>
<profiledesc>
<textdesc n="prose"></textdesc>
<textclass>
<catref target="Series([], Name: ID, dtype: object)" type="ID"></catref>
<catref target="Series([], Name: Источник, dtype: object)" type="Источник"></catref>
<catref target="Series([], Name: Жанр художественной литературы, dtype: object)" type="Жанр художественной литературы"></catref>
<catref target="Series([], Name: Уточнение жанра 1, dtype: object)" type="Уточнение жанра"></catref>
<catref target="Series([], Name: Метр, dtype: object)" type="Метр"></catref>
<catref target="Series([], Name: Длина строки, dtype: object)" type="Длина строки"></catref>
<catref target="Series([], Name: Клаузула, dtype: object)" type="Клаузула"></catref>
<catref target="Series([], Name: Уточнение клаузулы 1, dtype: object)" type="Уточнение клаузулы"></catref>
<catref target="Series([], Name: Классическая строфа, dtype: object)" type="Классическая строфа"></catref>
<catref target="Series([], Name: Рифма, dtype: object)" type="Рифма"></catref>
<catref target="Series([], Name: Схема рифмовки, dtype: object)" type="Схема рифмовки"></catref>
<catref target="Series([], Name: Метрическая формула, dtype: object)" type="Метрическая формула"></catref>
<catref target="Series([], Name: Дополнительные параметры, dtype: object)" type="Дополнительные параметры"></catref>
<catref target="Series([], Name: Число строк, dtype: int64)" type="Число строк"></catref>
<catref target="Series([], Name: Автор оригинала, dtype: object)" type="Автор оригинала"></catref>
<catref target="Series([], Name: Язык оригинала, dtype: object)" type="Язык оригинала"></catref>
</textclass></profiledesc>
</teiheader>
<text>
<body>
<div1 n="2" type="volume">
<div2 n="222" type="part">
<head>222.
ЖЮЛЬ РОМЭН. ОБОРМОТЫ
ПРЕДИСЛОВИЕ К РУССКОМУ ИЗДАНИЮ</head>
<p>В литературе и общественном мнении старой Европы — до возникновения фашизма и неизбежного вовлечения буржуазной молодежи в политическую борьбу — существовал взгляд на студенчество как на привилегированную касту, временно освобожденную от преклонения перед авторитетами и государственными установлениями, условно свободную и безобидно оппозиционную по отношению к мировоззрению господствующих сил. Лучше всего это отношение передается немецким выражением austoben: студенчество должно перебеситься. На студенческие шалости глядели сквозь пальцы, — будь то простое буйство в кафе, глумление над профессором или даже издевательство над полицейским и бюргерским порядком, — и подобная снисходительность была более чем благоразумна и оправдана необходимостью. Нужно помнить, как и из кого формируется западное студенчество. С помощью каждого нового студенческого набора буржуазия получает и усваивает новые соки из полубуржуазных, полуремесленных и даже крестьянских слоев и незаметно растворяет их. Эти наборы господствующим классам необходимы — и что же удивительного, если последние проявляют некоторый педагогический такт, соглашаясь на безобидное буйство молодежи, смешанной и подозрительной по социальному составу, пока она не будет обработана под нужный цвет и закал колесами высшей школы.<rs ref="Европа" type="geo_index"></rs></p>
<p>«Обормоты» Жюля Ромэна завершают, во французской литературе, длинную цепь студенческих буйств и мистификаций, начинающуюся еще в пятнадцатом веке подменой вывесок и глумлением над городской стражей, о которых рассказывает мэтр Франсуа Вийон. Но «Обормоты» Жюля<rs ref="Вийон, Франсуа" type="person"></rs><rs ref="Ромэн (Ромен), Жюль" type="person"></rs></p>
<p>Ромэна, по глубине мистификации, по силе темперамента, по далеко не б��зобидному яду своих шалостей, позволяют поставить вопрос: сможет ли <rs ref="Ромэн (Ромен), Жюль" type="person"></rs></p>
<p> студенчество, даже получив нужную обработку, делать дело буржуазии и не является ли оно уже по-настоящему неблагонадежным и социально неблагополучным?</p>
<p>Все герои этой книги — будущие инженеры или юристы, нотариусы или адвокаты. Все они получают из дому деньги, учатся между попойками и, в конце концов, добьются своих дипломов. Но замечательно при этом, что ни один из них не относится серьезно к своей положительной миссии в обществе и даже не в состоянии представить себя наделенным полномочиями власти или общественного положения.</p>
<p>В лице всех этих молодых людей мы видим как бы больших детей. Их отношение к взрослым, к миру политики, силы и власти, при всей своей напряженности и активности, — безответственно. Больше того: как группа, как содружество обормотов, они противопоставляют себя всему миру, и в этом возвеличении группы, в этом любовании первоначальным кристаллом симпатии и солидарности сказывается одно из глубочайших свойств художественной личности Жюля Ромэна. Группа обормотов вычислена и вычерчена писателем с правильностью геометрической фигуры. Это — один из многочисленных и едва ли не лучший опыт социальной кристаллографии Жюля Ромэна. Конечно, не будь вожака всей этой группы — Бенена, — ее не существовало бы. Более слабая инициатива у Брудье и Лесюера. Конечно, такая группа — соединение временное, позволяющее каждому из участников возможно дольше сохранить свое своеобразие и независимость. Распад группы обормотов, которая держится только стихийной симпатией и личным влиянием Бенена, — неизбежен. И после этого распада каждый из них станет на своё место. Но все же остается героическая эпопея жизнерадостных французских «школяров», наградивших тремя крупными щелчками государство, церковь и армию. Время действия обормотов — между франко-русским альянсом и войной, т.е. золотые годы буржуазного порядка. Обормоты объявляют этому порядку как бы весёлый террор. Три покушения, три мистификации, составляющие фабулу «Обормотов», — не только вспышки остроумия и буйной любви к жизни, не только безответственная студенческая игра, но целая программа творческой жизнерадостности и физиологического<rs ref="Ромэн (Ромен), Жюль" type="person"></rs></p>
<p>отвращения к господствующему порядку... Прошло всего несколько лет, и сейчас обормоты уже невозможны. То же брожение молодости сейчас проявилось бы иначе, но как завершение бессознательно революционного бунта европейского студенчества.</p>
<p>«Обормоты», несомненно, книга весьма значительная.</p>
<date when="1925">1925</date>
</div2>
</div1>
</body>
</text>
</tei>
