<?xml version='1.0' encoding='UTF8'?>
<tei xmlns="http://www.tei-c.org/ns/1.0">
<teiheader>
<filedesc>
<titlestmt>
<title>Татарские ковбои</title>
<author>О.Э. Мандельштам</author>
</titlestmt>
<publicationstmt>
<p>АРТ-БИЗНЕС-ЦЕНТР МОСКВА 1993</p>
<biblstruct>
<biblscope n="" type="volume"></biblscope>
<biblscope n="" type="part"></biblscope>
</biblstruct></publicationstmt>
<sourcedesc>
<p>Издание подготовлено Мандельштамовским обществом</p>
</sourcedesc>
<respstmt>
<resp>Подготовка и разметка файлов - Алексей Литвинцев, Вероника Файнберг. Создание
          электронного ресурса - Тимофей Молчанов. Руководители проекта - Центр Digital Humanities,
          Мандельштамовское общество (НИУ ВШЭ).</resp>
</respstmt></filedesc>
<profiledesc>
<textdesc n="prose"></textdesc>
<textclass>
<catref target="Series([], Name: ID, dtype: object)" type="ID"></catref>
<catref target="Series([], Name: Источник, dtype: object)" type="Источник"></catref>
<catref target="Series([], Name: Жанр художественной литературы, dtype: object)" type="Жанр художественной литературы"></catref>
<catref target="Series([], Name: Уточнение жанра 1, dtype: object)" type="Уточнение жанра"></catref>
<catref target="Series([], Name: Метр, dtype: object)" type="Метр"></catref>
<catref target="Series([], Name: Длина строки, dtype: object)" type="Длина строки"></catref>
<catref target="Series([], Name: Клаузула, dtype: object)" type="Клаузула"></catref>
<catref target="Series([], Name: Уточнение клаузулы 1, dtype: object)" type="Уточнение клаузулы"></catref>
<catref target="Series([], Name: Классическая строфа, dtype: object)" type="Классическая строфа"></catref>
<catref target="Series([], Name: Рифма, dtype: object)" type="Рифма"></catref>
<catref target="Series([], Name: Схема рифмовки, dtype: object)" type="Схема рифмовки"></catref>
<catref target="Series([], Name: Метрическая формула, dtype: object)" type="Метрическая формула"></catref>
<catref target="Series([], Name: Дополнительные параметры, dtype: object)" type="Дополнительные параметры"></catref>
<catref target="Series([], Name: Число строк, dtype: int64)" type="Число строк"></catref>
<catref target="Series([], Name: Автор оригинала, dtype: object)" type="Автор оригинала"></catref>
<catref target="Series([], Name: Язык оригинала, dtype: object)" type="Язык оригинала"></catref>
</textclass></profiledesc>
</teiheader>
<text>
<body>
<div1 n="2" type="volume">
<div2 n="226" type="part">
<head>226.
ТАТАРСКИЕ КОВБОИ</head>
<p>Просмотр этой фильмы в АРК’е можно уподобить разве необычайному зрелищу «Илиады», говорящей сама о себе. Благодаря любезности творцов этого произведения, мы ознакомились с эпическими стихиями, обусловившими наслоения и напластования этой чудовищной фильмы.</p>
<p>Чебуречно-минаретный Крым сам по себе является заманчивой областью для кино-налётов, и, несмотря на то, что смелые исследователи говорили о своей «экспедиции» с дрожью в голосе, с суровыми интонациями, словно об исследовании тибетских недр, — она не нуждается ни в объяснениях, ни в оправданиях.<rs ref="Крым" type="geo_index"></rs></p>
<p>Воистину, нужно быть каменным человеком, чтобы не испытать живейшего восторга перед очаровательно-нелепым воображением авторов «Песни на камне».</p>
<p>Так говорить о Крыме, о татарах, о моменте, отстоящем от нас на какие-нибудь 10—15 лет, может только иностранец. У нас создаётся впечатление, что сценарий составлен интеллигентным парагвайцем или аргентинцем, что элементарнейшее представление о царском Крыме, его социальных отношениях и т.д. искажены с причудливой экзотической дерзостью.<rs ref="Крым" type="geo_index"></rs></p>
<p>Татары охотятся на исправника и на полицейских с остервенением настоящих индейцев. На мирном крымском шоссе на шею исправника накидывают лассо, тащат его куда-то вверх на скалу. Вооруженных всадников</p>
<p>обезоруживают, как маленьких детей. Всё это безнаказанно производится самым мирным и кротким из всех окраинных народов царской России, крымскими татарами, теми самыми, социальная пассивность которых была широко использована царской властью.<rs ref="Россия (СССР)" type="geo_index"></rs></p>
<p>В прозаичнейшей курортной крымской Элладе автор сценария отыскал какую-то пещеру и поселил в ней каких-то одичавших отшельников-ветеранов никогда не существовавшей татарской революции.<rs ref="Эллада" type="geo_index"></rs></p>
<p>«С этим пистолетом я боролся ещё с ханскими опричниками».</p>
<p>Эта изумительная надпись вводит нас в самую гущу экзотической фильмы. Она реет над ней, как великолепный лозунг. Из пистолетов по ханским (?) опричникам. Лассо на исправников. Бизонов в крымские прерии.</p>
<p>Авторы заявляют, что хотели дать бытовую фильму. Крым они упорно называют Востоком, и, нужно отдать им справедливость, они сделали всё возможное, чтобы вытравить из реальной картины Крыма всё, оскверняющее эту сомнительную экзотическую девственность. Попробуйте выйти на любое крымское шоссе, чтобы не встретить экипажа, автомобиля, каких-нибудь «европейцев», дачников, вообще отнюдь не татар.<rs ref="Крым" type="geo_index"></rs></p>
<p>Где и когда видано, чтобы татары жили в Крыму с патриархальной замкнутостью, словно какие-нибудь горцы в саклях при Шамиле? Осторожные творцы странной фильмы ограничили поле своих наблюдений, очевидно, одним Бахчисараем и, делая вылазки на побережье (понадобились волны), тщательно следили за тем, чтобы ничто постороннее не вторглось в чебуречно-овечий стиль.<rs ref="Бахчисарай" type="geo_index"></rs><rs ref="Крым" type="geo_index"></rs><rs ref="Шамиль" type="person"></rs></p>
<p>Стерилизованные таким образом татары только и делают, что пляшут, борются на праздниках, продают друг другу чебуреки.</p>
<p>По заявлению режиссёра, экспедиция в Крыму гнушалась воспроизведением и подделкой быта и пользовалась исключительно услугами местного населения, заставляя его изображать интересные номера. Этот способ работы дал убогие и фальшивые плоды. Население действительно постаралось для высоких путешественников. Так подходя к сырому человеческому материалу, можно лишь выявить потенциально дремлющие в нём свойства плохих актёров.<rs ref="Крым" type="geo_index"></rs></p>
<p>Действительно опытная режиссёрская рука чувствуется лишь в эпизоде похорон, порученном (по выражению</p>
<p>авторов, отданном на откуп) — прекрасному постановщику, настоящему мулле. Мулла и его ритуальные помощники оказались профессионалами, и татарские похороны вышли у них не за страх, а за совесть.</p>
<p>Режиссеру, конечно, не удалось избегнуть кино-вампуки. Массовые сцены поражают своей безалаберностью и опереточной фальшью. Игра отдельных «актеров» безвкусна и трафаретна.</p>
<p>О технике этой фильмы не хочется говорить, настолько приковывает внимание ее исключительно забавная композиционная нелепость. Зритель никогда не забудет граничащего с нервным шоком недоумения, которое он испытал, когда «татары» ни с того ни с сего замахали руками и с яростью набросились на пресловутого исправника, появившегося на народном празднике.</p>
<p>Незабываемый исправник с баками Александра II и пистолет из татарской пещеры, к сожалению, не одиноки.<rs ref="Александр II" type="person"></rs></p>
<p>Растет поколение, которое по таким фильмам будет создавать своё представление о вчерашнем дне. Стыдно перед детьми. И перед татарами.</p>
<date when="1926">1926</date>
</div2>
</div1>
</body>
</text>
</tei>
