<?xml version='1.0' encoding='UTF8'?>
<tei xmlns="http://www.tei-c.org/ns/1.0">
<teiheader>
<filedesc>
<titlestmt>
<title>Киев («Трамвайчик бежит вниз к Подолу...»)</title>
<author>О.Э. Мандельштам</author>
</titlestmt>
<publicationstmt>
<p>АРТ-БИЗНЕС-ЦЕНТР МОСКВА 1993</p>
<biblstruct>
<biblscope n="" type="volume"></biblscope>
<biblscope n="" type="part"></biblscope>
</biblstruct></publicationstmt>
<sourcedesc>
<p>Издание подготовлено Мандельштамовским обществом</p>
</sourcedesc>
<respstmt>
<resp>Подготовка и разметка файлов - Алексей Литвинцев, Вероника Файнберг. Создание
          электронного ресурса - Тимофей Молчанов. Руководители проекта - Центр Digital Humanities,
          Мандельштамовское общество (НИУ ВШЭ).</resp>
</respstmt></filedesc>
<profiledesc>
<textdesc n="prose"></textdesc>
<textclass>
<catref target="Series([], Name: ID, dtype: object)" type="ID"></catref>
<catref target="Series([], Name: Источник, dtype: object)" type="Источник"></catref>
<catref target="Series([], Name: Жанр художественной литературы, dtype: object)" type="Жанр художественной литературы"></catref>
<catref target="Series([], Name: Уточнение жанра 1, dtype: object)" type="Уточнение жанра"></catref>
<catref target="Series([], Name: Метр, dtype: object)" type="Метр"></catref>
<catref target="Series([], Name: Длина строки, dtype: object)" type="Длина строки"></catref>
<catref target="Series([], Name: Клаузула, dtype: object)" type="Клаузула"></catref>
<catref target="Series([], Name: Уточнение клаузулы 1, dtype: object)" type="Уточнение клаузулы"></catref>
<catref target="Series([], Name: Классическая строфа, dtype: object)" type="Классическая строфа"></catref>
<catref target="Series([], Name: Рифма, dtype: object)" type="Рифма"></catref>
<catref target="Series([], Name: Схема рифмовки, dtype: object)" type="Схема рифмовки"></catref>
<catref target="Series([], Name: Метрическая формула, dtype: object)" type="Метрическая формула"></catref>
<catref target="Series([], Name: Дополнительные параметры, dtype: object)" type="Дополнительные параметры"></catref>
<catref target="Series([], Name: Число строк, dtype: int64)" type="Число строк"></catref>
<catref target="Series([], Name: Автор оригинала, dtype: object)" type="Автор оригинала"></catref>
<catref target="Series([], Name: Язык оригинала, dtype: object)" type="Язык оригинала"></catref>
</textclass></profiledesc>
</teiheader>
<text>
<body>
<div1 n="2" type="volume">
<div2 n="228" type="part">
<head>228.
КИЕВ</head>
<p>Трамвайчик бежит вниз к Подолу. Слободка и Туруханов Остров — еще под водой. Свайная, мещанская Венеция. За все великолепие верхнего города всегда расплачивался Подол. Подол горел. Подол тонул. Подол громили. Подол выдержан в строго-плюгавом стиле. Целая улица торгует готовым платьем. Вывески — «Лувр», «Змичка».<rs ref="Венеция" type="geo_index"></rs><rs ref="Киев" type="geo_index"></rs><rs ref="Киев" type="geo_index"></rs><rs ref="Киев" type="geo_index"></rs></p>
<p>На площади Контрактов (киевская ярмарка) — деревянный кукиш каланчи, уездный гостиный двор, луковки подворий.<rs ref="Киев" type="geo_index"></rs></p>
<p>Презрение к Подолу чрезвычайно распространено в буржуазном городе:<rs ref="Киев" type="geo_index"></rs></p>
<p>«Она кричит, как на Подоле», «У нее шляпка с Подола», «Что вы от него хотите? Он торгует на Подоле».<rs ref="Киев" type="geo_index"></rs></p>
<p>Плоскими улицами Подола я вышел на Днепр к старику Розинеру, несчастному лесопильному компаньону. Мудрый семьянин и старейшина лесного дела сидел на теплой шершавой доске, у ног его лежали нежные как гагачий пух опилки. Он понюхал щепотку древесной пыли и сказал:<rs ref="Днепр" type="geo_index"></rs><rs ref="Киев" type="geo_index"></rs><rs ref="Розинер," type="person"></rs></p>
<p>— Эта балка — больная, чахоточная... Разве так пахнет здоровое дерево?</p>
<p>И, взглянув на меня желтыми овечьими глазами, заплакал, как плачет дерево — смолой.</p>
<p>— Вы не знаете, что такое — частный капитал! Частный капитал это мученик! — и старик развел руками, изображая беспомощность и казнь частного капитала.</p>
<p>Мученики частного капитала чтут память знаменитого подрядчика Гинзбурга, баснословного домовладельца, который умер нищим (киевляне любят сильные выражения) в советской больнице. Но можно еще жить, пока есть крепкое изюмное вино, любой день превращающее в Пасху, густые прозрачные наливки, чей вкус — само удивление, и солоноватое вишневое варенье.<rs ref="Гинзбург," type="person"></rs></p>
<p>На этот раз я не застал в Киеве никаких слухов и никаких крылатых вымыслов, за исключением твердой уверенности, что в Ленинграде идет снег.<rs ref="Киев" type="geo_index"></rs></p>
<p>Одно в Киеве очень страшно: это — страх людей перед увольнением, перед безработицей.<rs ref="Киев" type="geo_index"></rs></p>
<p>— У меня в жизни была цель. Много ли человеку нужно? Маленькую службочку!</p>
<p>«Службочка» произносится с дрожью в голосе, со слезами влюбленности.</p>
<p>Потерять работу можно по увольнению (режим экономии) и украинизации (незнание государственного языка), но получить ее невозможно. Сокращенный или сокращенная даже не сопротивляются, а просто обмирают, как жук, перевернутый на спину, или ошпаренная муха. Заболевших раком не убивают. Но их сторонятся.</p>
<p>Вместо серной кислоты обиженные киевские жены мстят мужьям, добиваясь их увольнения. Я слышал такие рассказы в зловеще-романтическом киевском стиле.</p>
<p>Прислушайтесь к говору киевской толпы: какие</p>
<p>неожиданные, какие странные обороты! Южно-русское наречие цветет — нельзя отказать ему в выразительности.</p>
<p>«Не езди коляску в тени, езди ее по солнцу!»</p>
<p>А сколько милых выражений, произносимых нараспев, как формулы жизнелюбия: «Она цветет, как роза», «Он здоров, как бык» — и на все лады спрягаемый глагол — «поправляться».</p>
<p>Да, велико жизнелюбие киевлян. У входа в пышные приднепровские сады стоят палатки с медицинскими весами. Тут же «докторский электрический автомат», помогающий от всех болезней. Очередь — на весы. Очередь — к автомату.</p>
<p>На Прорезной я видел богомолок. Сотня босых баб шла гуськом, а впереди — монашек-чичероне. Бабы шли, не озираясь, слепые ко всему окружению, не любопытные и враждебные, как по турецкому городу.<rs ref="Киев" type="geo_index"></rs></p>
<p>Странное и горькое впечатление от нынешнего Киева. Необычайно по-прежнему жизнелюбие маленьких людей и глубока их беспомощность. У города большая и живучая коллективная душа. Глубоким тройным дыханием дышит украино-еврейско-русский город.<rs ref="Киев" type="geo_index"></rs></p>
<p>Немногое напоминает о годах эпической борьбы. Еще торчит на Крещатике остов семиэтажной громады, зияющей сквозными пролетами как Колизей, а напротив другая громада, с зо��отыми банковскими вывесками.<rs ref="Киев" type="geo_index"></rs><rs ref="Рим" type="geo_index"></rs></p>
<p>Днепр входит в берега. Пространство — как загрунтованный пол. Пространство врывается в город отовсюду, и широкая просека Бибиковского бульвара по-прежнему открыта — на этот раз не вражеским полчищам, а теплым майским ветрам.<rs ref="Днепр" type="geo_index"></rs><rs ref="Киев" type="geo_index"></rs></p>
<date when="1926">1926</date>
</div2>
</div1>
</body>
</text>
</tei>
