<?xml version='1.0' encoding='UTF8'?>
<tei xmlns="http://www.tei-c.org/ns/1.0">
<teiheader>
<filedesc>
<titlestmt>
<title>«Березіль»</title>
<author>О.Э. Мандельштам</author>
</titlestmt>
<publicationstmt>
<p>АРТ-БИЗНЕС-ЦЕНТР МОСКВА 1993</p>
<biblstruct>
<biblscope n="" type="volume"></biblscope>
<biblscope n="" type="part"></biblscope>
</biblstruct></publicationstmt>
<sourcedesc>
<p>Издание подготовлено Мандельштамовским обществом</p>
</sourcedesc>
<respstmt>
<resp>Подготовка и разметка файлов - Алексей Литвинцев, Вероника Файнберг. Создание
          электронного ресурса - Тимофей Молчанов. Руководители проекта - Центр Digital Humanities,
          Мандельштамовское общество (НИУ ВШЭ).</resp>
</respstmt></filedesc>
<profiledesc>
<textdesc n="prose"></textdesc>
<textclass>
<catref target="Series([], Name: ID, dtype: object)" type="ID"></catref>
<catref target="Series([], Name: Источник, dtype: object)" type="Источник"></catref>
<catref target="Series([], Name: Жанр художественной литературы, dtype: object)" type="Жанр художественной литературы"></catref>
<catref target="Series([], Name: Уточнение жанра 1, dtype: object)" type="Уточнение жанра"></catref>
<catref target="Series([], Name: Метр, dtype: object)" type="Метр"></catref>
<catref target="Series([], Name: Длина строки, dtype: object)" type="Длина строки"></catref>
<catref target="Series([], Name: Клаузула, dtype: object)" type="Клаузула"></catref>
<catref target="Series([], Name: Уточнение клаузулы 1, dtype: object)" type="Уточнение клаузулы"></catref>
<catref target="Series([], Name: Классическая строфа, dtype: object)" type="Классическая строфа"></catref>
<catref target="Series([], Name: Рифма, dtype: object)" type="Рифма"></catref>
<catref target="Series([], Name: Схема рифмовки, dtype: object)" type="Схема рифмовки"></catref>
<catref target="Series([], Name: Метрическая формула, dtype: object)" type="Метрическая формула"></catref>
<catref target="Series([], Name: Дополнительные параметры, dtype: object)" type="Дополнительные параметры"></catref>
<catref target="Series([], Name: Число строк, dtype: int64)" type="Число строк"></catref>
<catref target="Series([], Name: Автор оригинала, dtype: object)" type="Автор оригинала"></catref>
<catref target="Series([], Name: Язык оригинала, dtype: object)" type="Язык оригинала"></catref>
</textclass></profiledesc>
</teiheader>
<text>
<body>
<div1 n="2" type="volume">
<div2 n="229" type="part">
<head>229.
«БЕРЕЗІЛЬ»</head>
<p>Ещё несколько лет тому назад украинский театр был стихийным, бытовым явлением, он был отдан на волю случая, на произвол личного таланта, сочетал рутину с живым блеском, жил ощупью и наугад.</p>
<p>Старый украинский театр отличался громадной живучестью — и в мелодраме, и в музыкальной комедии он</p>
<p>хранил своеобразие жестких и скудных форм, сковывая актёров, угождая неприхотливому зрителю. Украинский театр не прошел через литературную выучку, через могучее преобладание литературы. Он никогда не был театром мещанских «проблем», никогда не был психологическим театром...<rs ref="Украина" type="geo_index"></rs></p>
<p>В этом смысле ему, быть может, посчастливилось: он был зрелищем, насыщенным примитивной театральностью. В нем всегда были сильны элементы балагана, он мог бы легко, при других условиях, дать ростки и комедии и драмы, глубоко народных, с большой самостоятельностью актера, с тяготением к импровизации, с летучим и условным оформлением...</p>
<p>Но случилось так, что к революции на Украине созрело поколение с громадным зарядом театральности, не отягощенное традицией, — театр без литературы, без психологии, обращенный к зрителю через голову автора.<rs ref="Украина" type="geo_index"></rs></p>
<p>«Березіль» за четыре года своей работы застроил многообразными и временными постройками дикое поле старого украинского театра. Эта застройка производилась с лихорадочной поспешностью. С такой быстротой строятся верфи перед войной, воздвигаются баррикады и строятся окопы. В работе «Березіля» есть нечто общее с работой всякого основоположника: он стремился в кратчайший срок дать образцы разнообразнейших жанров, наметить все возможности, закрепить все формы.</p>
<p>Театр «Жакерии», «Коммуны в степях», «Гайдамаков» и «Шпаны» — это не единый театр, а несколько борющихся направлений. «Березілю» предстоит почетный и б��аготворный распад: из него выйдут основные типы будущего украинского театра и, работая раздельно, продолжат его дело.</p>
<p>Необычайно важным для театра был момент его зарожденья. Он родился в эпоху летучих, перегорающих как порох постановок в прифронтовой полосе, окруженный армейскими и клубными театриками; он родился в эпоху подневольной театральности, военно-революционной театральной повинности, когда режиссерствовал паек, и, право же, иногда неплохо!</p>
<p>К малым театральным формам революции «Березіль» отнесся без высокомерия. Он усвоил от них партизанскую подвижность, легкость свертывания и развертывания, уменье перемигнуться с зрителем, завербовать его и через месяц вернуться уже другим.</p>
<p>В работе «Березіля» есть течение, прямо идущее от непрофессионального клубного театра; оно сильно в «Коммуне в степях» и в «Джимми Хиггинсе». Здесь «Березіль» — старший брат «клуба».</p>
<p>Даже в самых праздничных и пышных постановках «Березіля» чувствуется «живая картина», самое примитивное достижение революционного театра. В «Гайдамаках» есть «живые картины», великолепные, как старый украинский лубок. И эта постановка принадлежит театру, который в «Шпане» показал, как театральное движение преображает сырой чаплинизм в торжествующую новую комедию!</p>
<p>Другим могучим влиянием, сформировавшим «Березіль», было влияние театральной Москвы. В «Березіле» борются театры Мейерхольда и Камерный; отдаленно чувствуются отголоски всевозможных «старинных» театров, процветавших еще до войны и переваливших в лице Камерного и многих студий через революцию.<rs ref="Москва" type="geo_index"></rs><rs ref="Москва" type="geo_index"></rs><rs ref="Москва" type="geo_index"></rs><rs ref="Мейерхольд, Всеволод Эмильевич" type="person"></rs></p>
<p>Скелетообразность конструкций и цветущая пышность живописи — вот два полюса режиссуры «Березіля». Среди конструкций постоянно движутся разряженные цветные шахматы — действующие лица; в отвлеченной клетке мечутся живые фигуры, сошедшие то с украинского лубка, то со стилизованной западной гравюры, то с английской карикатуры.</p>
<p>Наконец, в «Березіле» пробиваются воспоминания о «нутряном» театре (актерская читка в «Жакерии») и продолжаются, несмотря ни на что, некоторые приемы старой украинской оперетки и мелодрамы.</p>
<p>Когда-то в том же «бывшем Соловцовском» театре шла «Фуэнте Овехуна»: вот этот спектакль — по прямой линии от «старинного театра» барона Дризена! А «Жакерию» «Березіля» можно посадить на грузовики и повезти по городу.<rs ref="Дризен (Остен-Дризен), Николай Васильевич" type="person"></rs></p>
<p>Ещё одно свойство «Березіля»: он все время не теряет связи с революционным уличным карнавалом. Мы уже привыкли к платформам, на которых стоят наивные капиталисты в лоснящихся цилиндрах, первомайские генералы в эполетах и т.д. Однако им суждено повлиять на судьбу театра...</p>
<p>Все сказанное о «Березіле» свидетельствует о его тяготении к массовому зрителю. Театр — основоположник украинской театральной культуры — верен своему назначению и в «Макбете», и в «Шпане».</p>
<date when="1926">1926</date>
</div2>
</div1>
</body>
</text>
</tei>
