<?xml version='1.0' encoding='UTF8'?>
<tei xmlns="http://www.tei-c.org/ns/1.0">
<teiheader>
<filedesc>
<titlestmt>
<title>Макс Бартель. Завоюем мир! Предисловие к русскому изданию</title>
<author>О.Э. Мандельштам</author>
</titlestmt>
<publicationstmt>
<p>АРТ-БИЗНЕС-ЦЕНТР МОСКВА 1993</p>
<biblstruct>
<biblscope n="" type="volume"></biblscope>
<biblscope n="" type="part"></biblscope>
</biblstruct></publicationstmt>
<sourcedesc>
<p>Издание подготовлено Мандельштамовским обществом</p>
</sourcedesc>
<respstmt>
<resp>Подготовка и разметка файлов - Алексей Литвинцев, Вероника Файнберг. Создание
          электронного ресурса - Тимофей Молчанов. Руководители проекта - Центр Digital Humanities,
          Мандельштамовское общество (НИУ ВШЭ).</resp>
</respstmt></filedesc>
<profiledesc>
<textdesc n="prose"></textdesc>
<textclass>
<catref target="Series([], Name: ID, dtype: object)" type="ID"></catref>
<catref target="Series([], Name: Источник, dtype: object)" type="Источник"></catref>
<catref target="Series([], Name: Жанр художественной литературы, dtype: object)" type="Жанр художественной литературы"></catref>
<catref target="Series([], Name: Уточнение жанра 1, dtype: object)" type="Уточнение жанра"></catref>
<catref target="Series([], Name: Метр, dtype: object)" type="Метр"></catref>
<catref target="Series([], Name: Длина строки, dtype: object)" type="Длина строки"></catref>
<catref target="Series([], Name: Клаузула, dtype: object)" type="Клаузула"></catref>
<catref target="Series([], Name: Уточнение клаузулы 1, dtype: object)" type="Уточнение клаузулы"></catref>
<catref target="Series([], Name: Классическая строфа, dtype: object)" type="Классическая строфа"></catref>
<catref target="Series([], Name: Рифма, dtype: object)" type="Рифма"></catref>
<catref target="Series([], Name: Схема рифмовки, dtype: object)" type="Схема рифмовки"></catref>
<catref target="Series([], Name: Метрическая формула, dtype: object)" type="Метрическая формула"></catref>
<catref target="Series([], Name: Дополнительные параметры, dtype: object)" type="Дополнительные параметры"></catref>
<catref target="Series([], Name: Число строк, dtype: int64)" type="Число строк"></catref>
<catref target="Series([], Name: Автор оригинала, dtype: object)" type="Автор оригинала"></catref>
<catref target="Series([], Name: Язык оригинала, dtype: object)" type="Язык оригинала"></catref>
</textclass></profiledesc>
</teiheader>
<text>
<body>
<div1 n="2" type="volume">
<div2 n="223" type="part">
<head>223.
МАКС БАРТЕЛЬ. ЗАВОЮЕМ МИР!
ПРЕДИСЛОВИЕ К РУССКОМУ ИЗДАНИЮ</head>
<p>На примере Бартеля мы видим, как историческая необходимость создает классового поэта из чуждого материала, перерабатывая в горниле классовой борьбы идеалистическую психологию, преодолевая символизм и заставляя служить интересам масс весь арсенал буржуазной поэтики.<rs ref="Бартель, Макс" type="person"></rs></p>
<p>В Германии пролетарская поэзия возникла путем отщепления от глыбы бюргерской символической поэзии. В Бартеле еще свежа эта трещина: так блестит свежестью излома только что отбитый кусок кварца.<rs ref="Германия" type="geo_index"></rs><rs ref="Германия" type="geo_index"></rs><rs ref="Бартель, Макс" type="person"></rs><rs ref="Гервег, Георг" type="person"></rs></p>
<p>Кто предки Бартеля? С одной стороны, вся вековая мудрость германского символизма с ее родоначальником Гёте, а с другой — Фрейлиграт, Гервег и немногие другие литературные одиночки-революционеры.<rs ref="Германия" type="geo_index"></rs><rs ref="Бартель, Макс" type="person"></rs><rs ref="Гервег, Георг" type="person"></rs><rs ref="Гервег, Георг" type="person"></rs><rs ref="Фрейлиграт, Фердинанд" type="person"></rs></p>
<p>Поэзия Бартеля, как он сам признает в предисловии к «Arbeiterseele» («Душа рабочего»), есть точное отображение душевного перелома тех элементов рабочего юношества, которые можно назвать пролетарской интеллигенцией, перелома весьма длительного: от первых его моментов, когда это юношество призвала в свои ряды <rs ref="Бартель, Макс" type="person"></rs></p>
<p>, и дальше, по всем извилинам революционного пути.</p>
<p>Между культурой и рабочей молодежью стоит решетка государства и классового насилия. «Решетку» надо разбить. </p>
<p> Решетка — излюбленный Бартелем символ: см. его «Страну за решеткой» <rs ref="Бартель, Макс" type="person"></rs></p>
<p>.</p>
<p>Тоска по обетованной стране культуры, которую должен завоевать пролетариат, напоминает у Бартеля тягу старших немецких поэтов к Ита��ии, к блаженному югу. В его «Утопии» — жгуче-синее небо, растут лавры и т.п.<rs ref="Италия" type="geo_index"></rs><rs ref="Бартель, Макс" type="person"></rs></p>
<p>Это —</p>
<p> оправданный</p>
<p>противоречием в самом существе положения германской рабочей массы.</p>
<p>В лице Бартеля германская поэзия, насыщенная музыкой и мощным чувством природы (чувством космическим), пошла на службу революции. Интересно, как пульсируют у Бартеля самые обычные «поэтические» образы: так, например, лес неоднократно становится у него, с глубокой внутренней логикой, воплощением коллективной мощи и действия:<rs ref="Бартель, Макс" type="person"></rs></p>
<p>Если бы не война и не русская революция, мы бы никогда не увидели Бартеля во весь рост. История оставит за ним имя поэта германского «Марта», поэта 19-го года, подобно тому, как Барбье был вынесен на гребне революции 1830 года.<rs ref="Бартель, Макс" type="person"></rs></p>
<p>Жажда действия, стыд бессилия, братский укор русского примера, вся нравственная трагедия на этот раз уже не одной молодежи, а мучительно созревшего</p>
<p> — все это выражено Бартелем позднейшего периода с чисто германской мужественностью.<rs ref="Бартель, Макс" type="person"></rs></p>
<p>Когда читаешь Бартеля, нельзя забывать огромное значение <rs ref="Бартель, Макс" type="person"></rs></p>
<p> в общественной жизни Германии. Певческие союзы (gesangvereine) в буржуазных, студенческих и рабочих кругах Германии — политическая сила, агитационные аппараты.<rs ref="Германия" type="geo_index"></rs><rs ref="Германия" type="geo_index"></rs><rs ref="Гервег, Георг" type="person"></rs></p>
<p>И Бартель своими стихотворными брошюрками: «Revolutionäre Gedichte» («Стихи революции»), собранными в «Утопии», обращается не просто к массе, а к поющей массе. Формально — выученик германского символизма, исторически — ученик войны и русской революции, он пытается претворить ее в кровь и голос германского пролетариата.<rs ref="Бартель, Макс" type="person"></rs><rs ref="Бартель, Макс" type="person"></rs></p>
<p> Из ст-ния N 145.</p>
<date when="1925">1925</date>
<note>
1 Решетка — излюбленный Бартелем символ: см. его «Страну за решеткой» (Пpимеч. О. Мандельштама).

1 Из ст-ния N 145.
</note>
<rs ref="Бартель, Макс" type="person"></rs>
</div2>
</div1>
</body>
</text>
</tei>
