<?xml version='1.0' encoding='UTF8'?>
<tei xmlns="http://www.tei-c.org/ns/1.0">
<teiheader>
<filedesc>
<titlestmt>
<title>«Березиль» (Из киевских впечатлений)</title>
<author>О.Э. Мандельштам</author>
</titlestmt>
<publicationstmt>
<p>АРТ-БИЗНЕС-ЦЕНТР МОСКВА 1993</p>
<biblstruct>
<biblscope n="" type="volume"></biblscope>
<biblscope n="" type="part"></biblscope>
</biblstruct></publicationstmt>
<sourcedesc>
<p>Издание подготовлено Мандельштамовским обществом</p>
</sourcedesc>
<respstmt>
<resp>Подготовка и разметка файлов - Алексей Литвинцев, Вероника Файнберг. Создание
          электронного ресурса - Тимофей Молчанов. Руководители проекта - Центр Digital Humanities,
          Мандельштамовское общество (НИУ ВШЭ).</resp>
</respstmt></filedesc>
<profiledesc>
<textdesc n="prose"></textdesc>
<textclass>
<catref target="Series([], Name: ID, dtype: object)" type="ID"></catref>
<catref target="Series([], Name: Источник, dtype: object)" type="Источник"></catref>
<catref target="Series([], Name: Жанр художественной литературы, dtype: object)" type="Жанр художественной литературы"></catref>
<catref target="Series([], Name: Уточнение жанра 1, dtype: object)" type="Уточнение жанра"></catref>
<catref target="Series([], Name: Метр, dtype: object)" type="Метр"></catref>
<catref target="Series([], Name: Длина строки, dtype: object)" type="Длина строки"></catref>
<catref target="Series([], Name: Клаузула, dtype: object)" type="Клаузула"></catref>
<catref target="Series([], Name: Уточнение клаузулы 1, dtype: object)" type="Уточнение клаузулы"></catref>
<catref target="Series([], Name: Классическая строфа, dtype: object)" type="Классическая строфа"></catref>
<catref target="Series([], Name: Рифма, dtype: object)" type="Рифма"></catref>
<catref target="Series([], Name: Схема рифмовки, dtype: object)" type="Схема рифмовки"></catref>
<catref target="Series([], Name: Метрическая формула, dtype: object)" type="Метрическая формула"></catref>
<catref target="Series([], Name: Дополнительные параметры, dtype: object)" type="Дополнительные параметры"></catref>
<catref target="Series([], Name: Число строк, dtype: int64)" type="Число строк"></catref>
<catref target="Series([], Name: Автор оригинала, dtype: object)" type="Автор оригинала"></catref>
<catref target="Series([], Name: Язык оригинала, dtype: object)" type="Язык оригинала"></catref>
</textclass></profiledesc>
</teiheader>
<text>
<body>
<div1 n="2" type="volume">
<div2 n="230" type="part">
<head>230.
«БЕРЕЗИЛЬ»
</head>
<p>Я видел только проводы «Березиля» — мозаичный праздничный спектакль, составленный из отрывков. Этого бесконечно мало, чтобы составить суждение о театре, но слишком достаточно, чтобы почувствовать его вкус.</p>
<p>Маленький Соловцовский театр был наэлектризован. Каждый фрагмент и провозглашаемая фамилия режиссера встречались аплодисментами. Я пришел к концу пира, а потому было трудно догнать восторг и опьянение обычных зрителей «Березиля».</p>
<p>Все фрагменты говорили об одном: это глубоко демократический театр, театр страны, где не может быть ни снобизма, ни дендизма, где любой эстет осужден быть посмешищем.</p>
<p>Несколько слов о технических средствах «Березиля». По словам близко стоящих к театру лиц, самая дорогая постановка обошлась «Березилю» в полторы тысячи рублей (!). Принимая во внимание достижения «Березиля», это обязывает почти к гениальности.</p>
<p>«Жакерия» по Мериме, со своей готической конструкцией и пышной костюмерией, производит впечатление оперной роскоши. Сама пьеса неузнаваема: актеры играют ее так, как у нас играли бы «Царя Максимилиана». Конечно, это нарочно, как и всё в «Березиле» сознательно и нарочно.<rs ref="Киев" type="geo_index"></rs><rs ref="Мериме, Проспер" type="person"></rs></p>
<p>Главный упор театра: коллективное, массовое действие. Все самовластие, весь неограниченный деспотизм современного режиссера сказались в «Джимми Хиггинсе». Рядовой актер угнетен и превращен в сомнамбулу. Сомнамбулы в прозодежде говорят нараспев, протягивают руки, шарахаются, мечутся, карабкаются на ящики, изображающие Америку, и на лестницы: все по строжайшему, обдуманнейшему плану.<rs ref="Америка (США)" type="geo_index"></rs></p>
<p>В этих толлеровских и кайзеровских клетках и в Синклере, отделанном под Толлера, украинские актеры задыхаются, как травленые мыши. Здесь не помогут никакие табуреты и лестницы, потому что всюду рассыпан зеленый порошок литературной отравы. Украинский актер хочет жить и всем существом своим ненавидит конструктивную клетку, нумерованную западню и дуровскую дрессировку.<rs ref="Синклер, Эптон Билл" type="person"></rs><rs ref="Толлер, Эрнст" type="person"></rs></p>
<p>Ведь «Березиль» не единственный на Украине театр. Тут же, рядом, подвизается недисциплинированная «анархическая» труппа с национальным актером Саксаганским. Ведь в самом «Березиле» выросли такие буйные индивидуальные величины, как трагик Бучма, играющий так, что мороз пробегает по коже, словно в доброй старой мелодраме, и комик Крушельницкий, который очень скоро, подобно Варламову, попадет на папиросные коробки.<rs ref="Бучма, Амвросий Максимилианович" type="person"></rs><rs ref="Бучма, Амвросий Максимилианович" type="person"></rs><rs ref="Варламов, Константин Александрович" type="person"></rs><rs ref="Крушельницкий, Марьян Михайлович" type="person"></rs><rs ref="Саксаганский (Тобилевич), Панас (Афанасий) Карпович" type="person"></rs></p>
<p>Театральную молодежь заставляют непрерывно митинговать в лжеколлективных пьесах, где волнообразные движения толпы, ее органические приливы и отливы подменены рассудочным голосованием на сцене, где вместо хора, провозглашающего закон действия, и ропщущего человеческого моря на сцене всегда рассудочный, говорящий кворум.</p>
<p>Митингующая театральная толпа, как её понимает «Березиль» и многие другие революционные театры, в конечном счете даже не голосующий митинг, а «заседание» и ведет свое начало от революционной канцелярии.</p>
<p>Искусный и трезвый «Березиль», накапливая свое рассудочное мастерство, шествовал по суконным вершинам революционной драматургии — по «Газам», Толлерам и «Джимми», — и вдруг прорвало: ревет Бессарабка, ринулись в театры евреи с Подола: ничего не хотим, хотим «Шпану».<rs ref="Киев" type="geo_index"></rs><rs ref="Киев" type="geo_index"></rs><rs ref="Толлер, Эрнст" type="person"></rs></p>
<p>А «Шпана» возникла случайно, что называется, вне плана, на нее не возлагали надежд, сделали ее наспех, чуть ли не на затычку. «Идеология» в ней прихрамывает, содержание легковесно: какая-то чепуха про растратчиков, но так или иначе, киевляне подняли «Шпану», всенародно перенесли ее в цирк, валят на нее десятками тысяч и ни за что не выпускают из города.</p>
<p>Общее признание увенчало «Шпану». Получилась комедия большого стиля. «Березиль» вышел на новую увлекательную дорогу.</p>
<p>Этот молодой и глубоко рассудочный театр, осторожно увлекающийся биомеханикой, никак не может, однако, освободиться от обезьяньих лап экспрессионизма и театрального лжесимволизма, от толлеровщины. Я видел злостный по своей рассудочности трюк: актер Бучма (Джимми) переправлялся на канате из американского застенка в толпу, изображающую коллектив. Канатная переправа — Джимми черпает утешение в коллективе — и возвращается в застенок. Безумно точно, а потому безумно скучно.<rs ref="Бучма, Амвросий Максимилианович" type="person"></rs></p>
<p>Украинский актер по природе своей и традиции никогда не</p>
<p>потерпит обезличения. Ему претит деспотизм режиссера. В жилах его течет рассудочная, но солнечная мольеровская кровь. Ему бы самому писать пьесы, а в советчицы взять хоть курьершу, хоть зеленщицу с Бессарабки.<rs ref="Киев" type="geo_index"></rs></p>
<p>Не надо ужасов, не надо украинской табуретной Америки, не надо мистики, хотя бы и социальной, символических групп и канатных прыжков в коллектив.<rs ref="Америка (США)" type="geo_index"></rs></p>
<p>Украинский театр хочет быть рассудочным и прозрачным, чтобы на него изливалось румяное солнце Мольера.<rs ref="Мольер (Поклен), Жан-Батист" type="person"></rs></p>
<p>Наша советская комедия — «Мандаты» и «Воздушные пироги» — через голову Островского тянется к Гоголю. Украинская комедия движется вокруг Мольерова солнца. Трагедию и высокие жанры пока что заволакивают тучи. <rs ref="Гоголь, Николай Васильевич" type="person"></rs><rs ref="Мольер (Поклен), Жан-Батист" type="person"></rs><rs ref="Островский, Александр Николаевич" type="person"></rs></p>
<date when="1926">1926 </date>
</div2>
</div1>
</body>
</text>
</tei>
