<?xml version='1.0' encoding='UTF8'?>
<tei xmlns="http://www.tei-c.org/ns/1.0">
<teiheader>
<filedesc>
<titlestmt>
<title>‹Виктор Шкловский›</title>
<author>О.Э. Мандельштам</author>
</titlestmt>
<publicationstmt>
<p>АРТ-БИЗНЕС-ЦЕНТР МОСКВА 1993</p>
<biblstruct>
<biblscope n="" type="volume"></biblscope>
<biblscope n="" type="part"></biblscope>
</biblstruct></publicationstmt>
<sourcedesc>
<p>Издание подготовлено Мандельштамовским обществом</p>
</sourcedesc>
<respstmt>
<resp>Подготовка и разметка файлов - Алексей Литвинцев, Вероника Файнберг. Создание
          электронного ресурса - Тимофей Молчанов. Руководители проекта - Центр Digital Humanities,
          Мандельштамовское общество (НИУ ВШЭ).</resp>
</respstmt></filedesc>
<profiledesc>
<textdesc n="prose"></textdesc>
<textclass>
<catref target="Series([], Name: ID, dtype: object)" type="ID"></catref>
<catref target="Series([], Name: Источник, dtype: object)" type="Источник"></catref>
<catref target="Series([], Name: Жанр художественной литературы, dtype: object)" type="Жанр художественной литературы"></catref>
<catref target="Series([], Name: Уточнение жанра 1, dtype: object)" type="Уточнение жанра"></catref>
<catref target="Series([], Name: Метр, dtype: object)" type="Метр"></catref>
<catref target="Series([], Name: Длина строки, dtype: object)" type="Длина строки"></catref>
<catref target="Series([], Name: Клаузула, dtype: object)" type="Клаузула"></catref>
<catref target="Series([], Name: Уточнение клаузулы 1, dtype: object)" type="Уточнение клаузулы"></catref>
<catref target="Series([], Name: Классическая строфа, dtype: object)" type="Классическая строфа"></catref>
<catref target="Series([], Name: Рифма, dtype: object)" type="Рифма"></catref>
<catref target="Series([], Name: Схема рифмовки, dtype: object)" type="Схема рифмовки"></catref>
<catref target="Series([], Name: Метрическая формула, dtype: object)" type="Метрическая формула"></catref>
<catref target="Series([], Name: Дополнительные параметры, dtype: object)" type="Дополнительные параметры"></catref>
<catref target="Series([], Name: Число строк, dtype: int64)" type="Число строк"></catref>
<catref target="Series([], Name: Автор оригинала, dtype: object)" type="Автор оригинала"></catref>
<catref target="Series([], Name: Язык оригинала, dtype: object)" type="Язык оригинала"></catref>
</textclass></profiledesc>
</teiheader>
<text>
<body>
<div1 n="2" type="volume">
<div2 n="238" type="part">
<head>238.
‹ВИКТОР ШКЛОВСКИЙ›</head>
<p>... Его голова напоминает мудрый череп младенца или философа. Это смеющаяся и мыслящая тыква.</p>
<p>Я представляю себе Шкловского диктующим на театральной площади. Толпа окружает его и слушает, как фонтан. Мысль бьет изо рта, из ноздрей, из ушей, прядает равнодушным и постоянным током, непрерывно обновляющаяся и равная себе. Улыбка Шкловского говорит: все пройдет, но я не иссякну, потому что мысль — проточная вода. Все переменится: на площади вырастут новые здания, но струя будет все так же прядать — изо рта, из ноздрей, из ушей.<rs ref="Шкловский, Виктор Борисович" type="person"></rs></p>
<p>Если хотите — в этом есть нечто непристойное. Машинистки и стенографистки особенно любят заботиться о Шкловском, относятся к нему с нежностью. Мне кажется, что, записывая его речь, они испытывают чувственное наслаждение. Фонтан для V-го века по Р.Х. был тем же, что кинематограф для нас. Замы‹сел› тот же самый. Шкловский поставлен на площади для развлечения современников, но вся его фигура исполнена брызжущей и цинической уверенностью, что он нас переживет.<rs ref="Шкловский, Виктор Борисович" type="person"></rs><rs ref="Шкловский, Виктор Борисович" type="person"></rs></p>
<p>Ему нужна оправа из легкого пористого туфа. Он любит, чтобы ему мешали, не понимали его и спешили по своим делам. </p>
<date when="1927">‹1927?›</date>
</div2>
</div1>
</body>
</text>
</tei>
