<?xml version='1.0' encoding='UTF8'?>
<tei xmlns="http://www.tei-c.org/ns/1.0">
<teiheader>
<filedesc>
<titlestmt>
<title>Яхонтов</title>
<author>О.Э. Мандельштам</author>
</titlestmt>
<publicationstmt>
<p>АРТ-БИЗНЕС-ЦЕНТР МОСКВА 1993</p>
<biblstruct>
<biblscope n="" type="volume"></biblscope>
<biblscope n="" type="part"></biblscope>
</biblstruct></publicationstmt>
<sourcedesc>
<p>Издание подготовлено Мандельштамовским обществом</p>
</sourcedesc>
<respstmt>
<resp>Подготовка и разметка файлов - Алексей Литвинцев, Вероника Файнберг. Создание
          электронного ресурса - Тимофей Молчанов. Руководители проекта - Центр Digital Humanities,
          Мандельштамовское общество (НИУ ВШЭ).</resp>
</respstmt></filedesc>
<profiledesc>
<textdesc n="prose"></textdesc>
<textclass>
<catref target="Series([], Name: ID, dtype: object)" type="ID"></catref>
<catref target="Series([], Name: Источник, dtype: object)" type="Источник"></catref>
<catref target="Series([], Name: Жанр художественной литературы, dtype: object)" type="Жанр художественной литературы"></catref>
<catref target="Series([], Name: Уточнение жанра 1, dtype: object)" type="Уточнение жанра"></catref>
<catref target="Series([], Name: Метр, dtype: object)" type="Метр"></catref>
<catref target="Series([], Name: Длина строки, dtype: object)" type="Длина строки"></catref>
<catref target="Series([], Name: Клаузула, dtype: object)" type="Клаузула"></catref>
<catref target="Series([], Name: Уточнение клаузулы 1, dtype: object)" type="Уточнение клаузулы"></catref>
<catref target="Series([], Name: Классическая строфа, dtype: object)" type="Классическая строфа"></catref>
<catref target="Series([], Name: Рифма, dtype: object)" type="Рифма"></catref>
<catref target="Series([], Name: Схема рифмовки, dtype: object)" type="Схема рифмовки"></catref>
<catref target="Series([], Name: Метрическая формула, dtype: object)" type="Метрическая формула"></catref>
<catref target="Series([], Name: Дополнительные параметры, dtype: object)" type="Дополнительные параметры"></catref>
<catref target="Series([], Name: Число строк, dtype: int64)" type="Число строк"></catref>
<catref target="Series([], Name: Автор оригинала, dtype: object)" type="Автор оригинала"></catref>
<catref target="Series([], Name: Язык оригинала, dtype: object)" type="Язык оригинала"></catref>
</textclass></profiledesc>
</teiheader>
<text>
<body>
<div1 n="2" type="volume">
<div2 n="239" type="part">
<head>239.
ЯХОНТОВ</head>
<p>Яхонтов — молодой актер. Он учился у Мейерхольда, Станиславского и Вахтангова и нигде не привился. Это — «гадкий утенок». Он сам по себе.<rs ref="Вахтангов, Евгений Багратионович " type="person"></rs><rs ref="Мейерхольд, Всеволод Эмильевич" type="person"></rs><rs ref="Станиславский (Алексеев), Константин Сергеевич" type="person"></rs><rs ref="Яхонтов, Владимир Николаевич" type="person"></rs></p>
<p>Работает Яхонтов почти как фокусник: театр одного актера, человек-театр.<rs ref="Яхонтов, Владимир Николаевич" type="person"></rs></p>
<p>Всех аксессуаров у него так немного, что их можно увезти на извозчике: вешалка, какие-то два зонтика, старый клетчатый плед, замысловатые портновские ножницы, цилиндр, одинаково пригодный для Онегина и для еврейского</p>
<p>факельщика. Но есть еще один предмет, с которым Яхонтов ни за что не расстанется, — это пространство, необходимое актеру, пространство, которое он носит с собой, словно увязанным в носовой платок портного Петровича, или вынимает его, как фокусник яйцо из цилиндра.<rs ref="Петербург (Ленинград, Петрополь)" type="geo_index"></rs><rs ref="Яхонтов, Владимир Николаевич" type="person"></rs></p>
<p>Не случайно Яхонтов и его режиссер Владимирский облюбовали Гоголя и Достоевского, то есть таких писателей, у которых больше всего вкуса к событию, происшествию.<rs ref="Владимирский, Сергей Иванович" type="person"></rs><rs ref="Владимирский, Сергей Иванович" type="person"></rs><rs ref="Владимирский, Сергей Иванович" type="person"></rs><rs ref="Гоголь, Николай Васильевич" type="person"></rs><rs ref="Достоевский, Федор Михайлович" type="person"></rs><rs ref="Яхонтов, Владимир Николаевич" type="person"></rs></p>
<p>Игра Яхонтова, доведенная Владимирским до высокого графического совершенства, вся проникнута тревогой и ожиданием катастрофы, предчувствием события и грозы.<rs ref="Владимирский, Сергей Иванович" type="person"></rs><rs ref="Владимирский, Сергей Иванович" type="person"></rs><rs ref="Яхонтов, Владимир Николаевич" type="person"></rs></p>
<p>Наши классики — это пороховой погреб, который еще не взорвался. Чудак Евгений недаром воскрес в Яхонтове; он по-новому заблудился, очнулся и обезумел в наши дни.<rs ref="Яхонтов, Владимир Николаевич" type="person"></rs></p>
<p>На примере Яхонтова видим редкое зрелище: актер, отказавшись от декламации и отчаявшись получить нужную ему пьесу, учится у всенародно признанных словесных образцов, у великих мастеров организованной речи, чтобы дать массам графически точный и сухой рисунок, рисунок движения и узор слова.<rs ref="Яхонтов, Владимир Николаевич" type="person"></rs></p>
<p>Ничего лишнего. Только самое необходимое. По напряжению и чистоте работы Яхонтов напоминает циркача на трапеции. Это работа без «сетки». Упасть и сорваться некуда.<rs ref="Яхонтов, Владимир Николаевич" type="person"></rs></p>
<p>Чудаковатый портной Петрович кроит ножницами воздух так, что видишь обрезки материи, чиновничек в ветхой шинелишке семенит по тротуару так, что слышишь щелканье мороза, кучера у костров хлопают в рукавицы, а вдруг на тебя медведем навалится николаевский будочник с алебардой или промаячит с зонтиком ситцевая Машенька из «Белых ночей» у гранитного парапета Фонтанки.<rs ref="Петербург (Ленинград, Петрополь)" type="geo_index"></rs></p>
<p>И все это могло быть показано одним человеком, все это течет непрерывно и органически, без мелькания кино, потому что спаяно словом и держится на нем. Слово для Яхонтова — это второе пространство.<rs ref="Яхонтов, Владимир Николаевич" type="person"></rs></p>
<p>В поисках словесной основы для своих постановок Яхонтов и Владимирский вынуждены были прибегнуть к литературному монтажу, то есть искусственному соединению разнородного материала. В некоторых случаях это был монтаж эпохи («Ленин»), где впечатление грандиозности достигается соединением политических речей, отрывков из Коммунистического манифеста, газетной хроники и так далее. В других случаях монтаж Яхонтова — это стройное литературное<rs ref="Владимирский, Сергей Иванович" type="person"></rs><rs ref="Владимирский, Сергей Иванович" type="person"></rs><rs ref="Владимирский, Сергей Иванович" type="person"></rs><rs ref="Ленин (Ульянов), Владимир Ильич" type="person"></rs><rs ref="Яхонтов, Владимир Николаевич" type="person"></rs></p>
<p>целое, точно воспроизводящее внутренний мир читателя, где рядом существуют, набегая друг на друга и засло��яя друг друга, различные литературные произведения. Таков «Петербург» — лучшая работа Яхонтова, сплетенная из обрывков «Шинели» Гоголя, «Белых ночей» Достоевского и «Медного всадника».<rs ref="Петербург (Ленинград, Петрополь)" type="geo_index"></rs><rs ref="Петербург (Ленинград, Петрополь)" type="geo_index"></rs><rs ref="Гоголь, Николай Васильевич" type="person"></rs><rs ref="Достоевский, Федор Михайлович" type="person"></rs><rs ref="Яхонтов, Владимир Николаевич" type="person"></rs></p>
<p>Основная тема «Петербурга» — это страх «маленьких людей» перед великим и враждебным городом. В движениях актера все время чувствуется страх пространства, стремление заслониться от набегающей пустоты.<rs ref="Петербург (Ленинград, Петрополь)" type="geo_index"></rs><rs ref="Петербург (Ленинград, Петрополь)" type="geo_index"></rs></p>
<p>На большой площадке Яхонтов играет в простом пиджаке, пользуясь уже указанными аксессуарами (плед, вешалка и проч.).<rs ref="Яхонтов, Владимир Николаевич" type="person"></rs></p>
<p>Показывая, как портной Петрович облачает Акакия Акакиевича в новую шинель, Яхонтов читает бальные стихи Пушкина — «Я черным соболем одел ее блистающие плечи», подчеркивая этим убожество лирической минуты. В тексте еще рукоплещет раек, но Яхонтов уже показывает гайдуков с шубами или мерзнущих кучеров, раздвигая картину до цельного театра, с площадью и морозной ночью. В каждую данную минуту он дает широко раздвинутый перспективный образ. Редкому актерскому ансамблю удается так наполнить и населить пустую сцену.<rs ref="Петербург (Ленинград, Петрополь)" type="geo_index"></rs><rs ref="Пушкин, Александр Сергеевич" type="person"></rs><rs ref="Яхонтов, Владимир Николаевич" type="person"></rs></p>
<p>Яхонтов при своем необыкновенном чутье к рисунку прозаической фразы ведет совершенно самостоятельно партию чтеца в то время, как режиссер Владимирский зорко следит за игрой вещами, подсказывая Яхонтову рисунок игры — до такой степени четкий и математически строгий, словно он сделан углем.<rs ref="Владимирский, Сергей Иванович" type="person"></rs><rs ref="Владимирский, Сергей Иванович" type="person"></rs><rs ref="Владимирский, Сергей Иванович" type="person"></rs><rs ref="Яхонтов, Владимир Николаевич" type="person"></rs></p>
<p>Яхонтов — единственный из современных русских актеров — движется в слове, как в пространстве. Он играет «читателя».<rs ref="Яхонтов, Владимир Николаевич" type="person"></rs></p>
<p>Но Яхонтов — не чтец, не истолкователь текста. Он — живой читатель, равноправный с автором, спорящий с ним, несогласный, борющийся.<rs ref="Яхонтов, Владимир Николаевич" type="person"></rs></p>
<p>В работе Яхонтова и Владимирского есть нечто обязательное для всего русского театра. Это возвращение к слову, воскрешение его самобытной силы и гибкости.<rs ref="Владимирский, Сергей Иванович" type="person"></rs><rs ref="Яхонтов, Владимир Николаевич" type="person"></rs></p>
<p>Нужна была революция, чтобы раскрепостить слово в театре. И все же ее оказалось мало... Яхонтов — один из актеров будущего, и работа его должна быть показана широким массам.<rs ref="Яхонтов, Владимир Николаевич" type="person"></rs></p>
<date when="1927">1927</date>
</div2>
</div1>
</body>
</text>
</tei>
