<?xml version='1.0' encoding='UTF8'?>
<tei xmlns="http://www.tei-c.org/ns/1.0">
<teiheader>
<filedesc>
<titlestmt>
<title>Я пишу сценарий</title>
<author>О.Э. Мандельштам</author>
</titlestmt>
<publicationstmt>
<p>АРТ-БИЗНЕС-ЦЕНТР МОСКВА 1993</p>
<biblstruct>
<biblscope n="" type="volume"></biblscope>
<biblscope n="" type="part"></biblscope>
</biblstruct></publicationstmt>
<sourcedesc>
<p>Издание подготовлено Мандельштамовским обществом</p>
</sourcedesc>
<respstmt>
<resp>Подготовка и разметка файлов - Алексей Литвинцев, Вероника Файнберг. Создание
          электронного ресурса - Тимофей Молчанов. Руководители проекта - Центр Digital Humanities,
          Мандельштамовское общество (НИУ ВШЭ).</resp>
</respstmt></filedesc>
<profiledesc>
<textdesc n="prose"></textdesc>
<textclass>
<catref target="Series([], Name: ID, dtype: object)" type="ID"></catref>
<catref target="Series([], Name: Источник, dtype: object)" type="Источник"></catref>
<catref target="Series([], Name: Жанр художественной литературы, dtype: object)" type="Жанр художественной литературы"></catref>
<catref target="Series([], Name: Уточнение жанра 1, dtype: object)" type="Уточнение жанра"></catref>
<catref target="Series([], Name: Метр, dtype: object)" type="Метр"></catref>
<catref target="Series([], Name: Длина строки, dtype: object)" type="Длина строки"></catref>
<catref target="Series([], Name: Клаузула, dtype: object)" type="Клаузула"></catref>
<catref target="Series([], Name: Уточнение клаузулы 1, dtype: object)" type="Уточнение клаузулы"></catref>
<catref target="Series([], Name: Классическая строфа, dtype: object)" type="Классическая строфа"></catref>
<catref target="Series([], Name: Рифма, dtype: object)" type="Рифма"></catref>
<catref target="Series([], Name: Схема рифмовки, dtype: object)" type="Схема рифмовки"></catref>
<catref target="Series([], Name: Метрическая формула, dtype: object)" type="Метрическая формула"></catref>
<catref target="Series([], Name: Дополнительные параметры, dtype: object)" type="Дополнительные параметры"></catref>
<catref target="Series([], Name: Число строк, dtype: int64)" type="Число строк"></catref>
<catref target="Series([], Name: Автор оригинала, dtype: object)" type="Автор оригинала"></catref>
<catref target="Series([], Name: Язык оригинала, dtype: object)" type="Язык оригинала"></catref>
</textclass></profiledesc>
</teiheader>
<text>
<body>
<div1 n="2" type="volume">
<div2 n="237" type="part">
<head>237.
Я ПИШУ СЦЕНАРИЙ</head>
<p>Шкловский посоветовал мне написать сценарий и скрылся, мелькнув огуречной головой. Больше я его не видел, но получилось вот что: я проклял Шкловского до седьмого колена.<rs ref="Шкловский, Виктор Борисович" type="person"></rs><rs ref="Шкловский, Виктор Борисович" type="person"></rs></p>
<p>Я решил написать из быта пожарных. Мне сразу померещился великолепный кадр во вкусе Эйзенштейна: распахнутый гараж и машины, как гигантские ящеры, набегающие на зрителя.<rs ref="Эйзенштейн, Сергей Михайлович" type="person"></rs></p>
<p>Или, например, тревога, качающийся колокол, дежурный у телефона, пожарные вскакивают с коек...</p>
<p>А можно начать с мирной жизни: пожарные сидят на койках и читают газеты, или можно еще углубить бытовой уклон: скажем, пожарные созывают какое-нибудь совещание для выбора делегатов или борьбы с чем-нибудь. Тут же играют в шахматы... и вдруг приходит чья-то жена, жена какого-нибудь пожарного, и начинается... коллизия.</p>
<p>Да, коллизия, легко сказать — коллизия! Почему она приходит, чего ей нужно?</p>
<p>Нет, лучше подойти со стороны. Где-то в Замоскворечьи сидит за чаем семья бухгалтера и совершенно не подозревает, что вся обстановка с ореховым буфетом через полчаса сгорит, а в это время пылает на кухне примус, а возле него ребеночек.<rs ref="Москва" type="geo_index"></rs></p>
<p>Вся суть в композиции кадров и в монтаже. Вещи должны играть. Примус может быть монументален.</p>
<p>Например: примус подается большим планом. Ребенка к чорту. Все начинается с погнувшейся примусной иголки (тонкая деталь). Иглу тоже первым планом. Испуганные глаза женщины.</p>
<p>Впрочем, лучше начать с китайца, продающего примусные иголки у памятника Первопечатнику. Это будет обрамление. Фильма без героя — это хорошо, но все-таки должен быть какой-нибудь главный пожарный. Пусть он еще не оторвался от деревни. С одной стороны, он любит сельский инвентарь, с другой — привязан к пожарным машинам. Вот и конфликт: например, пожарный тайно ото всех, ночью прокрадывается в гараж и что-нибудь изобретает.</p>
<p>Вот уже ничего: как будто что-то маячит. Коллизию нужно, коллизию! За коллизию денежки платят. Коллизия — это не фунт изюма.</p>
<p>Пусть коллизия будет такая:</p>
<p>Когда-то, еще до войны, главный пожарный служил на заводе у частного капиталиста. Капиталист, в семнадцатом году, спасаясь за границу, замуровал в сейфе различные драгоценности...</p>
<p>Но надо столкнуть пожарного с бухгалтером. Чего они не поделили? Здесь узел всей фильмы. Ответив на этот вопрос, мы сразу сдвинемся с мертвой точки.</p>
<p>Одного пожарного мало, оттого что ничего не выходит, что он разветвился. Нужно его противопоставить... Но что мы знаем о нем самом? Ничего, кроме того, что он еще не оторвался от деревни, да и это не вяжется с тем, что он служил у частного капиталиста.</p>
<p>Хорошо: пусть один служил у частного капиталиста, а другой еще не оторвался от деревни. Но эти-то двое чего не поделили?</p>
<p>Пусть вещи играют отдельно, а пожарные совершенно отдельно. В вещах — пафос событий, а в людях — социальный заряд. Машины, то есть насосы и лестницы, воспитывают пожарного. Женщина тут ни при чем: ей нет места и в этой коллизии.</p>
<p>Кино — не литература. Надо мыслить кадрами.</p>
<p>Пусть главный пожарный дежурит в фойе театра, а в это время его товарищ угощает чужую жену пирожными.</p>
<p>Нет, это чепуха.</p>
<p>Тема перегорела в процессе работы. Ничего больше не маячит. Нужно поймать Шкловского.<rs ref="Шкловский, Виктор Борисович" type="person"></rs></p>
<date when="1927">1927</date>
</div2>
</div1>
</body>
</text>
</tei>
