<?xml version='1.0' encoding='UTF8'?>
<tei xmlns="http://www.tei-c.org/ns/1.0">
<teiheader>
<filedesc>
<titlestmt>
<title>Кисловодск весной</title>
<author>О.Э. Мандельштам</author>
</titlestmt>
<publicationstmt>
<p>АРТ-БИЗНЕС-ЦЕНТР МОСКВА 1993</p>
<biblstruct>
<biblscope n="" type="volume"></biblscope>
<biblscope n="" type="part"></biblscope>
</biblstruct></publicationstmt>
<sourcedesc>
<p>Издание подготовлено Мандельштамовским обществом</p>
</sourcedesc>
<respstmt>
<resp>Подготовка и разметка файлов - Алексей Литвинцев, Вероника Файнберг. Создание
          электронного ресурса - Тимофей Молчанов. Руководители проекта - Центр Digital Humanities,
          Мандельштамовское общество (НИУ ВШЭ).</resp>
</respstmt></filedesc>
<profiledesc>
<textdesc n="prose"></textdesc>
<textclass>
<catref target="Series([], Name: ID, dtype: object)" type="ID"></catref>
<catref target="Series([], Name: Источник, dtype: object)" type="Источник"></catref>
<catref target="Series([], Name: Жанр художественной литературы, dtype: object)" type="Жанр художественной литературы"></catref>
<catref target="Series([], Name: Уточнение жанра 1, dtype: object)" type="Уточнение жанра"></catref>
<catref target="Series([], Name: Метр, dtype: object)" type="Метр"></catref>
<catref target="Series([], Name: Длина строки, dtype: object)" type="Длина строки"></catref>
<catref target="Series([], Name: Клаузула, dtype: object)" type="Клаузула"></catref>
<catref target="Series([], Name: Уточнение клаузулы 1, dtype: object)" type="Уточнение клаузулы"></catref>
<catref target="Series([], Name: Классическая строфа, dtype: object)" type="Классическая строфа"></catref>
<catref target="Series([], Name: Рифма, dtype: object)" type="Рифма"></catref>
<catref target="Series([], Name: Схема рифмовки, dtype: object)" type="Схема рифмовки"></catref>
<catref target="Series([], Name: Метрическая формула, dtype: object)" type="Метрическая формула"></catref>
<catref target="Series([], Name: Дополнительные параметры, dtype: object)" type="Дополнительные параметры"></catref>
<catref target="Series([], Name: Число строк, dtype: int64)" type="Число строк"></catref>
<catref target="Series([], Name: Автор оригинала, dtype: object)" type="Автор оригинала"></catref>
<catref target="Series([], Name: Язык оригинала, dtype: object)" type="Язык оригинала"></catref>
</textclass></profiledesc>
</teiheader>
<text>
<body>
<div1 n="2" type="volume">
<div2 n="235" type="part">
<head>235.
КИСЛОВОДСК ВЕСНОЙ</head>
<p>Разные бывают солнца, но такого, как в Кисловодске, нет, кажется, больше нигде. При высшей своей жгучести оно не палит, не жжет, а глубоко, насквозь пронизывает тело радостью...<rs ref="Кисловодск" type="geo_index"></rs></p>
<p>Тоже и кисловодский воздух. Разные бывают воздухи — степной, морской, горный, но кисловодский — особенный; мало того, что он насыщен всякими там кислородами и озонами; мало того, что сам он отличается необычайной легкостью, необычайной способностью проникать в легкие, — он и тела делает легкими: ... Восьмипудовая какая-нибудь туша чувствует себя в Кисловодске пятипудовой, а пятипудовые гражданки носятся по горам, как перышки...<rs ref="Кисловодск" type="geo_index"></rs></p>
<p>Тот самый гражданин, который здесь, в Москве, хирел от жиру, разгуливает по кисловодскому парку с улыбающейся физиономией. Сам воздух так поддерживает его подмышки. Ноги сами ходят, точно к щиколоткам привязаны крылышки, как у крылатого бога Гермеса.<rs ref="Гермес (Меркурий)" type="myth_index"></rs><rs ref="Москва" type="geo_index"></rs><rs ref="Москва" type="geo_index"></rs></p>
<p>Да, замечательные вещи — воздух и солнце в Кисловодске! Но еще замечательней — нарзан. Это уж совсем что-то живое. Это как будто «просто углекислая вода, которая излечивает сердечные болезни, но это не так «просто». Это —<rs ref="Кисловодск" type="geo_index"></rs></p>
<p>шампанское, бьющее прямо из земли. Натуральное шампанское, — возбуждающее, чуть-чуть пьянящее...</p>
<p>Сядешь в ванну, и тело моментально покрывается пузырьками, — как бы серебряной чешуей. Струйками со дна подымаются эти пузырьки, все больше и больше, — вода точно закипает от присутствия в ней человеческого тела, и кажется, что и тело в соединении с нарзаном начинает излучать теплоту, кипит в ласковых иглах нарзана, теплеет, розовеет...</p>
<p>Сидит в ванне человек, какой-нибудь такой седой, с печальными глазами, и улыбается. А выходит из ванны, тело оранжевое, — совсем Аврора!<rs ref="Аврора (Эос)" type="myth_index"></rs></p>
<p>Потом легко идет, бодро, перекинув простыню через плечо, в парк, в горы, к «Красному солнышку», к «Медовому водопаду» (много прекрасных уголков и замечательных окрестностей в Кисловодске!) — и чорт знает куда его еще носит, старого человека с седой бородой! Усталости не знаешь в Кисловодске, — с каждой новой ванной нарзанной как будто начинаешь снова жить...<rs ref="Кисловодск" type="geo_index"></rs><rs ref="Москва" type="geo_index"></rs><rs ref="Москва" type="geo_index"></rs></p>
<p>Недаром горские народы зовут нарзан «Нардсаном», что означает «богатырь-вода»...</p>
<p>Да, хорошо в Кисловодске. И летом хорошо главным образом тем, что не жарко. Часто выпадают дожди — моментальные ливни, быстро просыхающие. Но после такого дождя воздух еще лучше, солнце еще ярче.<rs ref="Кисловодск" type="geo_index"></rs></p>
<p>И весной, и осенью, и зимой хорошо в Кисловодске.<rs ref="Кисловодск" type="geo_index"></rs></p>
<p>Летом там слишком много людей. Не видно деревьев за людьми. Облеплены горы людьми. А осенью и весной свободнее, тише. Тишина звенит. Начинается игра красок...</p>
<p>В парке каждое утро на рассвете стелятся новые ковры. Выбежишь в парк, еще глаза не разлепились от сна, и видишь — опять постелены новые ковры. И разные все — самых разнообразных оттенков! Парк виден насквозь далеко. Вон под липами — оранжевый ковер, а рядом — золотой под кленами покрыл весь бугор, и солнце играет уже рассыпанным золотом у подножья стволов, а дальше, где ясень и дуб, — темно-коричневый ковер с зелеными пятнами... И все дорогие узоры, — персидские, французские...</p>
<p>Разве только вдруг выпадет снег... Покроет моментально белыми пеленами горы... Лежит ослепительный на фоне ярко-синего неба в горах. Красив снег в Кисловодске!<rs ref="Кисловодск" type="geo_index"></rs><rs ref="Москва" type="geo_index"></rs><rs ref="Москва" type="geo_index"></rs></p>
<p>Но лица вытягиваются, начинается «ропот»: «Вот те на!</p>
<p>Приехали!», — и не успевают, как следует, забрюзжать приехавшие, как солнце скатывает пелены... И опять тепло. Даже в декабре бывает днем 20 град. тепла. Ходят в летних платьях и принимают солнечные ванны...</p>
<p>И шампанское зимой все так же бьет из недр земли, животворящий богатырь — Нарзан — лучшей марки шампанское.</p>
<p>Но как не хорошо в Кисловодске зимой, осенью и летом, а лучше все-таки весной. Весна побивает рекорд. Со всех времен года она собирает в себе самые лучшие краски, и, как птицы и пчелы на яркий цветок, слетаются в Кисловодск люди отовсюду, со всех сторон.<rs ref="Кисловодск" type="geo_index"></rs></p>
<date when="1927">1927</date>
</div2>
</div1>
</body>
</text>
</tei>
