<?xml version='1.0' encoding='UTF8'?>
<tei xmlns="http://www.tei-c.org/ns/1.0">
<teiheader>
<filedesc>
<titlestmt>
<title>«Жак родился и умер!»</title>
<author>О.Э. Мандельштам</author>
</titlestmt>
<publicationstmt>
<p>АРТ-БИЗНЕС-ЦЕНТР МОСКВА 1993</p>
<biblstruct>
<biblscope n="" type="volume"></biblscope>
<biblscope n="" type="part"></biblscope>
</biblstruct></publicationstmt>
<sourcedesc>
<p>Издание подготовлено Мандельштамовским обществом</p>
</sourcedesc>
<respstmt>
<resp>Подготовка и разметка файлов - Алексей Литвинцев, Вероника Файнберг. Создание
          электронного ресурса - Тимофей Молчанов. Руководители проекта - Центр Digital Humanities,
          Мандельштамовское общество (НИУ ВШЭ).</resp>
</respstmt></filedesc>
<profiledesc>
<textdesc n="prose"></textdesc>
<textclass>
<catref target="Series([], Name: ID, dtype: object)" type="ID"></catref>
<catref target="Series([], Name: Источник, dtype: object)" type="Источник"></catref>
<catref target="Series([], Name: Жанр художественной литературы, dtype: object)" type="Жанр художественной литературы"></catref>
<catref target="Series([], Name: Уточнение жанра 1, dtype: object)" type="Уточнение жанра"></catref>
<catref target="Series([], Name: Метр, dtype: object)" type="Метр"></catref>
<catref target="Series([], Name: Длина строки, dtype: object)" type="Длина строки"></catref>
<catref target="Series([], Name: Клаузула, dtype: object)" type="Клаузула"></catref>
<catref target="Series([], Name: Уточнение клаузулы 1, dtype: object)" type="Уточнение клаузулы"></catref>
<catref target="Series([], Name: Классическая строфа, dtype: object)" type="Классическая строфа"></catref>
<catref target="Series([], Name: Рифма, dtype: object)" type="Рифма"></catref>
<catref target="Series([], Name: Схема рифмовки, dtype: object)" type="Схема рифмовки"></catref>
<catref target="Series([], Name: Метрическая формула, dtype: object)" type="Метрическая формула"></catref>
<catref target="Series([], Name: Дополнительные параметры, dtype: object)" type="Дополнительные параметры"></catref>
<catref target="Series([], Name: Число строк, dtype: int64)" type="Число строк"></catref>
<catref target="Series([], Name: Автор оригинала, dtype: object)" type="Автор оригинала"></catref>
<catref target="Series([], Name: Язык оригинала, dtype: object)" type="Язык оригинала"></catref>
</textclass></profiledesc>
</teiheader>
<text>
<body>
<div1 n="2" type="volume">
<div2 n="231" type="part">
<head>231.
«ЖАК РОДИЛСЯ И УМЕР!»</head>
<p>Пояснение к предложению прямой речи отделяется знаками — запятой и тире.</p>
<p>— Славный сегодня денек, — сказал он, ухмыляясь в бороду.</p>
<p>Так водится во всех книгах, хотя никто и никогда так не говорит и не рассказывает. Не знаю, почему в обыкновенных, т.е. оригинальных, книгах это почти не заметно, но в переводах это жужжит надоедливым веретеном.</p>
<p>И еще не знаю, почему меня преследует в эти дни бессмысленное монументальное синтаксическое построение, как бы синтез и картонная пирамида этого словесного мира из папье-маше:</p>
<p>— Жак родился и, прожив жизнь, умер.</p>
<p>Кто он, этот Жак? Родился ли он в Шампани, в Турени или в Эльзасе, пропущен ли он автором желтообложечного романа через мясорубку войны, или же какой-нибудь лихой подголосок Бенуа загнал его в Тунис, к арабам; почему он отказал невесте, получил ли он наследство, облагодетельствовал ли рабочих на образцовых каменоломнях?<rs ref="Тунис" type="geo_index"></rs><rs ref="Турень" type="geo_index"></rs><rs ref="Шампань" type="geo_index"></rs><rs ref="Эльзас" type="geo_index"></rs><rs ref="Бенуа, Пьер" type="person"></rs></p>
<p>Не все ли равно? Переводы — это Экклезиаст, суета сует. Долго, долго будет стоять страшная картонная пирамида.</p>
<p>— Жак родился и, прожив жизнь, умер.</p>
<p>Злая, убийственная двусмысленность есть в самом слове</p>
<p>«перевод», подобная той, которая заключена в слове «ухаживать» — «уходил».</p>
<p>Перевод иностранных авторов таким, каким он был, захлестнувши и опустошивши целый период в истории русской книги, густой саранчой опустившийся на поля слова и мысли, был, конечно, «переводом», т.е. изводом неслыханной массы труда, энергии, времени, упорства, бумаги и живой человеческой крови.</p>
<p>Годунов, когда в Москве был мор, велел строить Сухареву башню. И безработным семнадцатого века, верно, кстати пришелся государев паек и медная гривна.<rs ref="Москва" type="geo_index"></rs><rs ref="Москва" type="geo_index"></rs><rs ref="Москва" type="geo_index"></rs></p>
<p>«Всемирная литература» — Сухарева башня голодных интеллигентов девятнадцатого года. Не знаю — добром тебя помянуть или предать проклятью? Чуть ли не на веленевой бумаге, с именинной грандиозной роскошью отпечатаны были одни имена авторов мирового Пантеона, подлежавших переводу. В закромах «Всемирной» было скудное зерно: его расклевывали, и до потолка набухали кипы ненапечатанных рукописей.<rs ref="Москва" type="geo_index"></rs></p>
<p>По линии наименьшего сопротивления: туда, где дают. Застрекотали пишущие машинки, заскрипели перья в розовых и подагрических пальцах. Две тысячи новых, более гибких синтаксических трафаретов прибавились к приемам Иринарха Введенского, никто не спрашивал себя — захочется ли ему переводить Стендаля и захочет ли кто-нибудь читать его перевод. Вертелись буддийские мельницы, листы подсчитывала бухгалтерия.<rs ref="Введенский, Иринарх Иванович" type="person"></rs><rs ref="Стендаль" type="person"></rs></p>
<p>Было время, когда перевод иностранной книги на русский язык являлся событием — честью для чужеземного автора и праздником для читателя. Было время, когда равные переводили равных, состязаясь в блеске языка, когда перевод был прививкой чужого плода и здоровой гимнастикой духовных мышц. Добрый гений русских переводчиков — Жуковский — и Пушкин принимали переводы всерьез.<rs ref="Жуковский, Василий Андреевич" type="person"></rs><rs ref="Пушкин, Александр Сергеевич" type="person"></rs></p>
<p>Упадок начался приблизительно с шестидесятых годов, когда появилось насквозь фальшивое понятие черновой умственной работы, интеллектуальной поденщины, когда началась разъедающая болезнь русской культуры: когда мозг стал цениться дешево. Работа может быть тяжелой — кропотливой, но «черной» она быть не смеет — будь то работа грузчика или переводчика... Тогда курсистки ехали в Москву достать работишку или перевод, тогда пауки в книжных лавках сообразили, что можно выгодно поторговать дешевым<rs ref="Москва" type="geo_index"></rs><rs ref="Москва" type="geo_index"></rs></p>
<p>мозгом, и началась фабрикация грязного чтива. Стасюлевичи, боявшиеся печатать в своих «Вестниках» Лескова, тупо жалуясь на оскудение литературы, забивали толстые журналы «Жаком», и пухлая дамская ручка уродовала для них Эдг��ра По, чьи рассказы в свое время были переведены с вычеркнутыми ужасами, потому что переводчице показалось «слишком страшно».<rs ref="Лесков, Николай Семенович" type="person"></rs><rs ref="Стасюлевич, Михаил Матвеевич" type="person"></rs></p>
<p>В одной жанровой книжке семидесятых годов автор, описывая тогдашнюю новость — конку, передает подслушанный разговор: какая-то бедная Настенька, обманутая апраксинцами, на которых она шила рубашки, рассказывает, что пришлось ей зайти в «магазин», где «дали» перевод по пять рублей с листа да два рубля авансу.</p>
<p>Тогда хоть было откровенно, и хоть жалко Настеньку, а магазин как магазин.</p>
<p>Высшая награда для переводчика — это </p>
<p> переведенной им вещи русской литературой. Много ли можем мы назвать таких примеров после Бальмонта, Брюсова и <rs ref="Бальмонт, Константин Дмитриевич" type="person"></rs><rs ref="Брюсов, Валерий Яковлевич" type="person"></rs></p>
<p> «Эмалей и камей» Теофиля Готье?<rs ref="Готье, Теофиль" type="person"></rs></p>
<p>Слишком многое в переводной литературе последних лет, несмотря на высшую школу, изощренность, точность, академичность, выработанную передовым отрядом переводчиков, было насильственно, случайно и, в конечном счете, не нужно. Даже самый тщательный перевод иностранного автора, если он не вызван внутренней необходимостью, не является живой перекличкой культуры народов, оставляет вреднейший след в подсознательной мастерской языка, загромождая его пути, развращая его совесть, делая его сговорчивым, уклончивым, примирительно-безличным.</p>
<p>По линии наименьшего сопротивления — на лабазные весы магазинов пудами везут «дешевый мозг».</p>
<p>В результате сложнейшего и не случайного стечения обстоятельств мы стоим лицом к лицу с горькой и унизительной болезнью: книга у нас перестала быть событием. Да, каждый номер газеты — это по-своему событие — это биение пульса, это живая кровь, которую мы уважаем, а книга — это полфунта чего-то — не все ли равно: Всеволода Иванова, Пильняка или «Жака».<rs ref="Москва" type="geo_index"></rs><rs ref="Иванов, Всеволод Вячеславович" type="person"></rs><rs ref="Пильняк (Вогау), Борис Андреевич" type="person"></rs></p>
<p>Книга не терпит деморализации: болезни ее прилипчивы. Нельзя выпустить на рынок безнаказанно сотни тысяч неуважаемых, непочтенных и полупочтенных, хотя бы продажных, хотя бы тиражных книг.</p>
<p>Все книги — плохие и хорошие — сестры, и от соседства с</p>
<p>«Жаком» страдает сестра его — русская книга. Если частица драгоценного мозга страны сжигается в прожорливых печах переводной кухни, если часть нашего интеллектуального золотого запаса сознательно и упорно переплавляется в чужую монету, на это должны быть серьезные причины и оправдания. Причин я вижу сколько угодно, но оправдания нет и не будет.</p>
<p>Через «Жака» просвечивает какая-то мерзкая чичиковская рожа, кто -то показывает кукиш и гнусной фистулой спрашивает: «Что, брат, скучно жить в России? Мы тебе покажем, как разговаривают господа в лионском экспрессе, как бедная девушка страдает от того, что у нее всего сто тысяч франков. Мы тебя окатим таким сигарным дымом и поднесем такого ликерцу, что позабудешь думать о заграничном паспорте!»<rs ref="Россия (СССР)" type="geo_index"></rs></p>
<p>Это ничего, что девица, кончившая вторую ступень, читает Бласко Ибаньеса и не знает, что такое Андалузия — женское имя или река в Южной Америке. Плохо, что книга стала чем-то вроде погоды — сыростью или туманом, и что нужна гроза, чтобы книга вновь зарокотала.<rs ref="Америка (США)" type="geo_index"></rs><rs ref="Андалузия (Андалусия)" type="geo_index"></rs><rs ref="Бласко Ибаньес, Висенте" type="person"></rs></p>
<p>Взыскательной и строгой сестрой должна подойти русская литература к литературе Запада и без лицемерной разборчивости, но с величайшим, пусть оскорбительным для западных писателей недоверием выбрать хлеб среди камней.</p>
<p>Ничтожество «социального романа» современной Германии и булавочный, пропитанный трупным ядом мозг рядовой французской книги — все это с благодарностью возвращаем обратно.<rs ref="Германия" type="geo_index"></rs></p>
<p>Пусть лучше наступит в России книжный голод, пусть над нами развернется пустая лазурь бескнижья, чем это отвратительное месиво, чем это слякотное безразличие: «прочел, да не помню автора».<rs ref="Россия (СССР)" type="geo_index"></rs></p>
<p>— Жак родился и, прожив жизнь, умер.</p>
<date when="1926">1926</date>
</div2>
</div1>
</body>
</text>
</tei>
