<?xml version='1.0' encoding='UTF8'?>
<tei xmlns="http://www.tei-c.org/ns/1.0">
<teiheader>
<filedesc>
<titlestmt>
<title>Виктор Гюго. Девяносто третий год. Предисловие к русскому изданию</title>
<author>О.Э. Мандельштам</author>
</titlestmt>
<publicationstmt>
<p>АРТ-БИЗНЕС-ЦЕНТР МОСКВА 1993</p>
<biblstruct>
<biblscope n="" type="volume"></biblscope>
<biblscope n="" type="part"></biblscope>
</biblstruct></publicationstmt>
<sourcedesc>
<p>Издание подготовлено Мандельштамовским обществом</p>
</sourcedesc>
<respstmt>
<resp>Подготовка и разметка файлов - Алексей Литвинцев, Вероника Файнберг. Создание
          электронного ресурса - Тимофей Молчанов. Руководители проекта - Центр Digital Humanities,
          Мандельштамовское общество (НИУ ВШЭ).</resp>
</respstmt></filedesc>
<profiledesc>
<textdesc n="prose"></textdesc>
<textclass>
<catref target="Series([], Name: ID, dtype: object)" type="ID"></catref>
<catref target="Series([], Name: Источник, dtype: object)" type="Источник"></catref>
<catref target="Series([], Name: Жанр художественной литературы, dtype: object)" type="Жанр художественной литературы"></catref>
<catref target="Series([], Name: Уточнение жанра 1, dtype: object)" type="Уточнение жанра"></catref>
<catref target="Series([], Name: Метр, dtype: object)" type="Метр"></catref>
<catref target="Series([], Name: Длина строки, dtype: object)" type="Длина строки"></catref>
<catref target="Series([], Name: Клаузула, dtype: object)" type="Клаузула"></catref>
<catref target="Series([], Name: Уточнение клаузулы 1, dtype: object)" type="Уточнение клаузулы"></catref>
<catref target="Series([], Name: Классическая строфа, dtype: object)" type="Классическая строфа"></catref>
<catref target="Series([], Name: Рифма, dtype: object)" type="Рифма"></catref>
<catref target="Series([], Name: Схема рифмовки, dtype: object)" type="Схема рифмовки"></catref>
<catref target="Series([], Name: Метрическая формула, dtype: object)" type="Метрическая формула"></catref>
<catref target="Series([], Name: Дополнительные параметры, dtype: object)" type="Дополнительные параметры"></catref>
<catref target="Series([], Name: Число строк, dtype: int64)" type="Число строк"></catref>
<catref target="Series([], Name: Автор оригинала, dtype: object)" type="Автор оригинала"></catref>
<catref target="Series([], Name: Язык оригинала, dtype: object)" type="Язык оригинала"></catref>
</textclass></profiledesc>
</teiheader>
<text>
<body>
<div1 n="2" type="volume">
<div2 n="240" type="part">
<head>240.
В. ГЮГО. ДЕВЯНОСТО ТРЕТИЙ ГОД
ПРЕДИСЛОВИЕ К РУССКОМУ ИЗДАНИЮ</head>
<p>«93-й год» интересен для нас как попытка Гюго привести в систему разноречивые и несколько неустойчивые элементы его политического мировоззрения. Эта книга отмечена несомненным политическим темпераментом; более того, многие страницы ее, по стилю, напоминают образцы парламентарного красноречия Гюго. В этом романе сказался Гюго-парламентарий и Гюго-оратор в не меньшей степени, чем Гюго-художник. Гюго внимательно следил за социальными бурями своего века. Этот мощный писатель, отразивший и собравший в одном фокусе все чаяния и мечты благоразумного и радикального мелкого буржуа, наряду с описанием героической борьбы восходящей буржуазии и мелкой буржуазии, предлагает нам целую кучу социальных и политических прописей.<rs ref="Гюго, Виктор Мари" type="person"></rs></p>
<p>Центральное место в мировоззрении французского, а отчасти всеевропейского буржуа, каким был Гюго, занимает вера в прогресс и в цивилизацию. Но у Гюго к ней примешиваются отголоски полурелигиозной морали, корни которой восходят к деизму философов, подготовивших Великую революцию и утверждавших культ «разумного верховного существа». Недаром устами Симурдэна, в котором он видит теоретического застрельщика 93-го года, Гюго провозглашает, что революция есть дело Бога, что все противоречия ее только видимые, мнимые, и что и классы, и партии, и люди — только марионетки в руках «Промысла»... «Все мы дети одной родины, — размышляет Симурдэн, — и революция пришла, чтобы утвердить во всемирном масштабе семью, как высшую форму человеческого общежития». «Конвент, — говорит Гюго, — всегда сгибался под волей народа, но этот ветер исходил из уст народа, он был дуновением уст божиих».<rs ref="Гюго, Виктор Мари" type="person"></rs><rs ref="Гюго, Виктор Мари" type="person"></rs></p>
<p>Гюго всеми способами своей романтической диалектики, пытается далее показать, что революция — лишь могучая игра светотени, что контрасты ее оправдываются общей картиной и необходимы для сильнейшего эффекта. Наконец, в полном согласии с благожелательными буржуазными историками, он рассматривает революцию, как особый вид «священного безумия народа», этой раскованной стихии, которая<rs ref="Гюго, Виктор Мари" type="person"></rs></p>
<p>однажды вышла из берегов, чтобы расчистить путь прогресса от феодальных обломков. Он прощает Великой революции даже террор и неистовый 93-й год, под условием, чтобы они никогда больше не повторились. И потому, убежденный в том, что дело революции уже сделано, что она — только славное театральное прошлое, Гюго не боится ее прославлять по всем правилам романтической поэтики.<rs ref="Гюго, Виктор Мари" type="person"></rs></p>
<p>Но за Гюго, выправляя его ошибки, мыслят метафоры, сравнения, блестящие определения и антитезы и самый метод романтической школы, сшибающий крайности и влюбленный в противоречия. Нам не важно, что всю громадную сложность исторического 93-го года Гюго свел к бутафорской осаде феодальной вандейской башни, где засели девятнадцать человек против пяти тысяч, где противники сначала переругиваются, а потом, как в эпические времена Роланда, чуть ли не личным поединком предрешают весь ход событий. Нам важно, что он отлично передал температуру высокого каления, столь характерную для 93-го года, что «климатические пояса революции», — это подлинное его выражение, — он показал нам по линии классового нарастания событий, и в самой ограниченности действующих лиц заставил звучать подлинные аргументы эпохи, те самые доводы, которые жужжали в воздухе монтаньярских и жирондистских клубов. В этих прямолинейных и донельзя упрощенных зарисовках революции есть нечто общее с картинами художника Давида: в них театральный гнев лже-историка и желчь и боль почти современника.<rs ref="Гюго, Виктор Мари" type="person"></rs><rs ref="Гюго, Виктор Мари" type="person"></rs><rs ref="Давид, Жак Луи" type="person"></rs></p>
<date when="1927">1927</date>
</div2>
</div1>
</body>
</text>
</tei>
