<?xml version='1.0' encoding='UTF8'?>
<tei xmlns="http://www.tei-c.org/ns/1.0">
<teiheader>
<filedesc>
<titlestmt>
<title>Луи Перго. Рассказы о животных. Предисловие к  русскому изданию</title>
<author>О.Э. Мандельштам</author>
</titlestmt>
<publicationstmt>
<p>АРТ-БИЗНЕС-ЦЕНТР МОСКВА 1993</p>
<biblstruct>
<biblscope n="" type="volume"></biblscope>
<biblscope n="" type="part"></biblscope>
</biblstruct></publicationstmt>
<sourcedesc>
<p>Издание подготовлено Мандельштамовским обществом</p>
</sourcedesc>
<respstmt>
<resp>Подготовка и разметка файлов - Алексей Литвинцев, Вероника Файнберг. Создание
          электронного ресурса - Тимофей Молчанов. Руководители проекта - Центр Digital Humanities,
          Мандельштамовское общество (НИУ ВШЭ).</resp>
</respstmt></filedesc>
<profiledesc>
<textdesc n="prose"></textdesc>
<textclass>
<catref target="Series([], Name: ID, dtype: object)" type="ID"></catref>
<catref target="Series([], Name: Источник, dtype: object)" type="Источник"></catref>
<catref target="Series([], Name: Жанр художественной литературы, dtype: object)" type="Жанр художественной литературы"></catref>
<catref target="Series([], Name: Уточнение жанра 1, dtype: object)" type="Уточнение жанра"></catref>
<catref target="Series([], Name: Метр, dtype: object)" type="Метр"></catref>
<catref target="Series([], Name: Длина строки, dtype: object)" type="Длина строки"></catref>
<catref target="Series([], Name: Клаузула, dtype: object)" type="Клаузула"></catref>
<catref target="Series([], Name: Уточнение клаузулы 1, dtype: object)" type="Уточнение клаузулы"></catref>
<catref target="Series([], Name: Классическая строфа, dtype: object)" type="Классическая строфа"></catref>
<catref target="Series([], Name: Рифма, dtype: object)" type="Рифма"></catref>
<catref target="Series([], Name: Схема рифмовки, dtype: object)" type="Схема рифмовки"></catref>
<catref target="Series([], Name: Метрическая формула, dtype: object)" type="Метрическая формула"></catref>
<catref target="Series([], Name: Дополнительные параметры, dtype: object)" type="Дополнительные параметры"></catref>
<catref target="Series([], Name: Число строк, dtype: int64)" type="Число строк"></catref>
<catref target="Series([], Name: Автор оригинала, dtype: object)" type="Автор оригинала"></catref>
<catref target="Series([], Name: Язык оригинала, dtype: object)" type="Язык оригинала"></catref>
</textclass></profiledesc>
</teiheader>
<text>
<body>
<div1 n="2" type="volume">
<div2 n="241" type="part">
<head>241.
ЛУИ ПЕРГО. РАССКАЗЫ О ЖИВОТНЫХ
ПРЕДИСЛОВИЕ K РУССКОМУ ИЗДАНИЮ</head>
<p>Написать рассказ из жизни животных — вещь очень трудная вообще. А написать его так, чтобы у зверей не было человеческих свойств, чтобы они не говорили литературным языком или не подделывались под детский лепет, чтобы это были действительно звери, а не очеловеченные животные, — еще труднее. Вполне понятно потому, что только очень немногие писатели справляются с этой нелегкой задачей и</p>
<p>что самые лучшие из них, вплоть до Лафонтена и Киплинга, не свободны от этого недостатка.<rs ref="Киплинг, Редьярд Джозеф" type="person"></rs><rs ref="Лафонтен, Жан де" type="person"></rs></p>
<p>«Рассказы о животных» составляют в данном случае счастливое исключение. Перго не подменивает зверя человеком и не сближает животных с детьми. Во всех рассказах он суров, как природа и ее животный мир, но вместе с тем он очень прост. Все его описания проникнуты одною мыслью: в минуты страдания и опасности человек ближе к зверю, но и зверь в такие минуты ближе и понятнее человеку. Благодаря этому и люди в рассказах Перго не заслоняют животных, а показаны, в своем общении с ними, как-то по-новому, иногда с большой силой и неожиданной яркостью.<rs ref="Перго, Луи" type="person"></rs></p>
<p>Есть в рассказах Перго еще одна положительная черта. По большей части социальный облик автора, который пишет о животных, проступает всегда очень четко и ясно. Так, например, у Киплинга — писателя империалистической Англии — почти всегда можно уловить, в его рассказах о животных, нотки правящего класса: его мангуст — слуга белых людей, англичан. Звери Перго никому не служат: они живут свободной жизнью, приобщая нас к горестям и радостям бытия.<rs ref="Англия" type="geo_index"></rs><rs ref="Киплинг, Редьярд Джозеф" type="person"></rs><rs ref="Перго, Луи" type="person"></rs></p>
<date when="1927">1927</date>
</div2>
</div1>
</body>
</text>
</tei>
