<?xml version='1.0' encoding='UTF8'?>
<tei xmlns="http://www.tei-c.org/ns/1.0">
<teiheader>
<filedesc>
<titlestmt>
<title>Веер герцогини</title>
<author>О.Э. Мандельштам</author>
</titlestmt>
<publicationstmt>
<p>АРТ-БИЗНЕС-ЦЕНТР МОСКВА 1993</p>
<biblstruct>
<biblscope n="" type="volume"></biblscope>
<biblscope n="" type="part"></biblscope>
</biblstruct></publicationstmt>
<sourcedesc>
<p>Издание подготовлено Мандельштамовским обществом</p>
</sourcedesc>
<respstmt>
<resp>Подготовка и разметка файлов - Алексей Литвинцев, Вероника Файнберг. Создание
          электронного ресурса - Тимофей Молчанов. Руководители проекта - Центр Digital Humanities,
          Мандельштамовское общество (НИУ ВШЭ).</resp>
</respstmt></filedesc>
<profiledesc>
<textdesc n="prose"></textdesc>
<textclass>
<catref target="Series([], Name: ID, dtype: object)" type="ID"></catref>
<catref target="Series([], Name: Источник, dtype: object)" type="Источник"></catref>
<catref target="Series([], Name: Жанр художественной литературы, dtype: object)" type="Жанр художественной литературы"></catref>
<catref target="Series([], Name: Уточнение жанра 1, dtype: object)" type="Уточнение жанра"></catref>
<catref target="Series([], Name: Метр, dtype: object)" type="Метр"></catref>
<catref target="Series([], Name: Длина строки, dtype: object)" type="Длина строки"></catref>
<catref target="Series([], Name: Клаузула, dtype: object)" type="Клаузула"></catref>
<catref target="Series([], Name: Уточнение клаузулы 1, dtype: object)" type="Уточнение клаузулы"></catref>
<catref target="Series([], Name: Классическая строфа, dtype: object)" type="Классическая строфа"></catref>
<catref target="Series([], Name: Рифма, dtype: object)" type="Рифма"></catref>
<catref target="Series([], Name: Схема рифмовки, dtype: object)" type="Схема рифмовки"></catref>
<catref target="Series([], Name: Метрическая формула, dtype: object)" type="Метрическая формула"></catref>
<catref target="Series([], Name: Дополнительные параметры, dtype: object)" type="Дополнительные параметры"></catref>
<catref target="Series([], Name: Число строк, dtype: int64)" type="Число строк"></catref>
<catref target="Series([], Name: Автор оригинала, dtype: object)" type="Автор оригинала"></catref>
<catref target="Series([], Name: Язык оригинала, dtype: object)" type="Язык оригинала"></catref>
</textclass></profiledesc>
</teiheader>
<text>
<body>
<div1 n="2" type="volume">
<div2 n="246" type="part">
<head>246.
ВЕЕР ГЕРЦОГИНИ</head>
<p>Марсель Пруст рассказывает, как одна герцогиня слушала музыку. Герцогиня была очень гордая, какой-то невероятно голубой крови, бурбонская, брабантская или еще того выше. Как-то случайно она забрела на раут к бедной родственнице, захудалой виконтессе с каким-то изъяном в гербе. Концерт, однако, был хорош. Дамы слушали Шопена, покачивая в такт прическами и веерами. Перед герцогиней встала проблема: отбивать ли ей веером такт, как это делали соседки, или нет, не слишком ли жирно будет для музыканта такое необузданное одобрение с ее стороны? И вот голубая особа блестяще вышла из затруднения: она привела в движение свою черепаховую штучку, но не в такт исполняемой музыки, а вразнобой — для независимости.<rs ref="Перегудов, Александр Владимирович" type="person"></rs><rs ref="Пруст, Марсель" type="person"></rs><rs ref="Пруст, Марсель" type="person"></rs><rs ref="Шопен, Фридерик Францишек" type="person"></rs></p>
<p>Наша критика, увы, напоминает в некоторых отношениях эту герцогиню: она высокомерна, снисходительна, покровительственна. Критик, разумеется, не гимназический учитель. Не его дело ставить отметки, раздавать знаки отличия, премировать, заносить на черную доску. Настоящий критик прежде всего осведомитель — информатор общественного мнения. Он обязан описать книгу, как ботаник описывает новый растительный вид, классифицировать ее, указать ее место в ряду других книг. При этом неизбежно возникает вопрос о масштабе книги, о значительности явления, о духовной силе автора, обо всем, что дает ему право разговаривать с читателем. Я не вижу существенной разницы между большим критическим очерком, развернутым в статью, и малой формой критики — рецензией. Но убожество приемов нагляднее в малой форме рецензии.</p>
<p>Беру пример наудачу: ленинградская «Красная вечерняя газета» от 12 января. Рецензия о романе Алексея Липецкого «Наперекор». Подписана — Гельштейн.<rs ref="Москва" type="geo_index"></rs><rs ref="Гельштейн А. М.," type="person"></rs><rs ref="Липецкий (Каменский), Алексей Владимирович" type="person"></rs></p>
<p>«Героиня романа — молодая крестьянская девушка Маша, воспитанная и окруженная условиями кулацкого быта, не выдерживает деспотического ига отца и встает «наперекор» своей судьбе. Она уходит из дому, работает избачкой и затем, выйдя замуж за одного из активных партийцев своей деревни, сама становится образцовым общественным работником, направившим все свои силы на борьбу с косной деревенской массой. Такова в двух словах фабула романа».</p>
<p>Такую, с позволения сказать, фабулу можно придумать, садясь в трамвай или зашнуровывая ботинки. Рецензент тем не менее преподносит ее серьезно: ему подвернулась под руку «формочка доброжелательного отзыва». Автор здесь ни при чем. Веер герцогини механически пришел в движение.</p>
<p>Мы еще ничего не знаем о том, как пишет Липецкий, и ровно ничего не узнаем о пресловутой Маше. Ни один судебный репортер не позволил бы себе столь бессодержательного пересказа всплывших на суде обстоятельств. У нас нет никакой гарантии, что эта самая Маша «под гнетом деспотического отца» не разведется завтра с сознательным избачом, чтобы вновь погрузиться в кулацкую среду.<rs ref="Липецкий (Каменский), Алексей Владимирович" type="person"></rs><rs ref="Липецкий (Каменский), Алексей Владимирович" type="person"></rs></p>
<p>«Роман Липецкого интересен попыткой построения нового литературного героя».<rs ref="Липецкий (Каменский), Алексей Владимирович" type="person"></rs></p>
<p>Слово — рецензенту. Почему построен новый тип?</p>
<p>Дело, оказывается, в том, что «генеалогия Маши, как передовой женщины, ищущей и нашедшей себе удовлетворение в общественно-полезной работе, несомненно восходит по литературной линии к активным героиням Тургенева (Елена «Накануне», Марианна «Нови»).<rs ref="Тургенев, Иван Сергеевич" type="person"></rs></p>
<p>Позвольте! Читатель хватает рецензента за рукав. Тут неладно. Веер, остановись! Я сплю или он бредит? Ведь это же как раз наоборот, ведь это называется старый литературный тип. Какая странная обмолвка!</p>
<p>Еще двадцать слов рецензенту. Еще не поздно выправиться.</p>
<p>«Надо признать, что, хотя бытовизм по построению романа и отступает на второй фоновый план перед вырисовкой героев, тем не менее он оказался удачнее, нежели сами герои...»</p>
<p>Хуже всего, что это не простая бессмыслица, а ритуальная. Это какое-то шаманство на диком выспреннем жаргоне. «Бытовизм» оказался удачнее героев. Даю перевод к этой белиберде: быт изображен лучше, чем характеры. Но ведь это не только бессодержательно, но и бессмысленно, поскольку сами характеры бытовые.</p>
<p>Далее сообщается, что автору особенно не удался «худосочный партиец, нафаршированный политграмотой, и такая же неживая сельская учительница».</p>
<p>Что же, собственно, удалось автору? Где книга? О чем писал рецензент? Секрет прост: подвела «формочка».</p>
<p>Рядом с отзывом на книгу Липецкого в том же номере газеты помещена рецензия на повесть Каверина<rs ref="Каверин (Зильбер), Вениамин Александрович" type="person"></rs><rs ref="Липецкий (Каменский), Алексей Владимирович" type="person"></rs></p>
<p>«Скандалист, или Вечера на Васильевском острове». Вот как она начинается:</p>
<p>«О символистах написала роман Зинаида Гиппиус — «Чертова кукла». О формалистах и прочих написал сейчас Вениамин Каверин. Каждая литературная эпоха оставляет помет в пасквильном романе.»<rs ref="Гиппиус, Зинаида Николаевна" type="person"></rs><rs ref="Каверин (Зильбер), Вениамин Александрович" type="person"></rs></p>
<p>С первых же слов книга серьезного мастера с таким крупным достижением, как «Конец Хазы», безобразно названа «литературным пометом эпохи».</p>
<p>Дальше идет подделка под «научно-формальную» рецензию — настоящая «липа». «В книге задокументован литературный Ленинград». Это после того, как повесть названа пасквилем и пометом! «Каверин вводит в русскую литературу новый принцип занимательного типажа». Чем это отличается от упомянутой липецко-тургеневской Маши? «В построении интриги Каверин обнаружил недальновидность: интересному герою Некрылову он назначил обыденные приключения, а невзрачному профессору Ложкину — интересные».<rs ref="Каверин (Зильбер), Вениамин Александрович" type="person"></rs><rs ref="Каверин (Зильбер), Вениамин Александрович" type="person"></rs></p>
<p>Как раз наоборот: это и называется дальновидностью, умением построить фабулу.</p>
<p>Такому построению учит еще народная сказка об Иване-дураке.<rs ref="Москва" type="geo_index"></rs><rs ref="Иванов, Всеволод Вячеславович" type="person"></rs></p>
<p>О книге Перегудова ‹в рецензии›, помещенной на днях в «Известиях», сказано, что «близость к изумрудным перелескам и березовым рощам спасает его от нутряной критики в духе Всеволода Иванова», которого, очевидно, перелески не спасли.<rs ref="Москва" type="geo_index"></rs><rs ref="Иванов, Всеволод Вячеславович" type="person"></rs><rs ref="Иванов, Всеволод Вячеславович" type="person"></rs><rs ref="Перегудов, Александр Владимирович" type="person"></rs><rs ref="Перегудов, Александр Владимирович" type="person"></rs></p>
<p>Это улов рецензии за один день из разных газет...</p>
<p>Если перечесть подряд сотню рецензий и критических статей из нашей периодики, то получится впечатление, будто автор — какой-то паразит, присосавшийся к своим героям.</p>
<p>Критики, махнув рукой на автора, через голову его налаживают контакт прямо с героями, советуют им плюнуть на автора, бросить его, разделаться с ним раз навсегда. Так, критик Тальников и еще кто-то советуют Полуярову расплеваться с Сельвинским, уговаривают его не стреляться, как Козьма Прутков юнкера Шмидта, забывая о том, что если б не Сельвинский, не было б никакого Полуярова.<rs ref="Козьма Прутков" type="person"></rs><rs ref="Пруст, Марсель" type="person"></rs><rs ref="Сельвинский, Илья (Карл) Львович" type="person"></rs><rs ref="Тальников (Шпитальников), Давид Лазаревич" type="person"></rs></p>
<p>Почти вся работа на критическом фронте и в газетах, и в журналах ведется в неправильном ключе. Чего стоит одно только выражение: «достойно внимания», с его душком педагогического совета гимназии девяностых годов. Бывает похвала, от которой коробит, поощрение, от которого</p>
<p>опускаются руки. Сказать человеку, написавшему добросовестную и хорошую книгу, что она заслуживает внимания или что мимо нее нельзя пройти, обратиться к нему на этом убийственном казенном языке — значит его оскорбить. Откуда взялось «заслуживает», что значит «достойно»? Ведь писатель, пусть даже молодой, не выслуживался, а работал и к чести быть чего-то удостоенным не стремился.</p>
<p>Не так давно вышла книга Юрия Олеши — «Три толстяка». Олеша — писатель на виду. После «Зависти» он выпустил «Толстяков». Если бы «Толстяки» Олеши были переводной книгой — то всякий внимательный читатель сказал бы: как странно, что я до сих пор не знал этого замечательного иностранного автора. Наверное, у себя на роди��е он считается классиком, спасибо, что его хоть поздно, да перевели. Между тем у нас чуть не единственным откликом на «Толстяков» была рецензия в «Читателе и писателе» под заголовком: «Как не следует писать книги для детей», с высокомерным и неумным брюзжанием и боязнью захвалить молодого автора. Между тем «Толстяками» уже зачитываются и будут зачитываться и дети, и взрослые. Это хрустально-прозрачная проза, насквозь пронизанная огнем революции, книга европейского масштаба.<rs ref="Олеша, Юрий Карлович" type="person"></rs></p>
<p>Случаи отставания рецензентов и критиков от читателя у нас не редки. Иногда они принимают крайне печальный характер и ведут к большим недоразумениям. Упомяну хотя бы о вопиющей недооценке повести Катаева «Растратчики», вышедшей в 1926 году. Повесть двусмысленная, ее подхватили за рубежом, из нее делают орудие антисоветского пасквиля. Однако в ней есть за что уцепиться. Бояться ее нечего. Как всякая крупная вещь, она допускает различные толкования. Злостно-хвалебным статьям о «Растратчиках» зарубежной прессы мы не можем противопоставить своего толкования, потому что книгу у нас недооценили; она пошла под общую гребенку — «удостоилась» куцых похвал и похлопываний по плечу. Вместо разбора произведений Катаева были в свое время устроены никому не нужные, кустарные суды над самими «растратчиками» — его героями. Проглядели острую книгу.<rs ref="Катаев, Валентин Петрович" type="person"></rs></p>
<p>В заключение приведу уже совсем позорный и комический пример «незамечания» значительной книги.</p>
<p>Широчайшие слои сейчас буквально захлебываются книгой молодых авторов Ильфа и Петрова, называемой «Двенадцать стульев». Единственным откликом на этот брызжущий <rs ref="Петербург (Ленинград, Петрополь)" type="geo_index"></rs><rs ref="Москва" type="geo_index"></rs><rs ref="Ильф и Петров" type="person"></rs></p>
<p>веселой злобой и молодостью, на этот дышащий требовательной любовью к советской стране памфлет было несколько слов, сказанных т. Бухариным на съезде профсоюзов. Бухарину книга Ильфа и Петрова для чего-то понадобилась, а рецензентам пока не нужна. Доберутся, конечно, и до нее и отбреют как следует.<rs ref="Петербург (Ленинград, Петрополь)" type="geo_index"></rs><rs ref="Москва" type="geo_index"></rs><rs ref="Бухарин, Николай Иванович" type="person"></rs><rs ref="Ильф и Петров" type="person"></rs></p>
<p>Еще раз напоминаю о «веере герцогини». Он движется не в такт и с подозрительной независимостью. Нам не нужно веера герцогини, хотя бы в жилах ее текла трижды выдержанная идеологическая кровь.</p>
<date from="1928" to="1929">1928—1929</date>
</div2>
</div1>
</body>
</text>
</tei>
