<?xml version='1.0' encoding='UTF8'?>
<tei xmlns="http://www.tei-c.org/ns/1.0">
<teiheader>
<filedesc>
<titlestmt>
<title>Перекличка с читателями</title>
<author>О.Э. Мандельштам</author>
</titlestmt>
<publicationstmt>
<p>АРТ-БИЗНЕС-ЦЕНТР МОСКВА 1993</p>
<biblstruct>
<biblscope n="" type="volume"></biblscope>
<biblscope n="" type="part"></biblscope>
</biblstruct></publicationstmt>
<sourcedesc>
<p>Издание подготовлено Мандельштамовским обществом</p>
</sourcedesc>
<respstmt>
<resp>Подготовка и разметка файлов - Алексей Литвинцев, Вероника Файнберг. Создание
          электронного ресурса - Тимофей Молчанов. Руководители проекта - Центр Digital Humanities,
          Мандельштамовское общество (НИУ ВШЭ).</resp>
</respstmt></filedesc>
<profiledesc>
<textdesc n="prose"></textdesc>
<textclass>
<catref target="Series([], Name: ID, dtype: object)" type="ID"></catref>
<catref target="Series([], Name: Источник, dtype: object)" type="Источник"></catref>
<catref target="Series([], Name: Жанр художественной литературы, dtype: object)" type="Жанр художественной литературы"></catref>
<catref target="Series([], Name: Уточнение жанра 1, dtype: object)" type="Уточнение жанра"></catref>
<catref target="Series([], Name: Метр, dtype: object)" type="Метр"></catref>
<catref target="Series([], Name: Длина строки, dtype: object)" type="Длина строки"></catref>
<catref target="Series([], Name: Клаузула, dtype: object)" type="Клаузула"></catref>
<catref target="Series([], Name: Уточнение клаузулы 1, dtype: object)" type="Уточнение клаузулы"></catref>
<catref target="Series([], Name: Классическая строфа, dtype: object)" type="Классическая строфа"></catref>
<catref target="Series([], Name: Рифма, dtype: object)" type="Рифма"></catref>
<catref target="Series([], Name: Схема рифмовки, dtype: object)" type="Схема рифмовки"></catref>
<catref target="Series([], Name: Метрическая формула, dtype: object)" type="Метрическая формула"></catref>
<catref target="Series([], Name: Дополнительные параметры, dtype: object)" type="Дополнительные параметры"></catref>
<catref target="Series([], Name: Число строк, dtype: int64)" type="Число строк"></catref>
<catref target="Series([], Name: Автор оригинала, dtype: object)" type="Автор оригинала"></catref>
<catref target="Series([], Name: Язык оригинала, dtype: object)" type="Язык оригинала"></catref>
</textclass></profiledesc>
</teiheader>
<text>
<body>
<div1 n="2" type="volume">
<div2 n="255" type="part">
<head>255.
ПЕРЕКЛИЧКА С ЧИТАТЕЛЯМИ</head>
<p>Укажите, что делать? Литучеба и непрерывная неделя. Литкружок и стенгазета. «Хочу напечататься». Кого считать классиком?</p>
<p>Письмо тов. Колосова<rs ref="Колосов," type="person"></rs></p>
<p> вызвало горячую волну читательских откликов.</p>
<p>Представим слово тов. Морозову:<rs ref="Морозов," type="person"></rs></p>
<p>«В деревне до 1925 г. мне пришлось быть 2 года пастухом. Не кончил 2-х классов сельской школы. Порешил расстаться на некоторое время, а может навсегда, со стадом, поехал в Москву.<rs ref="Москва" type="geo_index"></rs><rs ref="Москва" type="geo_index"></rs><rs ref="Москва" type="geo_index"></rs><rs ref="Москва" type="geo_index"></rs></p>
<p>Приветствую нарождение новой газеты. Полагаю, что и я, быть может, с ней нарождусь. Наладим правильное творчество начинающего литкружка при редакции этой газеты. У меня большая тяга к такому кружку. Я и сам пишу стихи, хотя и зеленые. Прошу не ругайте, а пособите исправить ошибки. За свой краткий путь я перенес много невзгод и, может, только поэтому у меня зародилась мысль писать стихи. Укажите что делать для дальнейшего моего развития к этой склонности или начинанию».</p>
<p>Письмо тов. Морозова приводим полностью потому, что в нем прекрасно выражено подлинное отношение рабочего и крестьянина к литературной учебе. Источник творчества — сама действительность с ее «невзгодами» и противоречиями.<rs ref="Морозов," type="person"></rs></p>
<p> Читай «Московский комсомолец» от 12 сентября с.г. <rs ref="Москва" type="geo_index"></rs><rs ref="Москва" type="geo_index"></rs></p>
<p>.</p>
<p>Цель его — «родиться заново», т.е. стать участником великого движения. Литературное самолюбие на последнем плане.</p>
<p>Тов. Марсев (1-я Госмакаронная фабрика) пишет:<rs ref="Марсев," type="person"></rs></p>
<p>«У нас много ребят желают заниматься в литкружках, но, к сожалению, не могут. Тот парень не занят учебой, но грамотен, завален по горло общественной работой на производстве. Кроме того будет мешать сменная работа на фабрике. От посещения одной утренней недели и пропуска двух других будет мало толку».</p>
<p>Плохой тов. Марсев считает также непрерывную неделю. Взамен кружков он предлагает письменную литконсультацию, «чтобы все учились у себя дома, как, например, немецкому языку в «Комсомольской правде».<rs ref="Марсев," type="person"></rs></p>
<p>Отвечаем тов. Марсеву: литработник на страницах газеты, опирающийся на опыт кружковой работы и дающий примерные занятия кружков, мы обязательно поведем в «Московском комсомольце». Но нет никакого смысла проходить этот рабфак в одиночку, каждому в своем углу; при малейшей возможности надо организовать группы, дополняя печатную программу своей инициативой. Что касается до непрерывной недели и 3-сменной работы, то надо помнить, что сам литкружок по заданиям своим разбивается на группы и что большая часть литучебы (чтение, подготовка к докладу) протекает на дому.<rs ref="Москва" type="geo_index"></rs><rs ref="Москва" type="geo_index"></rs><rs ref="Марсев," type="person"></rs></p>
<p>Тов. Хоменчук (Калуга) вносит ценное предложение:<rs ref="Хоменчук," type="person"></rs></p>
<p>«Если заглянуть в стенные газеты более крупных предприятий или деревень, то в большинстве из них увидишь совершенно неграмотную редакционную правку. А почему? А потому что работники редколлегии стенгазеты зачастую сами малограмотны! К ним нужно прикрепить литкружковца, который, с одной стороны, учился бы сам, с другой — помогал бы редколлегии газеты».</p>
<p>Тов. Петухов (г. Дмитров, мастерские им. Кропоткина) начинает с совершенно ложной мысли, по которой нужно крепко ударить:<rs ref="Москва" type="geo_index"></rs><rs ref="Петухов," type="person"></rs></p>
<p>«Не надо бросать в корзину хоть мало-мальски подходящее стихотворение, а дать автору полезный совет, как его исправить, чтобы изменить и напечатать. Печатанье вообще имеет громадную пользу для автора, который после этого приободряется для дальнейшей работы». Тов. Петухов смотрит на печатанье, как на лекарство для унывающих. Он ошибается, когда думает, что слабую вещь можно почти всегда исправить советом и указаниями и за волосы<rs ref="Петухов," type="person"></rs></p>
<p>протащить в печать. Можно лишь устраивать временами в газете показательные разборы слабых вещей, но никакими фокусами, никакой лакировкой их не выправишь. Далее т. Петухов советует созвать конференцию начинающих писателей и создать курсы для руководителей литкружков.<rs ref="Петухов," type="person"></rs></p>
<p>Вместо конференции всех начинающих писателей, которая вышла бы чересчур громоздкой и неработоспособной, «Московский комсомолец» предполагает созвать конференцию актива литкружков Москвы с участием делегатов области.<rs ref="Москва" type="geo_index"></rs><rs ref="Москва" type="geo_index"></rs><rs ref="Москва" type="geo_index"></rs><rs ref="Москва" type="geo_index"></rs></p>
<p>Тов. Бернштейн отмечает, что «тяга среди молодежи к классикам чрезвычайно велика, но многим бросаются в глаза одни лишь любовные драмы и больше ничего».<rs ref="Бернштейн" type="person"></rs></p>
<p>— Как-то на днях, — рассказывает тов. Бернштейн, — я беседовал с одним комсомольцем, только в прошлом году окончившим семилетку. Этот комсомолец сильно увлекается классиками.<rs ref="Бернштейн" type="person"></rs></p>
<p>Разговор зашел о романе Тургенева «Дым».<rs ref="Тургенев, Иван Сергеевич" type="person"></rs></p>
<p>— Хорошая вещь. Читал с увлечением.</p>
<p>— Что же тебе понравилось?</p>
<p>Да там один только главный момент, любовь. Больше я ничего не заметил...</p>
<p>Желательно, чтобы читатели сами высказались, кого они считают классиками и какой смысл вкладывают в это понятие. Слово «классик» многие часто произносят, не вдумываясь. Когда мы договоримся, кто такие «классики», интересно будет поставить вопрос, кто из современных писателей заслуживает это название.</p>
<p>Наконец тов. Паршин (Москва) предлагает перепечатать отрывки из лучших произведений прошлого, «которые учили бы, как нужно писать». Здесь возникает вопрос: имеет ли смысл в газете перепечатка высокоценных вещей (не только старых, но и современных авторов) с критическим разбором?<rs ref="Москва" type="geo_index"></rs><rs ref="Москва" type="geo_index"></rs><rs ref="Москва" type="geo_index"></rs><rs ref="Москва" type="geo_index"></rs><rs ref="Москва" type="geo_index"></rs><rs ref="Паршин," type="person"></rs></p>
<p>Таким образом от литстраницы можно перекинуть мост к книге.</p>
<date when="1929">1929</date>
<note>
1 Читай «Московский комсомолец» от 12 сентября с.г. (Пpимеч. О. Мандельштама).
</note>
<rs ref="Москва" type="geo_index"></rs>
<rs ref="Москва" type="geo_index"></rs>
</div2>
</div1>
</body>
</text>
</tei>
