<?xml version='1.0' encoding='UTF8'?>
<tei xmlns="http://www.tei-c.org/ns/1.0">
<teiheader>
<filedesc>
<titlestmt>
<title>Сквозь розовые очки</title>
<author>О.Э. Мандельштам</author>
</titlestmt>
<publicationstmt>
<p>АРТ-БИЗНЕС-ЦЕНТР МОСКВА 1993</p>
<biblstruct>
<biblscope n="" type="volume"></biblscope>
<biblscope n="" type="part"></biblscope>
</biblstruct></publicationstmt>
<sourcedesc>
<p>Издание подготовлено Мандельштамовским обществом</p>
</sourcedesc>
<respstmt>
<resp>Подготовка и разметка файлов - Алексей Литвинцев, Вероника Файнберг. Создание
          электронного ресурса - Тимофей Молчанов. Руководители проекта - Центр Digital Humanities,
          Мандельштамовское общество (НИУ ВШЭ).</resp>
</respstmt></filedesc>
<profiledesc>
<textdesc n="prose"></textdesc>
<textclass>
<catref target="Series([], Name: ID, dtype: object)" type="ID"></catref>
<catref target="Series([], Name: Источник, dtype: object)" type="Источник"></catref>
<catref target="Series([], Name: Жанр художественной литературы, dtype: object)" type="Жанр художественной литературы"></catref>
<catref target="Series([], Name: Уточнение жанра 1, dtype: object)" type="Уточнение жанра"></catref>
<catref target="Series([], Name: Метр, dtype: object)" type="Метр"></catref>
<catref target="Series([], Name: Длина строки, dtype: object)" type="Длина строки"></catref>
<catref target="Series([], Name: Клаузула, dtype: object)" type="Клаузула"></catref>
<catref target="Series([], Name: Уточнение клаузулы 1, dtype: object)" type="Уточнение клаузулы"></catref>
<catref target="Series([], Name: Классическая строфа, dtype: object)" type="Классическая строфа"></catref>
<catref target="Series([], Name: Рифма, dtype: object)" type="Рифма"></catref>
<catref target="Series([], Name: Схема рифмовки, dtype: object)" type="Схема рифмовки"></catref>
<catref target="Series([], Name: Метрическая формула, dtype: object)" type="Метрическая формула"></catref>
<catref target="Series([], Name: Дополнительные параметры, dtype: object)" type="Дополнительные параметры"></catref>
<catref target="Series([], Name: Число строк, dtype: int64)" type="Число строк"></catref>
<catref target="Series([], Name: Автор оригинала, dtype: object)" type="Автор оригинала"></catref>
<catref target="Series([], Name: Язык оригинала, dtype: object)" type="Язык оригинала"></catref>
</textclass></profiledesc>
</teiheader>
<text>
<body>
<div1 n="2" type="volume">
<div2 n="254" type="part">
<head>254.
СКВОЗЬ РОЗОВЫЕ ОЧКИ</head>
<p>Н.Огнев, собpание сочинений, том тpетий. Тpетья гpуппа. Разбойничий фоpпост (Дневник Кости Рябцева). Книга пеpвая. Изд-во «Федеpация», 1929 г., с. 294. Тиpаж 5.000 экз.<rs ref="Огнев Н." type="person"></rs></p>
<p>Н.Огнев хорошо сделал, что выбрал форму дневника, и ведет свой рассказ от имени Кости своеобразным, ломающимся, задорным языком московского школьника. В этом, пожалуй, главная сила этой книги. Писатель Бабель делает по-своему то же самое, когда ведет повествование на языке бойцов гражданской войны: ведь Костя — боец школьной войны.<rs ref="Бабель, Исаак Эммануилович" type="person"></rs><rs ref="Огнев Н." type="person"></rs><rs ref="Огнев Н." type="person"></rs></p>
<p>Но этот художественный прием не страхует Огнева от фальши. Очень уж хорошим получился у него Костя. Что-то в нем есть от гимназиста Карташова, от героя и вечного именинника сборных гимназических книг.<rs ref="Огнев Н." type="person"></rs></p>
<p>Все как будто на месте: язык меткий, правильный, школьный быт захвачен глубоко, но бросается в глаза старое, подозрительное разделение на добрых и злых, плохих и хороших. Очень уж выпячивается героизм, правдивость и даже наивность Кости. Разве может московский школьник второй ступени сказать, что аборт это такая медицинская выдумка, которая мужчину превращает в женщину, или наоборот? Разве не фальшиво и не надуманно звучит, например, такая запись: «Учишься с девчатами и дерешься с ними, и лапаешь их — и это не производит никакого впечатления...»</p>
<p>Н.Огнев контрабандой протащил в «Дневник Кости Рябцева» свое представление о мальчике-герое, заимствованное из барской литературы. Ведь жизнь напирает на Рябцевых со всех сторон, а если вспомнить, что Костя сын кустаря и не оберегался никакими гувернантками, то читателя будет раздражать, а подчас и бесить его ангельская прямолинейность, чистота и наивность. Не таковы пролетарские дети — и беды в этом нет.<rs ref="Огнев Н." type="person"></rs><rs ref="Огнев Н." type="person"></rs></p>
<p>Другой недостаток книги Огнева — это ее благодушие, розовые педагогические очки. Вся она проникнута убеждением (идеализация Кости и Никнетожа), что дело само собой<rs ref="Огнев Н." type="person"></rs></p>
<p>утрясется и образуется. Между тем учение идет из рук вон плохо. Масса ребят Огневым вовсе не показана. Те самые ребята, которые пишут сочинения «Пушкин был марксист и романист», Огнева вовсе не занимают. Его интересует передовой отряд, головка. Ведь ради одного Кости и подруги его Сильвы Дубининой не стоило бы поддерживать всей дорого стоящей, лабораторной, новой советской школы.<rs ref="Огнев Н." type="person"></rs><rs ref="Пушкин, Александр Сергеевич" type="person"></rs></p>
<p>Художник-наблюдатель борется в Огневе с педагогом-любителем. «Дневник Кости Рябцева», так поразительно похожий на подлинный документ, в значительной мере является подделкой и читать его нужно критически, отсеивая ложь от правды.<rs ref="Огнев Н." type="person"></rs></p>
<date when="1929">1929</date>
</div2>
</div1>
</body>
</text>
</tei>
