<?xml version='1.0' encoding='UTF8'?>
<tei xmlns="http://www.tei-c.org/ns/1.0">
<teiheader>
<filedesc>
<titlestmt>
<title>Письмо тов. Кочину</title>
<author>О.Э. Мандельштам</author>
</titlestmt>
<publicationstmt>
<p>АРТ-БИЗНЕС-ЦЕНТР МОСКВА 1993</p>
<biblstruct>
<biblscope n="" type="volume"></biblscope>
<biblscope n="" type="part"></biblscope>
</biblstruct></publicationstmt>
<sourcedesc>
<p>Издание подготовлено Мандельштамовским обществом</p>
</sourcedesc>
<respstmt>
<resp>Подготовка и разметка файлов - Алексей Литвинцев, Вероника Файнберг. Создание
          электронного ресурса - Тимофей Молчанов. Руководители проекта - Центр Digital Humanities,
          Мандельштамовское общество (НИУ ВШЭ).</resp>
</respstmt></filedesc>
<profiledesc>
<textdesc n="prose"></textdesc>
<textclass>
<catref target="Series([], Name: ID, dtype: object)" type="ID"></catref>
<catref target="Series([], Name: Источник, dtype: object)" type="Источник"></catref>
<catref target="Series([], Name: Жанр художественной литературы, dtype: object)" type="Жанр художественной литературы"></catref>
<catref target="Series([], Name: Уточнение жанра 1, dtype: object)" type="Уточнение жанра"></catref>
<catref target="Series([], Name: Метр, dtype: object)" type="Метр"></catref>
<catref target="Series([], Name: Длина строки, dtype: object)" type="Длина строки"></catref>
<catref target="Series([], Name: Клаузула, dtype: object)" type="Клаузула"></catref>
<catref target="Series([], Name: Уточнение клаузулы 1, dtype: object)" type="Уточнение клаузулы"></catref>
<catref target="Series([], Name: Классическая строфа, dtype: object)" type="Классическая строфа"></catref>
<catref target="Series([], Name: Рифма, dtype: object)" type="Рифма"></catref>
<catref target="Series([], Name: Схема рифмовки, dtype: object)" type="Схема рифмовки"></catref>
<catref target="Series([], Name: Метрическая формула, dtype: object)" type="Метрическая формула"></catref>
<catref target="Series([], Name: Дополнительные параметры, dtype: object)" type="Дополнительные параметры"></catref>
<catref target="Series([], Name: Число строк, dtype: int64)" type="Число строк"></catref>
<catref target="Series([], Name: Автор оригинала, dtype: object)" type="Автор оригинала"></catref>
<catref target="Series([], Name: Язык оригинала, dtype: object)" type="Язык оригинала"></catref>
</textclass></profiledesc>
</teiheader>
<text>
<body>
<div1 n="2" type="volume">
<div2 n="256" type="part">
<head>256.
ПИСЬМО ТОВ. КОЧИНУ</head>
<p>Товарищ Кочин!<rs ref="Кочин, Николай Иванович" type="person"></rs></p>
<p>Когда я читал твою книгу, мне было сразу и досадно, и радостно. Я радовался, чуя в тебе настоящего художника, а</p>
<p>горько мне было потому, что во многих местах твоей книги ты пишешь совсем безразлично, так что никто не скажет, написал ли это Кочин или кто-нибудь другой. Я думаю, что такого «безразличного» письма вообще не должно быть. Оно никому не нужно. От художника мы требуем, чтобы у него был свой голос, свое лицо. Ты сумел увидеть деревню по-особому, «по-кочински», и за это многие будут тебе благодарны.<rs ref="Кочин, Николай Иванович" type="person"></rs></p>
<p>В нашей крестьянской литературе утвердилась манера очень небрежно и поверхностно изображать людей.</p>
<p>Почти каждая книга о деревенской жизни целиком состоит из мелких кусочков — бытовых разговоров — вразбивку с описаниями природы. Писатели вроде Панферова и других полностью выезжают на одних разговорах. Крестьяне у них замечательно болтливы. Легко даже запутаться читателю в этих разговорчиках: иной раз не поймешь, кто говорит: дед ли Еремей или тетка Анфиса. Крестьянские писатели любят понапихать в свои книги целую уйму действующих лиц. Они это делают прямо без счета и без всякой меры и надобности.<rs ref="Панферов, Федор Иванович" type="person"></rs></p>
<p>Мне кажется, что в этой манере действует старая привычка барской и народнической литературы, которая считала, что, выводя в книге «мужика», можно не слишком с ним церемониться: тяп-ляп — и готово. Ведь мало еще назвать свою героиню Марфой и сказать, что на ней была полосатая ситцевая юбка. Тут еще не будет живого человека. Надо уметь выводить своих персонажей так, чтобы они понемножку обрастали жизнью, и все сильней и сильней запоминались читателю.</p>
<p>Да, наши крестьянские писатели в большинстве своем пишут старым барским письмом, хлопая мужика по плечу, обращаясь с ним походя. Надоело нам это вечное хватание под микитки, крепкая ругань да занозистые словечки, и трудно нам уже глотать тягучие и нудные, будто бы крестьянские, разговоры.</p>
<p>В твоей книге, товарищ Кочин, нет главных и второстепенных лиц. Одной хворостиной, как пастух стадо, пасешь ты всех своих многочисленных героев.<rs ref="Кочин, Николай Иванович" type="person"></rs><rs ref="Кочин, Николай Иванович" type="person"></rs></p>
<p>Для сравнения я напомню тебе сейчас две книги из мировой литературы, два знаменитых романа: «Анну Каренину» Толстого и «Госпожу Бовари» французского писателя Флобера. Сколько труда потратили писатели, чтобы их героини встали перед нами во весь рост. Кажется, будто сам Толстой<rs ref="Толстой, Лев Николаевич" type="person"></rs><rs ref="Толстой, Лев Николаевич" type="person"></rs><rs ref="Флобер, Гюстав" type="person"></rs></p>
<p>мысленно превратился в ту женщину, с которой писал портрет. То же самое сделал Флобер. В чем же тут, спрашивается, дело? Неужели петербургская барыня и скучающая жена французского лекаря удостоились чести такого полного и хорошего изображения только потому, что они из мелкобуржуазной или дворянской породы? Да, этих женщин изображали могучие классовые художники, и они не поскупились на медленный, огромный и кропотливый труд, чтобы из мелочей, подбирая черточку к черточке, создать незабываемый тип.<rs ref="Флобер, Гюстав" type="person"></rs></p>
<p>А теперь, тов. Кочин, я скажу: мы вправе тебя сравнивать и с Толстым и с Флобером независимо от размеров твоего дарования, но потому, что ты тоже настоящий художник и тоже хочешь быть беспощадным. И вот можно ли сравнивать твою Паруньку-Козиху, или Марью, или Федю-селькора с типами этих больших романистов? Ведь это по замыслу твоему — центральные фигуры, а между тем ты их едва намечаешь и бросаешь на полдороге. Паруня-поджигательница, например, ушла куда-то, и в самую интересную минуту судьба ее оборвалась, как будто ты о ней забыл. Мне кажется, твоих героев посреди книги можно было бы подменить другими, и читатель этого не заметил бы.<rs ref="Кочин, Николай Иванович" type="person"></rs><rs ref="Кочин, Николай Иванович" type="person"></rs><rs ref="Паршин," type="person"></rs><rs ref="Толстой, Лев Николаевич" type="person"></rs><rs ref="Флобер, Гюстав" type="person"></rs></p>
<p>Тут я скажу, тов. Кочин, почему ты настоящий художник, в чем твоя слабость и одновременно сила. У тебя, я сказал бы, какой-то зоологический подход к мужику или девке, как к любопытной и близкой тебе стихии. Деревня твоя — какой-то страшный зверинец, а девки, которых ты действительно великолепно изобразил, это — не люди, но страдающие, тоскующие самки — поруганные, растоптанные и бессильные. Я возвышаю свой голос против такого зоологического изображения крестьян. Это не наш подход. Мы знали мужикобоязнь, например, у Бунина, но для нас гораздо ценнее и интереснее подход к деревне Чехова.<rs ref="Бунин, Иван Алексеевич" type="person"></rs><rs ref="Кочин, Николай Иванович" type="person"></rs><rs ref="Кочин, Николай Иванович" type="person"></rs><rs ref="Чехов, Антон Павлович" type="person"></rs></p>
<p>Чехов одинаково бесстрашно, спокойно и тщательно изображает врача, инженера и личность крестьянина. Между тем тебя, тов. Кочин, интересует только темное крестьянское нутро, только стихийная и полуживотная жизнь, которую ты показываешь мастерски. Как только ты переходишь от изображения этого нутра к другим темам, перо твое сразу слабеет.<rs ref="Кочин, Николай Иванович" type="person"></rs><rs ref="Кочин, Николай Иванович" type="person"></rs><rs ref="Чехов, Антон Павлович" type="person"></rs></p>
<p>Что же отличает твою книгу от большинства деревенских книг? По-моему, это сила твоего сострадания к тем деревенским девкам, которые живут под какими-то кличками; как</p>
<p>коровы, бродят с унылыми песнями, соединяясь в какие-то кучки — «девичьи артели»; растут, как слепые самки, на потеху распущенной ораве парней, позволяют себя щупать, ловить, мять — без радости, без охоты — из одного только страха. Девки эти позволяют над собой глумиться и покорно сносят все издевательства. Строптивая, вооружив против себя женихов, испортит свою девичью карьеру, не выскочит вовремя замуж, станет в деревне посмешищем. Ты, тов. Кочин, прекрасно изобразил травлю девушки в деревне. А ведь травля эта происходит изо дня в день, и мало кто ее замечает. Где выход из этого темного круга? Выход будет тогда, когда сама унизительная кличка «девки» умрет. Та страница твоей книги, где молодых — Параньку и Ваньку-слюнтяя спаривают после церковной свадьбы, как скот, а свахи подглядывают за ними, как в тюремный глазок, в дверную скважину, — одна из самых сильных в советской литературе.<rs ref="Кочин, Николай Иванович" type="person"></rs><rs ref="Кочин, Николай Иванович" type="person"></rs><rs ref="Паршин," type="person"></rs></p>
<p>Нет, тов. Кочин, ты не похож на слезливых писателей-народников, нет в тебе умиления над деревенской простоватостью, и ты хорош еще тем, что не умеешь и не хочешь прощать темной деревне ее зла. Но тем обиднее, что ты не отказался от старого способа кустарно изображать деревню и что твоя страстная и страшная повесть расплывается в бесформенную болтовню, что девки твои живут только артелью и не показаны во весь рост, как люди.<rs ref="Кочин, Николай Иванович" type="person"></rs><rs ref="Кочин, Николай Иванович" type="person"></rs></p>
<p>Старая литература висит над нами, как тяжелый рок, как зловещий топор.</p>
<p>Мы должны сделать так, чтобы прекратились книги, где крестьяне только галдят, только беспорядочно перекатываются со страницы на страницу, треплются, мотаются — все на одно лицо: ведь это барин не различал их, как муравьев.</p>
<p>Характерно отметить, что почти все деревенские книги лишены завязки и развязки, лишены фабулы. Я думаю, что это происходит от литературного барства, которым мы все заражены. Ведь хорошая, интересная фабула — это признак уважения писателя к своему герою.</p>
<p>Ты ее дашь, тов. Кочин, в своей следующей книге; ты наметишь в ней центральных лиц повествования, как это делали Толстой, Чехов и Флобер, ты выбросишь, как мусор, ненужные разговорчики и разобьешь заклятый круг старой деревни, над которой топором нависла мертвая деревенская литература.<rs ref="Кочин, Николай Иванович" type="person"></rs><rs ref="Кочин, Николай Иванович" type="person"></rs><rs ref="Толстой, Лев Николаевич" type="person"></rs><rs ref="Толстой, Лев Николаевич" type="person"></rs><rs ref="Толстой, Лев Николаевич" type="person"></rs><rs ref="Флобер, Гюстав" type="person"></rs><rs ref="Флобер, Гюстав" type="person"></rs><rs ref="Чехов, Антон Павлович" type="person"></rs></p>
</div2>
</div1>
</body>
</text>
</tei>
