<?xml version='1.0' encoding='UTF8'?>
<tei xmlns="http://www.tei-c.org/ns/1.0">
<teiheader>
<filedesc>
<titlestmt>
<title>Варианты. Грифельная ода</title>
<author>О.Э. Мандельштам</author>
</titlestmt>
<publicationstmt>
<p>АРТ-БИЗНЕС-ЦЕНТР МОСКВА 1993</p>
<biblstruct>
<biblscope n="" type="volume"></biblscope>
<biblscope n="" type="part"></biblscope>
</biblstruct></publicationstmt>
<sourcedesc>
<p>Издание подготовлено Мандельштамовским обществом</p>
</sourcedesc>
<respstmt>
<resp>Подготовка и разметка файлов - Алексей Литвинцев, Вероника Файнберг. Создание
          электронного ресурса - Тимофей Молчанов. Руководители проекта - Центр Digital Humanities,
          Мандельштамовское общество (НИУ ВШЭ).</resp>
</respstmt></filedesc>
<profiledesc>
<textdesc n="poem"></textdesc>
<textclass>
<catref target="Series([], Name: ID, dtype: object)" type="ID"></catref>
<catref target="Series([], Name: Источник, dtype: object)" type="Источник"></catref>
<catref target="Series([], Name: Жанр художественной литературы, dtype: object)" type="Жанр художественной литературы"></catref>
<catref target="Series([], Name: Уточнение жанра 1, dtype: object)" type="Уточнение жанра"></catref>
<catref target="Series([], Name: Метр, dtype: object)" type="Метр"></catref>
<catref target="Series([], Name: Длина строки, dtype: object)" type="Длина строки"></catref>
<catref target="Series([], Name: Клаузула, dtype: object)" type="Клаузула"></catref>
<catref target="Series([], Name: Уточнение клаузулы 1, dtype: object)" type="Уточнение клаузулы"></catref>
<catref target="Series([], Name: Классическая строфа, dtype: object)" type="Классическая строфа"></catref>
<catref target="Series([], Name: Рифма, dtype: object)" type="Рифма"></catref>
<catref target="Series([], Name: Схема рифмовки, dtype: object)" type="Схема рифмовки"></catref>
<catref target="Series([], Name: Метрическая формула, dtype: object)" type="Метрическая формула"></catref>
<catref target="Series([], Name: Дополнительные параметры, dtype: object)" type="Дополнительные параметры"></catref>
<catref target="Series([], Name: Число строк, dtype: int64)" type="Число строк"></catref>
<catref target="Series([], Name: Автор оригинала, dtype: object)" type="Автор оригинала"></catref>
<catref target="Series([], Name: Язык оригинала, dtype: object)" type="Язык оригинала"></catref>
</textclass></profiledesc>
</teiheader>
<text>
<body>
<div1 n="2" type="volume">
<div2 n="1" type="part">
<head>13а.</head>
<head>ГРИФЕЛЬНАЯ ОДА</head>
<lg type="octet">
<l n="1">Какой же выкуп заплатить</l>
<l n="2">За ученичество вселенной,</l>
<l n="3">Чтоб горный грифель очинить</l>
<l n="4">Для твердой записи мгновенной.</l>
<l n="5">На мягкой сланцевой доске</l>
<l n="6">Свинцовой палочкой молочной</l>
<l n="7">Кремневых гор созвать Ликей —</l>
<l n="8">Учеников воды проточной.</l>
</lg>
<lg type="octet">
<l n="9">Нагорный колокольный сад,</l>
<l n="10">Кремней могучее слоенье,</l>
<l n="11">На виноградниках стоят</l>
<l n="12">Еще и церкви и селенья.</l>
<l n="13">Им проповедует отвес,</l>
<l n="14">Вода их точит, учит время;</l>
<l n="15">И воздуха прозрачный лес</l>
<l n="16">Уже давно пресыщен всеми.</l>
</lg>
<lg type="octet">
<l n="17">И как паук ползет по мне, —</l>
<l n="18">Где каждый стык луной обрызган,</l>
<l n="19">Иль это только снится мне,</l>
<l n="20">Я слышу грифельные визги.</l>
<l n="21">Твои ли, память, голоса</l>
<l n="22">Учительствуют, ночь ломая,</l>
<l n="23">Бросая грифели лесам,</l>
<l n="24">Из птичьих клювов вырывая?</l>
</lg>
<lg type="quatrain">
<l n="25">Мы только с голоса поймем,</l>
<l n="26">Что там царапалось, боролось,</l>
<l n="27">Но где спасенье мы найдем,</l>
<l n="28">Когда уже черствеет голос.</l>
</lg>
<lg type="octet">
<l n="29">‹Кто я?› не каменщик прямой,</l>
<l n="30">‹Не кровельщик,› не корабельщик,</l>
<l n="31">‹Двурушник я› с двойной душой,</l>
<l n="32">‹Я ночи друг›, я дня застрельщик.</l>
<l n="33">Ночь, золотой твой кипяток</l>
<l n="34">Стервятника ошпарил горло,</l>
<l n="35">И ястребиный твой желток</l>
<l n="36">Глядит из каменного жерла.</l>
</lg>
<lg type="octet">
<l n="37">И я теперь учу язык,</l>
<l n="38">Который клекота короче,</l>
<l n="39">И я ловлю могучий стык</l>
<l n="40">Видений дня, видений ночи.</l>
<l n="41">И никому нельзя сказать,</l>
<l n="42">Еще не время, после, после;</l>
<l n="43">Какая мука выжимать</l>
<l n="44">Чужих гармоний водоросли!</l>
</lg>
</div2>
</div1>
</body>
</text>
</tei>
