<?xml version='1.0' encoding='UTF8'?>
<tei xmlns="http://www.tei-c.org/ns/1.0">
<teiheader>
<filedesc>
<titlestmt>
<title>От редакции («"Московский Комсомолец" открывает...»)</title>
<author>О.Э. Мандельштам</author>
</titlestmt>
<publicationstmt>
<p>АРТ-БИЗНЕС-ЦЕНТР МОСКВА 1993</p>
<biblstruct>
<biblscope n="" type="volume"></biblscope>
<biblscope n="" type="part"></biblscope>
</biblstruct></publicationstmt>
<sourcedesc>
<p>Издание подготовлено Мандельштамовским обществом</p>
</sourcedesc>
<respstmt>
<resp>Подготовка и разметка файлов - Алексей Литвинцев, Вероника Файнберг. Создание
          электронного ресурса - Тимофей Молчанов. Руководители проекта - Центр Digital Humanities,
          Мандельштамовское общество (НИУ ВШЭ).</resp>
</respstmt></filedesc>
<profiledesc>
<textdesc n="prose"></textdesc>
<textclass>
<catref target="Series([], Name: ID, dtype: object)" type="ID"></catref>
<catref target="Series([], Name: Источник, dtype: object)" type="Источник"></catref>
<catref target="Series([], Name: Жанр художественной литературы, dtype: object)" type="Жанр художественной литературы"></catref>
<catref target="Series([], Name: Уточнение жанра 1, dtype: object)" type="Уточнение жанра"></catref>
<catref target="Series([], Name: Метр, dtype: object)" type="Метр"></catref>
<catref target="Series([], Name: Длина строки, dtype: object)" type="Длина строки"></catref>
<catref target="Series([], Name: Клаузула, dtype: object)" type="Клаузула"></catref>
<catref target="Series([], Name: Уточнение клаузулы 1, dtype: object)" type="Уточнение клаузулы"></catref>
<catref target="Series([], Name: Классическая строфа, dtype: object)" type="Классическая строфа"></catref>
<catref target="Series([], Name: Рифма, dtype: object)" type="Рифма"></catref>
<catref target="Series([], Name: Схема рифмовки, dtype: object)" type="Схема рифмовки"></catref>
<catref target="Series([], Name: Метрическая формула, dtype: object)" type="Метрическая формула"></catref>
<catref target="Series([], Name: Дополнительные параметры, dtype: object)" type="Дополнительные параметры"></catref>
<catref target="Series([], Name: Число строк, dtype: int64)" type="Число строк"></catref>
<catref target="Series([], Name: Автор оригинала, dtype: object)" type="Автор оригинала"></catref>
<catref target="Series([], Name: Язык оригинала, dtype: object)" type="Язык оригинала"></catref>
</textclass></profiledesc>
</teiheader>
<text>
<body>
<div1 n="2" type="volume">
<div2 n="252" type="part">
<head>252.
ОТ РЕДАКЦИИ</head>
<p>«Московский Комсомолец» открывает еженедельную литературную страницу. Мы обращаемся ко всей пишущей рабочей и крестьянской молодежи с призывом присылать нам литературный материал.</p>
<p>Литературное движение молодежи принимает массовый характер. По размерам своим оно не уступает рабкоровскому, но в организованности и целеустремленности значительно от него отстает.</p>
<p>Товарищи начинающие писатели! Не становитесь на ходули, избегайте гениальничанья, вычурности, внешней красивости. Прежде всего — пишите просто. Сплошь и рядом бывает так: у парня под рукой в ячейке, в завкоме, в общежитии, в ВУЗе великолепный материал, а он между тем силится описать англичан или китайских кули в Шанхае, или гражданскую войну, которую сам не переживал.<rs ref="Шанхай" type="geo_index"></rs></p>
<p>Второй наш совет — пишите о том, что хорошо знаете. Маленький очерк из жизни цеха, короткие рассказы о дружбе и борьбе, путешествие или интересная командировка, какой-нибудь случай из жизни ударной бригады, — все это нам нужнее и дороже, чем придуманная история, за которой не стоит знание класса, производства и человеческих отношений.</p>
<p>Третий наш совет — избегайте трескучих фраз и общих мест. Давайте живых людей, копите меткие наблюдения, сгущайте их в четкие образы. Десять раз подумайте прежде, чем выбрать прозаическую или стихотворную форму. Нередко стихи обращаются в косноязычный лепет. В прозе подчас можно сказать и лучше, и дельнее, и художественнее.</p>
<p>Товарищи, работающие в литературных кружках, и читатели-активисты из кружков Друзей книги, — установите как можно скорее тесную связь с «Московским Комсомольцем».</p>
<date when="1929">1929</date>
</div2>
</div1>
</body>
</text>
</tei>
