<?xml version='1.0' encoding='UTF8'?>
<tei xmlns="http://www.tei-c.org/ns/1.0">
<teiheader>
<filedesc>
<titlestmt>
<title>Варианты. Переводы. Макс Бартель. Мученики</title>
<author>О.Э. Мандельштам</author>
</titlestmt>
<publicationstmt>
<p>АРТ-БИЗНЕС-ЦЕНТР МОСКВА 1993</p>
<biblstruct>
<biblscope n="" type="volume"></biblscope>
<biblscope n="" type="part"></biblscope>
</biblstruct></publicationstmt>
<sourcedesc>
<p>Издание подготовлено Мандельштамовским обществом</p>
</sourcedesc>
<respstmt>
<resp>Подготовка и разметка файлов - Алексей Литвинцев, Вероника Файнберг. Создание
          электронного ресурса - Тимофей Молчанов. Руководители проекта - Центр Digital Humanities,
          Мандельштамовское общество (НИУ ВШЭ).</resp>
</respstmt></filedesc>
<profiledesc>
<textdesc n="poem"></textdesc>
<textclass>
<catref target="Series([], Name: ID, dtype: object)" type="ID"></catref>
<catref target="Series([], Name: Источник, dtype: object)" type="Источник"></catref>
<catref target="Series([], Name: Жанр художественной литературы, dtype: object)" type="Жанр художественной литературы"></catref>
<catref target="Series([], Name: Уточнение жанра 1, dtype: object)" type="Уточнение жанра"></catref>
<catref target="Series([], Name: Метр, dtype: object)" type="Метр"></catref>
<catref target="Series([], Name: Длина строки, dtype: object)" type="Длина строки"></catref>
<catref target="Series([], Name: Клаузула, dtype: object)" type="Клаузула"></catref>
<catref target="Series([], Name: Уточнение клаузулы 1, dtype: object)" type="Уточнение клаузулы"></catref>
<catref target="Series([], Name: Классическая строфа, dtype: object)" type="Классическая строфа"></catref>
<catref target="Series([], Name: Рифма, dtype: object)" type="Рифма"></catref>
<catref target="Series([], Name: Схема рифмовки, dtype: object)" type="Схема рифмовки"></catref>
<catref target="Series([], Name: Метрическая формула, dtype: object)" type="Метрическая формула"></catref>
<catref target="Series([], Name: Дополнительные параметры, dtype: object)" type="Дополнительные параметры"></catref>
<catref target="Series([], Name: Число строк, dtype: int64)" type="Число строк"></catref>
<catref target="Series([], Name: Автор оригинала, dtype: object)" type="Автор оригинала"></catref>
<catref target="Series([], Name: Язык оригинала, dtype: object)" type="Язык оригинала"></catref>
</textclass></profiledesc>
</teiheader>
<text>
<body>
<div1 n="2" type="volume">
<div2 n="165а" type="part">
<head>165а.
МУЧЕНИКИ</head>
<lg type="quintet">
<l n="1">С необъятного, вожделенного неба</l>
<l n="2">Льются слезы свободы</l>
<l n="3">На обнаженное темя народов.</l>
<l n="4">Тяжкие капли!</l>
<l n="5">Головы к небу растут.</l>
</lg>
<lg type="quintet">
<l n="6">Ни доброе дело, ни молитва, ни ладан</l>
<l n="7">Не подымут раба до человека.</l>
<l n="8">Сами себя спасают себялюбцы.</l>
<l n="9">И, кирпичами греха нагруженный,</l>
<l n="10">Тащится каждый в темную яму.</l>
</lg>
<lg type="quintet">
<l n="11">Народы развеются и соберутся:</l>
<l n="12">Один другому преемник.</l>
<l n="13">И на весах неподкупных</l>
<l n="14">Справедливость</l>
<l n="15">Народа взвесит.</l>
</lg>
<lg type="quintet">
<l n="16">Пусть мироборца ведут на распятье</l>
<l n="17">С криком: Осанна!</l>
<l n="18">Все-таки мученик перевесит</l>
<l n="19">Груз поколений</l>
<l n="20">Одной слезою.</l>
</lg>
</div2>
</div1>
</body>
</text>
</tei>
