<?xml version='1.0' encoding='UTF8'?>
<tei xmlns="http://www.tei-c.org/ns/1.0">
<teiheader>
<filedesc>
<titlestmt>
<title>Варианты. Переводы. Макс Бартель. Птицы</title>
<author>О.Э. Мандельштам</author>
</titlestmt>
<publicationstmt>
<p>АРТ-БИЗНЕС-ЦЕНТР МОСКВА 1993</p>
<biblstruct>
<biblscope n="" type="volume"></biblscope>
<biblscope n="" type="part"></biblscope>
</biblstruct></publicationstmt>
<sourcedesc>
<p>Издание подготовлено Мандельштамовским обществом</p>
</sourcedesc>
<respstmt>
<resp>Подготовка и разметка файлов - Алексей Литвинцев, Вероника Файнберг. Создание
          электронного ресурса - Тимофей Молчанов. Руководители проекта - Центр Digital Humanities,
          Мандельштамовское общество (НИУ ВШЭ).</resp>
</respstmt></filedesc>
<profiledesc>
<textdesc n="poem"></textdesc>
<textclass>
<catref target="Series([], Name: ID, dtype: object)" type="ID"></catref>
<catref target="Series([], Name: Источник, dtype: object)" type="Источник"></catref>
<catref target="Series([], Name: Жанр художественной литературы, dtype: object)" type="Жанр художественной литературы"></catref>
<catref target="Series([], Name: Уточнение жанра 1, dtype: object)" type="Уточнение жанра"></catref>
<catref target="Series([], Name: Метр, dtype: object)" type="Метр"></catref>
<catref target="Series([], Name: Длина строки, dtype: object)" type="Длина строки"></catref>
<catref target="Series([], Name: Клаузула, dtype: object)" type="Клаузула"></catref>
<catref target="Series([], Name: Уточнение клаузулы 1, dtype: object)" type="Уточнение клаузулы"></catref>
<catref target="Series([], Name: Классическая строфа, dtype: object)" type="Классическая строфа"></catref>
<catref target="Series([], Name: Рифма, dtype: object)" type="Рифма"></catref>
<catref target="Series([], Name: Схема рифмовки, dtype: object)" type="Схема рифмовки"></catref>
<catref target="Series([], Name: Метрическая формула, dtype: object)" type="Метрическая формула"></catref>
<catref target="Series([], Name: Дополнительные параметры, dtype: object)" type="Дополнительные параметры"></catref>
<catref target="Series([], Name: Число строк, dtype: int64)" type="Число строк"></catref>
<catref target="Series([], Name: Автор оригинала, dtype: object)" type="Автор оригинала"></catref>
<catref target="Series([], Name: Язык оригинала, dtype: object)" type="Язык оригинала"></catref>
</textclass></profiledesc>
</teiheader>
<text>
<body>
<div1 n="2" type="volume">
<div2 n="122а" type="part">
<head>122а.
ПТИЦЫ</head>
<lg type="24_line">
<l n="1">Как дерево, сердце в ночной тишине,</l>
<l n="2">Но что-то сегодня не спится мне.</l>
<l n="3">Птицы, растерзанные в бою,</l>
<l n="4">В бедную келью стучатся мою.</l>
<l n="5">И птицы нахохлились, птицы поют:</l>
<l n="6">Мы рано встряхнулись и там и тут,</l>
<l n="7">Когда заиграл зорь румяный рожок</l>
<l n="8">И солнце ночной осушало песок.</l>
<l n="9">Из темных жилищ, из проклятых трущоб</l>
<l n="10">Мы души рабочих, стряхнувших свой горб,</l>
<l n="11">Фабричного корпуса строгая тень</l>
<l n="12">Над нами висела и ночь и день.</l>
<l n="13">На эти железные крылья взгляни —</l>
<l n="14">Мы тяга рабочих в грядущие дни,</l>
<l n="15">Гудок наша песня, и камень — полет,</l>
<l n="16">Наш клюв — человека искривленный рот.</l>
<l n="17">О чем он задумался, что он таит, —</l>
<l n="18">Все в нашем полете высоком звенит,</l>
<l n="19">И ярость, и жажда, и гнев.</l>
<l n="20">Справедливая кровь ищет солнце, взлетев.</l>
<l n="21">Священные птицы священной страны,</l>
<l n="22">Мы таранили ночь, толщу старой стены,</l>
<l n="23">Своим ненавидящим властным чутьем</l>
<l n="24">Мы гнезда твои, Революция, вьем!</l>
</lg>
</div2>
</div1>
</body>
</text>
</tei>
