<?xml version='1.0' encoding='UTF8'?>
<tei xmlns="http://www.tei-c.org/ns/1.0">
<teiheader>
<filedesc>
<titlestmt>
<title>Варианты. Переводы. Важа Пшавела. Гоготур и Апшина</title>
<author>О.Э. Мандельштам</author>
</titlestmt>
<publicationstmt>
<p>АРТ-БИЗНЕС-ЦЕНТР МОСКВА 1993</p>
<biblstruct>
<biblscope n="" type="volume"></biblscope>
<biblscope n="" type="part"></biblscope>
</biblstruct></publicationstmt>
<sourcedesc>
<p>Издание подготовлено Мандельштамовским обществом</p>
</sourcedesc>
<respstmt>
<resp>Подготовка и разметка файлов - Алексей Литвинцев, Вероника Файнберг. Создание
          электронного ресурса - Тимофей Молчанов. Руководители проекта - Центр Digital Humanities,
          Мандельштамовское общество (НИУ ВШЭ).</resp>
</respstmt></filedesc>
<profiledesc>
<textdesc n="poem"></textdesc>
<textclass>
<catref target="Series([], Name: ID, dtype: object)" type="ID"></catref>
<catref target="Series([], Name: Источник, dtype: object)" type="Источник"></catref>
<catref target="Series([], Name: Жанр художественной литературы, dtype: object)" type="Жанр художественной литературы"></catref>
<catref target="Series([], Name: Уточнение жанра 1, dtype: object)" type="Уточнение жанра"></catref>
<catref target="Series([], Name: Метр, dtype: object)" type="Метр"></catref>
<catref target="Series([], Name: Длина строки, dtype: object)" type="Длина строки"></catref>
<catref target="Series([], Name: Клаузула, dtype: object)" type="Клаузула"></catref>
<catref target="Series([], Name: Уточнение клаузулы 1, dtype: object)" type="Уточнение клаузулы"></catref>
<catref target="Series([], Name: Классическая строфа, dtype: object)" type="Классическая строфа"></catref>
<catref target="Series([], Name: Рифма, dtype: object)" type="Рифма"></catref>
<catref target="Series([], Name: Схема рифмовки, dtype: object)" type="Схема рифмовки"></catref>
<catref target="Series([], Name: Метрическая формула, dtype: object)" type="Метрическая формула"></catref>
<catref target="Series([], Name: Дополнительные параметры, dtype: object)" type="Дополнительные параметры"></catref>
<catref target="Series([], Name: Число строк, dtype: int64)" type="Число строк"></catref>
<catref target="Series([], Name: Автор оригинала, dtype: object)" type="Автор оригинала"></catref>
<catref target="Series([], Name: Язык оригинала, dtype: object)" type="Язык оригинала"></catref>
</textclass></profiledesc>
</teiheader>
<text>
<body>
<div1 n="2" type="volume">
<div2 n="88а" type="part">
<head>ПЕРЕВОДЫ (Ваpианты)</head>
<head>ВАЖА ПШАВЕЛА</head>
<head>88а.
ГОГОТУР И АПШИНА</head>
<lg type="113_line">
<l n="1">О ту пору, о весеннюю</l>
<l n="2">Как фиалка заневестилась,</l>
<l n="3">Как нагорьями зелеными</l>
<l n="4">Гор окружность закурчавилась,</l>
<l n="5">Снег в ложбинках стаял пятнами,</l>
<l n="6">И земля набухла влагою,</l>
<l n="7">К зеленям прозрачным тянутся</l>
<l n="8">Бычьи и оленьи головы...</l>
<l n="9">Как Арагва черно-талая<rs ref="Арагва (Арагви)" type="geo_index"></rs></l>
<l n="10">Воет, роется и прядает,</l>
<l n="11">И с ресниц дремоту стряхивают</l>
<l n="12">Пробужденные окрестности, —</l>
<l n="13">Показался из-за выступа</l>
<l n="14">Человек, как глыба, кряжистый.</l>
<l n="15">Он ползет, как тяжкий оползень,</l>
<l n="16">Лицо каменное, хмурое...</l>
<l n="17">А другой — с горы спускается,</l>
<l n="18">Он поет и ржет — гора в ответ,</l>
<l n="19">Кулики пищат болотные.</l>
<l n="20">Гоготура видит Апшина</l>
<l n="21">И смеется тихо в бороду.</l>
<l n="22">Вскачь пустился, переводит дух</l>
<l n="23">И ругается невежливо.</l>
<l n="24">Далеко кремневка Апшины</l>
<l n="25">Заиграла острым лучиком.</l>
<l n="26">«Дай мне, пшав, оружье бранное —</l>
<l n="27">Что глядишь ты вопросительно?</l>
<l n="28">Говорит с тобою Апшина...</l>
<l n="29">А не то, гляди, потребую</l>
<l n="30">У меча службу горячую»...</l>
<l n="31">Гоготур решил — не следует</l>
<l n="32">Мне казаться жалким Апшине, —</l>
<l n="33">Стану унижаться, кланяться,</l>
<l n="34">Этим я немного выгадаю —</l>
<l n="35">Втопчет он меня из милости</l>
<l n="36">В пыль горючую, дорожную...</l>
<l n="37">И меня мать в люди вывела, —</l>
<l n="38">Не в навозной куче нянчила.</l>
<l n="39">— Почему ты хочешь, Апшина,</l>
<l n="40">Снять с меня орудье бранное?</l>
<l n="41">Или в бога ты не веруешь?</l>
<l n="42">Брат, зачем тебе мой черный стыд?..</l>
<l n="43">Сбить папаху — пустить по миру</l>
<l n="44">И позор скормить молве людской...</l>
<l n="45">«Пшав, довольно, я замешкался!..</l>
<l n="46">Подавай меч, не улещивай,</l>
<l n="47">Подавай кремневку крепкую —</l>
<l n="48">У меня пускай погреется...</l>
<l n="49">За неделю пути горного</l>
<l n="50">Даже очи обезлюдели...</l>
<l n="51">Подавай убранство бранное,</l>
<l n="52">А не то изволь песок лизать —</l>
<l n="53">И трепать Арагве каменной<rs ref="Арагва (Арагви)" type="geo_index"></rs></l>
<l n="54">На порогах твои косточки».</l>
<l n="55">Дал он меч ему, кремневку дал</l>
<l n="56">И последним дал щит выпуклый.</l>
<l n="57">До уздечки добирается...</l>
<l n="58">Понукает коня Апшина, —</l>
<l n="59">Конь глотнул, как птица, воздуха...</l>
<l n="60">Гоготур-герой не выдержал,</l>
<l n="61">Зароптал, преобразился весь,</l>
<l n="62">Повалил, бьет, вяжет Апшину...</l>
<l n="63">Гоготур ведет речь умную:</l>
<l n="64">— Ты хорош ездок — да я строптив —</l>
<l n="65">Я просил, а ты был черств и глух,</l>
<l n="66">А теперь твоя кривая шашка мне</l>
<l n="67">Приглянулась, с ней твой лурджа конь.</l>
<l n="68">С ним твой круглый, твой червленный щит,</l>
<l n="69">Зря пыхтел ты под доспехами...—</l>
<l n="70">«Пощади, — взмолился Апшина, —</l>
<l n="71">Соблазнился я, запутался...</l>
<l n="72">О тебе слыхал сторонкою,</l>
<l n="73">Думал — ты ограда ветхая,</l>
<l n="74">Из камней трухлявых хижина.</l>
<l n="75">По заслугам ты захвален, пшав,</l>
<l n="76">Побратаемся — помиримся.</l>
<l n="77">Брат, верни мне облик воина,</l>
<l n="78">А не то, спать уложи навек!»</l>
<l n="79">— Поумнел ты поздно, Апшина:</l>
<l n="80">Вот когда ты образумился.</l>
<l n="81">Заикнись о том, что голоден,</l>
<l n="82">Я б тебя утешил досыта.</l>
<l n="83">Ты ж на братский меч позарился.—</l>
<l n="84">Гоготур-герой гнушается</l>
<l n="85">Взять оружье обесчещенное,</l>
<l n="86">Шашки и щиты тяжелые</l>
<l n="87">У него утварь домашняя.</l>
<l n="88">— На, бери коня, бери доспех,</l>
<l n="89">Иди с миром, по-хорошему,</l>
<l n="90">Да прошу в похвальбы винные</l>
<l n="91">Мое имя вставить в очередь! —</l>
<l n="92">Обнялись, упрочили союз.</l>
<l n="93">Апшина бурдюк развязывает,</l>
<l n="94">Гоготуру указует честь.</l>
<l n="95">Им палаткой служит дерево.</l>
<l n="96">Апшина друг пенит рог,</l>
<l n="97">Мощно родича приветствует:</l>
<l n="98">«Ты живи, Гоготур, не век, не два,</l>
<l n="99">А живи, пока роса течет,</l>
<l n="100">А роса течет, пока солнце горит...</l>
<l n="101">Живи утром, живи вечером,</l>
<l n="102">Ты живи, покуда лес шумит,</l>
<l n="103">И земля пирует зеленью»...</l>
<l n="104">Соскоблили, в вино бросили</l>
<l n="105">С рукоятки пыль серебряную.</l>
<l n="106">С порошком заветным, дружеским</l>
<l n="107">Рог совместно опорожнили,</l>
<l n="108">Присягнули в братской верности</l>
<l n="109">Сыновья единой матери,</l>
<l n="110">Друг для друга пели сладостно</l>
<l n="111">Песни нежные, приятные,</l>
<l n="112">А потом в разные стороны</l>
<l n="113">Расходились одиночками...</l>
</lg>
</div2>
</div1>
</body>
</text>
</tei>
