<?xml version='1.0' encoding='UTF8'?>
<tei xmlns="http://www.tei-c.org/ns/1.0">
<teiheader>
<filedesc>
<titlestmt>
<title>Варианты. Переводы. Важа Пшавела. Гоготур и Апшина</title>
<author>О.Э. Мандельштам</author>
</titlestmt>
<publicationstmt>
<p>АРТ-БИЗНЕС-ЦЕНТР МОСКВА 1993</p>
<biblstruct>
<biblscope n="" type="volume"></biblscope>
<biblscope n="" type="part"></biblscope>
</biblstruct></publicationstmt>
<sourcedesc>
<p>Издание подготовлено Мандельштамовским обществом</p>
</sourcedesc>
<respstmt>
<resp>Подготовка и разметка файлов - Алексей Литвинцев, Вероника Файнберг. Создание
          электронного ресурса - Тимофей Молчанов. Руководители проекта - Центр Digital Humanities,
          Мандельштамовское общество (НИУ ВШЭ).</resp>
</respstmt></filedesc>
<profiledesc>
<textdesc n="poem"></textdesc>
<textclass>
<catref target="Series([], Name: ID, dtype: object)" type="ID"></catref>
<catref target="Series([], Name: Источник, dtype: object)" type="Источник"></catref>
<catref target="Series([], Name: Жанр художественной литературы, dtype: object)" type="Жанр художественной литературы"></catref>
<catref target="Series([], Name: Уточнение жанра 1, dtype: object)" type="Уточнение жанра"></catref>
<catref target="Series([], Name: Метр, dtype: object)" type="Метр"></catref>
<catref target="Series([], Name: Длина строки, dtype: object)" type="Длина строки"></catref>
<catref target="Series([], Name: Клаузула, dtype: object)" type="Клаузула"></catref>
<catref target="Series([], Name: Уточнение клаузулы 1, dtype: object)" type="Уточнение клаузулы"></catref>
<catref target="Series([], Name: Классическая строфа, dtype: object)" type="Классическая строфа"></catref>
<catref target="Series([], Name: Рифма, dtype: object)" type="Рифма"></catref>
<catref target="Series([], Name: Схема рифмовки, dtype: object)" type="Схема рифмовки"></catref>
<catref target="Series([], Name: Метрическая формула, dtype: object)" type="Метрическая формула"></catref>
<catref target="Series([], Name: Дополнительные параметры, dtype: object)" type="Дополнительные параметры"></catref>
<catref target="Series([], Name: Число строк, dtype: int64)" type="Число строк"></catref>
<catref target="Series([], Name: Автор оригинала, dtype: object)" type="Автор оригинала"></catref>
<catref target="Series([], Name: Язык оригинала, dtype: object)" type="Язык оригинала"></catref>
</textclass></profiledesc>
</teiheader>
<text>
<body>
<div1 n="2" type="volume">
<div2 n="" type="part">
<head>88б.
ИЗ ВАЖИ ПШАВЕЛА</head>
<lg type="17_line">
<l n="1">О ту пору, о весеннюю</l>
<l n="2">Как фиалка заневестилась,</l>
<l n="3">Как нагорьями зелеными</l>
<l n="4">Гор окружность закурчавилась,</l>
<l n="5">Снег в ложбинах стаял пятнами,</l>
<l n="6">И земля набухла влагою;</l>
<l n="7">К зеленям прозрачным тянутся</l>
<l n="8">Бычьи и оленьи головы;</l>
<l n="9">Дуры-птицы свистом-щебетом</l>
<l n="10">Гомонят сильнее прежнего...</l>
<l n="11">Как Арагва черно-талая<rs ref="Арагва (Арагви)" type="geo_index"></rs></l>
<l n="12">Воет, роется и прядает,</l>
<l n="13">И с ресниц дремоту стряхивают</l>
<l n="14">Пробужденные окрестности...</l>
<l n="15">... Воздух сыт звериным шорохом.</l>
<l n="16">И до самой кости ранено</l>
<l n="17">Все ущелье стоном сокола.</l>
</lg>
</div2>
</div1>
</body>
</text>
</tei>
