<?xml version='1.0' encoding='UTF8'?>
<tei xmlns="http://www.tei-c.org/ns/1.0">
<teiheader>
<filedesc>
<titlestmt>
<title>Варианты. Переводы. Макс Бартель. Каторжный май</title>
<author>О.Э. Мандельштам</author>
</titlestmt>
<publicationstmt>
<p>АРТ-БИЗНЕС-ЦЕНТР МОСКВА 1993</p>
<biblstruct>
<biblscope n="" type="volume"></biblscope>
<biblscope n="" type="part"></biblscope>
</biblstruct></publicationstmt>
<sourcedesc>
<p>Издание подготовлено Мандельштамовским обществом</p>
</sourcedesc>
<respstmt>
<resp>Подготовка и разметка файлов - Алексей Литвинцев, Вероника Файнберг. Создание
          электронного ресурса - Тимофей Молчанов. Руководители проекта - Центр Digital Humanities,
          Мандельштамовское общество (НИУ ВШЭ).</resp>
</respstmt></filedesc>
<profiledesc>
<textdesc n="poem"></textdesc>
<textclass>
<catref target="Series([], Name: ID, dtype: object)" type="ID"></catref>
<catref target="Series([], Name: Источник, dtype: object)" type="Источник"></catref>
<catref target="Series([], Name: Жанр художественной литературы, dtype: object)" type="Жанр художественной литературы"></catref>
<catref target="Series([], Name: Уточнение жанра 1, dtype: object)" type="Уточнение жанра"></catref>
<catref target="Series([], Name: Метр, dtype: object)" type="Метр"></catref>
<catref target="Series([], Name: Длина строки, dtype: object)" type="Длина строки"></catref>
<catref target="Series([], Name: Клаузула, dtype: object)" type="Клаузула"></catref>
<catref target="Series([], Name: Уточнение клаузулы 1, dtype: object)" type="Уточнение клаузулы"></catref>
<catref target="Series([], Name: Классическая строфа, dtype: object)" type="Классическая строфа"></catref>
<catref target="Series([], Name: Рифма, dtype: object)" type="Рифма"></catref>
<catref target="Series([], Name: Схема рифмовки, dtype: object)" type="Схема рифмовки"></catref>
<catref target="Series([], Name: Метрическая формула, dtype: object)" type="Метрическая формула"></catref>
<catref target="Series([], Name: Дополнительные параметры, dtype: object)" type="Дополнительные параметры"></catref>
<catref target="Series([], Name: Число строк, dtype: int64)" type="Число строк"></catref>
<catref target="Series([], Name: Автор оригинала, dtype: object)" type="Автор оригинала"></catref>
<catref target="Series([], Name: Язык оригинала, dtype: object)" type="Язык оригинала"></catref>
</textclass></profiledesc>
</teiheader>
<text>
<body>
<div1 n="2" type="volume">
<div2 n="119а" type="part">
<head>119а.
 МАЙ МЕСЯЦ</head>
<lg type="octet">
<l n="1">Май месяц к каторжным пришел</l>
<l n="2">Высоким воротам,</l>
<l n="3">Он красной зеленью расцвел,</l>
<l n="4">Стал как тростинка прям.</l>
<l n="5">До крови закусил губу,</l>
<l n="6">Скрепился, сам не рад,</l>
<l n="7">И в каменном мешке, гробу</l>
<l n="8">Разбил зеленый сад.</l>
</lg>
<lg type="octet">
<l n="9">Вот на прогулку поднялся</l>
<l n="10">Весь полосатый сброд.</l>
<l n="11">И голубеют небеса,</l>
<l n="12">И нежный сад цветет.</l>
<l n="13">Все без вины клянут судьбу —</l>
<l n="14">Невыносимый срок —</l>
<l n="15">И слышат в каменном гробу</l>
<l n="16">Девичий голосок.</l>
</lg>
<lg type="octet">
<l n="17">Уж лучше к выходу ползти,</l>
<l n="18">Как красноглазый крот,</l>
<l n="19">Чем кругом мельничным идти,</l>
<l n="20">Идти гуськом вперед.</l>
<l n="21">И вот двенадцать человек</l>
<l n="22">Решились на подкоп,</l>
<l n="23">И все двенадцать за побег</l>
<l n="24">Получат пулю в лоб.</l>
</lg>
</div2>
</div1>
</body>
</text>
</tei>
