<?xml version='1.0' encoding='UTF8'?>
<tei xmlns="http://www.tei-c.org/ns/1.0">
<teiheader>
<filedesc>
<titlestmt>
<title>Варианты. Переводы. Макс Бартель. Песня девушки</title>
<author>О.Э. Мандельштам</author>
</titlestmt>
<publicationstmt>
<p>АРТ-БИЗНЕС-ЦЕНТР МОСКВА 1993</p>
<biblstruct>
<biblscope n="" type="volume"></biblscope>
<biblscope n="" type="part"></biblscope>
</biblstruct></publicationstmt>
<sourcedesc>
<p>Издание подготовлено Мандельштамовским обществом</p>
</sourcedesc>
<respstmt>
<resp>Подготовка и разметка файлов - Алексей Литвинцев, Вероника Файнберг. Создание
          электронного ресурса - Тимофей Молчанов. Руководители проекта - Центр Digital Humanities,
          Мандельштамовское общество (НИУ ВШЭ).</resp>
</respstmt></filedesc>
<profiledesc>
<textdesc n="poem"></textdesc>
<textclass>
<catref target="Series([], Name: ID, dtype: object)" type="ID"></catref>
<catref target="Series([], Name: Источник, dtype: object)" type="Источник"></catref>
<catref target="Series([], Name: Жанр художественной литературы, dtype: object)" type="Жанр художественной литературы"></catref>
<catref target="Series([], Name: Уточнение жанра 1, dtype: object)" type="Уточнение жанра"></catref>
<catref target="Series([], Name: Метр, dtype: object)" type="Метр"></catref>
<catref target="Series([], Name: Длина строки, dtype: object)" type="Длина строки"></catref>
<catref target="Series([], Name: Клаузула, dtype: object)" type="Клаузула"></catref>
<catref target="Series([], Name: Уточнение клаузулы 1, dtype: object)" type="Уточнение клаузулы"></catref>
<catref target="Series([], Name: Классическая строфа, dtype: object)" type="Классическая строфа"></catref>
<catref target="Series([], Name: Рифма, dtype: object)" type="Рифма"></catref>
<catref target="Series([], Name: Схема рифмовки, dtype: object)" type="Схема рифмовки"></catref>
<catref target="Series([], Name: Метрическая формула, dtype: object)" type="Метрическая формула"></catref>
<catref target="Series([], Name: Дополнительные параметры, dtype: object)" type="Дополнительные параметры"></catref>
<catref target="Series([], Name: Число строк, dtype: int64)" type="Число строк"></catref>
<catref target="Series([], Name: Автор оригинала, dtype: object)" type="Автор оригинала"></catref>
<catref target="Series([], Name: Язык оригинала, dtype: object)" type="Язык оригинала"></catref>
</textclass></profiledesc>
</teiheader>
<text>
<body>
<div1 n="2" type="volume">
<div2 n="150а" type="part">
<head>150а.
ЖАЛОБА
</head>
<lg type="octet">
<l n="1">Не в России,<rs ref="Россия (СССР)" type="geo_index"></rs></l>
<l n="2">Не в Полесьи,<rs ref="Полесье" type="geo_index"></rs></l>
<l n="3">Не на Рейне<rs ref="Рейн" type="geo_index"></rs></l>
<l n="4">Милый спит.</l>
<l n="5">Но в Аргонском<rs ref="Аргонн (Аргонны)" type="geo_index"></rs></l>
<l n="6">Краснолесьи,</l>
<l n="7">Он гранатой</l>
<l n="8">Был убит.</l>
</lg>
<lg type="octet">
<l n="9">Всхлипнул март,</l>
<l n="10">Крикливый месяц,</l>
<l n="11">Взяли сердце</l>
<l n="12">Под ружье,</l>
<l n="13">Никогда</l>
<l n="14">Не будем вместе</l>
<l n="15">Подсказало</l>
<l n="16">Мне чутье.</l>
</lg>
<lg type="quatrain">
<l n="17">Злится соль</l>
<l n="18">Сердечной раной,</l>
<l n="19">Застят слезы</l>
<l n="20">Небосклон.</l>
</lg>
<lg type="octet">
<l n="21">Лес шумит,</l>
<l n="22">Сто тысяч мертвых;</l>
<l n="23">Лес шумит,</l>
<l n="24">Сто тысяч спят.</l>
<l n="25">Листьев шум,</l>
<l n="26">Сто тысяч мертвых</l>
<l n="27">Спят во рву,</l>
<l n="28">Листы шумят.</l>
</lg>
</div2>
</div1>
</body>
</text>
</tei>
