<?xml version='1.0' encoding='UTF8'?>
<tei xmlns="http://www.tei-c.org/ns/1.0">
<teiheader>
<filedesc>
<titlestmt>
<title>Варианты. Переводы. Макс Бартель. Молодой рабочий</title>
<author>О.Э. Мандельштам</author>
</titlestmt>
<publicationstmt>
<p>АРТ-БИЗНЕС-ЦЕНТР МОСКВА 1993</p>
<biblstruct>
<biblscope n="" type="volume"></biblscope>
<biblscope n="" type="part"></biblscope>
</biblstruct></publicationstmt>
<sourcedesc>
<p>Издание подготовлено Мандельштамовским обществом</p>
</sourcedesc>
<respstmt>
<resp>Подготовка и разметка файлов - Алексей Литвинцев, Вероника Файнберг. Создание
          электронного ресурса - Тимофей Молчанов. Руководители проекта - Центр Digital Humanities,
          Мандельштамовское общество (НИУ ВШЭ).</resp>
</respstmt></filedesc>
<profiledesc>
<textdesc n="poem"></textdesc>
<textclass>
<catref target="Series([], Name: ID, dtype: object)" type="ID"></catref>
<catref target="Series([], Name: Источник, dtype: object)" type="Источник"></catref>
<catref target="Series([], Name: Жанр художественной литературы, dtype: object)" type="Жанр художественной литературы"></catref>
<catref target="Series([], Name: Уточнение жанра 1, dtype: object)" type="Уточнение жанра"></catref>
<catref target="Series([], Name: Метр, dtype: object)" type="Метр"></catref>
<catref target="Series([], Name: Длина строки, dtype: object)" type="Длина строки"></catref>
<catref target="Series([], Name: Клаузула, dtype: object)" type="Клаузула"></catref>
<catref target="Series([], Name: Уточнение клаузулы 1, dtype: object)" type="Уточнение клаузулы"></catref>
<catref target="Series([], Name: Классическая строфа, dtype: object)" type="Классическая строфа"></catref>
<catref target="Series([], Name: Рифма, dtype: object)" type="Рифма"></catref>
<catref target="Series([], Name: Схема рифмовки, dtype: object)" type="Схема рифмовки"></catref>
<catref target="Series([], Name: Метрическая формула, dtype: object)" type="Метрическая формула"></catref>
<catref target="Series([], Name: Дополнительные параметры, dtype: object)" type="Дополнительные параметры"></catref>
<catref target="Series([], Name: Число строк, dtype: int64)" type="Число строк"></catref>
<catref target="Series([], Name: Автор оригинала, dtype: object)" type="Автор оригинала"></catref>
<catref target="Series([], Name: Язык оригинала, dtype: object)" type="Язык оригинала"></catref>
</textclass></profiledesc>
</teiheader>
<text>
<body>
<div1 n="2" type="volume">
<div2 n="144а" type="part">
<head>144а.
МОЛОДОЙ РАБОЧИЙ</head>
<lg type="quatrain">
<l n="1">Мой шаг звучит</l>
<l n="2">Поутру рано</l>
<l n="3">Средь мастерских</l>
<l n="4">Чужого стана.</l>
</lg>
<lg type="quatrain">
<l n="5">Еще дрожит</l>
<l n="6">Звезда в притине,</l>
<l n="7">На ней ярма</l>
<l n="8">Нет и в помине.</l>
</lg>
<lg type="quatrain">
<l n="9">Звезда, как пух</l>
<l n="10">В седое утро.</l>
<l n="11">Проснулся труд,</l>
<l n="12">Дрожите, трутни.</l>
</lg>
<lg type="quatrain">
<l n="13">Кузнец кует</l>
<l n="14">Подкову — время.</l>
<l n="15">Но где же день</l>
<l n="16">Желанный всеми?</l>
</lg>
<lg type="quatrain">
<l n="17">Кулак. Огонь</l>
<l n="18">Молниевидный...</l>
<l n="19">А новых звезд</l>
<l n="20">Не видеть — стыдно.</l>
</lg>
</div2>
</div1>
</body>
</text>
</tei>
