<?xml version='1.0' encoding='UTF8'?>
<tei xmlns="http://www.tei-c.org/ns/1.0">
<teiheader>
<filedesc>
<titlestmt>
<title>Варианты. «А небо будущим беременно...»</title>
<author>О.Э. Мандельштам</author>
</titlestmt>
<publicationstmt>
<p>АРТ-БИЗНЕС-ЦЕНТР МОСКВА 1993</p>
<biblstruct>
<biblscope n="" type="volume"></biblscope>
<biblscope n="" type="part"></biblscope>
</biblstruct></publicationstmt>
<sourcedesc>
<p>Издание подготовлено Мандельштамовским обществом</p>
</sourcedesc>
<respstmt>
<resp>Подготовка и разметка файлов - Алексей Литвинцев, Вероника Файнберг. Создание
          электронного ресурса - Тимофей Молчанов. Руководители проекта - Центр Digital Humanities,
          Мандельштамовское общество (НИУ ВШЭ).</resp>
</respstmt></filedesc>
<profiledesc>
<textdesc n="poem"></textdesc>
<textclass>
<catref target="Series([], Name: ID, dtype: object)" type="ID"></catref>
<catref target="Series([], Name: Источник, dtype: object)" type="Источник"></catref>
<catref target="Series([], Name: Жанр художественной литературы, dtype: object)" type="Жанр художественной литературы"></catref>
<catref target="Series([], Name: Уточнение жанра 1, dtype: object)" type="Уточнение жанра"></catref>
<catref target="Series([], Name: Метр, dtype: object)" type="Метр"></catref>
<catref target="Series([], Name: Длина строки, dtype: object)" type="Длина строки"></catref>
<catref target="Series([], Name: Клаузула, dtype: object)" type="Клаузула"></catref>
<catref target="Series([], Name: Уточнение клаузулы 1, dtype: object)" type="Уточнение клаузулы"></catref>
<catref target="Series([], Name: Классическая строфа, dtype: object)" type="Классическая строфа"></catref>
<catref target="Series([], Name: Рифма, dtype: object)" type="Рифма"></catref>
<catref target="Series([], Name: Схема рифмовки, dtype: object)" type="Схема рифмовки"></catref>
<catref target="Series([], Name: Метрическая формула, dtype: object)" type="Метрическая формула"></catref>
<catref target="Series([], Name: Дополнительные параметры, dtype: object)" type="Дополнительные параметры"></catref>
<catref target="Series([], Name: Число строк, dtype: int64)" type="Число строк"></catref>
<catref target="Series([], Name: Автор оригинала, dtype: object)" type="Автор оригинала"></catref>
<catref target="Series([], Name: Язык оригинала, dtype: object)" type="Язык оригинала"></catref>
</textclass></profiledesc>
</teiheader>
<text>
<body>
<div1 n="2" type="volume">
<div2 n="" type="part">
<head>15а.
А НЕБО БУДУЩИМ БЕРЕМЕННО...</head>
<lg type="84_line">
<l n="1">Война. Опять разноголосица</l>
<l n="2">На древних плоскогорьях мира.</l>
<l n="3">И вот опять пропеллер лоснится</l>
<l n="4">Как кость точеная тапира!</l>
<l n="5">Крыла и смерти уравнение —</l>
<l n="6">С алгебраических пирушек</l>
<l n="7">Слетев — он помнит измерение</l>
<l n="8">Других эбеновых игрушек:</l>
<l n="9">Врагиню-ночь, рассадник вражеский</l>
<l n="10">Существ коротких, ластоногих,</l>
<l n="11">И молодую силу тяжести:</l>
<l n="12">Так начиналась власть немногих!..</l>
<l n="13">Итак, готовьтесь жить во времени,</l>
<l n="14">Где нет ни волка, ни тапира,</l>
<l n="15">А небо будущим беременно —</l>
<l n="16">Пшеницей сытого эфира,</l>
<l n="17">А то сегодня победители</l>
<l n="18">Кладбища лета обходили,</l>
<l n="19">Ломали крылья стрекозиные</l>
<l n="20">И молоточками казнили.</l>
<l n="21">Ветер нам утешенье принес,</l>
<l n="22">И в лазури почуяли мы</l>
<l n="23">Ассирийские крылья стрекоз —</l>
<l n="24">Переборы коленчатой тьмы.</l>
<l n="25">И военной грозой потемнел</l>
<l n="26">Нижний слой помраченных небес —</l>
<l n="27">Шестируких летающих тел</l>
<l n="28">Слюдяной перепончатый лес.</l>
<l n="29">Есть в лазури слепой уголок,</l>
<l n="30">И в блаженные полдни всегда,</l>
<l n="31">Как сгустившейся ночи намек,</l>
<l n="32">Роковая трепещет звезда,</l>
<l n="33">И, с трудом пробиваясь вперед,</l>
<l n="34">В чешуе искалеченных крыл —</l>
<l n="35">Под высокую руку берет</l>
<l n="36">Побежденную твердь Азраил!<rs ref="Азраил" type="myth_index"></rs></l>
<l n="37">Давайте слушать грома проповедь,</l>
<l n="38">Как внуки Себастьяна Баха.<rs ref="Бах, Иоганн Себастьян" type="person"></rs></l>
<l n="39">И на востоке и на западе</l>
<l n="40">Органные поставим крылья;</l>
<l n="41">Давайте бросим бури яблоко</l>
<l n="42">На стол пирующим землянам,</l>
<l n="43">И на стеклянном блюде облако</l>
<l n="44">Поставим яств посередине;</l>
<l n="45">Давайте все покроем заново</l>
<l n="46">Камчатной скатертью пространства,</l>
<l n="47">Переговариваясь, радуясь,</l>
<l n="48">Друг другу подавая брашна!</l>
<l n="49">Как тельце маленькое крылышком</l>
<l n="50">По солнцу всклянь перевернулось,</l>
<l n="51">И зажигательное стеклышко</l>
<l n="52">На эмпирее загорелось;</l>
<l n="53">Как комариная безделица</l>
<l n="54">В зените ныла и звенела,</l>
<l n="55">И под сурдинку, пеньем жужелиц</l>
<l n="56">В лазури мучилась заноза:</l>
<l n="57">Не забывай меня: казни меня,</l>
<l n="58">Но дай мне имя! Дай мне имя!</l>
<l n="59">Мне будет легче с ним, пойми меня,</l>
<l n="60">В беременной глубокой сини!</l>
<l n="61">На круговом, на мирном судьбище</l>
<l n="62">Зарею кровь оледенится.</l>
<l n="63">В беременном глубоком будущем</l>
<l n="64">Жужжит большая медуница.</l>
<l n="65">А вам, в безвременьи летающим,</l>
<l n="66">Под хлыст войны, за власть немногих, —</l>
<l n="67">Хотя бы честь млекопитающих,</l>
<l n="68">Хотя бы совесть ластоногих!</l>
<l n="69">И тем печальнее, тем горше нам,</l>
<l n="70">Что люди-птицы хуже зверя</l>
<l n="71">И что стервятникам и коршунам</l>
<l n="72">Мы поневоле больше верим!</l>
<l n="73">Как шапка холода альпийского,</l>
<l n="74">Из года в год, в жару и лето,</l>
<l n="75">На лбу высоком человечества</l>
<l n="76">Войны холодные ладони...</l>
<l n="77">А ты, глубокое и сытое,</l>
<l n="78">Забременевшее лазурью,</l>
<l n="79">Как чешуя многоочитое,</l>
<l n="80">И альфа и омега бури, —</l>
<l n="81">Тебе, чужое и безбровое,</l>
<l n="82">Из поколенья в поколенье</l>
<l n="83">Всегда высокое и новое</l>
<l n="84">Передается удивленье!</l>
</lg>
</div2>
</div1>
</body>
</text>
</tei>
