<?xml version='1.0' encoding='UTF8'?>
<tei xmlns="http://www.tei-c.org/ns/1.0">
<teiheader>
<filedesc>
<titlestmt>
<title>Варианты. ‹к очерку «Михоэльс»›</title>
<author>О.Э. Мандельштам</author>
</titlestmt>
<publicationstmt>
<p>АРТ-БИЗНЕС-ЦЕНТР МОСКВА 1993</p>
<biblstruct>
<biblscope n="" type="volume"></biblscope>
<biblscope n="" type="part"></biblscope>
</biblstruct></publicationstmt>
<sourcedesc>
<p>Издание подготовлено Мандельштамовским обществом</p>
</sourcedesc>
<respstmt>
<resp>Подготовка и разметка файлов - Алексей Литвинцев, Вероника Файнберг. Создание
          электронного ресурса - Тимофей Молчанов. Руководители проекта - Центр Digital Humanities,
          Мандельштамовское общество (НИУ ВШЭ).</resp>
</respstmt></filedesc>
<profiledesc>
<textdesc n="prose"></textdesc>
<textclass>
<catref target="Series([], Name: ID, dtype: object)" type="ID"></catref>
<catref target="Series([], Name: Источник, dtype: object)" type="Источник"></catref>
<catref target="Series([], Name: Жанр художественной литературы, dtype: object)" type="Жанр художественной литературы"></catref>
<catref target="Series([], Name: Уточнение жанра 1, dtype: object)" type="Уточнение жанра"></catref>
<catref target="Series([], Name: Метр, dtype: object)" type="Метр"></catref>
<catref target="Series([], Name: Длина строки, dtype: object)" type="Длина строки"></catref>
<catref target="Series([], Name: Клаузула, dtype: object)" type="Клаузула"></catref>
<catref target="Series([], Name: Уточнение клаузулы 1, dtype: object)" type="Уточнение клаузулы"></catref>
<catref target="Series([], Name: Классическая строфа, dtype: object)" type="Классическая строфа"></catref>
<catref target="Series([], Name: Рифма, dtype: object)" type="Рифма"></catref>
<catref target="Series([], Name: Схема рифмовки, dtype: object)" type="Схема рифмовки"></catref>
<catref target="Series([], Name: Метрическая формула, dtype: object)" type="Метрическая формула"></catref>
<catref target="Series([], Name: Дополнительные параметры, dtype: object)" type="Дополнительные параметры"></catref>
<catref target="Series([], Name: Число строк, dtype: int64)" type="Число строк"></catref>
<catref target="Series([], Name: Автор оригинала, dtype: object)" type="Автор оригинала"></catref>
<catref target="Series([], Name: Язык оригинала, dtype: object)" type="Язык оригинала"></catref>
</textclass></profiledesc>
</teiheader>
<text>
<body>
<div1 n="2" type="volume">
<div2 n="1" type="part">
<head>232а.
‹к очерку «Михоэльс»›</head>
<p>.....и человечек-то подбитый ветром и в ‹кармане?› сущая чепуха — просроченная командировка: Удост‹оверение› на штабной вагон да пять кусков сахару. Откуда же взялась демоническая самовлюбленность ‹?›, страстная убедительность — Шиндель гипнотизирует нас, заст‹авляет› желать, чтоб у него был сахар и настоящая командировка.</p>
<p>Температура игры М‹ихоэльса› реальна, как физическое тепло и холод. Но так же реально передает он температуру исторического дня, в устах Шинделя «Наркомпрос! Наркомпрос!» звучит, как вздохи эоловой арфы.</p>
<p>Когда Шинд‹ель› с констр‹уктивистской› площ‹адки›, изобр‹ажающей› комнату, вых‹одит› на «улицу», — вся фигура пайкового чортика съеживается и слышно, как снег хрустит под наркомпросными валенками. Такого актера нельзя выпускать на реалистическую сцену — вещи расплавятся от его прикосновений. Он создает предметы — иголку с ниткой, рюмку с перцовкой, зеркало, быт, когда ему вздумается. Не мешайте ему: это его право. Не отнимайте у него творческой радости. Иногда, утомившись прыжками, утомившись мудрым своим беснованием на беспредметной сцене, М‹ихоэльс› сад‹ится› на пол: «Дов‹ольно!› Прекр‹атим› игру»... Тогда это</p>
<p>часовщик, созерцающий зубчики в лупу, это еврей, созерцающий свой внутренний мир, — совсем одинокий, с горящей свечкой в руках и с выражением страдальческого восторга, как в «Колдунье».</p>
<p>М‹ихоэльсу› близки эпилептические крайности: иногда он бывает на грани припадка падучей («Ночь на ст‹аром› рынке»), но здесь его спасает воистину</p>
<p>[...маска еврипидова актера] — слепое лицо, изборожденное зрячими морщинами. Теоретики класс‹ического› балета обращают громадное внимание на улыбку танцовщицы — они считают ее дополнением к движению, истолкованием прыжка, полета. [Но это пляск�� мыслящего тела, которой учит нас Михоэльс.] Но иногда опущенное веко видит больше, чем глаз, и ярусы морщин на человеческом лице глядят, как скопище слепцов. Когда изящнейший фарфоровый актер мечется, как каторжанин, сорвавшийся с нар, избитый товарищами, как запарившийся банщик, как базарный вор, готовый крикнуть свое последнее неотразимо убедительное слово [перед самосудом] — тогда стираются границы национального и начинается хаос трагического искусства. [Так в смятении ‹нрзб.› еврейскому ‹нрзб.› из Москвы мелькает тень Еврипида. Тогда начинается та мешанина<rs ref="Москва" type="geo_index"></rs><rs ref="Москва" type="geo_index"></rs><rs ref="Еврипид" type="person"></rs><rs ref="Михоэлс (Вовси), Соломон Михайлович" type="person"></rs></p>
<p>]</p>
<p>Каждый спектакль с участием М‹ихоэльса› проходит ‹нрзб.› в двух планах: образ, создаваемый иудаистическим актером, бьется о рамки спектакля, взрывает его оформление, и всей режиссерской машине спектакля не догнать М‹ихоэльса›, как мельничному крылу не догнать другого.</p>
<p>И ни к кому больше, чем к М‹ихоэльсу›, не применимы слова Вахтангова: «Свадьбу» и «П‹ир› в‹о› вр‹емя› ч‹умы›» надо игр‹ать› в од‹ном› спект‹акле›: по сущ‹еству› ‹это› одно и то же».<rs ref="Вахтангов, Евгений Багратионович " type="person"></rs></p>
<p>Михоэльс однажды сказал: «Я умоляю художников сохранить мне мое лицо». И все пьесы Госета построены на раскрытии маски Михоэльса, и в каждой из них он проделывает бесконечно трудный и славный путь от иудейской созерцательности к дифирамбическому восторгу, к освобождению, к раскованной мудрой пляске<rs ref="Михоэлс (Вовси), Соломон Михайлович" type="person"></rs></p>
</div2>
</div1>
</body>
</text>
</tei>
