<?xml version='1.0' encoding='UTF8'?>
<tei xmlns="http://www.tei-c.org/ns/1.0">
<teiheader>
<filedesc>
<titlestmt>
<title>Варианты. ‹к статье «Огюст Барбье»›</title>
<author>О.Э. Мандельштам</author>
</titlestmt>
<publicationstmt>
<p>АРТ-БИЗНЕС-ЦЕНТР МОСКВА 1993</p>
<biblstruct>
<biblscope n="" type="volume"></biblscope>
<biblscope n="" type="part"></biblscope>
</biblstruct></publicationstmt>
<sourcedesc>
<p>Издание подготовлено Мандельштамовским обществом</p>
</sourcedesc>
<respstmt>
<resp>Подготовка и разметка файлов - Алексей Литвинцев, Вероника Файнберг. Создание
          электронного ресурса - Тимофей Молчанов. Руководители проекта - Центр Digital Humanities,
          Мандельштамовское общество (НИУ ВШЭ).</resp>
</respstmt></filedesc>
<profiledesc>
<textdesc n="prose"></textdesc>
<textclass>
<catref target="Series([], Name: ID, dtype: object)" type="ID"></catref>
<catref target="Series([], Name: Источник, dtype: object)" type="Источник"></catref>
<catref target="Series([], Name: Жанр художественной литературы, dtype: object)" type="Жанр художественной литературы"></catref>
<catref target="Series([], Name: Уточнение жанра 1, dtype: object)" type="Уточнение жанра"></catref>
<catref target="Series([], Name: Метр, dtype: object)" type="Метр"></catref>
<catref target="Series([], Name: Длина строки, dtype: object)" type="Длина строки"></catref>
<catref target="Series([], Name: Клаузула, dtype: object)" type="Клаузула"></catref>
<catref target="Series([], Name: Уточнение клаузулы 1, dtype: object)" type="Уточнение клаузулы"></catref>
<catref target="Series([], Name: Классическая строфа, dtype: object)" type="Классическая строфа"></catref>
<catref target="Series([], Name: Рифма, dtype: object)" type="Рифма"></catref>
<catref target="Series([], Name: Схема рифмовки, dtype: object)" type="Схема рифмовки"></catref>
<catref target="Series([], Name: Метрическая формула, dtype: object)" type="Метрическая формула"></catref>
<catref target="Series([], Name: Дополнительные параметры, dtype: object)" type="Дополнительные параметры"></catref>
<catref target="Series([], Name: Число строк, dtype: int64)" type="Число строк"></catref>
<catref target="Series([], Name: Автор оригинала, dtype: object)" type="Автор оригинала"></catref>
<catref target="Series([], Name: Язык оригинала, dtype: object)" type="Язык оригинала"></catref>
</textclass></profiledesc>
</teiheader>
<text>
<body>
<div1 n="2" type="volume">
<div2 n="196а" type="part">
<head>196а.
‹к статье «Огюст Барбье»›</head>
<p>... Ямбы Барбье, рожденные вспышкой тридцатого года, следовали пачкой один за другим: «Собачья склока», «Лев» («Я был свидетелем трехдневного смятения: три дня метался лев народного терпенья по звучным мостовым прабабки городов»), «Девяносто третий год», «Мятеж» и особняком два последние, направленные против культа Наполеона: «Популярность» и «Истукан». В ненависти своей к Наполеону Барбье одинок во всей романтической школе. Для Наполеона приберегает он самые сокрушительные дантовские образы. Для него Наполеон еще жив. Яд наполеоновского культа, разлагающий демократию того времени, яд, приготовленный в лабораториях лучших поэтов и художников, он рассматривает как опаснейший токсин.<rs ref="Барбье, Огюст" type="person"></rs><rs ref="Барбье, Огюст" type="person"></rs><rs ref="Наполеон I, Бонапарт" type="person"></rs></p>
<p>После этой пачки ямбов дыхание большого стиля отлетело от Барбье. Он жил еще долго — до 1882 года, путешествовал в Италии и Англии, воспевал лазурные гроты и античные кладбища и оставил ряд сентиментальных поэм в духе справедливости и человечности. [Но такова была сила орлиного выводка его первых героических стихов, что Лермонтов зачитывался ими на гауптвахте, что в кружке...]<rs ref="Англия" type="geo_index"></rs><rs ref="Италия" type="geo_index"></rs><rs ref="Барбье, Огюст" type="person"></rs><rs ref="Лермонтов, Михаил Юрьевич" type="person"></rs></p>
</div2>
</div1>
</body>
</text>
</tei>
