<?xml version='1.0' encoding='UTF8'?>
<tei xmlns="http://www.tei-c.org/ns/1.0">
<teiheader>
<filedesc>
<titlestmt>
<title>Рецензии. Louis Pergaud. La Vie des bêtes</title>
<author>О.Э. Мандельштам</author>
</titlestmt>
<publicationstmt>
<p>АРТ-БИЗНЕС-ЦЕНТР МОСКВА 1993</p>
<biblstruct>
<biblscope n="" type="volume"></biblscope>
<biblscope n="" type="part"></biblscope>
</biblstruct></publicationstmt>
<sourcedesc>
<p>Издание подготовлено Мандельштамовским обществом</p>
</sourcedesc>
<respstmt>
<resp>Подготовка и разметка файлов - Алексей Литвинцев, Вероника Файнберг. Создание
          электронного ресурса - Тимофей Молчанов. Руководители проекта - Центр Digital Humanities,
          Мандельштамовское общество (НИУ ВШЭ).</resp>
</respstmt></filedesc>
<profiledesc>
<textdesc n="prose"></textdesc>
<textclass>
<catref target="Series([], Name: ID, dtype: object)" type="ID"></catref>
<catref target="Series([], Name: Источник, dtype: object)" type="Источник"></catref>
<catref target="Series([], Name: Жанр художественной литературы, dtype: object)" type="Жанр художественной литературы"></catref>
<catref target="Series([], Name: Уточнение жанра 1, dtype: object)" type="Уточнение жанра"></catref>
<catref target="Series([], Name: Метр, dtype: object)" type="Метр"></catref>
<catref target="Series([], Name: Длина строки, dtype: object)" type="Длина строки"></catref>
<catref target="Series([], Name: Клаузула, dtype: object)" type="Клаузула"></catref>
<catref target="Series([], Name: Уточнение клаузулы 1, dtype: object)" type="Уточнение клаузулы"></catref>
<catref target="Series([], Name: Классическая строфа, dtype: object)" type="Классическая строфа"></catref>
<catref target="Series([], Name: Рифма, dtype: object)" type="Рифма"></catref>
<catref target="Series([], Name: Схема рифмовки, dtype: object)" type="Схема рифмовки"></catref>
<catref target="Series([], Name: Метрическая формула, dtype: object)" type="Метрическая формула"></catref>
<catref target="Series([], Name: Дополнительные параметры, dtype: object)" type="Дополнительные параметры"></catref>
<catref target="Series([], Name: Число строк, dtype: int64)" type="Число строк"></catref>
<catref target="Series([], Name: Автор оригинала, dtype: object)" type="Автор оригинала"></catref>
<catref target="Series([], Name: Язык оригинала, dtype: object)" type="Язык оригинала"></catref>
</textclass></profiledesc>
</teiheader>
<text>
<body>
<div1 n="2" type="volume">
<div2 n="259" type="part">
<head>259.
Louis Pergaud. La vie des bêtes</head>
<p>«Рассказы» из жизни животных? Да возможны ли такие рассказы? Или героями их будут в конечном счете люди — или животным будут приписаны человеческие свойства!</p>
<p>Но Луи Перго доказал, что возможно правдивое, драматическое проникновение во внутренний мир животных; он нащупал мост между ‹миром человеческой психики› психикой человека и темным<rs ref="Перго, Луи" type="person"></rs></p>
<p> В данном случае в квадратные скобки заключены наиболее существенные фрагменты «первого слоя» авторской правки, а в угловые – «второго слоя». </p>
<p> Луи Перго. Жизнь животных <rs ref="Перго, Луи" type="person"></rs></p>
<p>бытием ‹птицы и зверя› [животного мира]. ‹Никогда и никому не удавалось и не удастся рассказать, что чувствует зверь, на языке зверя, обнажить его внутренний мир. «Сознание» животных не однородно сознанию человека и каждый особ.› Этот мост Луи Перго предоставила современная наука своим учением об условных рефлексах ‹и подсознательных наслоениях психики›. ‹Если вообще допустимо [непозволительно] «переводить» переживания зверя на литературный язык и приписывать ему человеческую мотивировку, то более чем законно наметить «общее» между человеком и животным — для творческих выводов и сравнений.›<rs ref="Перго, Луи" type="person"></rs></p>
<p>Каждый рассказ Перго взят как шахматная задача: ‹как поступил бы человек на месте того или иного зверя... Именно так ставит вопрос этот блестящий художник-натуралист› зверь не подменивается человеком, но человек, поставленный на место зверя, обремененный теми же условными рефлексами, делает за него выбор, намечает линию его поведения в соответствующей обстановке.<rs ref="Перго, Луи" type="person"></rs></p>
<p>Почти все рассказы Перго построены на теме приспособления ‹(характерна лиса с подвешенным бубенцом)›. Их драматизм в том, что они доводят рефлекторную психику зверя, вырванного из обычных условий существования, до ярчайших ‹магниевых› вспышек. (Ласка в капкане, обезумевшая сорока, опоенная водкой.) ‹ — это вспышки магния›. «Потребности, — говорит Перго, — хозяева наших чувств и поступков», — и звери Перго правдивы, потому что поведение их оправдано ослепительной необходимостью.<rs ref="Перго, Луи" type="person"></rs><rs ref="Перго, Луи" type="person"></rs></p>
<p>Перго далек от фальшивого сюсюканья. Он не уподобляет животное детям. Он не боится сложных сцеплений, он суров и вместе прост. В минуту страдания и опасности — человек ближе к зверю, но и зверь в такие минуты ближе и понятнее человеку. Старую невинную сказку о гадком утенке Перго ‹развернул› развертывает в ‹натуралистический› зоо-социологический этюд. Люди в его рассказах не только не заслоняют животных, но сами показаны по-новому, иногда с поразительной силой и неожиданностью ‹:«Он подходит стремительный, грубый; его горячее дыхание дымится, как вулкан в морозном воздухе утра: ни дать ни взять печная труба избы, куча обугливаемых деревьев дымит на воздухе»›.<rs ref="Перго, Луи" type="person"></rs></p>
<p>Рассказы Перго, сохраняющие внешнюю связь с традиционными формами басни ‹в именах, а подчас и сравнениях и стиле›, ушли бесконечно далеко от наивного морализирования. Скорей они ‹приближаются к› сродни темам здорового искусства примитива, которые выражены, например, в увлечении негритянским искусством.<rs ref="Перго, Луи" type="person"></rs><rs ref="Перго, Луи" type="person"></rs></p>
<p>Социальный облик автора, пишущего о животных, проступает всегда необычайно ярко. Рассказы Киплинга — империалистичны — его мангуст — слуга «белых людей — англичан». Но так написать о животных, как написал Перго, — мог лишь европеец с повышенным сознанием ответственности перед жизнью, с<rs ref="Киплинг, Редьярд Джозеф" type="person"></rs><rs ref="Перго, Луи" type="person"></rs><rs ref="Перго, Луи" type="person"></rs></p>
<p>настороженной и разбуженной совестью. Его герои — ласка, ворон, сорока — никому не служат, но приобщают нас к ужасу и радостям бытия.</p>
<date from="1926" to="1927">‹1926—1927›</date>
<note>
1 В данном случае в квадратные скобки заключены наиболее существенные фрагменты «первого слоя» авторской правки, а в угловые – «второго слоя». 
2 Луи Перго. Жизнь животных (фр.).
</note>
<rs ref="Перго, Луи" type="person"></rs>
</div2>
</div1>
</body>
</text>
</tei>
