<?xml version='1.0' encoding='UTF8'?>
<tei xmlns="http://www.tei-c.org/ns/1.0">
<teiheader>
<filedesc>
<titlestmt>
<title>Варианты. ‹к статье «Заметки о Шенье»›</title>
<author>О.Э. Мандельштам</author>
</titlestmt>
<publicationstmt>
<p>АРТ-БИЗНЕС-ЦЕНТР МОСКВА 1993</p>
<biblstruct>
<biblscope n="" type="volume"></biblscope>
<biblscope n="" type="part"></biblscope>
</biblstruct></publicationstmt>
<sourcedesc>
<p>Издание подготовлено Мандельштамовским обществом</p>
</sourcedesc>
<respstmt>
<resp>Подготовка и разметка файлов - Алексей Литвинцев, Вероника Файнберг. Создание
          электронного ресурса - Тимофей Молчанов. Руководители проекта - Центр Digital Humanities,
          Мандельштамовское общество (НИУ ВШЭ).</resp>
</respstmt></filedesc>
<profiledesc>
<textdesc n="prose"></textdesc>
<textclass>
<catref target="Series([], Name: ID, dtype: object)" type="ID"></catref>
<catref target="Series([], Name: Источник, dtype: object)" type="Источник"></catref>
<catref target="Series([], Name: Жанр художественной литературы, dtype: object)" type="Жанр художественной литературы"></catref>
<catref target="Series([], Name: Уточнение жанра 1, dtype: object)" type="Уточнение жанра"></catref>
<catref target="Series([], Name: Метр, dtype: object)" type="Метр"></catref>
<catref target="Series([], Name: Длина строки, dtype: object)" type="Длина строки"></catref>
<catref target="Series([], Name: Клаузула, dtype: object)" type="Клаузула"></catref>
<catref target="Series([], Name: Уточнение клаузулы 1, dtype: object)" type="Уточнение клаузулы"></catref>
<catref target="Series([], Name: Классическая строфа, dtype: object)" type="Классическая строфа"></catref>
<catref target="Series([], Name: Рифма, dtype: object)" type="Рифма"></catref>
<catref target="Series([], Name: Схема рифмовки, dtype: object)" type="Схема рифмовки"></catref>
<catref target="Series([], Name: Метрическая формула, dtype: object)" type="Метрическая формула"></catref>
<catref target="Series([], Name: Дополнительные параметры, dtype: object)" type="Дополнительные параметры"></catref>
<catref target="Series([], Name: Число строк, dtype: int64)" type="Число строк"></catref>
<catref target="Series([], Name: Автор оригинала, dtype: object)" type="Автор оригинала"></catref>
<catref target="Series([], Name: Язык оригинала, dtype: object)" type="Язык оригинала"></catref>
</textclass></profiledesc>
</teiheader>
<text>
<body>
<div1 n="2" type="volume">
<div2 n="1" type="part">
<head>190а.
</head>
<p>Александрийский стих, господствующий во французской поэзии со времен Расина и утративший свое господствующее положение только в девятнадцатом веке, занимает центральное место во всей европейской поэзии как сильнейшее и выразительнейшее проявление контрапункта, то есть тематического голосоведения, столь же характерного для новой поэзии, как и для новой музыки. Александрийский стих несомненно драматического происхождения, то есть происходит из диалога.<rs ref="Расин, Жан" type="person"></rs></p>
<p>«Œta, mont ennobli...»</p>
<p>, относимый к fragments d’Idylles... </p>
<p> в свободном переложении Пушкина.<rs ref="Пушкин, Александр Сергеевич" type="person"></rs></p>
<p>Между глаголом, существительным и эпитетом на всем протяжении этой небольшой поэмы развертывается напряженная борьба за</p>
<p> «Эта́, облагороженная гора...» (Здесь и далее подстрочный перевод с французского.)</p>
<p> Фрагменты «Идиллий»...</p>
<p>действительную силу, за обладание временем, тонической мерой стиха, за гегемонию образа и действия. Если выписать в порядке расположения стихов от первого до последнего приходящиеся на каждый эпитеты, получается следующая картина: при средней для нормального александрийца насыщенности двумя эпитетами 3-й, 4-й, 6-й, 7-й, 9-й, 10-й и 13-й стихи несут только по одному эпитету, 8-й, 11-й и 12-й дают ноль эпитета, то есть пропорционально нарастанию действия эпитет сходит на нет, а кульминационные стихи дают как бы зияние эпитета — 11-й и 12-й, рассеченные паузой.</p>
<p>Особенно интересен в смысле безэпитетности 11-й стих —</p>
<p>Attend sa récompense et l’heure d’être un dieu</p>
<p>, — </p>
<p>если сравнить его с соответствующим кульминационным стихом знаменитой элегии «Elle a vécu, Myrto la jeune Tarantine...»</p>
<p>:</p>
<p>Этот стих, насыщенный тремя глаголами и расчлененный на три момента действия, построен чистой глагольной триадой.</p>
<p>Кульминационный стих:</p>
<p>построен несколько иначе: он держится на дополнении, следующем после союза «и» и зависящем от глагола «attend», именно «l’heure d’etre un dieu», причем существительное «l’heure» исполняет функции глагола, то есть насыщено самым чистым действием и по температуре своей есть уже как бы существительное, расплавленное в глагол.</p>
<p>Перед Шенье стояла задача осуществить абсолютную полноту поэтической свободы в пределах самого узкого канона, и он разрешил эту задачу как свободу внутреннюю, путем своеобразнейшей стилистической пэонизации. Аналогия с пэоном для характеристики образной и ритмической насыщенности александрийского стиха у<rs ref="Шенье, Андре Мари" type="person"></rs></p>
<p> Ждет своей награды и того часа, когда он станет богом.</p>
<p> «Она жила, Мирто, молодая тарантинка...»</p>
<p> Она падает, она кричит, ее уже несет поток.</p>
<p>Шенье не внешняя и не случайна. Пэон есть опущенное, причитающееся по метрической схеме ударение. Внутреннее разнообразие элегии Шенье: глаголы, существительные, эпитеты постоянно выпадают в своем первоначальном и естественном значении; они «зияют» или несут службу другой части речи.<rs ref="Шенье, Андре Мари" type="person"></rs></p>
<p>Возьмем, например, первую половину двенадцатого стиха поэмы:</p>
<p>Здесь два глагола «souffle» и «mugit» определенно несут службу эпитетов, и все построение фразы не что иное, как замаскированное предложение двух эпитетов — «свистящий» и «стенающий» в приложении к ветру.</p>
<p>Десятый стих:</p>
<p>характеризуется активностью существительного «massue» — палица.</p>
<p>Существительное взято в действенном глагольном значении, скорее как потенция действия и напряженная готовность мышечной силы героя, чем как вещь.</p>
<p>В стихе девятом:</p>
<p>происходит зияние эпитета «héroïque», который несет службу глагола, ибо истинное, незамаскированное значение фразы таково: Алкид «геройствует», расстилая шкуру.<rs ref="Алкид" type="myth_index"></rs></p>
<p>Таким образом, недостаток синтаксической гибкости александрийца возмещается разнообразием стилистических ходов, выход из золотой клетки александрийского стиха найден, и выход этот очень национальный.</p>
<p>Очень близкое к Пушкину место («Поэт и чернь») — Гомер в «L’Aveugle»<rs ref="Гомер" type="person"></rs><rs ref="Пушкин, Александр Сергеевич" type="person"></rs></p>
<p>.</p>
<p> Ветер свистит и стонет...</p>
<p> Взор устремив к небу, опершись на старую палицу.</p>
<p> Стелет геройскую шкуру (убитого им некогда) льва...</p>
<p> «Слепец» (идиллия А.Шенье).<rs ref="Шенье, Андре Мари" type="person"></rs></p>
<p>Чувство отдельного стиха высоко развито у Шенье. Орфическая сила. Эпиграмматичность.<rs ref="Шенье, Андре Мари" type="person"></rs></p>
<p>«Le jeune malade»</p>
<p>: сын, умирая от любви, посылает мать за исцелением к возлюбленной, та возвращается, успешно выполнив поручение.</p>
<p>В «Le Mendiant» ребенок приводит к отцу на праздничный пир голодного нищего, который после некоторых приготовлений открывается доброму богачу как его бывший отеческий благодетель. Общее ликование.</p>
<p> Пой... Позабавь нас, ты угодишь богам...</p>
<p> «Больной юноша».</p>
<p> «Нищий».</p>
<note>
1 «Эта́, облагороженная гора...» (Здесь и далее подстрочный перевод с французского.)
2 Фрагменты «Идиллий»...

1 Ждет своей награды и того часа, когда он станет богом.
2 «Она жила, Мирто, молодая тарантинка...»
3 Она падает, она кричит, ее уже несет поток.

1 Ветер свистит и стонет...
2 Взор устремив к небу, опершись на старую палицу.
3 Стелет геройскую шкуру (убитого им некогда) льва...
4 «Слепец» (идиллия А.Шенье).

1 Пой... Позабавь нас, ты угодишь богам...
2 «Больной юноша».
3 «Нищий».
</note>
<rs ref="Шенье, Андре Мари" type="person"></rs>
</div2>
</div1>
</body>
</text>
</tei>
