<?xml version='1.0' encoding='UTF8'?>
<tei xmlns="http://www.tei-c.org/ns/1.0">
<teiheader>
<filedesc>
<titlestmt>
<title>Варианты. Заметки о поэзии</title>
<author>О.Э. Мандельштам</author>
</titlestmt>
<publicationstmt>
<p>АРТ-БИЗНЕС-ЦЕНТР МОСКВА 1993</p>
<biblstruct>
<biblscope n="" type="volume"></biblscope>
<biblscope n="" type="part"></biblscope>
</biblstruct></publicationstmt>
<sourcedesc>
<p>Издание подготовлено Мандельштамовским обществом</p>
</sourcedesc>
<respstmt>
<resp>Подготовка и разметка файлов - Алексей Литвинцев, Вероника Файнберг. Создание
          электронного ресурса - Тимофей Молчанов. Руководители проекта - Центр Digital Humanities,
          Мандельштамовское общество (НИУ ВШЭ).</resp>
</respstmt></filedesc>
<profiledesc>
<textdesc n="prose"></textdesc>
<textclass>
<catref target="Series([], Name: ID, dtype: object)" type="ID"></catref>
<catref target="Series([], Name: Источник, dtype: object)" type="Источник"></catref>
<catref target="Series([], Name: Жанр художественной литературы, dtype: object)" type="Жанр художественной литературы"></catref>
<catref target="Series([], Name: Уточнение жанра 1, dtype: object)" type="Уточнение жанра"></catref>
<catref target="Series([], Name: Метр, dtype: object)" type="Метр"></catref>
<catref target="Series([], Name: Длина строки, dtype: object)" type="Длина строки"></catref>
<catref target="Series([], Name: Клаузула, dtype: object)" type="Клаузула"></catref>
<catref target="Series([], Name: Уточнение клаузулы 1, dtype: object)" type="Уточнение клаузулы"></catref>
<catref target="Series([], Name: Классическая строфа, dtype: object)" type="Классическая строфа"></catref>
<catref target="Series([], Name: Рифма, dtype: object)" type="Рифма"></catref>
<catref target="Series([], Name: Схема рифмовки, dtype: object)" type="Схема рифмовки"></catref>
<catref target="Series([], Name: Метрическая формула, dtype: object)" type="Метрическая формула"></catref>
<catref target="Series([], Name: Дополнительные параметры, dtype: object)" type="Дополнительные параметры"></catref>
<catref target="Series([], Name: Число строк, dtype: int64)" type="Число строк"></catref>
<catref target="Series([], Name: Автор оригинала, dtype: object)" type="Автор оригинала"></catref>
<catref target="Series([], Name: Язык оригинала, dtype: object)" type="Язык оригинала"></catref>
</textclass></profiledesc>
</teiheader>
<text>
<body>
<div1 n="2" type="volume">
<div2 n="194" type="part">
<head>(194, 195)а.
Заметки о поэзии</head>
<p>Современная русская поэзия не свалилась с неба, а была предсказана всем поэтическим прошлым нашей страны, — разве щелканьем и цоканьем Языкова не был предсказан Пастернак, и разве одного этого примера недостаточно, чтоб показать, как поэтические батареи разговаривают друг с другом перекидным огнем, нимало не смущаясь равнодушием разделяющего их времени. В поэзии всегда война. И только в эпохи общественного идиотизма наступает мир или перемирие. Корневоды, как полководцы, ополчаются друг на друга. Корни слов воюют в темноте, отымая друг у друга пищу и земные соки.<rs ref="Пастернак, Борис Леонидович" type="person"></rs><rs ref="Пастернак, Борис Леонидович" type="person"></rs><rs ref="Языков, Николай Михайлович" type="person"></rs></p>
<p>Борьба русской, то есть мирской бесписьменной речи, домашнего корнесловья, языка мирян, с письменной речью монахов, с церковнославянской, враждебной, византийской грамотой — сказывается до сих пор.</p>
<p>Первые интеллигенты — византийские монахи — навязали языку чужой дух и чужое обличье. Чернецы, то есть интеллигенты, и миряне всегда говорили в России на разных языках. Славянщина Кирилла и Мефодия для своего времени была тем же, чем воляпюк газеты для нашего времени. Разговорная речь любит приспособление. Из враждебных кусков она создает сплав. Разговорная речь всегда находит средний удобный путь. По отношению ко всей истории языка она настроена примиренчески и определяется расплывчатым благодушием, то есть оппортунизмом. Поэтическая речь никогда не бывает достаточно «замирена», и в ней через много столетий открываются старые нелады, — это янтарь, в котором жужжит муха, давным-давно затянутая смолой, живое чужеродное тело продолжает жить и в окаменелости. Все, что работает в русской поэзии на пользу чужой, монашеской словесности, всякая интеллигентская словесность, то есть «Византия», — реакционна. Все, что клонится к обмирщению поэтической речи, то есть к изгнанию из нее монашествующей интеллигенции, Византии, — несет языку добро, то есть долговечность, и помогает ему совершить подвиг самостоятельного существования в семье других наречий.<rs ref="Кирилл и Мефодий" type="myth_index"></rs><rs ref="Византия" type="geo_index"></rs><rs ref="Россия (СССР)" type="geo_index"></rs></p>
<p>В русской поэзии первостепенное дело делали только те работники, какие непосредственно участвовали в великом обмирщении языка, его секуляризации. Это — Тредьяковский, Ломоносов, Батюшков, Языков, Пушкин и, наконец, Хлебников и Пастернак.<rs ref="Батюшков, Константин Николаевич" type="person"></rs><rs ref="Ломоносов, Михаил Васильевич" type="person"></rs><rs ref="Пастернак, Борис Леонидович" type="person"></rs><rs ref="Пушкин, Александр Сергеевич" type="person"></rs><rs ref="Тредьяковский (Тредиаковский), Василий Кириллович" type="person"></rs><rs ref="Хлебников, Велимир" type="person"></rs><rs ref="Языков, Николай Михайлович" type="person"></rs><rs ref="Языков, Николай Михайлович" type="person"></rs></p>
<p>Рискуя показаться чрезвычайно элементарным, донельзя упростить предмет, я изобразил бы отрицательный и положительный полюсы в состоянии поэтического языка как буйное морфологическое цветение и отвердение морфологической лавы под смысловой корой. Поэтическую речь живит блуждающий, многосмысленный корень.</p>
<p>Множитель корня — согласный звук — показатель его живучести. Слово размножается не гласными, а согласными. Согласные — семя и залог потомства языка. Пониженное языковое сознание — отмиранье чувства согласной.</p>
<p>Русский стих насыщен согласными и цокает, и щелкает, и свистит ими. Настоящая мирская речь. Монашеская речь — литания гласных.</p>
<p>Благодаря тому, что борьба с монашески-интеллигентской Византией на военном поле поэзии после Языкова заглохла и на этом славном поприще долго не являлось нового героя, русские поэты один за другим стали глохнуть к шуму языка, становились тугими на ухо к прибою звуковых волн и только через слуховую трубку различали<rs ref="Византия" type="geo_index"></rs><rs ref="Москва" type="geo_index"></rs><rs ref="Языков, Николай Михайлович" type="person"></rs></p>
<p>в шуме словаря свой собственный малый словарь. Так, глухому старцу в «Горе от ума» кричат: «Князь, князь, назад!» Небольшой словарь еще не грех и не порочный круг. Он замыкает иногда говорящего и пламенным кругом, но он есть признак того, что говорящий не доверяет родной почве и не всюду может поставить свою ногу. Воистину русские символисты были столпниками стиля: на всех вместе не больше пятисот слов — словарь полинезийца.</p>
<p>У Пушкина есть два выражения для новаторов в поэзии, одно: «чтоб, возмутив бескрылое желанье в нас, чадах праха, снова улететь!», а другое: «когда великий Глюк явился и открыл нам новы тайны». Всякий, кто поманит родную поэзию звуком и образом чужой речи, будет новатором первого толка, то есть соблазнителем.<rs ref="Глюк" type="person"></rs><rs ref="Пушкин, Александр Сергеевич" type="person"></rs></p>
<p>Неверно, что в русской речи спит латынь, неверно, что спит в ней Эллада. С тем же правом можно расколдовать в музыке русской речи негритянские барабаны и односложные словоизъявления кафров. В русской речи спит она сама и только она сама. Российскому стихотворцу не похвала, а прямая обида, если стихи его звучат, как латынь. А как же Глюк? — Глубокие, пленительные тайны? — Для российской поэтической судьбы глубокие, пленительные глюковские тайны не в санскрите и не в эллинизме, а в последовательном обмирщении поэтической речи. — Давайте нам «библию для мирян»!<rs ref="Россия (СССР)" type="geo_index"></rs><rs ref="Эллада" type="geo_index"></rs><rs ref="Глюк" type="person"></rs></p>
<p>Когда я читаю «Сестру мою жизнь» Пастернака — я испытываю ту самую чистую радость освобожденной от внешних влияний мирской речи, черной поденной речи Лютера. Так радовались немцы в своих черепичных домах, впервые открывая свеженькие, типографской краской пахнущие, свои готические библии.<rs ref="Лютер, Мартин" type="person"></rs><rs ref="Пастернак, Борис Леонидович" type="person"></rs></p>
<p>Чтение же Хлебникова может сравниться с еще более величественным и поучительным зрелищем: так мог бы и должен был бы развиваться язык-праведник, не обремененный и не оскверненный историческими невзгодами и насилиями. Речь Хлебникова до того обмирщена, как если бы никогда не существовало ни монахов, ни Византии, ни интеллигентской письменности. Это абсолютно светская и мирская русская речь, впервые прозвучавшая за все время существования русской книжной грамоты. Если принять такой взгляд, отпадает необходимость считать Хлебникова каким-то колдуном и шаманом. Он наметил пути разви��ия языка.<rs ref="Византия" type="geo_index"></rs><rs ref="Хлебников, Велимир" type="person"></rs></p>
<p>Когда явился Фет, русскую поэзию взбудоражило<rs ref="Фет (Шеншин), Афанасий Афанасьевич" type="person"></rs></p>
<p>а уходя, Фет сказал:<rs ref="Фет (Шеншин), Афанасий Афанасьевич" type="person"></rs><rs ref="Фет (Шеншин), Афанасий Афанасьевич" type="person"></rs></p>
<p>Эта горящая соль каких-то речей, этот посвист, щелканье, шелестение, сверкание, плеск, полнота звука, полнота жизни, половодье образов и чувств с неслыханной силой воспрянули в поэзии Пастернака. Перед нами значительное патриархальное явление русской поэзии Фета.<rs ref="Пастернак, Борис Леонидович" type="person"></rs><rs ref="Фет (Шеншин), Афанасий Афанасьевич" type="person"></rs></p>
<p>Величественная домашняя русская поэзия Пастернака уже старомодна. Она безвкусна потому, что бессмертна; она бесстильна потому, что захлебывается от банальности классическим восторгом цокающего соловья. Да, поэзия Пастернака прямое токованье (глухарь на току, соловей по весне), прямое следствие особого физиологического устройства горла, такая же родовая примета, как оперенье, как птичий хохолок.<rs ref="Пастернак, Борис Леонидович" type="person"></rs></p>
<p>Стихи Пастернака почитать — горло прочистить, дыхание укрепить, обновить легкие: такие стихи должны быть целебны для туберкулеза. У нас сейчас нет более здоровой поэзии. Это — кумыс после американского молока.<rs ref="Пастернак, Борис Леонидович" type="person"></rs></p>
<p>Книга Пастернака «Сестра моя жизнь» представляется мне сборником прекрасных упражнений дыханья: каждый раз голос становится по-новому, каждый раз иначе регулируется мощный дыхательный аппарат.<rs ref="Пастернак, Борис Леонидович" type="person"></rs></p>
<p>У Пастернака синтаксис убежденного собеседника, который горячо и взволнованно что-то доказывает, а что он доказывает?<rs ref="Пастернак, Борис Леонидович" type="person"></rs></p>
<p>Так, размахивая руками, бормоча, плетется поэзия, пошатываясь, головокружа, блаженно очумелая и все-таки единственная трезвая, единственная проснувшаяся из всего, что есть в мире.</p>
<p>Конечно, Герцен и Огарев, когда стояли на Воробьевых горах мальчиками, испытывали физиологически священный восторг пространства и птичьего полета. Поэзия Пастернака рассказала нам об этих минутах: это — блестящая <rs ref="Герцен, Александр Иванович" type="person"></rs><rs ref="Огарев, Николай Платонович" type="person"></rs><rs ref="Пастернак, Борис Леонидович" type="person"></rs></p>
<p>, перемещенная с Акрополя на Воробьевы горы.<rs ref="Афины" type="geo_index"></rs><rs ref="Москва" type="geo_index"></rs></p>
</div2>
</div1>
</body>
</text>
</tei>
