<?xml version='1.0' encoding='UTF8'?>
<tei xmlns="http://www.tei-c.org/ns/1.0">
<teiheader>
<filedesc>
<titlestmt>
<title>Рецензии. Klaus Mann. Kinder-Novelle</title>
<author>О.Э. Мандельштам</author>
</titlestmt>
<publicationstmt>
<p>АРТ-БИЗНЕС-ЦЕНТР МОСКВА 1993</p>
<biblstruct>
<biblscope n="" type="volume"></biblscope>
<biblscope n="" type="part"></biblscope>
</biblstruct></publicationstmt>
<sourcedesc>
<p>Издание подготовлено Мандельштамовским обществом</p>
</sourcedesc>
<respstmt>
<resp>Подготовка и разметка файлов - Алексей Литвинцев, Вероника Файнберг. Создание
          электронного ресурса - Тимофей Молчанов. Руководители проекта - Центр Digital Humanities,
          Мандельштамовское общество (НИУ ВШЭ).</resp>
</respstmt></filedesc>
<profiledesc>
<textdesc n="prose"></textdesc>
<textclass>
<catref target="Series([], Name: ID, dtype: object)" type="ID"></catref>
<catref target="Series([], Name: Источник, dtype: object)" type="Источник"></catref>
<catref target="Series([], Name: Жанр художественной литературы, dtype: object)" type="Жанр художественной литературы"></catref>
<catref target="Series([], Name: Уточнение жанра 1, dtype: object)" type="Уточнение жанра"></catref>
<catref target="Series([], Name: Метр, dtype: object)" type="Метр"></catref>
<catref target="Series([], Name: Длина строки, dtype: object)" type="Длина строки"></catref>
<catref target="Series([], Name: Клаузула, dtype: object)" type="Клаузула"></catref>
<catref target="Series([], Name: Уточнение клаузулы 1, dtype: object)" type="Уточнение клаузулы"></catref>
<catref target="Series([], Name: Классическая строфа, dtype: object)" type="Классическая строфа"></catref>
<catref target="Series([], Name: Рифма, dtype: object)" type="Рифма"></catref>
<catref target="Series([], Name: Схема рифмовки, dtype: object)" type="Схема рифмовки"></catref>
<catref target="Series([], Name: Метрическая формула, dtype: object)" type="Метрическая формула"></catref>
<catref target="Series([], Name: Дополнительные параметры, dtype: object)" type="Дополнительные параметры"></catref>
<catref target="Series([], Name: Число строк, dtype: int64)" type="Число строк"></catref>
<catref target="Series([], Name: Автор оригинала, dtype: object)" type="Автор оригинала"></catref>
<catref target="Series([], Name: Язык оригинала, dtype: object)" type="Язык оригинала"></catref>
</textclass></profiledesc>
</teiheader>
<text>
<body>
<div1 n="2" type="volume">
<div2 n="270" type="part">
<head>270.
Klaus Mann. Kinder-Novelle</head>
<p>К молодой вдове великого философа (не то неокатолик, не то шпенглерианец) является ученик его и почитатель</p>
<p> Клаус Манн. Повесть о детях <rs ref="Манн, Клаус" type="person"></rs></p>
<p>(модернизованный гамсуновский бродяга). Добродетельная мать четверых детей беременеет от юноши-незнакомца. Центр тяжести в переживаниях детей, обрамляющих сантиментальную драму матери. Сильный упор на гениальность отца — не оправданный и не убедительный. Фигура бродяги любопытна своим лирическим размахом (брошюра о Советской России в кармане и серафическая эротика). Тон повествования крайне торжественный, и несчастная любовь буржуазной дамы возводится в полурелигиозный миф. Основная идея: святость семьи, на которой почиет гениальность умершего мыслителя. Книга утонченна и в то же время безвкусна.<rs ref="Россия (СССР)" type="geo_index"></rs></p>
<note>

2 Клаус Манн. Повесть о детях (нем.).
</note>
<rs ref="Манн, Клаус" type="person"></rs>
</div2>
</div1>
</body>
</text>
</tei>
