<?xml version='1.0' encoding='UTF8'?>
<tei xmlns="http://www.tei-c.org/ns/1.0">
<teiheader>
<filedesc>
<titlestmt>
<title>Рецензии. Frank Thiess. Das Tor zur Welt</title>
<author>О.Э. Мандельштам</author>
</titlestmt>
<publicationstmt>
<p>АРТ-БИЗНЕС-ЦЕНТР МОСКВА 1993</p>
<biblstruct>
<biblscope n="" type="volume"></biblscope>
<biblscope n="" type="part"></biblscope>
</biblstruct></publicationstmt>
<sourcedesc>
<p>Издание подготовлено Мандельштамовским обществом</p>
</sourcedesc>
<respstmt>
<resp>Подготовка и разметка файлов - Алексей Литвинцев, Вероника Файнберг. Создание
          электронного ресурса - Тимофей Молчанов. Руководители проекта - Центр Digital Humanities,
          Мандельштамовское общество (НИУ ВШЭ).</resp>
</respstmt></filedesc>
<profiledesc>
<textdesc n="prose"></textdesc>
<textclass>
<catref target="Series([], Name: ID, dtype: object)" type="ID"></catref>
<catref target="Series([], Name: Источник, dtype: object)" type="Источник"></catref>
<catref target="Series([], Name: Жанр художественной литературы, dtype: object)" type="Жанр художественной литературы"></catref>
<catref target="Series([], Name: Уточнение жанра 1, dtype: object)" type="Уточнение жанра"></catref>
<catref target="Series([], Name: Метр, dtype: object)" type="Метр"></catref>
<catref target="Series([], Name: Длина строки, dtype: object)" type="Длина строки"></catref>
<catref target="Series([], Name: Клаузула, dtype: object)" type="Клаузула"></catref>
<catref target="Series([], Name: Уточнение клаузулы 1, dtype: object)" type="Уточнение клаузулы"></catref>
<catref target="Series([], Name: Классическая строфа, dtype: object)" type="Классическая строфа"></catref>
<catref target="Series([], Name: Рифма, dtype: object)" type="Рифма"></catref>
<catref target="Series([], Name: Схема рифмовки, dtype: object)" type="Схема рифмовки"></catref>
<catref target="Series([], Name: Метрическая формула, dtype: object)" type="Метрическая формула"></catref>
<catref target="Series([], Name: Дополнительные параметры, dtype: object)" type="Дополнительные параметры"></catref>
<catref target="Series([], Name: Число строк, dtype: int64)" type="Число строк"></catref>
<catref target="Series([], Name: Автор оригинала, dtype: object)" type="Автор оригинала"></catref>
<catref target="Series([], Name: Язык оригинала, dtype: object)" type="Язык оригинала"></catref>
</textclass></profiledesc>
</teiheader>
<text>
<body>
<div1 n="2" type="volume">
<div2 n="267" type="part">
<head>267.
Frank Thiess. Das Tor zur Welt</head>
<p>Эпоха неопределенная. Революция и война игнорируются. Режим в Германии неизвестно какой. Тенденция — грубо идеалистическая. Гимназисты гениальничают и прекраснодушествуют; они благородны, наивны и целомудренны; в вопросах пола застенчивы, как дети; о политике говорят словами Шпильгагена. Несмотря на колоритный фон провинциального городка с педагогами, пансионными хозяйками и ‹за›бавным мещанством классической немецкой школы — крайне фальшивая и поэтическая в дурном смысле книга: в ней даже не пахнет современным немецким юношеством и его трагедией. Это сплошной фальсификат. «В Германии ничего не переменилось — и бюргер может быть спокоен». Идеология: дешевое ницшеанство плюс мюнхенский эстетизм.<rs ref="Германия" type="geo_index"></rs><rs ref="Шпильгаген, Фридрих" type="person"></rs></p>
<p> Франк Тисс. Врата в мир <rs ref="Тисс, Франк" type="person"></rs></p>
<date from="1926" to="1927">‹1926—1927›</date>
<note>
1 Франк Тисс. Врата в мир (нем.).
</note>
<rs ref="Тисс, Франк" type="person"></rs>
</div2>
</div1>
</body>
</text>
</tei>
