<?xml version='1.0' encoding='UTF8'?>
<tei xmlns="http://www.tei-c.org/ns/1.0">
<teiheader>
<filedesc>
<titlestmt>
<title>Рецензии. Leo Perutz und Paul Frank. Das Mangobaumwunder</title>
<author>О.Э. Мандельштам</author>
</titlestmt>
<publicationstmt>
<p>АРТ-БИЗНЕС-ЦЕНТР МОСКВА 1993</p>
<biblstruct>
<biblscope n="" type="volume"></biblscope>
<biblscope n="" type="part"></biblscope>
</biblstruct></publicationstmt>
<sourcedesc>
<p>Издание подготовлено Мандельштамовским обществом</p>
</sourcedesc>
<respstmt>
<resp>Подготовка и разметка файлов - Алексей Литвинцев, Вероника Файнберг. Создание
          электронного ресурса - Тимофей Молчанов. Руководители проекта - Центр Digital Humanities,
          Мандельштамовское общество (НИУ ВШЭ).</resp>
</respstmt></filedesc>
<profiledesc>
<textdesc n="prose"></textdesc>
<textclass>
<catref target="Series([], Name: ID, dtype: object)" type="ID"></catref>
<catref target="Series([], Name: Источник, dtype: object)" type="Источник"></catref>
<catref target="Series([], Name: Жанр художественной литературы, dtype: object)" type="Жанр художественной литературы"></catref>
<catref target="Series([], Name: Уточнение жанра 1, dtype: object)" type="Уточнение жанра"></catref>
<catref target="Series([], Name: Метр, dtype: object)" type="Метр"></catref>
<catref target="Series([], Name: Длина строки, dtype: object)" type="Длина строки"></catref>
<catref target="Series([], Name: Клаузула, dtype: object)" type="Клаузула"></catref>
<catref target="Series([], Name: Уточнение клаузулы 1, dtype: object)" type="Уточнение клаузулы"></catref>
<catref target="Series([], Name: Классическая строфа, dtype: object)" type="Классическая строфа"></catref>
<catref target="Series([], Name: Рифма, dtype: object)" type="Рифма"></catref>
<catref target="Series([], Name: Схема рифмовки, dtype: object)" type="Схема рифмовки"></catref>
<catref target="Series([], Name: Метрическая формула, dtype: object)" type="Метрическая формула"></catref>
<catref target="Series([], Name: Дополнительные параметры, dtype: object)" type="Дополнительные параметры"></catref>
<catref target="Series([], Name: Число строк, dtype: int64)" type="Число строк"></catref>
<catref target="Series([], Name: Автор оригинала, dtype: object)" type="Автор оригинала"></catref>
<catref target="Series([], Name: Язык оригинала, dtype: object)" type="Язык оригинала"></catref>
</textclass></profiledesc>
</teiheader>
<text>
<body>
<div1 n="2" type="volume">
<div2 n="264" type="part">
<head>264.
Leo Perutz und Paul Frank. Das Mangobaumwunder</head>
<p>Ученого врача-токсиколога спешно вызывают на роскошную баронскую виллу. Болен садовник барона — индус. Врач определяет укус змеи «тик-палуга» — опаснейшей кобры. В доме барона, где поселяется врач, происходят странные вещи: сам барон — знаменитый альпинист — к удивлению врача оказывается дряхлым стариком; дочь барона — на вид молодая женщина — ведет себя инфантильно, играет в куклы; оранжерея барона разрослась в уголок тропических джунглей: змеи, гигантские бабочки и т. д. Барон, отнюдь не озабоченный спасением жизни индуса, требует применения к нему некоей смертельной сыворотки, способной вернуть больному сознание на полчаса. Сыворотка применяется. Гипнотический сеанс. Садовник излучает астральную энергию: барон молодеет и т.д.</p>
<p>Фабула этой книги, основанная на басне о власти «йогов» над ростом организма — аляповата и нелепа. Колорит ее — «из баронской жизни» — бульварен. Лак «научности» наведен крайне неумело. Книга — типичная «Reiselekture»</p>
<p> — совершенно неприемлема.</p>
<p> Лео Перуц и Пауль Франк. Чудо мангового дерева <rs ref="Перутц, Лео" type="person"></rs><rs ref="Франк, Пауль" type="person"></rs></p>
<p> «Вагонное чтение» </p>
<note>
1 Лео Перуц и Пауль Франк. Чудо мангового дерева (нем.).
2 «Вагонное чтение» (нем.).
</note>
<rs ref="Перутц, Лео" type="person"></rs>
</div2>
</div1>
</body>
</text>
</tei>
