<?xml version='1.0' encoding='UTF8'?>
<tei xmlns="http://www.tei-c.org/ns/1.0">
<teiheader>
<filedesc>
<titlestmt>
<title>Рецензии. Gaston Chérau. Le vent du destin</title>
<author>О.Э. Мандельштам</author>
</titlestmt>
<publicationstmt>
<p>АРТ-БИЗНЕС-ЦЕНТР МОСКВА 1993</p>
<biblstruct>
<biblscope n="" type="volume"></biblscope>
<biblscope n="" type="part"></biblscope>
</biblstruct></publicationstmt>
<sourcedesc>
<p>Издание подготовлено Мандельштамовским обществом</p>
</sourcedesc>
<respstmt>
<resp>Подготовка и разметка файлов - Алексей Литвинцев, Вероника Файнберг. Создание
          электронного ресурса - Тимофей Молчанов. Руководители проекта - Центр Digital Humanities,
          Мандельштамовское общество (НИУ ВШЭ).</resp>
</respstmt></filedesc>
<profiledesc>
<textdesc n="prose"></textdesc>
<textclass>
<catref target="Series([], Name: ID, dtype: object)" type="ID"></catref>
<catref target="Series([], Name: Источник, dtype: object)" type="Источник"></catref>
<catref target="Series([], Name: Жанр художественной литературы, dtype: object)" type="Жанр художественной литературы"></catref>
<catref target="Series([], Name: Уточнение жанра 1, dtype: object)" type="Уточнение жанра"></catref>
<catref target="Series([], Name: Метр, dtype: object)" type="Метр"></catref>
<catref target="Series([], Name: Длина строки, dtype: object)" type="Длина строки"></catref>
<catref target="Series([], Name: Клаузула, dtype: object)" type="Клаузула"></catref>
<catref target="Series([], Name: Уточнение клаузулы 1, dtype: object)" type="Уточнение клаузулы"></catref>
<catref target="Series([], Name: Классическая строфа, dtype: object)" type="Классическая строфа"></catref>
<catref target="Series([], Name: Рифма, dtype: object)" type="Рифма"></catref>
<catref target="Series([], Name: Схема рифмовки, dtype: object)" type="Схема рифмовки"></catref>
<catref target="Series([], Name: Метрическая формула, dtype: object)" type="Метрическая формула"></catref>
<catref target="Series([], Name: Дополнительные параметры, dtype: object)" type="Дополнительные параметры"></catref>
<catref target="Series([], Name: Число строк, dtype: int64)" type="Число строк"></catref>
<catref target="Series([], Name: Автор оригинала, dtype: object)" type="Автор оригинала"></catref>
<catref target="Series([], Name: Язык оригинала, dtype: object)" type="Язык оригинала"></catref>
</textclass></profiledesc>
</teiheader>
<text>
<body>
<div1 n="2" type="volume">
<div2 n="269" type="part">
<head>269.
Gaston Chérau. Le vent du destin</head>
<p>Жеро поразительно безличный автор. Его рассказы лишены всякого цвета, вкуса и запаха. По большей части он играет на сантиментальной струнке буржуазного читателя. Основная вещь — «Le vent du destin» — развивает излюбленную мещанскую «тему наследства»: барышня, умирая, завещает свой дом товарищу детства — бедному рыбаку, старому морскому волку. Тот, в свою очередь, отписывает все богатство экономке покойной барышни. Завещание моряка порывом ветра уносит в море. Девушка, утаившая его по безграмотности, наказана за свою нечестность.</p>
<p>«Другие рассказы» так же никчемно говорят о «рогатом» муже, раскаявшемся суровом отце (конечно, богатый фабрикант) и т.д.</p>
<p>Имя Гонкура кощунственно на обложке этой книги.<rs ref="Гонкуры," type="person"></rs></p>
<p> Гастон Шеро. Ветер судьбы <rs ref="Шеро, Гастон" type="person"></rs></p>
<date when="1927">‹1927›</date>
<note>
1 Гастон Шеро. Ветер судьбы (фр.).
</note>
<rs ref="Шеро, Гастон" type="person"></rs>
</div2>
</div1>
</body>
</text>
</tei>
