<?xml version='1.0' encoding='UTF8'?>
<tei xmlns="http://www.tei-c.org/ns/1.0">
<teiheader>
<filedesc>
<titlestmt>
<title>Рецензии. ‹Pierre de Maziere. J’aurai un bel enterrement›</title>
<author>О.Э. Мандельштам</author>
</titlestmt>
<publicationstmt>
<p>АРТ-БИЗНЕС-ЦЕНТР МОСКВА 1993</p>
<biblstruct>
<biblscope n="" type="volume"></biblscope>
<biblscope n="" type="part"></biblscope>
</biblstruct></publicationstmt>
<sourcedesc>
<p>Издание подготовлено Мандельштамовским обществом</p>
</sourcedesc>
<respstmt>
<resp>Подготовка и разметка файлов - Алексей Литвинцев, Вероника Файнберг. Создание
          электронного ресурса - Тимофей Молчанов. Руководители проекта - Центр Digital Humanities,
          Мандельштамовское общество (НИУ ВШЭ).</resp>
</respstmt></filedesc>
<profiledesc>
<textdesc n="prose"></textdesc>
<textclass>
<catref target="Series([], Name: ID, dtype: object)" type="ID"></catref>
<catref target="Series([], Name: Источник, dtype: object)" type="Источник"></catref>
<catref target="Series([], Name: Жанр художественной литературы, dtype: object)" type="Жанр художественной литературы"></catref>
<catref target="Series([], Name: Уточнение жанра 1, dtype: object)" type="Уточнение жанра"></catref>
<catref target="Series([], Name: Метр, dtype: object)" type="Метр"></catref>
<catref target="Series([], Name: Длина строки, dtype: object)" type="Длина строки"></catref>
<catref target="Series([], Name: Клаузула, dtype: object)" type="Клаузула"></catref>
<catref target="Series([], Name: Уточнение клаузулы 1, dtype: object)" type="Уточнение клаузулы"></catref>
<catref target="Series([], Name: Классическая строфа, dtype: object)" type="Классическая строфа"></catref>
<catref target="Series([], Name: Рифма, dtype: object)" type="Рифма"></catref>
<catref target="Series([], Name: Схема рифмовки, dtype: object)" type="Схема рифмовки"></catref>
<catref target="Series([], Name: Метрическая формула, dtype: object)" type="Метрическая формула"></catref>
<catref target="Series([], Name: Дополнительные параметры, dtype: object)" type="Дополнительные параметры"></catref>
<catref target="Series([], Name: Число строк, dtype: int64)" type="Число строк"></catref>
<catref target="Series([], Name: Автор оригинала, dtype: object)" type="Автор оригинала"></catref>
<catref target="Series([], Name: Язык оригинала, dtype: object)" type="Язык оригинала"></catref>
</textclass></profiledesc>
</teiheader>
<text>
<body>
<div1 n="2" type="volume">
<div2 n="263" type="part">
<head>263.
‹Pierre La Mazière. J’aurai un bel enterrement›</head>
<p>«Сенаторские похороны» Пьера Мазьера, блестящий, точно выверенный социальный памфлет. Через мрачные залы «Лионского кредита», где худосочные клерки шелестят чеками, просвечивает вся чудовищная машина «демократической республики». Герой романа, мальчик-рассыльный, делает карьеру. Наследственная собачья преданность существующему порядку соединяется у него с желчной и проницательной ненавистью. Похороны мошенника-сенатора, знаменитого в свое время панамского героя, описанные с реализмом кинематографа, являются как бы отправной точкой романа. Вплоть до июльской мобилизации четырнадцатого года юноша честно, по-собачьи, служит. Товарищи внушают ему ужас и жалость: рабская работа превратила их в безумцев и маниаков: один помешан на опере (человек-оркестр), другой — на великосветской хронике, все — нищие в фальшивых воротничках, живут бредовой, иллюзорной жизнью. Президенту Республики представляют ветеранов труда, стариков с узловатыми руками в нафталиновых сюртуках. Наглая фигура президента, робкий испуг инвалидов-стариков опять-таки передан с живостью фильмы «Патэ». Блестящие страницы посвящены мобилизации, животному мещанскому патриотизму и т.д. Но лучшее в романе — это изображение победы. Знаменитый сочельник 19-го года. Бесстыдные сборища в ресторанах, засыпанных цветами. Неслыханные обжорные оргии, изображаемые газетчиками как трогательный апофеоз Франции. Переход героя в другую социальную плоскость вполне правдоподобен — он вторично получает по чеку, проходящему через его руки, который забыли инкассировать. Острая сцена — аудиенция через год у директора банка — возвращенье «долга» (сумма за это время умножилась биржевой спекуляцией). Финансист преклоняется перед талантом маленького чиновника. Решает его использовать. Затем в нескольких страничках развертывается карьера, избранье в депутаты, перспектива сенаторских похорон. Блестящая, цельная книга. Читается с увлеченьем.<rs ref="Германия" type="geo_index"></rs><rs ref="Франция" type="geo_index"></rs><rs ref="Перутц, Лео" type="person"></rs><rs ref="Франк, Пауль" type="person"></rs></p>
<p> Пьер Ла Мазьер. Меня похоронят с почетом <rs ref="Ла Мазьер, Пьер" type="person"></rs></p>
<date from="1926" to="1927">‹1926—1927›</date>
<note>
1 Пьер Ла Мазьер. Меня похоронят с почетом (фр.).
</note>
<rs ref="Ла Мазьер, Пьер" type="person"></rs>
</div2>
</div1>
</body>
</text>
</tei>
