<?xml version='1.0' encoding='UTF8'?>
<tei xmlns="http://www.tei-c.org/ns/1.0">
<teiheader>
<filedesc>
<titlestmt>
<title>Рецензии. Sanzara. Das verlorene Kind</title>
<author>О.Э. Мандельштам</author>
</titlestmt>
<publicationstmt>
<p>АРТ-БИЗНЕС-ЦЕНТР МОСКВА 1993</p>
<biblstruct>
<biblscope n="" type="volume"></biblscope>
<biblscope n="" type="part"></biblscope>
</biblstruct></publicationstmt>
<sourcedesc>
<p>Издание подготовлено Мандельштамовским обществом</p>
</sourcedesc>
<respstmt>
<resp>Подготовка и разметка файлов - Алексей Литвинцев, Вероника Файнберг. Создание
          электронного ресурса - Тимофей Молчанов. Руководители проекта - Центр Digital Humanities,
          Мандельштамовское общество (НИУ ВШЭ).</resp>
</respstmt></filedesc>
<profiledesc>
<textdesc n="prose"></textdesc>
<textclass>
<catref target="Series([], Name: ID, dtype: object)" type="ID"></catref>
<catref target="Series([], Name: Источник, dtype: object)" type="Источник"></catref>
<catref target="Series([], Name: Жанр художественной литературы, dtype: object)" type="Жанр художественной литературы"></catref>
<catref target="Series([], Name: Уточнение жанра 1, dtype: object)" type="Уточнение жанра"></catref>
<catref target="Series([], Name: Метр, dtype: object)" type="Метр"></catref>
<catref target="Series([], Name: Длина строки, dtype: object)" type="Длина строки"></catref>
<catref target="Series([], Name: Клаузула, dtype: object)" type="Клаузула"></catref>
<catref target="Series([], Name: Уточнение клаузулы 1, dtype: object)" type="Уточнение клаузулы"></catref>
<catref target="Series([], Name: Классическая строфа, dtype: object)" type="Классическая строфа"></catref>
<catref target="Series([], Name: Рифма, dtype: object)" type="Рифма"></catref>
<catref target="Series([], Name: Схема рифмовки, dtype: object)" type="Схема рифмовки"></catref>
<catref target="Series([], Name: Метрическая формула, dtype: object)" type="Метрическая формула"></catref>
<catref target="Series([], Name: Дополнительные параметры, dtype: object)" type="Дополнительные параметры"></catref>
<catref target="Series([], Name: Число строк, dtype: int64)" type="Число строк"></catref>
<catref target="Series([], Name: Автор оригинала, dtype: object)" type="Автор оригинала"></catref>
<catref target="Series([], Name: Язык оригинала, dtype: object)" type="Язык оригинала"></catref>
</textclass></profiledesc>
</teiheader>
<text>
<body>
<div1 n="2" type="volume">
<div2 n="266" type="part">
<head>266.
Sanzara. Das verlorene Kind</head>
<p>Это попытка монументального уголовного романа с психологической мотивировкой. Автор чужд какого бы то ни было модернизма, настроен реакционно, старательно обходит современность. Ситуация следующая: 13-летний мальчик — сын батрачки на ферме арендатора изнасиловал 4-летнюю дочку хозяина. Обстановка преступления контрастирует с его чудовищностью: библейски-патриархальный усадебный быт — невозможный в современной Германии.<rs ref="Германия" type="geo_index"></rs></p>
<p> Санзара. Потерянное дитя <rs ref="Санзара, Рахель" type="person"></rs></p>
<p>Причины преступления коренятся в садической наследственности. Атмосфера повествования очень напряженная с уклоном к мелодраме. Социально книга фальшива. Фабульно — интересна. Принять ее ни в коем случае нельзя: она насквозь нездорова, играя на патологических явлениях и искажая действительность.</p>
<date from="1926" to="1927">‹1926—1927›</date>
<note>

4 Санзара. Потерянное дитя (нем.).
</note>
<rs ref="Санзара, Рахель" type="person"></rs>
</div2>
</div1>
</body>
</text>
</tei>
