<?xml version='1.0' encoding='UTF8'?>
<tei xmlns="http://www.tei-c.org/ns/1.0">
<teiheader>
<filedesc>
<titlestmt>
<title>Рецензии. Armand Lunel. Nicolo-Peccavi</title>
<author>О.Э. Мандельштам</author>
</titlestmt>
<publicationstmt>
<p>АРТ-БИЗНЕС-ЦЕНТР МОСКВА 1993</p>
<biblstruct>
<biblscope n="" type="volume"></biblscope>
<biblscope n="" type="part"></biblscope>
</biblstruct></publicationstmt>
<sourcedesc>
<p>Издание подготовлено Мандельштамовским обществом</p>
</sourcedesc>
<respstmt>
<resp>Подготовка и разметка файлов - Алексей Литвинцев, Вероника Файнберг. Создание
          электронного ресурса - Тимофей Молчанов. Руководители проекта - Центр Digital Humanities,
          Мандельштамовское общество (НИУ ВШЭ).</resp>
</respstmt></filedesc>
<profiledesc>
<textdesc n="prose"></textdesc>
<textclass>
<catref target="Series([], Name: ID, dtype: object)" type="ID"></catref>
<catref target="Series([], Name: Источник, dtype: object)" type="Источник"></catref>
<catref target="Series([], Name: Жанр художественной литературы, dtype: object)" type="Жанр художественной литературы"></catref>
<catref target="Series([], Name: Уточнение жанра 1, dtype: object)" type="Уточнение жанра"></catref>
<catref target="Series([], Name: Метр, dtype: object)" type="Метр"></catref>
<catref target="Series([], Name: Длина строки, dtype: object)" type="Длина строки"></catref>
<catref target="Series([], Name: Клаузула, dtype: object)" type="Клаузула"></catref>
<catref target="Series([], Name: Уточнение клаузулы 1, dtype: object)" type="Уточнение клаузулы"></catref>
<catref target="Series([], Name: Классическая строфа, dtype: object)" type="Классическая строфа"></catref>
<catref target="Series([], Name: Рифма, dtype: object)" type="Рифма"></catref>
<catref target="Series([], Name: Схема рифмовки, dtype: object)" type="Схема рифмовки"></catref>
<catref target="Series([], Name: Метрическая формула, dtype: object)" type="Метрическая формула"></catref>
<catref target="Series([], Name: Дополнительные параметры, dtype: object)" type="Дополнительные параметры"></catref>
<catref target="Series([], Name: Число строк, dtype: int64)" type="Число строк"></catref>
<catref target="Series([], Name: Автор оригинала, dtype: object)" type="Автор оригинала"></catref>
<catref target="Series([], Name: Язык оригинала, dtype: object)" type="Язык оригинала"></catref>
</textclass></profiledesc>
</teiheader>
<text>
<body>
<div1 n="2" type="volume">
<div2 n="261" type="part">
<head>261.
Armand Lunel. Nicolo-Peccavi</head>
<p>В провансальском городке Карпантре друг против друга на рыночной площади живут местные нотабли: поставщик духовных одеяний для епископа и семинария — Николо Пеккави и почтенный суконщик-еврей — дедушка Абране. Повесть ведется мемуарно. Автор — внук Абране — рассказывает о великой распре соседей в 1899 году, в разгар «дрейфуссады». Николо Пеккави — лидер местных антисемитов, горячий католик и ханжа. Абране исполнен мягкого иронического благородства и снисходительно терпит дикие выходки соседа, который по традиции в базарный день надевает цилиндр и, выйдя на середину площади, плюет в сторону евреев. Начало книги дает настоящий аромат эпохи, увлекает интересным еврейско-провансальским фольклором и своеобразной интригой: Николо Пеккави ночью стучится в дом Абране и неожиданно объявляет себя тайным дрейфуссаром и другом евреев, продолжая, однако, вести двойную игру и даже усилив антисемитскую травлю, чтобы не потерять положения в обществе. Затем рассказ перебивается весьма любопытными экскурсами в историю провансальского гетто (архив Абране). Это анекдоты о спекуляции на еврейском крещении в XVIII веке, о нашествии бродячих немецких евреев и прочее. Пеккави на основании этих документов оказывается потомком евреев: астролога<rs ref="Карпантра" type="geo_index"></rs><rs ref="Карпантра" type="geo_index"></rs></p>
<p> Арман Люнель. Николо-Пеккави <rs ref="Люнель, Арман" type="person"></rs></p>
<p>Мемукана и нищей бродяжки, крещенных предприимчивыми монахами. Бытовая и анекдотическая сторона этих воспоминаний, особенно описание Purimspiel’a</p>
<p>, вне всяких сомнений; но уже в эпизоде с синагогальной анафемой Мемукану звучит глубокий националистический пафос. В дальнейшем этот пафос только крепнет, а весь общественно-исторический интерес перед ним отступает. Все построено на забавном двурушничестве Николо Пеккави и на те��е «голоса крови», заговорившей в ренегате. Инцидент с перепутанными письмами (одно — оправдательное — епископу, другое — покаянное — дедушке Абране) решает судьбу отступника. Он становится из уважаемого клерикала посмешищем города, от него сбегает жена, он банкротится, под конец — сходит с ума и кончает скромным юродивым носильщиком на перроне Карпантре, как бы повторяя фигуру Мемукана — прапрадеда своего. В книге много очаровательной выдумки, напр‹имер› — паломничество старых евреек к Дрейфусу (история в омнибусе), но тенденция ее при всем «свободомыслии» автора сугубо националистическая. Ренегат посрамлен и покаран (мистический отзвук синагогальной анафемы). Антикварное, археологическое и фольклорное кружево сплетено тонко и умно. Литературные достоинства блестящи, но решительно не достает объективности в изображении еврейско-провансальской буржуазии: оно дано в лирически-влюбленных тонах, смягченных иронией Франса. О целеустремленности автора спорить не приходится: он фантазирует на тему о воскресении из мертвых и предлагает чтить, как реликвию — благородную желтую шляпу еврейского гетто. Для «Прибоя» — даже для «Книжных новинок» — книга не годится.<rs ref="Карпантра" type="geo_index"></rs><rs ref="Карпантра" type="geo_index"></rs><rs ref="Дрейфус, Альфред" type="person"></rs></p>
<p> Карнавал, связанный с еврейским праздником Пурим <rs ref="Карпантра" type="geo_index"></rs></p>
<date from="1926" to="1927">‹1926—1927›</date>
<note>

2 Арман Люнель. Николо-Пеккави (фр.)

1 Карнавал, связанный с еврейским праздником Пурим (идиш).
</note>
<rs ref="Карпантра" type="geo_index"></rs>
<rs ref="Люнель, Арман" type="person"></rs>
</div2>
</div1>
</body>
</text>
</tei>
