<?xml version='1.0' encoding='UTF8'?>
<tei xmlns="http://www.tei-c.org/ns/1.0">
<teiheader>
<filedesc>
<titlestmt>
<title>Рецензии. ‹G. Toudouze. L’homme qui volait le Gulf Stream</title>
<author>О.Э. Мандельштам</author>
</titlestmt>
<publicationstmt>
<p>АРТ-БИЗНЕС-ЦЕНТР МОСКВА 1993</p>
<biblstruct>
<biblscope n="" type="volume"></biblscope>
<biblscope n="" type="part"></biblscope>
</biblstruct></publicationstmt>
<sourcedesc>
<p>Издание подготовлено Мандельштамовским обществом</p>
</sourcedesc>
<respstmt>
<resp>Подготовка и разметка файлов - Алексей Литвинцев, Вероника Файнберг. Создание
          электронного ресурса - Тимофей Молчанов. Руководители проекта - Центр Digital Humanities,
          Мандельштамовское общество (НИУ ВШЭ).</resp>
</respstmt></filedesc>
<profiledesc>
<textdesc n="prose"></textdesc>
<textclass>
<catref target="Series([], Name: ID, dtype: object)" type="ID"></catref>
<catref target="Series([], Name: Источник, dtype: object)" type="Источник"></catref>
<catref target="Series([], Name: Жанр художественной литературы, dtype: object)" type="Жанр художественной литературы"></catref>
<catref target="Series([], Name: Уточнение жанра 1, dtype: object)" type="Уточнение жанра"></catref>
<catref target="Series([], Name: Метр, dtype: object)" type="Метр"></catref>
<catref target="Series([], Name: Длина строки, dtype: object)" type="Длина строки"></catref>
<catref target="Series([], Name: Клаузула, dtype: object)" type="Клаузула"></catref>
<catref target="Series([], Name: Уточнение клаузулы 1, dtype: object)" type="Уточнение клаузулы"></catref>
<catref target="Series([], Name: Классическая строфа, dtype: object)" type="Классическая строфа"></catref>
<catref target="Series([], Name: Рифма, dtype: object)" type="Рифма"></catref>
<catref target="Series([], Name: Схема рифмовки, dtype: object)" type="Схема рифмовки"></catref>
<catref target="Series([], Name: Метрическая формула, dtype: object)" type="Метрическая формула"></catref>
<catref target="Series([], Name: Дополнительные параметры, dtype: object)" type="Дополнительные параметры"></catref>
<catref target="Series([], Name: Число строк, dtype: int64)" type="Число строк"></catref>
<catref target="Series([], Name: Автор оригинала, dtype: object)" type="Автор оригинала"></catref>
<catref target="Series([], Name: Язык оригинала, dtype: object)" type="Язык оригинала"></catref>
</textclass></profiledesc>
</teiheader>
<text>
<body>
<div1 n="2" type="volume">
<div2 n="268" type="part">
<head>268.
‹G. Toudouze. L’homme qui volait le Gulf Stream›</head>
<p>Роман-фельетон Тудуза «Человек, укравший Гольфштром» принадлежит к распространенному типу западной беллетристики, рассчитанному на читателя, жаждущего пряных и необычных впечатлений. Основным событием романа является климатическая катастрофа: на Европу надвигается как бы ледниковый период, в то время как подтропический пояс сжигается неестественным зноем. Увеселительная светская яхта вышла на прогулку из порта Сен-Мало. Резкая перемена погоды. Ураган. Появляются стада тюленей и моржей. Температура в июле месяце падает значительно ниже нуля. Авария яхты. Встреча с военной канонеркой. Возвращение в Брест.<rs ref="Брест" type="geo_index"></rs><rs ref="Гольфстрим" type="geo_index"></rs><rs ref="Европа" type="geo_index"></rs><rs ref="Тудуз, Жорж Гюстав" type="person"></rs></p>
<p>На канонерке и на яхте, разумеется, сгруппировано самое изысканное общество: светский художник, влюбленный в дочь мартиникского плантатора и т.д. Все эти люди довольно тупо</p>
<p>2 Ж. Тудуз. Человек, который украл Гольфстрим <rs ref="Гольфстрим" type="geo_index"></rs><rs ref="Гольфстрим" type="geo_index"></rs><rs ref="Тудуз, Жорж Гюстав" type="person"></rs></p>
<p>воспринимают неуклюже изображенный автором мировой катаклизм. Франция под глубоким снегом, остановившиеся поезда, осадное положение... Все сделано наспех, аляповато, по-газетному. Но верх нелепости — это ключ к этой загадке. Художник на канонерке отправляется спасать дочь плантатора, гибнущую на атлантическом пароходе, потерпевшем ‹катастрофу› от плавучих льдов. Ледяные горы расплющивают и пароход, и канонерку. Шлюпка с немногими уцелевшими разбивается о коралловый риф. В самом рифе вдруг раскрывается люк и некий экзотический господин, рекомендующий себя потомком древних мексиканских императоров-ацтеков, объявляет, что отклонил течение Гольфштрома (вызвав искусственным способом появление коралловой плотины), дабы отомстить европейцам за надругательство над мексиканскими праотцами.<rs ref="Гольфстрим" type="geo_index"></rs><rs ref="Франция" type="geo_index"></rs></p>
<p>Несуразный по сюжету и бульварный по стилю роман Тудуза с его великолепными героями и брестским префектом, «вздыхающим», как подобает доброму отцу, «о бедных матросах», — никуда не годен.<rs ref="Тудуз, Жорж Гюстав" type="person"></rs></p>
<date from="1925" to="1927">‹1925—1927›</date>
<note>

2 Ж. Тудуз. Человек, который украл Гольфстрим (фр.).
</note>
<rs ref="Гольфстрим" type="geo_index"></rs>
<rs ref="Гольфстрим" type="geo_index"></rs>
<rs ref="Тудуз, Жорж Гюстав" type="person"></rs>
</div2>
</div1>
</body>
</text>
</tei>
