<?xml version='1.0' encoding='UTF8'?>
<tei xmlns="http://www.tei-c.org/ns/1.0">
<teiheader>
<filedesc>
<titlestmt>
<title>Рецензии. Les oeuvres libres, recueil litteraire mensuel, LXIII.</title>
<author>О.Э. Мандельштам</author>
</titlestmt>
<publicationstmt>
<p>АРТ-БИЗНЕС-ЦЕНТР МОСКВА 1993</p>
<biblstruct>
<biblscope n="" type="volume"></biblscope>
<biblscope n="" type="part"></biblscope>
</biblstruct></publicationstmt>
<sourcedesc>
<p>Издание подготовлено Мандельштамовским обществом</p>
</sourcedesc>
<respstmt>
<resp>Подготовка и разметка файлов - Алексей Литвинцев, Вероника Файнберг. Создание
          электронного ресурса - Тимофей Молчанов. Руководители проекта - Центр Digital Humanities,
          Мандельштамовское общество (НИУ ВШЭ).</resp>
</respstmt></filedesc>
<profiledesc>
<textdesc n="prose"></textdesc>
<textclass>
<catref target="Series([], Name: ID, dtype: object)" type="ID"></catref>
<catref target="Series([], Name: Источник, dtype: object)" type="Источник"></catref>
<catref target="Series([], Name: Жанр художественной литературы, dtype: object)" type="Жанр художественной литературы"></catref>
<catref target="Series([], Name: Уточнение жанра 1, dtype: object)" type="Уточнение жанра"></catref>
<catref target="Series([], Name: Метр, dtype: object)" type="Метр"></catref>
<catref target="Series([], Name: Длина строки, dtype: object)" type="Длина строки"></catref>
<catref target="Series([], Name: Клаузула, dtype: object)" type="Клаузула"></catref>
<catref target="Series([], Name: Уточнение клаузулы 1, dtype: object)" type="Уточнение клаузулы"></catref>
<catref target="Series([], Name: Классическая строфа, dtype: object)" type="Классическая строфа"></catref>
<catref target="Series([], Name: Рифма, dtype: object)" type="Рифма"></catref>
<catref target="Series([], Name: Схема рифмовки, dtype: object)" type="Схема рифмовки"></catref>
<catref target="Series([], Name: Метрическая формула, dtype: object)" type="Метрическая формула"></catref>
<catref target="Series([], Name: Дополнительные параметры, dtype: object)" type="Дополнительные параметры"></catref>
<catref target="Series([], Name: Число строк, dtype: int64)" type="Число строк"></catref>
<catref target="Series([], Name: Автор оригинала, dtype: object)" type="Автор оригинала"></catref>
<catref target="Series([], Name: Язык оригинала, dtype: object)" type="Язык оригинала"></catref>
</textclass></profiledesc>
</teiheader>
<text>
<body>
<div1 n="2" type="volume">
<div2 n="276" type="part">
<head>276.
Les oeuvres libres, recueil litteraire mensuel, LXIII.</head>
<p>Содержанием своим настоящий сборник подрывает доверие ко всей серии «Les oeuvres libres». Это беспринципный подбор частью банально-добродетельного, частью гривуазного материала, рассчитанный на консьержку и коммивояжера.</p>
<p>1) «Серьезная» повесть. Знаменитый художник вспоминает на старости своих любовниц. Италия. Эстетическое обрамление.<rs ref="Италия" type="geo_index"></rs></p>
<p>2) Перевод с румынского. Священник воспитывает в своем доме незаконного сына. Мелодрама. Кончается детоубийством.</p>
<p>3) Салонная комедия.</p>
<p>4) Остроумный, но абсолютно неприличный скетч: автомобильная катастрофа: американская star</p>
<p> и ее спутник, выловленные крестьянами из пруда, в постели деревенской гостиницы.</p>
<p>5) Лучшая вещь в сборнике. Рассказ о маленьком импотентном чиновничке — любителе биллиарда, который прослыл в своем квартале фавном и вынужден был бежать, удрученный тяжестью этой репутации.</p>
<p>В «Monsieur Papanoik»</p>
<p> (5) есть элементы сатиры: это неплохая юмореска на тему, если можно так выразиться, о парижском «жакте». Если б не гривуазность, годилась бы для юмористической летучей библиотечки.</p>
<p> Свободное творчество. Литературный ежемесячник, LXIII (</p>
<p>).</p>
<p> Звезда (</p>
<p>).</p>
<p> «Господин Папаноик» (</p>
<p>).</p>
<note>
3 Свободное творчество. Литературный ежемесячник, LXIII (фр.).
4 Звезда (англ.).
5 «Господин Папаноик» (фр.).
</note>
</div2>
</div1>
</body>
</text>
</tei>
