<?xml version='1.0' encoding='UTF8'?>
<tei xmlns="http://www.tei-c.org/ns/1.0">
<teiheader>
<filedesc>
<titlestmt>
<title>Рецензии. Роза Коген. Американская ночь</title>
<author>О.Э. Мандельштам</author>
</titlestmt>
<publicationstmt>
<p>АРТ-БИЗНЕС-ЦЕНТР МОСКВА 1993</p>
<biblstruct>
<biblscope n="" type="volume"></biblscope>
<biblscope n="" type="part"></biblscope>
</biblstruct></publicationstmt>
<sourcedesc>
<p>Издание подготовлено Мандельштамовским обществом</p>
</sourcedesc>
<respstmt>
<resp>Подготовка и разметка файлов - Алексей Литвинцев, Вероника Файнберг. Создание
          электронного ресурса - Тимофей Молчанов. Руководители проекта - Центр Digital Humanities,
          Мандельштамовское общество (НИУ ВШЭ).</resp>
</respstmt></filedesc>
<profiledesc>
<textdesc n="prose"></textdesc>
<textclass>
<catref target="Series([], Name: ID, dtype: object)" type="ID"></catref>
<catref target="Series([], Name: Источник, dtype: object)" type="Источник"></catref>
<catref target="Series([], Name: Жанр художественной литературы, dtype: object)" type="Жанр художественной литературы"></catref>
<catref target="Series([], Name: Уточнение жанра 1, dtype: object)" type="Уточнение жанра"></catref>
<catref target="Series([], Name: Метр, dtype: object)" type="Метр"></catref>
<catref target="Series([], Name: Длина строки, dtype: object)" type="Длина строки"></catref>
<catref target="Series([], Name: Клаузула, dtype: object)" type="Клаузула"></catref>
<catref target="Series([], Name: Уточнение клаузулы 1, dtype: object)" type="Уточнение клаузулы"></catref>
<catref target="Series([], Name: Классическая строфа, dtype: object)" type="Классическая строфа"></catref>
<catref target="Series([], Name: Рифма, dtype: object)" type="Рифма"></catref>
<catref target="Series([], Name: Схема рифмовки, dtype: object)" type="Схема рифмовки"></catref>
<catref target="Series([], Name: Метрическая формула, dtype: object)" type="Метрическая формула"></catref>
<catref target="Series([], Name: Дополнительные параметры, dtype: object)" type="Дополнительные параметры"></catref>
<catref target="Series([], Name: Число строк, dtype: int64)" type="Число строк"></catref>
<catref target="Series([], Name: Автор оригинала, dtype: object)" type="Автор оригинала"></catref>
<catref target="Series([], Name: Язык оригинала, dtype: object)" type="Язык оригинала"></catref>
</textclass></profiledesc>
</teiheader>
<text>
<body>
<div1 n="2" type="volume">
<div2 n="278" type="part">
<head>278.
Роза Коген. Американская ночь.</head>
<p>Книга «Роза Коген» — любопытнейший памятник массовой еврейской эмиграции в Америку и, безусловно, один из основных документов по этому вопросу. По форме это увлекательная повесть,<rs ref="Америка (США)" type="geo_index"></rs><rs ref="Коген, Роза" type="person"></rs></p>
<p>по содержанию — глубокий и непреднамеренный социальный памфлет.</p>
<p>Еврейская местечковая семья перебрасывается в Нью-Йорк. (Характерная подоплека — непорядок в воинских делах отца.) Трагически назревающие сборы. Тайный переход границы в контрабандных фурах, под охапками соломы. Рассказ ведется от лица девочки, которая несколько позже последовала за отцом. Повесть отталкивается от впечатлений «черты оседлости». Эмигрантская станция в Гамбурге и само плавание показаны кратко и напряженно. Доминирует инстинкт жизни и жажда новизны. В дальнейшем книга складывается как стройная биография девушки-работницы с резким предрасположением к американизации. Постепенно перевезенная, вернее, с громадными усилиями перетащенная в Нью-Йорк, семья немедленно закабаляется как рабочая сила. Наблюдения кристаллизуются вокруг бытовых явлений. Еврей-торговец, например, для уличной безопасности берет в провожатые девочку, ибо в Америке «уважают женщин». Вежливые «полу-погромы». Подкуривание еврейских домов. Из первой части мы узнаем, как живет и хозяйничает в Нью-Йорке семья, считающая на десятки долларов, узнаем с такой яркостью и подробностью, как если бы говорилось о Белостоке или Балте. Центральная часть почти всецело посвящена условиям труда: портновские, закройные, плиссировочные мастерские, женский, детский труд, синдикализация, локауты. Полутемная квартира мелких американских дельцов, где живут и обедают при электрическом свете. Спанье на стульях в кухне, «совсем как дома». Центральный эпизод — неудачное сва��овство 16-тилетней героини. Отвергнутый жених-бакалейщик. Основная черта Розы Коген — отвращение к плаксивому и обличительному тону и непобедимое жизнелюбие. В последней части освещена своеобразная филантропически-миссионерская деятельность американского капитала в еврейской массе. Пресвитерианский госпиталь. Благотворительный спорт. Дама-патронесса, читающая из роскошной золотообрезной книги поэму... о ритуальных убийствах. Вообще книга «Роза Коген» необычайно богата материалом по американскому лицемерию: на бельевой фабрике работницам, по случаю возвращения хозяина из Европы, раздают в конвертиках золотые безделушки, стоимость которых вычитается из заработной платы, и т.д.<rs ref="Америка (США)" type="geo_index"></rs><rs ref="Белосток" type="geo_index"></rs><rs ref="Гамбург" type="geo_index"></rs><rs ref="Европа" type="geo_index"></rs><rs ref="Нью-Йорк" type="geo_index"></rs><rs ref="Польша" type="geo_index"></rs><rs ref="Коген, Роза" type="person"></rs></p>
<p>Книгу, с некоторыми сокращениями, можно рекомендовать массовому читателю: она органически вводит в быт современной Америки, заинтересовывая в то же время личностью самой рассказчицы.<rs ref="Америка (США)" type="geo_index"></rs></p>
</div2>
</div1>
</body>
</text>
</tei>
