<?xml version='1.0' encoding='UTF8'?>
<tei xmlns="http://www.tei-c.org/ns/1.0">
<teiheader>
<filedesc>
<titlestmt>
<title>Рецензии. Jean Giraudoux. Elpénor </title>
<author>О.Э. Мандельштам</author>
</titlestmt>
<publicationstmt>
<p>АРТ-БИЗНЕС-ЦЕНТР МОСКВА 1993</p>
<biblstruct>
<biblscope n="" type="volume"></biblscope>
<biblscope n="" type="part"></biblscope>
</biblstruct></publicationstmt>
<sourcedesc>
<p>Издание подготовлено Мандельштамовским обществом</p>
</sourcedesc>
<respstmt>
<resp>Подготовка и разметка файлов - Алексей Литвинцев, Вероника Файнберг. Создание
          электронного ресурса - Тимофей Молчанов. Руководители проекта - Центр Digital Humanities,
          Мандельштамовское общество (НИУ ВШЭ).</resp>
</respstmt></filedesc>
<profiledesc>
<textdesc n="prose"></textdesc>
<textclass>
<catref target="Series([], Name: ID, dtype: object)" type="ID"></catref>
<catref target="Series([], Name: Источник, dtype: object)" type="Источник"></catref>
<catref target="Series([], Name: Жанр художественной литературы, dtype: object)" type="Жанр художественной литературы"></catref>
<catref target="Series([], Name: Уточнение жанра 1, dtype: object)" type="Уточнение жанра"></catref>
<catref target="Series([], Name: Метр, dtype: object)" type="Метр"></catref>
<catref target="Series([], Name: Длина строки, dtype: object)" type="Длина строки"></catref>
<catref target="Series([], Name: Клаузула, dtype: object)" type="Клаузула"></catref>
<catref target="Series([], Name: Уточнение клаузулы 1, dtype: object)" type="Уточнение клаузулы"></catref>
<catref target="Series([], Name: Классическая строфа, dtype: object)" type="Классическая строфа"></catref>
<catref target="Series([], Name: Рифма, dtype: object)" type="Рифма"></catref>
<catref target="Series([], Name: Схема рифмовки, dtype: object)" type="Схема рифмовки"></catref>
<catref target="Series([], Name: Метрическая формула, dtype: object)" type="Метрическая формула"></catref>
<catref target="Series([], Name: Дополнительные параметры, dtype: object)" type="Дополнительные параметры"></catref>
<catref target="Series([], Name: Число строк, dtype: int64)" type="Число строк"></catref>
<catref target="Series([], Name: Автор оригинала, dtype: object)" type="Автор оригинала"></catref>
<catref target="Series([], Name: Язык оригинала, dtype: object)" type="Язык оригинала"></catref>
</textclass></profiledesc>
</teiheader>
<text>
<body>
<div1 n="2" type="volume">
<div2 n="272" type="part">
<head>272.
Jean Giraudoux. Elpénor.</head>
<p>Такой прозы Франция не видела со времени лучших вещей Франса. Даже Пруст и Радиге бледнеют рядом с Жироду. И все же — книга неприемлема. Она — для сверхкультурного читателя. Математически точные капризы синтаксиса Жироду, рассудочная музыка его стиля, заставляющая вспоминать Дебюсси, — все это требует громадной подготовки. «Elpenor» — это ироническая прогулка современного француза по морям и гротам «Одиссеи», как бы попытка расслышать в рокоте Гомера диссонансы и полутона. Одиссей<rs ref="Одиссей (Улисс)" type="myth_index"></rs><rs ref="Франция" type="geo_index"></rs><rs ref="Гомер" type="person"></rs><rs ref="Дебюсси, Клод" type="person"></rs><rs ref="Жироду, Жан" type="person"></rs><rs ref="Жироду, Жан" type="person"></rs><rs ref="Пруст, Марсель" type="person"></rs><rs ref="Радиге, Раймон" type="person"></rs><rs ref="Франс, Анатоль" type="person"></rs></p>
<p> Жан Жироду. Эльпенор <rs ref="Жироду, Жан" type="person"></rs></p>
<p>морочит циклопа категориями германской метафизики во славу прозрачности французского гения... Слова и понятия для этого александрийского писателя, «впавшего в ренессанс», как впадают в детство, — лишь поющие и говорящие игрушки, разбросанные под дряхлым небом мира.</p>
<date when="1926">‹1926›</date>
<note>
2 Жан Жироду. Эльпенор (фр.).
</note>
<rs ref="Жироду, Жан" type="person"></rs>
</div2>
</div1>
</body>
</text>
</tei>
