<?xml version='1.0' encoding='UTF8'?>
<tei xmlns="http://www.tei-c.org/ns/1.0">
<teiheader>
<filedesc>
<titlestmt>
<title>Заявка. ‹Детективный роман›</title>
<author>О.Э. Мандельштам</author>
</titlestmt>
<publicationstmt>
<p>АРТ-БИЗНЕС-ЦЕНТР МОСКВА 1993</p>
<biblstruct>
<biblscope n="" type="volume"></biblscope>
<biblscope n="" type="part"></biblscope>
</biblstruct></publicationstmt>
<sourcedesc>
<p>Издание подготовлено Мандельштамовским обществом</p>
</sourcedesc>
<respstmt>
<resp>Подготовка и разметка файлов - Алексей Литвинцев, Вероника Файнберг. Создание
          электронного ресурса - Тимофей Молчанов. Руководители проекта - Центр Digital Humanities,
          Мандельштамовское общество (НИУ ВШЭ).</resp>
</respstmt></filedesc>
<profiledesc>
<textdesc n="prose"></textdesc>
<textclass>
<catref target="Series([], Name: ID, dtype: object)" type="ID"></catref>
<catref target="Series([], Name: Источник, dtype: object)" type="Источник"></catref>
<catref target="Series([], Name: Жанр художественной литературы, dtype: object)" type="Жанр художественной литературы"></catref>
<catref target="Series([], Name: Уточнение жанра 1, dtype: object)" type="Уточнение жанра"></catref>
<catref target="Series([], Name: Метр, dtype: object)" type="Метр"></catref>
<catref target="Series([], Name: Длина строки, dtype: object)" type="Длина строки"></catref>
<catref target="Series([], Name: Клаузула, dtype: object)" type="Клаузула"></catref>
<catref target="Series([], Name: Уточнение клаузулы 1, dtype: object)" type="Уточнение клаузулы"></catref>
<catref target="Series([], Name: Классическая строфа, dtype: object)" type="Классическая строфа"></catref>
<catref target="Series([], Name: Рифма, dtype: object)" type="Рифма"></catref>
<catref target="Series([], Name: Схема рифмовки, dtype: object)" type="Схема рифмовки"></catref>
<catref target="Series([], Name: Метрическая формула, dtype: object)" type="Метрическая формула"></catref>
<catref target="Series([], Name: Дополнительные параметры, dtype: object)" type="Дополнительные параметры"></catref>
<catref target="Series([], Name: Число строк, dtype: int64)" type="Число строк"></catref>
<catref target="Series([], Name: Автор оригинала, dtype: object)" type="Автор оригинала"></catref>
<catref target="Series([], Name: Язык оригинала, dtype: object)" type="Язык оригинала"></catref>
</textclass></profiledesc>
</teiheader>
<text>
<body>
<div1 n="2" type="volume">
<div2 n="277" type="part">
<head>277.
‹Детективный роман›</head>
<p>Детективный роман осложненного типа; весьма остроумное построение, сближающее капиталиста с профессиональными мошенниками; ставка на внешнюю занимательность.</p>
<p>Детективный роман — остроумный, даже блестящий, без грубой бульварщины, но и без какой бы то ни было идеи, если не считать морали; «круглые жулики-биржевики, банкиры — остаются, увы, безнаказанными».</p>
<p>Фабула следующая:</p>
<p>Амстердамский банкир симулирует ограбление с убийством в экспрессе, рассчитывая сыграть на биржевой панике. «Режиссером» комедии является знаменитый «гостиничный» вор. Сыщик Дюпор, случайно оказавшийся в экспрессе и сразу не опознавший вора, осложняет его задачу. Внимание Дюпора законтрактованные банкиром мошенники отвлекают следующей диверсией: одурманивают пассажирку с фальшивыми бриллиантами, выбрасывают куклу в окно поезда и добросовестно выполняют «заказ» биржевика. Все разъясняется в конце книги: банкир объявляется в живых и просит считать историю «невинной инсценировкой, вызванной семейными обстоятельствами». Книга изобилует вставными эпизодами и забавными кинематографическими моментами, она иронична, подчас пародийна. Полиции (Дюпору) отведена скорее положительная роль — «умной ищейки». Следует еще отметить фигуру дурковатого писателя, арестованного по ошибке. В общем, симпатии автора распределяются равномерно между мошенниками (очень ярок, фламандски жизнерадостен Ян Бульи) — и профессионалом-детективом. Такого рода книги, как бы хорошо они ни были написаны, отвечают нездоровому спросу на прямую занимательность; киноромантика заслоняет социальную перспективу. В данном случае эти недостатки сведены к минимуму, но книга, несмотря на внешнюю занимательность, сомнительна.</p>
<p>Заключение: книга в своем роде хороша, но сомнительна, как всякая «детективная» литература.</p>
</div2>
</div1>
</body>
</text>
</tei>
