<?xml version='1.0' encoding='UTF8'?>
<tei xmlns="http://www.tei-c.org/ns/1.0">
<teiheader>
<filedesc>
<titlestmt>
<title>Рецензии. Gustav Meyrink. Goldmachergeschichten</title>
<author>О.Э. Мандельштам</author>
</titlestmt>
<publicationstmt>
<p>АРТ-БИЗНЕС-ЦЕНТР МОСКВА 1993</p>
<biblstruct>
<biblscope n="" type="volume"></biblscope>
<biblscope n="" type="part"></biblscope>
</biblstruct></publicationstmt>
<sourcedesc>
<p>Издание подготовлено Мандельштамовским обществом</p>
</sourcedesc>
<respstmt>
<resp>Подготовка и разметка файлов - Алексей Литвинцев, Вероника Файнберг. Создание
          электронного ресурса - Тимофей Молчанов. Руководители проекта - Центр Digital Humanities,
          Мандельштамовское общество (НИУ ВШЭ).</resp>
</respstmt></filedesc>
<profiledesc>
<textdesc n="prose"></textdesc>
<textclass>
<catref target="Series([], Name: ID, dtype: object)" type="ID"></catref>
<catref target="Series([], Name: Источник, dtype: object)" type="Источник"></catref>
<catref target="Series([], Name: Жанр художественной литературы, dtype: object)" type="Жанр художественной литературы"></catref>
<catref target="Series([], Name: Уточнение жанра 1, dtype: object)" type="Уточнение жанра"></catref>
<catref target="Series([], Name: Метр, dtype: object)" type="Метр"></catref>
<catref target="Series([], Name: Длина строки, dtype: object)" type="Длина строки"></catref>
<catref target="Series([], Name: Клаузула, dtype: object)" type="Клаузула"></catref>
<catref target="Series([], Name: Уточнение клаузулы 1, dtype: object)" type="Уточнение клаузулы"></catref>
<catref target="Series([], Name: Классическая строфа, dtype: object)" type="Классическая строфа"></catref>
<catref target="Series([], Name: Рифма, dtype: object)" type="Рифма"></catref>
<catref target="Series([], Name: Схема рифмовки, dtype: object)" type="Схема рифмовки"></catref>
<catref target="Series([], Name: Метрическая формула, dtype: object)" type="Метрическая формула"></catref>
<catref target="Series([], Name: Дополнительные параметры, dtype: object)" type="Дополнительные параметры"></catref>
<catref target="Series([], Name: Число строк, dtype: int64)" type="Число строк"></catref>
<catref target="Series([], Name: Автор оригинала, dtype: object)" type="Автор оригинала"></catref>
<catref target="Series([], Name: Язык оригинала, dtype: object)" type="Язык оригинала"></catref>
</textclass></profiledesc>
</teiheader>
<text>
<body>
<div1 n="2" type="volume">
<div2 n="279" type="part">
<head>279.
Gustav Meyrink. Goldmachergeschichten.</head>
<p>Три повести Густава Мейринка об алхимиках, затрагивающие эпоху курфюрста Фридриха III Бранденбургского, Марии-Терезии и Польшу начала XVII в., окрашены вялым и непоследовательным романтизмом. Стилизуя ‹сло›жные исторические отношения, автор упро‹щает› их до анекдотических интриг. Лишенный живости Дюма, он равняется по нему в изображении характеров.<rs ref="Польша" type="geo_index"></rs><rs ref="Дюма, Александр" type="person"></rs><rs ref="Мария-Терезия" type="person"></rs><rs ref="Мейринк, Густав" type="person"></rs><rs ref="Фридрих III" type="person"></rs></p>
<p>Действительность врывается в условную ткань «исторического» романа в виде экономической и политической мотивировки тогдашнего увлечения алхимией, но мотивировка эта очень слаба.</p>
<p>Исторический фон — картонный. Читается — не легко.</p>
<p> Густав Мейринк. Истории об алхимиках. (<rs ref="Мейринк, Густав" type="person"></rs></p>
<p>).</p>
<note>1 Густав Мейринк. Истории об алхимиках. (нем.).</note>
<rs ref="Мейринк, Густав" type="person"></rs>
</div2>
</div1>
</body>
</text>
</tei>
