<?xml version='1.0' encoding='UTF8'?>
<tei xmlns="http://www.tei-c.org/ns/1.0">
<teiheader>
<filedesc>
<titlestmt>
<title>Рецензии. Charles Vildrac. Découvertes</title>
<author>О.Э. Мандельштам</author>
</titlestmt>
<publicationstmt>
<p>АРТ-БИЗНЕС-ЦЕНТР МОСКВА 1993</p>
<biblstruct>
<biblscope n="" type="volume"></biblscope>
<biblscope n="" type="part"></biblscope>
</biblstruct></publicationstmt>
<sourcedesc>
<p>Издание подготовлено Мандельштамовским обществом</p>
</sourcedesc>
<respstmt>
<resp>Подготовка и разметка файлов - Алексей Литвинцев, Вероника Файнберг. Создание
          электронного ресурса - Тимофей Молчанов. Руководители проекта - Центр Digital Humanities,
          Мандельштамовское общество (НИУ ВШЭ).</resp>
</respstmt></filedesc>
<profiledesc>
<textdesc n="prose"></textdesc>
<textclass>
<catref target="Series([], Name: ID, dtype: object)" type="ID"></catref>
<catref target="Series([], Name: Источник, dtype: object)" type="Источник"></catref>
<catref target="Series([], Name: Жанр художественной литературы, dtype: object)" type="Жанр художественной литературы"></catref>
<catref target="Series([], Name: Уточнение жанра 1, dtype: object)" type="Уточнение жанра"></catref>
<catref target="Series([], Name: Метр, dtype: object)" type="Метр"></catref>
<catref target="Series([], Name: Длина строки, dtype: object)" type="Длина строки"></catref>
<catref target="Series([], Name: Клаузула, dtype: object)" type="Клаузула"></catref>
<catref target="Series([], Name: Уточнение клаузулы 1, dtype: object)" type="Уточнение клаузулы"></catref>
<catref target="Series([], Name: Классическая строфа, dtype: object)" type="Классическая строфа"></catref>
<catref target="Series([], Name: Рифма, dtype: object)" type="Рифма"></catref>
<catref target="Series([], Name: Схема рифмовки, dtype: object)" type="Схема рифмовки"></catref>
<catref target="Series([], Name: Метрическая формула, dtype: object)" type="Метрическая формула"></catref>
<catref target="Series([], Name: Дополнительные параметры, dtype: object)" type="Дополнительные параметры"></catref>
<catref target="Series([], Name: Число строк, dtype: int64)" type="Число строк"></catref>
<catref target="Series([], Name: Автор оригинала, dtype: object)" type="Автор оригинала"></catref>
<catref target="Series([], Name: Язык оригинала, dtype: object)" type="Язык оригинала"></catref>
</textclass></profiledesc>
</teiheader>
<text>
<body>
<div1 n="2" type="volume">
<div2 n="273" type="part">
<head>273.
Charles Vildrac. Découvertes</head>
<p>Шарль Вильдрак — один из виднейших представителей литературной школы унанимистов, преследующей задачу изучения человека как социальной особи и подчеркивающей в обществе главным образом его органическую природу. Подобно товарищам своим Жюлю Ромэну и Дюамелю, Вильдрак является прославителем социальной радости и мощи, придавая им несколько биологический оттенок.<rs ref="Вильдрак, Шарль" type="person"></rs><rs ref="Дюамель, Жорж" type="person"></rs><rs ref="Ромэн (Ромен), Жюль" type="person"></rs></p>
<p>Небольшая книжечка «Открытия» ограничена весьма строгим и простым замыслом: в ней говорится о социальных касаниях и прикосновениях, взятых, так сказать, в чистом виде, как прозрачная легкая ткань. Книжка состоит из маленьких очерков по 5—6 страниц каждый и небольшого отрывка диалогической формы. Каждый очерк разрабатывает какой-нибудь незначительный факт обыденной жизни, освещая его по-новому с точки зрения социальной значимости радости общения.</p>
<p>На лесах строящегося здания двое каменщиков затеяли шутливую погоню; прохожие с сочувственным любопытством наблюдают за этой игрой. Уличная толпа на мгновение становится органическим целым. Неожиданное развлечение воспринимается каждым по-своему и ощущается как редкий и ценный подарок.</p>
<p>Семилетний ребенок прильнул к окну поезда, жадно впитывая впечатления.</p>
<p>Приятель в гостях у приятеля знакомится с новым человеком: люди нащупывают друг друга, перед каждым открывается громадный и увлекательный мир.</p>
<p>Двое прохожих озабочены составлением маршрута для случайного встречного.</p>
<p>Сосед по квартире дарит корзинку с грушами человеку, впавшему в дурное настроение, и тот по-новому расценивает пережитый день.</p>
<p>Несмотря на свою примитивную бесфабульность (за исключением одного драматического эпизода), эти очерки читаются чрезвыча��но</p>
<p> Шарль Вильдрак. Открытия <rs ref="Вильдрак, Шарль" type="person"></rs></p>
<p>легко. Они увлекательны потому, что построены на принципе нарастающего удивления обыденным вещам.</p>
<p>Весьма характерен для Вильдрака его подход к современной мертвящей вежливости с ее неизбежными на каждом шагу «простите». Он противополагает ей новую вежливость — непосредственную, опирающуюся на живой интерес человека к человеку, построенную на свободе и непринужденности социальных прикосновений.<rs ref="Вильдрак, Шарль" type="person"></rs></p>
<p>Центром тяжести книги, придающим ей определенную устойчивость, нужно считать мастерский диалогический отрывок: здесь говорится о людях (муж, служащий в бюро, и его жена), по природе своей неловких и стеснительных. У них нет друзей, они не владеют искусством быстрого сближения с себе подобными. С необычайной простотой и убедительностью вскрывается внутренний мир обреченной на одиночество скромной четы. Является гость. Он пришел не по делу, без задней мысли, просто так. Сначала этому не верят. Потом бурная и целомудренная вспышка радости.</p>
<p>Книжка Вильдрака чрезвычайно ценна своим органически культурным подходом к обнаженной проблеме социального общения. Этот подход не является классовым по своему импульсу, но окрашен подлинным и воистину революционным исканием. Эта книга не только занимательна благодаря прозрачнейшему стилю Вильдрака, но также безусловно полезна с воспитательно-культурной точки зрения.<rs ref="Вильдрак, Шарль" type="person"></rs></p>
<date when="1926">‹1926›</date>
<note>
1 Шарль Вильдрак. Открытия (фр.).
</note>
<rs ref="Вильдрак, Шарль" type="person"></rs>
</div2>
</div1>
</body>
</text>
</tei>
