<?xml version='1.0' encoding='UTF8'?>
<tei xmlns="http://www.tei-c.org/ns/1.0">
<teiheader>
<filedesc>
<titlestmt>
<title>Рецензии. Lefeb‹v›re Saint-Ogan. Toudishe</title>
<author>О.Э. Мандельштам</author>
</titlestmt>
<publicationstmt>
<p>АРТ-БИЗНЕС-ЦЕНТР МОСКВА 1993</p>
<biblstruct>
<biblscope n="" type="volume"></biblscope>
<biblscope n="" type="part"></biblscope>
</biblstruct></publicationstmt>
<sourcedesc>
<p>Издание подготовлено Мандельштамовским обществом</p>
</sourcedesc>
<respstmt>
<resp>Подготовка и разметка файлов - Алексей Литвинцев, Вероника Файнберг. Создание
          электронного ресурса - Тимофей Молчанов. Руководители проекта - Центр Digital Humanities,
          Мандельштамовское общество (НИУ ВШЭ).</resp>
</respstmt></filedesc>
<profiledesc>
<textdesc n="prose"></textdesc>
<textclass>
<catref target="Series([], Name: ID, dtype: object)" type="ID"></catref>
<catref target="Series([], Name: Источник, dtype: object)" type="Источник"></catref>
<catref target="Series([], Name: Жанр художественной литературы, dtype: object)" type="Жанр художественной литературы"></catref>
<catref target="Series([], Name: Уточнение жанра 1, dtype: object)" type="Уточнение жанра"></catref>
<catref target="Series([], Name: Метр, dtype: object)" type="Метр"></catref>
<catref target="Series([], Name: Длина строки, dtype: object)" type="Длина строки"></catref>
<catref target="Series([], Name: Клаузула, dtype: object)" type="Клаузула"></catref>
<catref target="Series([], Name: Уточнение клаузулы 1, dtype: object)" type="Уточнение клаузулы"></catref>
<catref target="Series([], Name: Классическая строфа, dtype: object)" type="Классическая строфа"></catref>
<catref target="Series([], Name: Рифма, dtype: object)" type="Рифма"></catref>
<catref target="Series([], Name: Схема рифмовки, dtype: object)" type="Схема рифмовки"></catref>
<catref target="Series([], Name: Метрическая формула, dtype: object)" type="Метрическая формула"></catref>
<catref target="Series([], Name: Дополнительные параметры, dtype: object)" type="Дополнительные параметры"></catref>
<catref target="Series([], Name: Число строк, dtype: int64)" type="Число строк"></catref>
<catref target="Series([], Name: Автор оригинала, dtype: object)" type="Автор оригинала"></catref>
<catref target="Series([], Name: Язык оригинала, dtype: object)" type="Язык оригинала"></catref>
</textclass></profiledesc>
</teiheader>
<text>
<body>
<div1 n="2" type="volume">
<div2 n="280" type="part">
<head>280.
Lefeb‹v›re Saint-Ogan. Toudishe.</head>
<p>Книга захватывает революцию, директорию и, главным образом, наполеоновскую реставрацию. Но тщетно стали бы вы искать в ней героики, маршалов, орлов и т. п.</p>
<p>Это похождения мошенников, своего рода «Мертвые души», история ампирного Чичикова — четкая, сухая, местами непристойная, очень злая и остроумная книга. Тудиш, от лица которого ведется рассказ, скромный авантюрист, работающий на пороге двух столетий, пассивный авантюрист, «Казанова поневоле». Его притягивают самые разнообразные общественные и семейные группировки, он выжимает их, как виноградные гроздья, он сам переходит из рук в руки.<rs ref="Казанова, Джованни Джакомо" type="person"></rs></p>
<p>Это «путешественник по житейскому морю», тип, излюбленный литературой XVIII века, часто воплощаемый в гувернере, «меняющем дома».</p>
<p>Тудиш — рационалист. Роль Фигаро его несколько тяготит, у него определенный вкус к буржуазной оседлости, которому благоприятствует общий уклон эпохи. Он принадлежит к числу людей, которые нашли себя после революции, через бурное самоопределение с ничтожным результатом.</p>
<p>Тем интереснее замысел романа.</p>
<p>В начале еще соблюдается революционный календарь.</p>
<p>Конфирмуют Тудиша на чердаке, украшенном зелеными</p>
<p> Лефевр Сент-Оган. Тудиш.  <rs ref="Сент-Оган, Лефевр," type="person"></rs></p>
<p>гирляндами. Учится он в республиканском интернате, где нетоплено, укрываются матрацами, пьют ледяную воду.</p>
<p>Первый эпизод, развертывающий живописное дарование Сэнт-Огана, — большая деревенская свадьба, где отступившегося жениха неожиданно и неофициально заменяет Тудиш.</p>
<p>Затем Тудиш — учитель в семье, изгоняемый ревнивой хозяйкой.</p>
<p>Далее — гувернер в замке.</p>
<p>Большое гнездо романа — замок Бельмарест.</p>
<p>Любовницы граньсеньора с детьми живут патриархальн��м гаремом и обедают на трех столах — по сословиям. Тудиш приглашен гувернером ко всем детям сразу.</p>
<p>Поездка в Париж. Посещение притона. Сухой реализм. Ощущение современности временами доходит до газетной остроты. Во всем чувствуется глубокая и темная вода. Нередко прозрачный анекдот глубок, как омут.<rs ref="Париж" type="geo_index"></rs></p>
<p>Некий маркиз на 2 недели уехал в Париж, да так и остался там на 3 года: боится дорожных опасностей (у него шок после революции).<rs ref="Париж" type="geo_index"></rs></p>
<p>Некто татуировал на руке «смерть тиранам» и сейчас боится засучить рукав.</p>
<p>Экономические отношения эпохи выявлены блестяще. Операции с национальными имуществами, медовый месяц буржуазии.</p>
<p>Всеобщее жульничество. Мошенничество вспыхивает там, где его всего меньше можно было ожидать. Молодые прекрасные женщины изобретательны не менее мужчин.</p>
<p>Центральный эпизод романа, занимающий вторую, большую часть книги, — «одиссея страхового общества». Фон — «золотой век» Наполеона. Тудиш примкнул к шайке некоего Лорана. (Между прочим — вводный эпизод: перепродажа кафе «на ходу» с инсценированной клиентурой мнимых «завсегдатаев», в труппу входит даже поэт, «прочитавший трагедию m-lle Mars»<rs ref="Наполеон I, Бонапарт" type="person"></rs></p>
<p>.)</p>
<p>Эта одиссея шайки Лорана — ошеломляющего провинциальных префектов, совершенно по-хлестаковски, рассказами о своей близости к Тюльери, орудующего именем Императора, который приказал ему «утереть слезы своих бедных детей», — отличное ядро романа.</p>
<p>Лоран — гениальный учитель Тудиша. Дилижансы. Гостиницы. Смехотворные салоны, банкеты, речи. Развязка почти «под “Ревизора“». Лоран — гибнет от правосудия. Тудиш вывернулся и остепенился.</p>
<p>Характерно для злой и прозрачной прозорливости романа:</p>
<p> Мадемуазель Марс <rs ref="Мадемуазель Марс" type="person"></rs><rs ref="Мария-Терезия" type="person"></rs></p>
<p>последняя страница, дурной сон Тудиша (от тяжелого воздуха в комнате): он видит военное разрушение, развалины родных мест.</p>
<p>Если б на обложке не стояло прославленное нескромным издателем имя А. Франса, читатель сказал бы: вот его прекрасный ученик. Но вспомнил бы, пожалуй, с большим правом имена Стендаля и Лакло.<rs ref="Лакло, Пьер Шодерло де" type="person"></rs><rs ref="Стендаль" type="person"></rs><rs ref="Франс, Анатоль" type="person"></rs></p>
<note>

2 Лефевр Сент-Оган. Тудиш.  

1 Мадемуазель Марс (фр.).
</note>
<rs ref="Мадемуазель Марс" type="person"></rs>
</div2>
</div1>
</body>
</text>
</tei>
