<?xml version='1.0' encoding='UTF8'?>
<tei xmlns="http://www.tei-c.org/ns/1.0">
<teiheader>
<filedesc>
<titlestmt>
<title>‹Заявка на повесть› «Фагот»</title>
<author>О.Э. Мандельштам</author>
</titlestmt>
<publicationstmt>
<p>АРТ-БИЗНЕС-ЦЕНТР МОСКВА 1993</p>
<biblstruct>
<biblscope n="" type="volume"></biblscope>
<biblscope n="" type="part"></biblscope>
</biblstruct></publicationstmt>
<sourcedesc>
<p>Издание подготовлено Мандельштамовским обществом</p>
</sourcedesc>
<respstmt>
<resp>Подготовка и разметка файлов - Алексей Литвинцев, Вероника Файнберг. Создание
          электронного ресурса - Тимофей Молчанов. Руководители проекта - Центр Digital Humanities,
          Мандельштамовское общество (НИУ ВШЭ).</resp>
</respstmt></filedesc>
<profiledesc>
<textdesc n="prose"></textdesc>
<textclass>
<catref target="Series([], Name: ID, dtype: object)" type="ID"></catref>
<catref target="Series([], Name: Источник, dtype: object)" type="Источник"></catref>
<catref target="Series([], Name: Жанр художественной литературы, dtype: object)" type="Жанр художественной литературы"></catref>
<catref target="Series([], Name: Уточнение жанра 1, dtype: object)" type="Уточнение жанра"></catref>
<catref target="Series([], Name: Метр, dtype: object)" type="Метр"></catref>
<catref target="Series([], Name: Длина строки, dtype: object)" type="Длина строки"></catref>
<catref target="Series([], Name: Клаузула, dtype: object)" type="Клаузула"></catref>
<catref target="Series([], Name: Уточнение клаузулы 1, dtype: object)" type="Уточнение клаузулы"></catref>
<catref target="Series([], Name: Классическая строфа, dtype: object)" type="Классическая строфа"></catref>
<catref target="Series([], Name: Рифма, dtype: object)" type="Рифма"></catref>
<catref target="Series([], Name: Схема рифмовки, dtype: object)" type="Схема рифмовки"></catref>
<catref target="Series([], Name: Метрическая формула, dtype: object)" type="Метрическая формула"></catref>
<catref target="Series([], Name: Дополнительные параметры, dtype: object)" type="Дополнительные параметры"></catref>
<catref target="Series([], Name: Число строк, dtype: int64)" type="Число строк"></catref>
<catref target="Series([], Name: Автор оригинала, dtype: object)" type="Автор оригинала"></catref>
<catref target="Series([], Name: Язык оригинала, dtype: object)" type="Язык оригинала"></catref>
</textclass></profiledesc>
</teiheader>
<text>
<body>
<div1 n="2" type="volume">
<div2 n="282" type="part">
<head>282.
‹Заявка на повесть› «Фагот»,</head>
<p>4 печ. листа</p>
<p>В основу повествования положена «семейная хроника». Отправная точка — Киев эпохи убийства Столыпина. Присяжный поверенный, ведущий дела крупных подрядчиков, его клиенты, мелкие сошки, темные люди — даны марионетками, — на крошечной площадке с чрезвычайно пестрым социальным составом героев разворачивается действие эпохи — специфический воздух «десятых годов».<rs ref="Киев" type="geo_index"></rs><rs ref="Столыпин, Петр Аркадьевич" type="person"></rs></p>
<p>Главный персонаж — оркестрант киевской оперы — «фагот». До известной степени повторяется прием «Египетской марки»: показ эпохи сквозь «птичий глаз». Отличие «Фагота» от «Егип‹етской› марки» — в его строгой документальности, — вплоть до использования кляузных деловых архивов. Второе действие — поиски утерянной неизвестной песенки Шуберта — позволяет дать в историческом плане музыкальную тему (Германия).<rs ref="Германия" type="geo_index"></rs><rs ref="Шуберт, Франц Петер" type="person"></rs></p>
<date when="1929-05, 04">‹Март или апрель 1929 г.›</date>
</div2>
</div1>
</body>
</text>
</tei>
