<?xml version='1.0' encoding='UTF8'?>
<tei xmlns="http://www.tei-c.org/ns/1.0">
<teiheader>
<filedesc>
<titlestmt>
<title>Письма. 9. В. И. Иванову, [13(26) августа 1909 г.] </title>
<author>О.Э. Мандельштам</author>
</titlestmt>
<publicationstmt>
<p>АРТ-БИЗНЕС-ЦЕНТР МОСКВА 1993</p>
<biblstruct>
<biblscope n="" type="volume"></biblscope>
<biblscope n="" type="part"></biblscope>
</biblstruct></publicationstmt>
<sourcedesc>
<p>Издание подготовлено Мандельштамовским обществом</p>
</sourcedesc>
<respstmt>
<resp>Подготовка и разметка файлов - Алексей Литвинцев, Вероника Файнберг. Создание
          электронного ресурса - Тимофей Молчанов. Руководители проекта - Центр Digital Humanities,
          Мандельштамовское общество (НИУ ВШЭ).</resp>
</respstmt></filedesc>
<profiledesc>
<textdesc n="letter"></textdesc>
<textclass>
<catref target="Series([], Name: ID, dtype: object)" type="ID"></catref>
<catref target="Series([], Name: Источник, dtype: object)" type="Источник"></catref>
<catref target="Series([], Name: Жанр художественной литературы, dtype: object)" type="Жанр художественной литературы"></catref>
<catref target="Series([], Name: Уточнение жанра 1, dtype: object)" type="Уточнение жанра"></catref>
<catref target="Series([], Name: Метр, dtype: object)" type="Метр"></catref>
<catref target="Series([], Name: Длина строки, dtype: object)" type="Длина строки"></catref>
<catref target="Series([], Name: Клаузула, dtype: object)" type="Клаузула"></catref>
<catref target="Series([], Name: Уточнение клаузулы 1, dtype: object)" type="Уточнение клаузулы"></catref>
<catref target="Series([], Name: Классическая строфа, dtype: object)" type="Классическая строфа"></catref>
<catref target="Series([], Name: Рифма, dtype: object)" type="Рифма"></catref>
<catref target="Series([], Name: Схема рифмовки, dtype: object)" type="Схема рифмовки"></catref>
<catref target="Series([], Name: Метрическая формула, dtype: object)" type="Метрическая формула"></catref>
<catref target="Series([], Name: Дополнительные параметры, dtype: object)" type="Дополнительные параметры"></catref>
<catref target="Series([], Name: Число строк, dtype: int64)" type="Число строк"></catref>
<catref target="Series([], Name: Автор оригинала, dtype: object)" type="Автор оригинала"></catref>
<catref target="Series([], Name: Язык оригинала, dtype: object)" type="Язык оригинала"></catref>
</textclass></profiledesc>
</teiheader>
<text>
<body>
<div1 n="4" type="volume">
<div2 n="9" type="part">
<head>9.
В. И. ИВАНОВУ, </head>
<p>Вы позволите мне сначала — несколько размышлений о вашей книге. Мне кажется, ее нельзя оспаривать — она пленительна и предназначена для покорения сердец.</p>
<p>Разве, вступая под своды Notre Dame, человек размышляет о правде католицизма и не становится католиком просто в силу своего нахождения под этими сводами?</p>
<p>Ваша книга прекрасна красотой великих архитектурных созданий и астрономических систем. Каждый истинный поэт, если бы он мог писать книги на основании точных и непреложных законов своего творчества, — писал бы так, как вы.</p>
<p>Вы — самый непонятный, самый темный, в обыденном словоупотреблении, поэт нашего времени — именно оттого, что как никто верны своей стихии — сознательно поручив себя ей.</p>
<p>Только мне показалось, что книга слишком — как бы сказать — круглая, без углов.</p>
<p>Ни с какой стороны к ней не подступиться, чтобы разбить ее или разбиться о нее.</p>
<p>Даже трагедия в ней не угол — потому что вы соглашаетесь на нее.</p>
<p>Даже экстаз не опасен — потому что вы предвидите его исход. И только дыхание Космоса обвевает вашу книгу, сообщая ей прелесть, общую с «Заратустрой», — вознаграждая за астрономическую круглость вашей системы, которую вы сами потрясаете в лучших местах книги, даже потрясаете непрерывно. У вашей книги еще то общее с «Заратустрой», — что каждое слово в ней с пламенной ненавистью исполняет свое </p>
<p>назначение и искренно ненавидит свое место и своих соседей.</p>
<p>Вы мне извините это излияние...</p>
<p>Две недели я жил в Beatenberg’e, но потом решил провести несколько недель в санатории и переехал в Montreux.</p>
<p>Теперь я наблюдаю странный контраст: священная тишина санатории, прерываемая обеденным гонгом, — и вечерняя рулетка в казино: faites vos jeux, messieurs! — remarquez, messieurs! rien ne va plus!</p>
<p> — восклицания croupiers</p>
<p> — полные символического ужаса.</p>
<p>У меня странный вкус: я люблю электрические блики на поверхности Лемана, почтительных лакеев, бесшумный полет лифта, мраморный вестибюль hotel’я</p>
<p> и англичанок, играющих Моцарта с двумя-тремя официальными слушателями в полутемном салоне.</p>
<p>Я люблю буржуазный, европейский комфорт и привязан к нему не только физически, но и сантиментально.</p>
<p>Может быть, в этом виновно слабое здоровье? Но я никогда не спрашиваю себя, хорошо ли это.</p>
<p>Еще мне хочется вам сказать вот что.</p>
<p>У вас в книге есть одно место, откуда открываются две великих перспективы, как из постулата о параллельных две геометрии — Эвклида и Лобачевского. Это — образ удивительной проникновенности — где несогласный на хоровод покидает круг, закрыв лицо руками.<rs ref="Лобачевский, Николай Иванович" type="person"></rs><rs ref="Эвклид" type="person"></rs></p>
<p>Собрались ли уже в Петербурге наши друзья? Что делает «Аполлон»? «Остров»?<rs ref="Петербург (Ленинград, Петрополь)" type="geo_index"></rs></p>
<p>Как бы мне хотелось видеть кого-нибудь из знакомых или даже незнакомых наших поэтов. Знаете что, В. И. Напишите мне (я знаю, что вы мне ответите — а вдруг нет?), когда кто-нибудь поедет за границу. Может, как-нибудь, я увижу кого-нибудь, а чтобы увидеть вас — я готов проехать весьма большое расстояние, если это понадобится. Еще одна просьба. Если у вас есть лишний, совершенно лишний экземпляр «Кормчих Звезд», не может ли он каким-нибудь способом попасть в мои бережные руки?..</p>
<p>Напишите мне также, В‹ячеслав› И‹ванович›, какие теперь в Германии есть лирики. Кроме Dehmel’я, я не знаю ни<rs ref="Германия" type="geo_index"></rs></p>
<p> Делайте ваши ставки, господа! — внимание, господа! ставок больше нет! </p>
<p> крупье </p>
<p> Отеля </p>
<p>одного. Немцы тоже не знают — а лирики все-таки должны быть.</p>
<p>Крепко вас цалую, В‹ячеслав› И‹ванович›, и благодарю сам не знаю за что — лучше которой не может быть благодарности.</p>
<p>P.S. Посылаю стихи. Делайте с ними что хотите — что я хочу — что можно.</p>
<note>1 Делайте ваши ставки, господа! — внимание, господа! ставок больше нет! (фр.).
2 крупье (фр.).
3 Отеля (фр.)
</note>
</div2>
</div1>
</body>
</text>
</tei>
