<?xml version='1.0' encoding='UTF8'?>
<tei xmlns="http://www.tei-c.org/ns/1.0">
<teiheader>
<filedesc>
<titlestmt>
<title>Письма. 4. Ф. О. Мандельштам, 7(20) апреля 1908 г. </title>
<author>О.Э. Мандельштам</author>
</titlestmt>
<publicationstmt>
<p>АРТ-БИЗНЕС-ЦЕНТР МОСКВА 1993</p>
<biblstruct>
<biblscope n="" type="volume"></biblscope>
<biblscope n="" type="part"></biblscope>
</biblstruct></publicationstmt>
<sourcedesc>
<p>Издание подготовлено Мандельштамовским обществом</p>
</sourcedesc>
<respstmt>
<resp>Подготовка и разметка файлов - Алексей Литвинцев, Вероника Файнберг. Создание
          электронного ресурса - Тимофей Молчанов. Руководители проекта - Центр Digital Humanities,
          Мандельштамовское общество (НИУ ВШЭ).</resp>
</respstmt></filedesc>
<profiledesc>
<textdesc n="letter"></textdesc>
<textclass>
<catref target="Series([], Name: ID, dtype: object)" type="ID"></catref>
<catref target="Series([], Name: Источник, dtype: object)" type="Источник"></catref>
<catref target="Series([], Name: Жанр художественной литературы, dtype: object)" type="Жанр художественной литературы"></catref>
<catref target="Series([], Name: Уточнение жанра 1, dtype: object)" type="Уточнение жанра"></catref>
<catref target="Series([], Name: Метр, dtype: object)" type="Метр"></catref>
<catref target="Series([], Name: Длина строки, dtype: object)" type="Длина строки"></catref>
<catref target="Series([], Name: Клаузула, dtype: object)" type="Клаузула"></catref>
<catref target="Series([], Name: Уточнение клаузулы 1, dtype: object)" type="Уточнение клаузулы"></catref>
<catref target="Series([], Name: Классическая строфа, dtype: object)" type="Классическая строфа"></catref>
<catref target="Series([], Name: Рифма, dtype: object)" type="Рифма"></catref>
<catref target="Series([], Name: Схема рифмовки, dtype: object)" type="Схема рифмовки"></catref>
<catref target="Series([], Name: Метрическая формула, dtype: object)" type="Метрическая формула"></catref>
<catref target="Series([], Name: Дополнительные параметры, dtype: object)" type="Дополнительные параметры"></catref>
<catref target="Series([], Name: Число строк, dtype: int64)" type="Число строк"></catref>
<catref target="Series([], Name: Автор оригинала, dtype: object)" type="Автор оригинала"></catref>
<catref target="Series([], Name: Язык оригинала, dtype: object)" type="Язык оригинала"></catref>
</textclass></profiledesc>
</teiheader>
<text>
<body>
<div1 n="4" type="volume">
<div2 n="4" type="part">
<head>4.
Ф. О. МАНДЕЛЬШТАМ, </head>
<p>Получил, получил твое письмо. Что же это станется из нашей переписки, если неделями будем мы молчать... Этак всякое живое содержание из нее исчезнет и поневоле останутся одни общие места.</p>
<p>Была ты, значит, у В. В. Это хорошо... Жалею, что не послал для него письма...</p>
<p>Любопытно мне, что он скажет. Надеюсь об этом скоро узнать.</p>
<p>Сейчас у меня настоящая весна, в самом полном значении этого слова...</p>
<p>Период ожиданий и стихотворной горячки...</p>
<p>Время провожу так:</p>
<p>Утром гуляю в Люксембурге. После завтрака устраиваю у себя вечер — т. е. завешиваю окно и топлю камин и в этой обстановке провожу два-три часа...<rs ref="Париж" type="geo_index"></rs></p>
<p>Потом прилив энергии, прогулка, иногда кафе для писания писем, а там и обед... После обеда у нас бывает общий разговор, который иногда затягивается до позднего вечера.</p>
<p>Это милая комедия.</p>
<p>К последнему времени у нас составилось маленькое интернациональное общество из лиц, страстно жаждущих обучиться языку...</p>
<p>И происходит невообразимая вакханалия слов, жестов и интонаций под председательством несчастной хозяйки...</p>
<p>Вчера, например, я до самого вечера говорил с некиим молодым </p>
<p> писателем о превыспренних материях, состязаясь с ним в искажении языка. Этот талантливый поэт настойчиво употребляет странное выражение: «мустар» для обозначения горчицы (...мелко, но характерно).</p>
<p>Не слишком ли преждевременно будет теперь думать об университетских хлопотах?</p>
<p>Ведь их и невозможно начать раньше осени?</p>
<p>А если меня не примут — то я поступлю в один из немецких университетов... и согласую занятия литературой с занятиями философией.</p>
<p>Маленькая аномалия: «тоску по родине» я испытываю не о России, а о Финляндии.<rs ref="Россия (СССР)" type="geo_index"></rs><rs ref="Финляндия" type="geo_index"></rs></p>
<p>Вот еще стихи о Финляндии, а пока, мамочка, прощай.<rs ref="Финляндия" type="geo_index"></rs></p>
</div2>
</div1>
</body>
</text>
</tei>
