<?xml version='1.0' encoding='UTF8'?>
<tei xmlns="http://www.tei-c.org/ns/1.0">
<teiheader>
<filedesc>
<titlestmt>
<title>Письма. 22. В. И. Иванову, 21 августа (3 сентября) 1911 г.</title>
<author>О.Э. Мандельштам</author>
</titlestmt>
<publicationstmt>
<p>АРТ-БИЗНЕС-ЦЕНТР МОСКВА 1993</p>
<biblstruct>
<biblscope n="" type="volume"></biblscope>
<biblscope n="" type="part"></biblscope>
</biblstruct></publicationstmt>
<sourcedesc>
<p>Издание подготовлено Мандельштамовским обществом</p>
</sourcedesc>
<respstmt>
<resp>Подготовка и разметка файлов - Алексей Литвинцев, Вероника Файнберг. Создание
          электронного ресурса - Тимофей Молчанов. Руководители проекта - Центр Digital Humanities,
          Мандельштамовское общество (НИУ ВШЭ).</resp>
</respstmt></filedesc>
<profiledesc>
<textdesc n="letter"></textdesc>
<textclass>
<catref target="Series([], Name: ID, dtype: object)" type="ID"></catref>
<catref target="Series([], Name: Источник, dtype: object)" type="Источник"></catref>
<catref target="Series([], Name: Жанр художественной литературы, dtype: object)" type="Жанр художественной литературы"></catref>
<catref target="Series([], Name: Уточнение жанра 1, dtype: object)" type="Уточнение жанра"></catref>
<catref target="Series([], Name: Метр, dtype: object)" type="Метр"></catref>
<catref target="Series([], Name: Длина строки, dtype: object)" type="Длина строки"></catref>
<catref target="Series([], Name: Клаузула, dtype: object)" type="Клаузула"></catref>
<catref target="Series([], Name: Уточнение клаузулы 1, dtype: object)" type="Уточнение клаузулы"></catref>
<catref target="Series([], Name: Классическая строфа, dtype: object)" type="Классическая строфа"></catref>
<catref target="Series([], Name: Рифма, dtype: object)" type="Рифма"></catref>
<catref target="Series([], Name: Схема рифмовки, dtype: object)" type="Схема рифмовки"></catref>
<catref target="Series([], Name: Метрическая формула, dtype: object)" type="Метрическая формула"></catref>
<catref target="Series([], Name: Дополнительные параметры, dtype: object)" type="Дополнительные параметры"></catref>
<catref target="Series([], Name: Число строк, dtype: int64)" type="Число строк"></catref>
<catref target="Series([], Name: Автор оригинала, dtype: object)" type="Автор оригинала"></catref>
<catref target="Series([], Name: Язык оригинала, dtype: object)" type="Язык оригинала"></catref>
</textclass></profiledesc>
</teiheader>
<text>
<body>
<div1 n="4" type="volume">
<div2 n="22" type="part">
<head>22.
В. И. ИВАНОВУ, </head>
<p>Спешу сообщить Вам радостную новость, что могут быть открыты новые стихи Тютчева.<rs ref="Тютчев, Федор Иванович" type="person"></rs></p>
<p>Именно: сенатор А. Ф. Кони рассказал мне, что в его архиве имеется ряд писем Тютчева к Плетневой, весьма интимного содержания.<rs ref="Кони, Анатолий Федорович" type="person"></rs><rs ref="Плетнева (Щетинина), Александра Васильевна" type="person"></rs><rs ref="Тютчев, Федор Иванович" type="person"></rs></p>
<p>Письма получены Кони непосредственно от самой Плетневой. В них попадаются отдельные стихотворные строки (частью из известных стихотворений) и целые стихотворения, поясняющие текст.<rs ref="Кони, Анатолий Федорович" type="person"></rs><rs ref="Плетнева (Щетинина), Александра Васильевна" type="person"></rs></p>
<p>Есть, между прочим, стихотворение такого содержания: поэт хотел бы идти в зной по тернистой дороге, чтоб изнеможением заглушить в себе страдание любви. Однажды Кони докладывал об этих сокровищах академии, но встретил глубокое равнодушие. Через несколько дней драгоценные бумаги будут в моем распоряжении и будет известно, какой праздник нас ожидает.<rs ref="Кони, Анатолий Федорович" type="person"></rs></p>
</div2>
</div1>
</body>
</text>
</tei>
