<?xml version='1.0' encoding='UTF8'?>
<tei xmlns="http://www.tei-c.org/ns/1.0">
<teiheader>
<filedesc>
<titlestmt>
<title>Письма. 27. Ф. Сологубу, [27 апреля (10 мая) 1915 г.]</title>
<author>О.Э. Мандельштам</author>
</titlestmt>
<publicationstmt>
<p>АРТ-БИЗНЕС-ЦЕНТР МОСКВА 1993</p>
<biblstruct>
<biblscope n="" type="volume"></biblscope>
<biblscope n="" type="part"></biblscope>
</biblstruct></publicationstmt>
<sourcedesc>
<p>Издание подготовлено Мандельштамовским обществом</p>
</sourcedesc>
<respstmt>
<resp>Подготовка и разметка файлов - Алексей Литвинцев, Вероника Файнберг. Создание
          электронного ресурса - Тимофей Молчанов. Руководители проекта - Центр Digital Humanities,
          Мандельштамовское общество (НИУ ВШЭ).</resp>
</respstmt></filedesc>
<profiledesc>
<textdesc n="letter"></textdesc>
<textclass>
<catref target="Series([], Name: ID, dtype: object)" type="ID"></catref>
<catref target="Series([], Name: Источник, dtype: object)" type="Источник"></catref>
<catref target="Series([], Name: Жанр художественной литературы, dtype: object)" type="Жанр художественной литературы"></catref>
<catref target="Series([], Name: Уточнение жанра 1, dtype: object)" type="Уточнение жанра"></catref>
<catref target="Series([], Name: Метр, dtype: object)" type="Метр"></catref>
<catref target="Series([], Name: Длина строки, dtype: object)" type="Длина строки"></catref>
<catref target="Series([], Name: Клаузула, dtype: object)" type="Клаузула"></catref>
<catref target="Series([], Name: Уточнение клаузулы 1, dtype: object)" type="Уточнение клаузулы"></catref>
<catref target="Series([], Name: Классическая строфа, dtype: object)" type="Классическая строфа"></catref>
<catref target="Series([], Name: Рифма, dtype: object)" type="Рифма"></catref>
<catref target="Series([], Name: Схема рифмовки, dtype: object)" type="Схема рифмовки"></catref>
<catref target="Series([], Name: Метрическая формула, dtype: object)" type="Метрическая формула"></catref>
<catref target="Series([], Name: Дополнительные параметры, dtype: object)" type="Дополнительные параметры"></catref>
<catref target="Series([], Name: Число строк, dtype: int64)" type="Число строк"></catref>
<catref target="Series([], Name: Автор оригинала, dtype: object)" type="Автор оригинала"></catref>
<catref target="Series([], Name: Язык оригинала, dtype: object)" type="Язык оригинала"></catref>
</textclass></profiledesc>
</teiheader>
<text>
<body>
<div1 n="4" type="volume">
<div2 n="27" type="part">
<head>27.
Ф. СОЛОГУБУ, </head>
<p>С крайним изумлением прочел я Ваше письмо. В нем Вы говорите о своем намерении держаться подальше от футуристов, акмеистов и к ним примыкающих. Не смея судить о Ваших отношениях к футуристам и «примыкающим», как акмеист я считаю долгом напомнить Вам следующее: инициатива Вашего отчуждения от акмеистов всецело принадлежала последним. К участию в Цехе поэтов (независимо от Вашего желания) привлечены Вы не были, равно как и к сотрудничеству в журнале «Гиперборей» и к изданию Ваших книг в издательствах: «Цех поэтов», «Гиперборей» и «Акме». То же относится и к публичным выступлениям акмеистов, как таковых.</p>
<p>Что же касается до моего к Вам предложения участвовать в вечере, устроенном Тенишевским Училищем в пользу одного из лазаретов, то в данном случае я действовал как бывший ученик этого училища, а не как представитель определенной литературной группы.</p>
<p>Действительно, некоторые из акмеистов и я в том числе в ответ на приглашения Ваши и А. Н. Чеботаревской посещали Ваш дом.<rs ref="Чеботаревская, Анастасия Николаевна" type="person"></rs></p>
<p>Но после Вашего письма я имею все основания заключить, что это было с их стороны ошибкой.</p>
</div2>
</div1>
</body>
</text>
</tei>
