<?xml version='1.0' encoding='UTF8'?>
<tei xmlns="http://www.tei-c.org/ns/1.0">
<teiheader>
<filedesc>
<titlestmt>
<title>Письма. 30. С. Г. Вербловской, ‹осень 1915 г.› </title>
<author>О.Э. Мандельштам</author>
</titlestmt>
<publicationstmt>
<p>АРТ-БИЗНЕС-ЦЕНТР МОСКВА 1993</p>
<biblstruct>
<biblscope n="" type="volume"></biblscope>
<biblscope n="" type="part"></biblscope>
</biblstruct></publicationstmt>
<sourcedesc>
<p>Издание подготовлено Мандельштамовским обществом</p>
</sourcedesc>
<respstmt>
<resp>Подготовка и разметка файлов - Алексей Литвинцев, Вероника Файнберг. Создание
          электронного ресурса - Тимофей Молчанов. Руководители проекта - Центр Digital Humanities,
          Мандельштамовское общество (НИУ ВШЭ).</resp>
</respstmt></filedesc>
<profiledesc>
<textdesc n="letter"></textdesc>
<textclass>
<catref target="Series([], Name: ID, dtype: object)" type="ID"></catref>
<catref target="Series([], Name: Источник, dtype: object)" type="Источник"></catref>
<catref target="Series([], Name: Жанр художественной литературы, dtype: object)" type="Жанр художественной литературы"></catref>
<catref target="Series([], Name: Уточнение жанра 1, dtype: object)" type="Уточнение жанра"></catref>
<catref target="Series([], Name: Метр, dtype: object)" type="Метр"></catref>
<catref target="Series([], Name: Длина строки, dtype: object)" type="Длина строки"></catref>
<catref target="Series([], Name: Клаузула, dtype: object)" type="Клаузула"></catref>
<catref target="Series([], Name: Уточнение клаузулы 1, dtype: object)" type="Уточнение клаузулы"></catref>
<catref target="Series([], Name: Классическая строфа, dtype: object)" type="Классическая строфа"></catref>
<catref target="Series([], Name: Рифма, dtype: object)" type="Рифма"></catref>
<catref target="Series([], Name: Схема рифмовки, dtype: object)" type="Схема рифмовки"></catref>
<catref target="Series([], Name: Метрическая формула, dtype: object)" type="Метрическая формула"></catref>
<catref target="Series([], Name: Дополнительные параметры, dtype: object)" type="Дополнительные параметры"></catref>
<catref target="Series([], Name: Число строк, dtype: int64)" type="Число строк"></catref>
<catref target="Series([], Name: Автор оригинала, dtype: object)" type="Автор оригинала"></catref>
<catref target="Series([], Name: Язык оригинала, dtype: object)" type="Язык оригинала"></catref>
</textclass></profiledesc>
</teiheader>
<text>
<body>
<div1 n="4" type="volume">
<div2 n="30" type="part">
<head>30.
С. Г. ВЕРБЛОВСКОЙ, </head>
<p>Прими мои горячие поздравления по случаю рождения твоего.</p>
<p>Желаю тебе быть бодрой, веселой, танцовать мазурку, играть на рояли и поменьше думать о кислых вещах.</p>
<p>У нас все вошло в норму, между прочим и мои занятия в университете. Цалую тебя и Юлия Матвеевича.</p>
<p>Сердечно поздравляю тебя с днем рождения и желаю всего хорошего. Надеюсь, что ты здорова и чувствуешь себя хорошо. Поменьше думай и беспокойся о нас. У меня очень много занятий, кроме того я занят нашим Тенишевским лазаретом и другими делами, связанными с войной. Напомни, пожалуйста, Сем‹ену› Григ‹орьевичу›, что он когда-то хотел взять к себе 1-2 выздоравливающих раненых. Если он не раздумал, то сообщи мне, и я их могу достать. Очень хотел бы тебя увидеть. Может быть, как-нибудь выберусь на день. Передай, пожалуйста, мой привет Сем‹ену› Григ‹орьевичу› и Елиз‹авете› Феодоровне.<rs ref="Феодосия" type="geo_index"></rs></p>
<p>Крепко целую тебя</p>
<p>P.S. Я живу у дяди Генриха и столуюсь дома. Он, бедный, очень волнуется из-за тети и Миши, которые не могут вернуться. Дела его очень плохи, так что он сдает несколько комнат.</p>
<p>Присоединяюсь к Осе и Жене и шлю вместе с ними сердечное поздравление по случаю твоего дня рождения.</p>
<p>Прочел Осино пожелание и всецело присоединяюсь к нему. Очень хотел бы тебя увидеть. Наверно скоро заеду тебя проведать. Целую.</p>
<p>Привет С‹емену› Г‹ригорьевичу› и Л‹изавете› Ф‹едоровне›.</p>
</div2>
</div1>
</body>
</text>
</tei>
