<?xml version='1.0' encoding='UTF8'?>
<tei xmlns="http://www.tei-c.org/ns/1.0">
<teiheader>
<filedesc>
<titlestmt>
<title>Письма. 37. В. Я. Хазиной, ‹май — июнь 1921 г.›</title>
<author>О.Э. Мандельштам</author>
</titlestmt>
<publicationstmt>
<p>АРТ-БИЗНЕС-ЦЕНТР МОСКВА 1993</p>
<biblstruct>
<biblscope n="" type="volume"></biblscope>
<biblscope n="" type="part"></biblscope>
</biblstruct></publicationstmt>
<sourcedesc>
<p>Издание подготовлено Мандельштамовским обществом</p>
</sourcedesc>
<respstmt>
<resp>Подготовка и разметка файлов - Алексей Литвинцев, Вероника Файнберг. Создание
          электронного ресурса - Тимофей Молчанов. Руководители проекта - Центр Digital Humanities,
          Мандельштамовское общество (НИУ ВШЭ).</resp>
</respstmt></filedesc>
<profiledesc>
<textdesc n="letter"></textdesc>
<textclass>
<catref target="Series([], Name: ID, dtype: object)" type="ID"></catref>
<catref target="Series([], Name: Источник, dtype: object)" type="Источник"></catref>
<catref target="Series([], Name: Жанр художественной литературы, dtype: object)" type="Жанр художественной литературы"></catref>
<catref target="Series([], Name: Уточнение жанра 1, dtype: object)" type="Уточнение жанра"></catref>
<catref target="Series([], Name: Метр, dtype: object)" type="Метр"></catref>
<catref target="Series([], Name: Длина строки, dtype: object)" type="Длина строки"></catref>
<catref target="Series([], Name: Клаузула, dtype: object)" type="Клаузула"></catref>
<catref target="Series([], Name: Уточнение клаузулы 1, dtype: object)" type="Уточнение клаузулы"></catref>
<catref target="Series([], Name: Классическая строфа, dtype: object)" type="Классическая строфа"></catref>
<catref target="Series([], Name: Рифма, dtype: object)" type="Рифма"></catref>
<catref target="Series([], Name: Схема рифмовки, dtype: object)" type="Схема рифмовки"></catref>
<catref target="Series([], Name: Метрическая формула, dtype: object)" type="Метрическая формула"></catref>
<catref target="Series([], Name: Дополнительные параметры, dtype: object)" type="Дополнительные параметры"></catref>
<catref target="Series([], Name: Число строк, dtype: int64)" type="Число строк"></catref>
<catref target="Series([], Name: Автор оригинала, dtype: object)" type="Автор оригинала"></catref>
<catref target="Series([], Name: Язык оригинала, dtype: object)" type="Язык оригинала"></catref>
</textclass></profiledesc>
</teiheader>
<text>
<body>
<div1 n="4" type="volume">
<div2 n="37" type="part">
<head>37.
В. Я. ХАЗИНОЙ, </head>
<p>Рад вам сообщить, что у нас все благополучно. Должно быть, в субботу мы с Надей едем в Тифлис в хороших условиях и на определенное обеспечение.<rs ref="Тифлис" type="geo_index"></rs></p>
<p>Я встретил здесь своего приятеля, Особоуполномоченного по эвакуации Кавказа, и он нас берет с собой на службу в Грузию. Это очень хороший человек, художник Лопатинский, когда-то он работал со мной в Наркомпросе. Теперь он во главе огромного учреждения на Кавказе. Отношения у нас прочно-дружеские, и он все для меня сделает, что может. Я съездил без Нади в Петербург. Голодать не пришлось. Живем у Жени. Ковер будет продан на дорогу очень скромно, сейчас ковры не в цене и продать очень трудно, тысяч двести думаем получить. Надя здорова, сырой воды не пьет и ничего сырого есть не будет в пути. Настроение бодрое.<rs ref="Грузия" type="geo_index"></rs><rs ref="Кавказ" type="geo_index"></rs><rs ref="Петербург (Ленинград, Петрополь)" type="geo_index"></rs><rs ref="Лопатинский" type="person"></rs></p>
<p>Адрес наш: Ростов, Управление Особоуполномоченного Центроэвака на Кавказе, для Мандельштама. Это центр. Оттуда едем дальше. Оттуда же перешлют ваше письмо по пути нашего следования.<rs ref="Кавказ" type="geo_index"></rs><rs ref="Ростов" type="geo_index"></rs><rs ref="Мандельштам (Хазина), Надежда Яковлевна" type="person"></rs></p>
<p>Проезжая Харьков, телеграфируем в Киев.<rs ref="Киев" type="geo_index"></rs><rs ref="Харьков" type="geo_index"></rs></p>
<p>Перед отъездом подаем заявление в литовскую миссию. Основания (мои бумаги) признаны </p>
<p>. Это продлится месяц и механически будет сделано в наше отсутствие.</p>
<p>Сердечный привет Якову Аркадьевичу и Анне Яковлевне.</p>
</div2>
</div1>
</body>
</text>
</tei>
