<?xml version='1.0' encoding='UTF8'?>
<tei xmlns="http://www.tei-c.org/ns/1.0">
<teiheader>
<filedesc>
<titlestmt>
<title>Письма. 35. М. А. Волошину, 7 августа ‹1920 г.›</title>
<author>О.Э. Мандельштам</author>
</titlestmt>
<publicationstmt>
<p>АРТ-БИЗНЕС-ЦЕНТР МОСКВА 1993</p>
<biblstruct>
<biblscope n="" type="volume"></biblscope>
<biblscope n="" type="part"></biblscope>
</biblstruct></publicationstmt>
<sourcedesc>
<p>Издание подготовлено Мандельштамовским обществом</p>
</sourcedesc>
<respstmt>
<resp>Подготовка и разметка файлов - Алексей Литвинцев, Вероника Файнберг. Создание
          электронного ресурса - Тимофей Молчанов. Руководители проекта - Центр Digital Humanities,
          Мандельштамовское общество (НИУ ВШЭ).</resp>
</respstmt></filedesc>
<profiledesc>
<textdesc n="letter"></textdesc>
<textclass>
<catref target="Series([], Name: ID, dtype: object)" type="ID"></catref>
<catref target="Series([], Name: Источник, dtype: object)" type="Источник"></catref>
<catref target="Series([], Name: Жанр художественной литературы, dtype: object)" type="Жанр художественной литературы"></catref>
<catref target="Series([], Name: Уточнение жанра 1, dtype: object)" type="Уточнение жанра"></catref>
<catref target="Series([], Name: Метр, dtype: object)" type="Метр"></catref>
<catref target="Series([], Name: Длина строки, dtype: object)" type="Длина строки"></catref>
<catref target="Series([], Name: Клаузула, dtype: object)" type="Клаузула"></catref>
<catref target="Series([], Name: Уточнение клаузулы 1, dtype: object)" type="Уточнение клаузулы"></catref>
<catref target="Series([], Name: Классическая строфа, dtype: object)" type="Классическая строфа"></catref>
<catref target="Series([], Name: Рифма, dtype: object)" type="Рифма"></catref>
<catref target="Series([], Name: Схема рифмовки, dtype: object)" type="Схема рифмовки"></catref>
<catref target="Series([], Name: Метрическая формула, dtype: object)" type="Метрическая формула"></catref>
<catref target="Series([], Name: Дополнительные параметры, dtype: object)" type="Дополнительные параметры"></catref>
<catref target="Series([], Name: Число строк, dtype: int64)" type="Число строк"></catref>
<catref target="Series([], Name: Автор оригинала, dtype: object)" type="Автор оригинала"></catref>
<catref target="Series([], Name: Язык оригинала, dtype: object)" type="Язык оригинала"></catref>
</textclass></profiledesc>
</teiheader>
<text>
<body>
<div1 n="4" type="volume">
<div2 n="35" type="part">
<head>35.
М. А. ВОЛОШИНУ, </head>
<p>Милостивый государь! </p>
<p>Я с удовольствием убедился в том, что вы под толстым слоем духовного жира, простодушно принимаемым многими за утонченную эстетическую культуру, — скрываете непроходимый кретинизм и хамство коктебельского болгарина. Вы позволяете себе в письмах к общим знакомым утверждать, что я «давно уже» обкрадываю вашу библиотеку и, между прочим, «украл» у вас Данта, в чем «сам сознался», и выкрал у вас через брата свою книгу.<rs ref="Данте Алигьери" type="person"></rs></p>
<p>Весьма сожалею, что вы вне пределов досягаемости и я не имею случая лично назвать вас мерзавцем и клеветником.</p>
<p>Нужно быть идиотом, чтобы предположить, что меня интересует вопрос, обладаете ли вы моей книгой. Только сегодня я вспомнил, что она у вас была.</p>
<p>Из всего вашего гнусного маниакального бреда верно только то, что благодаря мне вы лишились Данта: я имел несчастие потерять 3 года назад одну вашу книгу.<rs ref="Данте Алигьери" type="person"></rs></p>
<p>Но еще большее несчастье вообще быть с вами знакомым.</p>
</div2>
</div1>
</body>
</text>
</tei>
