<?xml version='1.0' encoding='UTF8'?>
<tei xmlns="http://www.tei-c.org/ns/1.0">
<teiheader>
<filedesc>
<titlestmt>
<title>Письма. 42. В Правление Всероссийского союза писателей, 13 декабря 1922 г.</title>
<author>О.Э. Мандельштам</author>
</titlestmt>
<publicationstmt>
<p>АРТ-БИЗНЕС-ЦЕНТР МОСКВА 1993</p>
<biblstruct>
<biblscope n="" type="volume"></biblscope>
<biblscope n="" type="part"></biblscope>
</biblstruct></publicationstmt>
<sourcedesc>
<p>Издание подготовлено Мандельштамовским обществом</p>
</sourcedesc>
<respstmt>
<resp>Подготовка и разметка файлов - Алексей Литвинцев, Вероника Файнберг. Создание
          электронного ресурса - Тимофей Молчанов. Руководители проекта - Центр Digital Humanities,
          Мандельштамовское общество (НИУ ВШЭ).</resp>
</respstmt></filedesc>
<profiledesc>
<textdesc n="letter"></textdesc>
<textclass>
<catref target="Series([], Name: ID, dtype: object)" type="ID"></catref>
<catref target="Series([], Name: Источник, dtype: object)" type="Источник"></catref>
<catref target="Series([], Name: Жанр художественной литературы, dtype: object)" type="Жанр художественной литературы"></catref>
<catref target="Series([], Name: Уточнение жанра 1, dtype: object)" type="Уточнение жанра"></catref>
<catref target="Series([], Name: Метр, dtype: object)" type="Метр"></catref>
<catref target="Series([], Name: Длина строки, dtype: object)" type="Длина строки"></catref>
<catref target="Series([], Name: Клаузула, dtype: object)" type="Клаузула"></catref>
<catref target="Series([], Name: Уточнение клаузулы 1, dtype: object)" type="Уточнение клаузулы"></catref>
<catref target="Series([], Name: Классическая строфа, dtype: object)" type="Классическая строфа"></catref>
<catref target="Series([], Name: Рифма, dtype: object)" type="Рифма"></catref>
<catref target="Series([], Name: Схема рифмовки, dtype: object)" type="Схема рифмовки"></catref>
<catref target="Series([], Name: Метрическая формула, dtype: object)" type="Метрическая формула"></catref>
<catref target="Series([], Name: Дополнительные параметры, dtype: object)" type="Дополнительные параметры"></catref>
<catref target="Series([], Name: Число строк, dtype: int64)" type="Число строк"></catref>
<catref target="Series([], Name: Автор оригинала, dtype: object)" type="Автор оригинала"></catref>
<catref target="Series([], Name: Язык оригинала, dtype: object)" type="Язык оригинала"></catref>
</textclass></profiledesc>
</teiheader>
<text>
<body>
<div1 n="4" type="volume">
<div2 n="42" type="part">
<head>42.
В правление Всероссийского союза писателей,</head>
<p>Приехавший ко мне родной брат, Александр Мандельштам, находится на полном моем иждивении и не имеет ни крова, ни средств, независимых от меня.<rs ref="Мандельштам (Хазина), Надежда Яковлевна" type="person"></rs><rs ref="Мандельштам, Наталия (Тата) Евгеньевна" type="person"></rs></p>
<p>Он временно спит в проходной комнатке, где кроме него на столе спит только В. Я. Парнах, которому он абсолютно не мешает, устраиваясь <rs ref="Парнах (Парнок), Валентин Яковлевич" type="person"></rs></p>
<p>. Не мешает он и несложной работе помощн‹ика›</p>
<p>коменданта, вставая в 9 ч. утра и устраиваясь на ночлег в 12 ч. ночи.</p>
<p>Поскольку брат </p>
<p>никому не мешает и я, в одной комнате с женой и обремененный работой, не могу его взять к себе, прошу временно разрешить ему ночевать на прежнем месте, т‹ем› более что лично я с женой занимаем очень небольшую площадь, в то время как все семейные члены союза получили возможность жить со своими близкими. Мне непонятно, по каким причинам брата хотят загнать в мою комнату, где он серьезно помешает моей литературной работе, диктовке вслух, сочинению стихов и проч‹ему›, работе, требующей отсутствия всякого постороннего лица и полной сосредоточенности, в то время как </p>
<p> из живущих в двух смежных комнатках «гостиницы» не протестует против его временного ночлега.</p>
<p>Сим подтверждаю, что Александр Эмилиевич Мандельштам нисколько не стесняет ни меня, ни других членов Союза.<rs ref="Мандельштам (Хазина), Надежда Яковлевна" type="person"></rs><rs ref="Мандельштам (Хазина), Надежда Яковлевна" type="person"></rs></p>
<p>Проживающие в общежительской комнате подтверждаем.</p>
<p>‹Подписи:›</p>
</div2>
</div1>
</body>
</text>
</tei>
