<?xml version='1.0' encoding='UTF8'?>
<tei xmlns="http://www.tei-c.org/ns/1.0">
<teiheader>
<filedesc>
<titlestmt>
<title>Письма. 41. Е. Э. Мандельштаму, 11 декабря 1922 г.</title>
<author>О.Э. Мандельштам</author>
</titlestmt>
<publicationstmt>
<p>АРТ-БИЗНЕС-ЦЕНТР МОСКВА 1993</p>
<biblstruct>
<biblscope n="" type="volume"></biblscope>
<biblscope n="" type="part"></biblscope>
</biblstruct></publicationstmt>
<sourcedesc>
<p>Издание подготовлено Мандельштамовским обществом</p>
</sourcedesc>
<respstmt>
<resp>Подготовка и разметка файлов - Алексей Литвинцев, Вероника Файнберг. Создание
          электронного ресурса - Тимофей Молчанов. Руководители проекта - Центр Digital Humanities,
          Мандельштамовское общество (НИУ ВШЭ).</resp>
</respstmt></filedesc>
<profiledesc>
<textdesc n="letter"></textdesc>
<textclass>
<catref target="Series([], Name: ID, dtype: object)" type="ID"></catref>
<catref target="Series([], Name: Источник, dtype: object)" type="Источник"></catref>
<catref target="Series([], Name: Жанр художественной литературы, dtype: object)" type="Жанр художественной литературы"></catref>
<catref target="Series([], Name: Уточнение жанра 1, dtype: object)" type="Уточнение жанра"></catref>
<catref target="Series([], Name: Метр, dtype: object)" type="Метр"></catref>
<catref target="Series([], Name: Длина строки, dtype: object)" type="Длина строки"></catref>
<catref target="Series([], Name: Клаузула, dtype: object)" type="Клаузула"></catref>
<catref target="Series([], Name: Уточнение клаузулы 1, dtype: object)" type="Уточнение клаузулы"></catref>
<catref target="Series([], Name: Классическая строфа, dtype: object)" type="Классическая строфа"></catref>
<catref target="Series([], Name: Рифма, dtype: object)" type="Рифма"></catref>
<catref target="Series([], Name: Схема рифмовки, dtype: object)" type="Схема рифмовки"></catref>
<catref target="Series([], Name: Метрическая формула, dtype: object)" type="Метрическая формула"></catref>
<catref target="Series([], Name: Дополнительные параметры, dtype: object)" type="Дополнительные параметры"></catref>
<catref target="Series([], Name: Число строк, dtype: int64)" type="Число строк"></catref>
<catref target="Series([], Name: Автор оригинала, dtype: object)" type="Автор оригинала"></catref>
<catref target="Series([], Name: Язык оригинала, dtype: object)" type="Язык оригинала"></catref>
</textclass></profiledesc>
</teiheader>
<text>
<body>
<div1 n="4" type="volume">
<div2 n="41" type="part">
<head>41.
Е. Э. МАНДЕЛЬШТАМУ, </head>
<p>Шура до сих пор носит письмо к тебе, потому что он не знает, где купить марки. Могу подвести итоги этому месяцу. Шура живет у нас в доме в комнатке неопределенного назначения, не то «комендантской», не то «для приезжающих».</p>
<p>Комнаты никакой, разумеется, он получить не может, да ему и нельзя жить отдельно: он растеряется, а кроме того, он же у меня, т‹ак) ск‹азать), «на полном пансионе». Он живет здесь «явочным порядком». Думаю, что это можно длить, сколько нам понадобится, т. к. у самого «коменданта», населившего дом свояками и родичами, совесть не чиста. Собираюсь его прописать: как член семьи он вправе жить со мной, не занимая лишнего места, а спит он ведь на столе или ящике, куда кладут тюфячок. Вялость его и пришибленность — понемногу проходят. Я устроил его на службу в Госиздат. Сейчас его нет дома уже несколько дней, ходит на работу и очень этим доволен. В нем проснулась добросовестность прежних времен. В Госиздате организовали отдел рекламы, т. е. оповещения мира о книжных новинках Г‹ос.› Изд‹ата›. Пригласили работать трех человек. Один из них Шура, он даже проявляет инициативу. До сих пор, конечно, он не заработал ни копейки, а получать будет мил‹лионов› 400. Но все его жалование будет уходить на одежду: совершенно разваливается, нет буквально ничего, кроме тряпок, и мне еще придется ему прибавить.</p>
<p>Живем мы дружно, по-семейному. Я к нему привык, содержать его мне почти незаметно, и ни за что его от себя не отпущу. Авось, выровняется. Перестанет говорить извиняющимся голосом и научится твердо входить в комнату, в чем он делает уже успехи.</p>
<p>Мои дела не плохи. Ни одной крупной получки до сих пор у меня не было, но по мелочам набежало довольно. До сих пор спали на ужасном узком кухонном столе. По приезде купили хороший пружинный матрац, поставленный на р��му, наподобие турецкого дивана. Зимняя шапка, ботики, перчатки, обувь съели массу денег. В комнате тепло и уютно, но ведется вечная борьба с шумом (соседство кухни). Я почти никого к себе не пускаю, и прежде чем ко мне притти, всякий думает, не помешает ли мне. Это</p>
<p>удивляет Шуру и не нравится ему. Он предпочел бы веселую богемную жизнь, чтобы в комнате постоянно болтались 5 человек и чтоб его самого не изгоняли. Теперь я хочу приспособить Шуру для переписки «Антологии», вместе с Над. Яковлевной. Эта работа поздно, но все-таки вышла. 20-го расчет: дополучу 1½ миллиарда (500 получено). Потом я взял во «Всемирной» перевести драму за 3 миллиарда (работы на месяц) и еще заключу договор с Госиздатом. В двух последних местах четверть суммы получу авансом.</p>
<p>Немедленно сообщи мне, как твои дела: как видишь, на днях (все очень долго подготовлялось) я буду действительно в состоянии тебе ссудить. Ох, боюсь, как бы мне когда-нибудь не пришлось у тебя брать!!!</p>
<p>Пришли Татичкину карточку. Скажи ей, что дядя ее крепко любит и помнит, и тебя тоже.</p>
<p>Марии Николаевне сердечный привет и Анне Дм‹итриевне›.</p>
<p>Теперь. Папе напишу отдельно. Но ты тоже напиши мне о нем. От самого ведь не добьешься толку. Что сказать о себе? Мне хочется жить настоящим домом. Я уже не молод. Меня утомляет комнатная жизнь. Мне и работать для себя трудно: мало времени остается от хлопот и заработной беготни.</p>
<p>Целую тебя, милый.</p>
</div2>
</div1>
</body>
</text>
</tei>
