<?xml version='1.0' encoding='UTF8'?>
<tei xmlns="http://www.tei-c.org/ns/1.0">
<teiheader>
<filedesc>
<titlestmt>
<title>Письма. 44. Э. В. Мандельштаму, ‹ранняя весна 1923 г.›</title>
<author>О.Э. Мандельштам</author>
</titlestmt>
<publicationstmt>
<p>АРТ-БИЗНЕС-ЦЕНТР МОСКВА 1993</p>
<biblstruct>
<biblscope n="" type="volume"></biblscope>
<biblscope n="" type="part"></biblscope>
</biblstruct></publicationstmt>
<sourcedesc>
<p>Издание подготовлено Мандельштамовским обществом</p>
</sourcedesc>
<respstmt>
<resp>Подготовка и разметка файлов - Алексей Литвинцев, Вероника Файнберг. Создание
          электронного ресурса - Тимофей Молчанов. Руководители проекта - Центр Digital Humanities,
          Мандельштамовское общество (НИУ ВШЭ).</resp>
</respstmt></filedesc>
<profiledesc>
<textdesc n="letter"></textdesc>
<textclass>
<catref target="Series([], Name: ID, dtype: object)" type="ID"></catref>
<catref target="Series([], Name: Источник, dtype: object)" type="Источник"></catref>
<catref target="Series([], Name: Жанр художественной литературы, dtype: object)" type="Жанр художественной литературы"></catref>
<catref target="Series([], Name: Уточнение жанра 1, dtype: object)" type="Уточнение жанра"></catref>
<catref target="Series([], Name: Метр, dtype: object)" type="Метр"></catref>
<catref target="Series([], Name: Длина строки, dtype: object)" type="Длина строки"></catref>
<catref target="Series([], Name: Клаузула, dtype: object)" type="Клаузула"></catref>
<catref target="Series([], Name: Уточнение клаузулы 1, dtype: object)" type="Уточнение клаузулы"></catref>
<catref target="Series([], Name: Классическая строфа, dtype: object)" type="Классическая строфа"></catref>
<catref target="Series([], Name: Рифма, dtype: object)" type="Рифма"></catref>
<catref target="Series([], Name: Схема рифмовки, dtype: object)" type="Схема рифмовки"></catref>
<catref target="Series([], Name: Метрическая формула, dtype: object)" type="Метрическая формула"></catref>
<catref target="Series([], Name: Дополнительные параметры, dtype: object)" type="Дополнительные параметры"></catref>
<catref target="Series([], Name: Число строк, dtype: int64)" type="Число строк"></catref>
<catref target="Series([], Name: Автор оригинала, dtype: object)" type="Автор оригинала"></catref>
<catref target="Series([], Name: Язык оригинала, dtype: object)" type="Язык оригинала"></catref>
</textclass></profiledesc>
</teiheader>
<text>
<body>
<div1 n="4" type="volume">
<div2 n="44" type="part">
<head>44.
Э. В. МАНДЕЛЬШТАМУ, </head>
<p>Сегодня к вам едет на 2 — 3 дня Шура. Мне ехать сейчас бессмысленно, потому что я должен ждать ответа Бухарина. Я у него был вчера. Он был очень внимателен и сегодня говорит по телефону с Зиновьевым о Жене. Обещал сделать все возможное и предложил мне систематически поддерживать с ним связь.<rs ref="Бухарин, Николай Иванович" type="person"></rs><rs ref="Зиновьев (Радомысльский), Григорий Евсеевич" type="person"></rs></p>
<p>Он сказал, между прочим: «Я не могу дать поручительства. На днях Ц.К. запретил это делать своим членам. Остается только окольный путь».</p>
<p>Потом он сказал: «Возьмите его на поруки вы (т. е. я?), вы человек известный(?)». Завтра я узнаю от Бухарина, как отнесся Зиновьев к его просьбе и какие «auspicii»: виды на будущее (выражение Бухарина). Еще он спрашивал, <rs ref="Бухарин, Николай Иванович" type="person"></rs><rs ref="Зиновьев (Радомысльский), Григорий Евсеевич" type="person"></rs><rs ref="Зиновьев (Радомысльский), Григорий Евсеевич" type="person"></rs></p>
<p> очевидно рассчитывая </p>
<p>. </p>
<p>.</p>
<p> Я передам его Бухарину, и это облегчит его действия. Повторяю: прием был исключительно хороший. Беседа продолжительная: минут 20. Он сказал, что Зиновьев <rs ref="Бухарин, Николай Иванович" type="person"></rs><rs ref="Зиновьев (Радомысльский), Григорий Евсеевич" type="person"></rs><rs ref="Зиновьев (Радомысльский), Григорий Евсеевич" type="person"></rs></p>
<p>. Жалел, что не узнал вчера утром, когда Зиновьев был здесь. <rs ref="Зиновьев (Радомысльский), Григорий Евсеевич" type="person"></rs><rs ref="Зиновьев (Радомысльский), Григорий Евсеевич" type="person"></rs></p>
<p>.</p>
<p>У нас все благополучно. Одно плохо. </p>
<p>. Не могу послать сейчас ни гроша. Не задерживайте Шуру, он должен вернуться к сроку, иначе потеряет службу, которая для него все.</p>
<p>Папин приезд дня на три (чтобы не оставлять Марию Ник‹олаевну› одну) очень желателен.</p>
<p>Сам я могу выехать, как только будет смысл. Меня ничто не задержит.</p>
<p> </p>
<p> очень важно!</p>
<note>2 Против этой и предыдущей фраз на полях сверху вниз приписано: очень важно!
</note>
</div2>
</div1>
</body>
</text>
</tei>
