<?xml version='1.0' encoding='UTF8'?>
<tei xmlns="http://www.tei-c.org/ns/1.0">
<teiheader>
<filedesc>
<titlestmt>
<title>Письма. 56. С. З. Федорченко, 9 июля 1924 г. </title>
<author>О.Э. Мандельштам</author>
</titlestmt>
<publicationstmt>
<p>АРТ-БИЗНЕС-ЦЕНТР МОСКВА 1993</p>
<biblstruct>
<biblscope n="" type="volume"></biblscope>
<biblscope n="" type="part"></biblscope>
</biblstruct></publicationstmt>
<sourcedesc>
<p>Издание подготовлено Мандельштамовским обществом</p>
</sourcedesc>
<respstmt>
<resp>Подготовка и разметка файлов - Алексей Литвинцев, Вероника Файнберг. Создание
          электронного ресурса - Тимофей Молчанов. Руководители проекта - Центр Digital Humanities,
          Мандельштамовское общество (НИУ ВШЭ).</resp>
</respstmt></filedesc>
<profiledesc>
<textdesc n="letter"></textdesc>
<textclass>
<catref target="Series([], Name: ID, dtype: object)" type="ID"></catref>
<catref target="Series([], Name: Источник, dtype: object)" type="Источник"></catref>
<catref target="Series([], Name: Жанр художественной литературы, dtype: object)" type="Жанр художественной литературы"></catref>
<catref target="Series([], Name: Уточнение жанра 1, dtype: object)" type="Уточнение жанра"></catref>
<catref target="Series([], Name: Метр, dtype: object)" type="Метр"></catref>
<catref target="Series([], Name: Длина строки, dtype: object)" type="Длина строки"></catref>
<catref target="Series([], Name: Клаузула, dtype: object)" type="Клаузула"></catref>
<catref target="Series([], Name: Уточнение клаузулы 1, dtype: object)" type="Уточнение клаузулы"></catref>
<catref target="Series([], Name: Классическая строфа, dtype: object)" type="Классическая строфа"></catref>
<catref target="Series([], Name: Рифма, dtype: object)" type="Рифма"></catref>
<catref target="Series([], Name: Схема рифмовки, dtype: object)" type="Схема рифмовки"></catref>
<catref target="Series([], Name: Метрическая формула, dtype: object)" type="Метрическая формула"></catref>
<catref target="Series([], Name: Дополнительные параметры, dtype: object)" type="Дополнительные параметры"></catref>
<catref target="Series([], Name: Число строк, dtype: int64)" type="Число строк"></catref>
<catref target="Series([], Name: Автор оригинала, dtype: object)" type="Автор оригинала"></catref>
<catref target="Series([], Name: Язык оригинала, dtype: object)" type="Язык оригинала"></catref>
</textclass></profiledesc>
</teiheader>
<text>
<body>
<div1 n="4" type="volume">
<div2 n="56" type="part">
<head>56.
С. З. ФЕДОРЧЕНКО, </head>
<p>Вчера Вы были так добры, что в первое же мое посещение занялись моей характеристикой и в кратком очерке прибегли к выраженью «ничего, что он, т. е. я, — немного жулик...»</p>
<p>Очевидно, говоря это, Вы полагали, что сообщаете мне нечто естественное, к чему я привык, как к общественному положению и своего рода «званию». Иначе я не могу объяснить той легкости, с которой чудовищный эпитет сорвался у Вас с языка.</p>
<p>Вы очень ошибались: я </p>
<p> к подобным характеристикам, даже шутливым и дружелюбным. Вчера я не хотел углублять этой «темы» ради моей жены, — теперь же настойчиво прошу Вас указать мне </p>
<p> которым Вы, очевидно, поверили и чего не скрыли и от меня (считая, что это не повредит нашей приязни).</p>
<p>Жена моя и я просим Вас, если Вы дорожите нашим уважением — </p>
<p> сообщить, </p>
<p> и </p>
<p> говорил </p>
<p> обо мне </p>
<p>. В случае же, если Ваши слова имеют своим источником </p>
<p> — положение </p>
<p>.</p>
<p>Адр‹ес›: Б. Якиманка, 45, кв.8;<rs ref="Москва" type="geo_index"></rs></p>
</div2>
</div1>
</body>
</text>
</tei>
