<?xml version='1.0' encoding='UTF8'?>
<tei xmlns="http://www.tei-c.org/ns/1.0">
<teiheader>
<filedesc>
<titlestmt>
<title>Письма. 59. Н. Я. Мандельштам, ‹14 октября 1925 г.›</title>
<author>О.Э. Мандельштам</author>
</titlestmt>
<publicationstmt>
<p>АРТ-БИЗНЕС-ЦЕНТР МОСКВА 1993</p>
<biblstruct>
<biblscope n="" type="volume"></biblscope>
<biblscope n="" type="part"></biblscope>
</biblstruct></publicationstmt>
<sourcedesc>
<p>Издание подготовлено Мандельштамовским обществом</p>
</sourcedesc>
<respstmt>
<resp>Подготовка и разметка файлов - Алексей Литвинцев, Вероника Файнберг. Создание
          электронного ресурса - Тимофей Молчанов. Руководители проекта - Центр Digital Humanities,
          Мандельштамовское общество (НИУ ВШЭ).</resp>
</respstmt></filedesc>
<profiledesc>
<textdesc n="letter"></textdesc>
<textclass>
<catref target="Series([], Name: ID, dtype: object)" type="ID"></catref>
<catref target="Series([], Name: Источник, dtype: object)" type="Источник"></catref>
<catref target="Series([], Name: Жанр художественной литературы, dtype: object)" type="Жанр художественной литературы"></catref>
<catref target="Series([], Name: Уточнение жанра 1, dtype: object)" type="Уточнение жанра"></catref>
<catref target="Series([], Name: Метр, dtype: object)" type="Метр"></catref>
<catref target="Series([], Name: Длина строки, dtype: object)" type="Длина строки"></catref>
<catref target="Series([], Name: Клаузула, dtype: object)" type="Клаузула"></catref>
<catref target="Series([], Name: Уточнение клаузулы 1, dtype: object)" type="Уточнение клаузулы"></catref>
<catref target="Series([], Name: Классическая строфа, dtype: object)" type="Классическая строфа"></catref>
<catref target="Series([], Name: Рифма, dtype: object)" type="Рифма"></catref>
<catref target="Series([], Name: Схема рифмовки, dtype: object)" type="Схема рифмовки"></catref>
<catref target="Series([], Name: Метрическая формула, dtype: object)" type="Метрическая формула"></catref>
<catref target="Series([], Name: Дополнительные параметры, dtype: object)" type="Дополнительные параметры"></catref>
<catref target="Series([], Name: Число строк, dtype: int64)" type="Число строк"></catref>
<catref target="Series([], Name: Автор оригинала, dtype: object)" type="Автор оригинала"></catref>
<catref target="Series([], Name: Язык оригинала, dtype: object)" type="Язык оригинала"></catref>
</textclass></profiledesc>
</teiheader>
<text>
<body>
<div1 n="4" type="volume">
<div2 n="59" type="part">
<head>59.
Н. Я. МАНДЕЛЬШТАМ, </head>
<p>Ты сейчас из Москвы уедешь, а я на почтамте тебе пишу в 6 ч. в‹ечера›. Вчера на обратном пути я заехал к<rs ref="Москва" type="geo_index"></rs><rs ref="Москва" type="geo_index"></rs></p>
<p>Выгодскому. У него было заседанье домкома, и потом мы говорили о Прибое и я предложил Эдгара По(?) А у Лившица мне открыл рыжий мужчина, похожий на повара, и сказал: «Никого нет». Вечером я даже перевел 3 стр‹аницы›. Аня была кроткая. А сегодня мы в 8 встали, до 12 работали, и я пошел всюду: в газету, в Прибой, в Гиз. В газете мне обещали завтра выписать 60 р. Горлин дал какого-то «Билли»: 100 строк — 50 р., а Прибой захотел Эдгара По(?)<rs ref="Выгодский, Давид Исаакович" type="person"></rs><rs ref="Горлин, Александр Николаевич" type="person"></rs><rs ref="Лившиц, Бенедикт Константинович" type="person"></rs></p>
<p>Родненькая моя, я тебе пишу все это потому, что я этим уезжаю, еду к тебе и уже вот близко — птица моя родная, воробушек с перчаточками. Я целую твои перчаточки, ниточки и шапчонку.</p>
<p>Теперь ты послушай: я в самом деле могу выехать во вторник и завтра это </p>
<p>. Завтра я подам заявленье Фину и пошлю в Лугу.<rs ref="Луга" type="geo_index"></rs></p>
<p>А Саша все плачет.<rs ref="Саша," type="person"></rs></p>
<p>На́дюшка! </p>
<p> и совсем здоров. Не мечусь, а спокойно все делаю — и все все все время думаю о тебе, о Наде о родной моей —</p>
<p>Надичка! Ау? Дитинька, береги себя. Жди меня. Я тебе телеграфирую день отъезда. Господь с тобой, Надинька. И колечки привезу.</p>
<p>Целую тебя, Доня, пиши каждый день хоть по открытке. О. Е. в хорошем настроении. Я нервничаю без тебя. Писем не получила, ничего не помогает. Как здоровье?</p>
<p>Надька моя! Надюшок! Нануша! Я буду писать завтра 2 раза.</p>
<p>Дитя мое, мы вернулись домой — не хватило 20 к. Я глупо написал про Горлина: договор подписан сегодня, а <rs ref="Горлин, Александр Николаевич" type="person"></rs></p>
<p> него еще 100 стр‹ок› «Билли».</p>
<p>Детка, будь спокойна. У нас тепло и солнце сегодня было. Я хочу к тебе, я буду у тебя.</p>
<p>Так может быть только несколько дней. Люблю тебя, Надичка, целую лобиньку и губы.</p>
</div2>
</div1>
</body>
</text>
</tei>
