<?xml version='1.0' encoding='UTF8'?>
<tei xmlns="http://www.tei-c.org/ns/1.0">
<teiheader>
<filedesc>
<titlestmt>
<title>Письма. 52. Э. В. Мандельштаму, ‹конец ноября 192.1 г.›</title>
<author>О.Э. Мандельштам</author>
</titlestmt>
<publicationstmt>
<p>АРТ-БИЗНЕС-ЦЕНТР МОСКВА 1993</p>
<biblstruct>
<biblscope n="" type="volume"></biblscope>
<biblscope n="" type="part"></biblscope>
</biblstruct></publicationstmt>
<sourcedesc>
<p>Издание подготовлено Мандельштамовским обществом</p>
</sourcedesc>
<respstmt>
<resp>Подготовка и разметка файлов - Алексей Литвинцев, Вероника Файнберг. Создание
          электронного ресурса - Тимофей Молчанов. Руководители проекта - Центр Digital Humanities,
          Мандельштамовское общество (НИУ ВШЭ).</resp>
</respstmt></filedesc>
<profiledesc>
<textdesc n="letter"></textdesc>
<textclass>
<catref target="Series([], Name: ID, dtype: object)" type="ID"></catref>
<catref target="Series([], Name: Источник, dtype: object)" type="Источник"></catref>
<catref target="Series([], Name: Жанр художественной литературы, dtype: object)" type="Жанр художественной литературы"></catref>
<catref target="Series([], Name: Уточнение жанра 1, dtype: object)" type="Уточнение жанра"></catref>
<catref target="Series([], Name: Метр, dtype: object)" type="Метр"></catref>
<catref target="Series([], Name: Длина строки, dtype: object)" type="Длина строки"></catref>
<catref target="Series([], Name: Клаузула, dtype: object)" type="Клаузула"></catref>
<catref target="Series([], Name: Уточнение клаузулы 1, dtype: object)" type="Уточнение клаузулы"></catref>
<catref target="Series([], Name: Классическая строфа, dtype: object)" type="Классическая строфа"></catref>
<catref target="Series([], Name: Рифма, dtype: object)" type="Рифма"></catref>
<catref target="Series([], Name: Схема рифмовки, dtype: object)" type="Схема рифмовки"></catref>
<catref target="Series([], Name: Метрическая формула, dtype: object)" type="Метрическая формула"></catref>
<catref target="Series([], Name: Дополнительные параметры, dtype: object)" type="Дополнительные параметры"></catref>
<catref target="Series([], Name: Число строк, dtype: int64)" type="Число строк"></catref>
<catref target="Series([], Name: Автор оригинала, dtype: object)" type="Автор оригинала"></catref>
<catref target="Series([], Name: Язык оригинала, dtype: object)" type="Язык оригинала"></catref>
</textclass></profiledesc>
</teiheader>
<text>
<body>
<div1 n="4" type="volume">
<div2 n="52" type="part">
<head>52.
Э. В. МАНДЕЛЬШТАМУ, </head>
<p>Получили мы твое последнее письмо-фельетон. И оно доставило нам большую радость. Ты смотришь в корень и проявляешь большую проницательность. Мы тебе немедленно ответили телеграммой. А сейчас, в ожидании приезда твоего, хочу тебе подробно на все ответить.</p>
<p>Приехав в Москву, мы три недели жили у Евгения Яковлевича на Остоженке. Это было довольно уютно и весело, благодаря его милому характеру и тому, что он как раз перед этим развелся с женой, — но не очень удобно.<rs ref="Москва" type="geo_index"></rs><rs ref="Москва" type="geo_index"></rs><rs ref="Москва" type="geo_index"></rs></p>
<p>Я несколько растерялся. Выпустил вожжи. Ни работы, ни денег, ни квартиры. Надюша ездила четыре раза за город (о городе мы и не думали). Все напрасно. Там лачуги, чепуха, дорого, слякоть. В городе комната стоит червонцев 40. Мы хоть уезжать — но куда? — были готовы! Хотели снять с учета </p>
<p>, чтобы жить.</p>
<p>И вдруг приходит человек и говорит: немедленно поезжайте на Б. Якиманку. Через 20 минут мы за Москвой-рекой. Тихая улица. Доми‹к —› «особняк с колонками». Квартира профессора, который живет круглый год на даче. Комната огромная: 8x8 аршин, 2 окна, светлая... Тихо... Рядом живет какой-то чудак, что-то вроде музыкального критика или стихотворного эстета... Бедность в доме, как в 20 году.<rs ref="Москва" type="geo_index"></rs><rs ref="Москва" type="geo_index"></rs><rs ref="Москва" type="geo_index"></rs></p>
<p>Просят за комнату 15 червонцев и сдают ее до осени. Разумеется, мы взяли. Там видно будет. Очевидно, мы купим ее совсем. Сейчас мы уже месяц как переехали, прописались, перевезли мебель. У нас тепло, невероятно тихо. До центра 20 м. трамвая. Ни одна душа к нам не заходит. Своя кухня... дрова... тишина... Одним словом, рай... Акушером переезда был Евг‹ений› Як‹овлевич›. Он занял у кого-то для нас 5 червонцев в нужную минуту. На %?! Остальное я наскреб. Все вещи целы.</p>
<p>Что я делаю? Работаю для денег. Кризис тяжелый. Гораздо хуже, чем в прошлом году. Но я уже выровнялся. Опять пошли переводы, статьи и пр. «Литература» мне омерзительна. Мечтаю бросить эту гадость. Последнюю работу для себя я сделал летом. В прошлом году работал для себя еще много. В этом — ни-ни...</p>
<p>У нас, папочка, есть все необходимое для зимы: обувь, калоши, пальто, шапки, перчатки. Надюшу я одел заново,</p>
<p>вообще (два платья). Я хожу в стареньком костюме, но он еще держится. К нам ходят только братья: Шура и Евг‹ений› Як‹овлевич›.</p>
<p>Шура живет у моего приятеля Парнока. Трое в одной комнате. Беспорядок. Грязь. Холод. Комната эта около «Союза» на Тверском б‹ульваре›. Он очень устает. Почти каждый день у нас обедает (второй раз, после госиздатного обеда). Сегодня он был чистенький, в новом черном костюме. Я в счет долга купил ему ботинки-скороход. Он бритый. Новый галстук. Ему нужна кровать. Мечтаем устроить его хоть на ночлег, по соседству. Но ему будет на службу далеко. Он много работает, и хотя он всегда ноет и бредит «сокращеньем» — он прошел благополучно через сокращенье и его, конечно, ценят как очень добросовестного работника.<rs ref="Москва" type="geo_index"></rs><rs ref="Москва" type="geo_index"></rs><rs ref="Парнах (Парнок), Валентин Яковлевич" type="person"></rs></p>
<p>Наде Крым очень помог. Температура иногда еще скачет — но она живой человек, хозяйничает, не валяется весь день, ходит по городу — чудеса!<rs ref="Крым" type="geo_index"></rs><rs ref="Москва" type="geo_index"></rs></p>
<p>Милый папочка! Скажи правду — ты приедешь к нам и когда? Мы тебя так примем, что лучше нельзя. Тебе должно понравиться. Что у тебя с раной? Не нужна ли тебе клиника в Москве? Я могу устроить.<rs ref="Москва" type="geo_index"></rs><rs ref="Москва" type="geo_index"></rs></p>
<p>Береги себя. Берегись работы. Что такое ты затеял с трестом?</p>
<p> Если Женя хочет приехать, помоги ему только доехать ко мне. </p>
<p> пошлю М‹арии› Н‹иколаевне›. Пусть он отдохнет, поищет работы в Москве или через Москву...<rs ref="Москва" type="geo_index"></rs><rs ref="Москва" type="geo_index"></rs></p>
<p>Милый Эмиль Веньяминыч! Получили ваше чудесное, остроумное письмо и страшно обрадовались — давно уж ничего не получали. Мы очень хотим, чтобы вы приехали. У нас в комнате вам будет гораздо удобнее, чем в прошлом году, и, наконец-то, мы сможем вас принять по-домашнему и хорошо. Очень очень прошу вас приехать. Ося сейчас меньше бегает, и вы не будете целый день со мной, на что вы очень жаловались, хотя, право, мы отлично с вами проводили время. Я и сейчас говорю Осе и Шуре, что если б они были ко мне такими милыми и внимательными, как вы, было бы очень хорошо. Целую вас. Жду. Буду очень рада вас увидеть. Приезжайте.</p>
</div2>
</div1>
</body>
</text>
</tei>
