<?xml version='1.0' encoding='UTF8'?>
<tei xmlns="http://www.tei-c.org/ns/1.0">
<teiheader>
<filedesc>
<titlestmt>
<title>Письма. 50. Э. В. Мандельштаму, ‹около (не позднее) 21 сентября 1923 г.›</title>
<author>О.Э. Мандельштам</author>
</titlestmt>
<publicationstmt>
<p>АРТ-БИЗНЕС-ЦЕНТР МОСКВА 1993</p>
<biblstruct>
<biblscope n="" type="volume"></biblscope>
<biblscope n="" type="part"></biblscope>
</biblstruct></publicationstmt>
<sourcedesc>
<p>Издание подготовлено Мандельштамовским обществом</p>
</sourcedesc>
<respstmt>
<resp>Подготовка и разметка файлов - Алексей Литвинцев, Вероника Файнберг. Создание
          электронного ресурса - Тимофей Молчанов. Руководители проекта - Центр Digital Humanities,
          Мандельштамовское общество (НИУ ВШЭ).</resp>
</respstmt></filedesc>
<profiledesc>
<textdesc n="letter"></textdesc>
<textclass>
<catref target="Series([], Name: ID, dtype: object)" type="ID"></catref>
<catref target="Series([], Name: Источник, dtype: object)" type="Источник"></catref>
<catref target="Series([], Name: Жанр художественной литературы, dtype: object)" type="Жанр художественной литературы"></catref>
<catref target="Series([], Name: Уточнение жанра 1, dtype: object)" type="Уточнение жанра"></catref>
<catref target="Series([], Name: Метр, dtype: object)" type="Метр"></catref>
<catref target="Series([], Name: Длина строки, dtype: object)" type="Длина строки"></catref>
<catref target="Series([], Name: Клаузула, dtype: object)" type="Клаузула"></catref>
<catref target="Series([], Name: Уточнение клаузулы 1, dtype: object)" type="Уточнение клаузулы"></catref>
<catref target="Series([], Name: Классическая строфа, dtype: object)" type="Классическая строфа"></catref>
<catref target="Series([], Name: Рифма, dtype: object)" type="Рифма"></catref>
<catref target="Series([], Name: Схема рифмовки, dtype: object)" type="Схема рифмовки"></catref>
<catref target="Series([], Name: Метрическая формула, dtype: object)" type="Метрическая формула"></catref>
<catref target="Series([], Name: Дополнительные параметры, dtype: object)" type="Дополнительные параметры"></catref>
<catref target="Series([], Name: Число строк, dtype: int64)" type="Число строк"></catref>
<catref target="Series([], Name: Автор оригинала, dtype: object)" type="Автор оригинала"></catref>
<catref target="Series([], Name: Язык оригинала, dtype: object)" type="Язык оригинала"></catref>
</textclass></profiledesc>
</teiheader>
<text>
<body>
<div1 n="4" type="volume">
<div2 n="50" type="part">
<head>50.
Э. В. МАНДЕЛЬШТАМУ, </head>
<p>Вот уже </p>
<p>, как от Шуры ни слова, не отвечает на письма, телеграммы и т. д. Он был оставлен хранителем всего моего имущества; в наше отсутствие произошли важные перемены: я отказался от комнаты (письмо в Союз). Обо всем он ничего не сообщает. Какой-то ненормальный! Срок нашего пребывания здесь кончается, 6 — 8 октября мы должны выехать, т. е. через 15 — 17 дней. Если бы не дикие тревоги из-за безобразного молчания Шуры (между прочим, у него квитанция ломбарда на наши шубы, срок кончается 22 сентября, я телеграфировал, он не отвечает — просто сошел с ума?!?), — так вот, если б не это, я мог быть очень доволен результатами двухмесячного нашего отдыха, особенно для Нади. Плохо то, что нам нечем ехать. Не хватает 2 червонцев. Занять нельзя. И после 6-го</p>
<p>жить здесь тоже нельзя, перестанут кормить. Я писал тебе спешную почту и телеграфировал. Если не получим к сроку от тебя этих денег, а это возможно лишь телеграфом на Ялту или проще на «Крым, Кореиз-Гаспра», — то мы очутимся в безвыходном положении. Это письмо тебе пересылает д-р Белоконский, который едет сегодня утром в Петербург. Еще просьба: если знаешь, что с Шурой и где он, телеграфируй ему насчет наших шуб, пока есть 2 льготных недели срока от 22 сентября. Он обещал все это сделать, но уже месяц от него ни звука! Непостижимо!!!<rs ref="Гаспра" type="geo_index"></rs><rs ref="Кореиз" type="geo_index"></rs><rs ref="Крым" type="geo_index"></rs><rs ref="Петербург (Ленинград, Петрополь)" type="geo_index"></rs><rs ref="Ялта" type="geo_index"></rs><rs ref="Москва" type="geo_index"></rs><rs ref="Белоконский" type="person"></rs></p>
<p>Беспокоюсь за мебель, которую ему доверил перевезти в другое место.</p>
<p>Что с Шурой?</p>
<p>Целую тебя, Женичку и Татю.</p>
<p>я пополнела, поправилась — вы были бы довольны, не то что в Москве. Целый день играю в шахматы. Осе отдых не в отдых из-за Шуры — не понимаю, что с ним случилось. ��аньше он поправился, повеселел (ведь первый отдых за 5 лет), а теперь все идет насмарку из-за волнения. <rs ref="Москва" type="geo_index"></rs><rs ref="Москва" type="geo_index"></rs></p>
<p>Привет Е‹вгению› Э‹мильевичу› и М‹арии› Н‹иколаевне› Выросла Татечка? Помнит ли Осю и меня?</p>
</div2>
</div1>
</body>
</text>
</tei>
