<?xml version='1.0' encoding='UTF8'?>
<tei xmlns="http://www.tei-c.org/ns/1.0">
<teiheader>
<filedesc>
<titlestmt>
<title>Письма. 64. Н. Я. Мандельштам, ‹11 ноября 1925 г.›</title>
<author>О.Э. Мандельштам</author>
</titlestmt>
<publicationstmt>
<p>АРТ-БИЗНЕС-ЦЕНТР МОСКВА 1993</p>
<biblstruct>
<biblscope n="" type="volume"></biblscope>
<biblscope n="" type="part"></biblscope>
</biblstruct></publicationstmt>
<sourcedesc>
<p>Издание подготовлено Мандельштамовским обществом</p>
</sourcedesc>
<respstmt>
<resp>Подготовка и разметка файлов - Алексей Литвинцев, Вероника Файнберг. Создание
          электронного ресурса - Тимофей Молчанов. Руководители проекта - Центр Digital Humanities,
          Мандельштамовское общество (НИУ ВШЭ).</resp>
</respstmt></filedesc>
<profiledesc>
<textdesc n="letter"></textdesc>
<textclass>
<catref target="Series([], Name: ID, dtype: object)" type="ID"></catref>
<catref target="Series([], Name: Источник, dtype: object)" type="Источник"></catref>
<catref target="Series([], Name: Жанр художественной литературы, dtype: object)" type="Жанр художественной литературы"></catref>
<catref target="Series([], Name: Уточнение жанра 1, dtype: object)" type="Уточнение жанра"></catref>
<catref target="Series([], Name: Метр, dtype: object)" type="Метр"></catref>
<catref target="Series([], Name: Длина строки, dtype: object)" type="Длина строки"></catref>
<catref target="Series([], Name: Клаузула, dtype: object)" type="Клаузула"></catref>
<catref target="Series([], Name: Уточнение клаузулы 1, dtype: object)" type="Уточнение клаузулы"></catref>
<catref target="Series([], Name: Классическая строфа, dtype: object)" type="Классическая строфа"></catref>
<catref target="Series([], Name: Рифма, dtype: object)" type="Рифма"></catref>
<catref target="Series([], Name: Схема рифмовки, dtype: object)" type="Схема рифмовки"></catref>
<catref target="Series([], Name: Метрическая формула, dtype: object)" type="Метрическая формула"></catref>
<catref target="Series([], Name: Дополнительные параметры, dtype: object)" type="Дополнительные параметры"></catref>
<catref target="Series([], Name: Число строк, dtype: int64)" type="Число строк"></catref>
<catref target="Series([], Name: Автор оригинала, dtype: object)" type="Автор оригинала"></catref>
<catref target="Series([], Name: Язык оригинала, dtype: object)" type="Язык оригинала"></catref>
</textclass></profiledesc>
</teiheader>
<text>
<body>
<div1 n="4" type="volume">
<div2 n="64" type="part">
<head>64.
Н. Я. МАНДЕЛЬШТАМ, </head>
<p>Вот мой сегодняшний день: с утра 3 часа гулял в Гизе. Касса была закрыта. Ждали артельщика из банка. Потом в 2 часа на телеграф. Потом обратно в Гиз. Завтрак у Гурме. Сегодня Горлин сказал, что как только Ангерт привезет из Москвы утвержденный план, мы заключим договор. Потом поехал в Сеятель, показал им горлинские новые книжки: берут. Если попрошу — Горлин их отдаст.<rs ref="Москва" type="geo_index"></rs><rs ref="Москва" type="geo_index"></rs><rs ref="Ангерт, Давид Николаевич" type="person"></rs><rs ref="Горлин, Александр Николаевич" type="person"></rs></p>
<p>Ну, деточка — довольно о делах. Я знаю, как это тебя волнует — потому пишу наперед. Не об этом, ласточка, с тобой говорить! Я тебя люблю, зверенок мой — так, как никогда — не могу без тебя — хочу к тебе... и буду у тебя...</p>
<p>Ненаглядная моя, ты за тысячи верст в большой пустой комнате с градусничком своим! Жизнь моя: пойми меня, что ты моя жизнь! Как турушка твоя? Весела ли ты? Смеешься ли? Да понимаешь ты или нет, что я </p>
<p> февраль согласен быть без тебя и больше </p>
<p>Аню, детка, я, свинья, еще не видел. Занят. И она </p>
<p>. Только перезваниваемся. У Выгодских и Бенов был. Давид с Эммой невозмутимые испанцы. Бены жалуются на дитиньку: его зовут Кирилл(?). У него злые профессорские желтые глазки. Он не улыбается и сердится очень. Им теперь <rs ref="Выгодская, Эмма Иосифовна" type="person"></rs><rs ref="Выгодский, Давид Исаакович" type="person"></rs></p>
<p>. А в доме Выг‹одских› может освободиться для нас квартирка.</p>
<p>Пока что, деточка, я сплю в столовой. На диван кладут мне волосяной </p>
<p> тюфяк. Засыпаю в 1 ч. и до 10-ти глубокая тишина. Тепло и хорошо.</p>
<p>Сейчас был у Пуниных. <rs ref="Пунин, Николай Николаевич" type="person"></rs></p>
<p> лежала она на диване веселая, но простуженная. Встретила меня «сплетнями»: 1) Г. Иванов пишет в парижских газетах «страшные пашквили» про нее и про меня; во-2), «Шум времени» — вызвал <rs ref="Москва" type="geo_index"></rs><rs ref="Иванов, Георгий Владимирович" type="person"></rs></p>
<p> восторгов и энтузиазмов в зарубежной печати, с чем можно нас поздравить. Еще курьез:</p>
<p>сегодня в Вечерней я прочел, что «вчера я ходил в Финотдел жаловаться на налоги». И не думал я ходить! Врет газетка — но это хорошо: я эту вырезку посылаю тебе и сохраню газетку для фининспектора!</p>
<p>Нежняночка! Я еще не имел от тебя писем. Знаешь, где я пишу? На Николаевском вокзале в десятом часу вечера, после Пуниных...<rs ref="Пунин, Николай Николаевич" type="person"></rs></p>
<p>До завтра, детуся! Господь с тобой, родная! Целую нежно, долго, много... лапушки твои и волоски и глазы...</p>
<p>Становясь в очередь с письмом. Пиши ежедневно, родная.</p>
<p>Надя! Не скрывай от меня </p>
<p> Слышишь, родная!</p>
</div2>
</div1>
</body>
</text>
</tei>
