<?xml version='1.0' encoding='UTF8'?>
<tei xmlns="http://www.tei-c.org/ns/1.0">
<teiheader>
<filedesc>
<titlestmt>
<title>Письма. 66. Е. Э. Мандельштаму, ‹около 17 ноября 1925 г.›</title>
<author>О.Э. Мандельштам</author>
</titlestmt>
<publicationstmt>
<p>АРТ-БИЗНЕС-ЦЕНТР МОСКВА 1993</p>
<biblstruct>
<biblscope n="" type="volume"></biblscope>
<biblscope n="" type="part"></biblscope>
</biblstruct></publicationstmt>
<sourcedesc>
<p>Издание подготовлено Мандельштамовским обществом</p>
</sourcedesc>
<respstmt>
<resp>Подготовка и разметка файлов - Алексей Литвинцев, Вероника Файнберг. Создание
          электронного ресурса - Тимофей Молчанов. Руководители проекта - Центр Digital Humanities,
          Мандельштамовское общество (НИУ ВШЭ).</resp>
</respstmt></filedesc>
<profiledesc>
<textdesc n="letter"></textdesc>
<textclass>
<catref target="Series([], Name: ID, dtype: object)" type="ID"></catref>
<catref target="Series([], Name: Источник, dtype: object)" type="Источник"></catref>
<catref target="Series([], Name: Жанр художественной литературы, dtype: object)" type="Жанр художественной литературы"></catref>
<catref target="Series([], Name: Уточнение жанра 1, dtype: object)" type="Уточнение жанра"></catref>
<catref target="Series([], Name: Метр, dtype: object)" type="Метр"></catref>
<catref target="Series([], Name: Длина строки, dtype: object)" type="Длина строки"></catref>
<catref target="Series([], Name: Клаузула, dtype: object)" type="Клаузула"></catref>
<catref target="Series([], Name: Уточнение клаузулы 1, dtype: object)" type="Уточнение клаузулы"></catref>
<catref target="Series([], Name: Классическая строфа, dtype: object)" type="Классическая строфа"></catref>
<catref target="Series([], Name: Рифма, dtype: object)" type="Рифма"></catref>
<catref target="Series([], Name: Схема рифмовки, dtype: object)" type="Схема рифмовки"></catref>
<catref target="Series([], Name: Метрическая формула, dtype: object)" type="Метрическая формула"></catref>
<catref target="Series([], Name: Дополнительные параметры, dtype: object)" type="Дополнительные параметры"></catref>
<catref target="Series([], Name: Число строк, dtype: int64)" type="Число строк"></catref>
<catref target="Series([], Name: Автор оригинала, dtype: object)" type="Автор оригинала"></catref>
<catref target="Series([], Name: Язык оригинала, dtype: object)" type="Язык оригинала"></catref>
</textclass></profiledesc>
</teiheader>
<text>
<body>
<div1 n="4" type="volume">
<div2 n="66" type="part">
<head>66.
Е. Э. МАНДЕЛЬШТАМУ, </head>
<p>Доехал я до Москвы, вышел на перрон — и опять... Тут и присел на доски. Привели люди к нач‹альнику› станции. Туда уже приехал и забрал меня Шура. Это, я думаю, от духоты и дурного воздуха в вагоне. После Москвы стало уж вовсе нестерпимо и пришлось переходить в мягкий. Теперь мне с каждым днем лучше и осталось одно головокруженье во время ходьбы (легкое). Курить мы бросили <rs ref="Москва" type="geo_index"></rs><rs ref="Москва" type="geo_index"></rs></p>
<p> Я даже подымаюсь по крутым уличкам и лестницам — и ничего. </p>
<p>Надя тебе про себя написала. Трудно с ее питаньем, когда, временами, кишечник </p>
<p> не переваривает.</p>
<p>Спасибо тебе, что повозился со мной. Улучи минуту — сходи к фининспектору. Ты сам знаешь, как это важно.</p>
<p>Работать я уже могу, но очень умеренно, в половинную</p>
<p>нагрузку. Если Ленгиз (Выгодский) вышлет деньги, — то у нас есть декабрь, а не то — <rs ref="Выгодский, Давид Исаакович" type="person"></rs></p>
<p>. (</p>
<p> я не хотел сюда ехать, </p>
<p> ноября!) О прежней сумасшедшей работе не может быть больше и речи. Милый Женя, к сожаленью, мы встречаемся лишь «во дни торжеств и бед народных»! Но видно, так суждено. Я очень думаю о папе. Будь к нему внимателен. Он без калош, без фуфайки. Позаботься о нем, пока я не оправился. Я же устрою ему малость денег через Выгодского. Получил ли в «Звезде»? Пиши, Женя! Не забывай своего старого заслуженного брата. Целую Татиньку! Целую тебя! И особенно папу-деду! </p>
<p>В Москве было очень худо, прямо страшно — а все — <rs ref="Москва" type="geo_index"></rs><rs ref="Москва" type="geo_index"></rs></p>
<p> — так сказал профессор (еще один).</p>
</div2>
</div1>
</body>
</text>
</tei>
