<?xml version='1.0' encoding='UTF8'?>
<tei xmlns="http://www.tei-c.org/ns/1.0">
<teiheader>
<filedesc>
<titlestmt>
<title>Письма. 60. Н. Я. Мандельштам, 15 октября 1925 г. </title>
<author>О.Э. Мандельштам</author>
</titlestmt>
<publicationstmt>
<p>АРТ-БИЗНЕС-ЦЕНТР МОСКВА 1993</p>
<biblstruct>
<biblscope n="" type="volume"></biblscope>
<biblscope n="" type="part"></biblscope>
</biblstruct></publicationstmt>
<sourcedesc>
<p>Издание подготовлено Мандельштамовским обществом</p>
</sourcedesc>
<respstmt>
<resp>Подготовка и разметка файлов - Алексей Литвинцев, Вероника Файнберг. Создание
          электронного ресурса - Тимофей Молчанов. Руководители проекта - Центр Digital Humanities,
          Мандельштамовское общество (НИУ ВШЭ).</resp>
</respstmt></filedesc>
<profiledesc>
<textdesc n="letter"></textdesc>
<textclass>
<catref target="Series([], Name: ID, dtype: object)" type="ID"></catref>
<catref target="Series([], Name: Источник, dtype: object)" type="Источник"></catref>
<catref target="Series([], Name: Жанр художественной литературы, dtype: object)" type="Жанр художественной литературы"></catref>
<catref target="Series([], Name: Уточнение жанра 1, dtype: object)" type="Уточнение жанра"></catref>
<catref target="Series([], Name: Метр, dtype: object)" type="Метр"></catref>
<catref target="Series([], Name: Длина строки, dtype: object)" type="Длина строки"></catref>
<catref target="Series([], Name: Клаузула, dtype: object)" type="Клаузула"></catref>
<catref target="Series([], Name: Уточнение клаузулы 1, dtype: object)" type="Уточнение клаузулы"></catref>
<catref target="Series([], Name: Классическая строфа, dtype: object)" type="Классическая строфа"></catref>
<catref target="Series([], Name: Рифма, dtype: object)" type="Рифма"></catref>
<catref target="Series([], Name: Схема рифмовки, dtype: object)" type="Схема рифмовки"></catref>
<catref target="Series([], Name: Метрическая формула, dtype: object)" type="Метрическая формула"></catref>
<catref target="Series([], Name: Дополнительные параметры, dtype: object)" type="Дополнительные параметры"></catref>
<catref target="Series([], Name: Число строк, dtype: int64)" type="Число строк"></catref>
<catref target="Series([], Name: Автор оригинала, dtype: object)" type="Автор оригинала"></catref>
<catref target="Series([], Name: Язык оригинала, dtype: object)" type="Язык оригинала"></catref>
</textclass></profiledesc>
</teiheader>
<text>
<body>
<div1 n="4" type="volume">
<div2 n="60" type="part">
<head>60.
Н. Я. МАНДЕЛЬШТАМ, </head>
<p>Вот в четыре часа я пришел домой, пообедал традиционные тефтели, и затопили камин и ванну. Аня получила письмо, но от своей Женички. А я, Надичка, завтра плачу страхованье и часть Саше. Я был сегодня на Московской в страхкассе, и мне сказали, что все можно сделать и оформить здесь. Сегодня утром мы <rs ref="Саша," type="person"></rs></p>
<p>. «Красная» дает мне завтра 60 р., а Горлин в среду 21-го — экстренных за стихи <rs ref="Москва" type="geo_index"></rs><rs ref="Горлин, Александр Николаевич" type="person"></rs></p>
<p>. Значит, 110 из 200 уже есть. Вопрос с «Прибоем» почти решен: ищу Эдг‹ара› По в пер‹еводе› Бальмонта, чтоб <rs ref="Бальмонт, Константин Дмитриевич" type="person"></rs></p>
<p>. Таким образом, Надичка, я смогу выехать на той неделе, не дожидая вторника. Ведь из Москвы есть поезда? 1002 ночи осталось 20 страниц. Но завтра Гиз дает всего 100 р., а 20 числа 125 р.<rs ref="Москва" type="geo_index"></rs><rs ref="Москва" type="geo_index"></rs></p>
<p>Вот, родненькая, дела! Книжечку я тебе привезу обязательно: уж что-нибудь выдумаю.</p>
<p>Наночка, почему ты не написала из Москвы? Разве так делают Няки? Надик, завтра будет телеграмма от тебя? А Мариэтта вернулась, и я хочу к ней завтра зайти. Детонька моя, телеграфируй <rs ref="Москва" type="geo_index"></rs><rs ref="Москва" type="geo_index"></rs></p>
<p>!!! И как ты ехала в поезде?</p>
<p>Надичка, у меня кружится голова — так я хочу тебя видеть. А ты купила дыньку в Мелитополе? Дета моя, радуйся жизни, мы счастливы, радуйся, как я, нашей встрече. Господь с тобой, Надичка. Спи спокойно. Помни советы мои, детка: 1) к доктору, 2) <rs ref="Мелитополь" type="geo_index"></rs></p>
<p> пансион, 3) мышьяк и компрессы.</p>
<p>Вчера встретил на улице Фогеля (он искал квартиру в наших краях). Он говорит, что для тебя особенно важна <rs ref="Фогель," type="person"></rs></p>
<p>. Не ходи! Не гуляй! На почту бери извозчика или посылай кого-нибудь.</p>
<p>Дета, целую волосики. До встречи, родная пташечка моя. Целую глазы и губы и митенки.</p>
<p>Дета, целую волосики. До встречи, родная пташечка моя. </p>
<p>Целую глазы и губы и митенки.</p>
<p>Детуся моя дорогая, Надик милый, прошу тебя: </p>
<p>.</p>
</div2>
</div1>
</body>
</text>
</tei>
