<?xml version='1.0' encoding='UTF8'?>
<tei xmlns="http://www.tei-c.org/ns/1.0">
<teiheader>
<filedesc>
<titlestmt>
<title>Письма. 76. Н. Я. Мандельштам, 7, ‹8› февраля ‹1926 г.›</title>
<author>О.Э. Мандельштам</author>
</titlestmt>
<publicationstmt>
<p>АРТ-БИЗНЕС-ЦЕНТР МОСКВА 1993</p>
<biblstruct>
<biblscope n="" type="volume"></biblscope>
<biblscope n="" type="part"></biblscope>
</biblstruct></publicationstmt>
<sourcedesc>
<p>Издание подготовлено Мандельштамовским обществом</p>
</sourcedesc>
<respstmt>
<resp>Подготовка и разметка файлов - Алексей Литвинцев, Вероника Файнберг. Создание
          электронного ресурса - Тимофей Молчанов. Руководители проекта - Центр Digital Humanities,
          Мандельштамовское общество (НИУ ВШЭ).</resp>
</respstmt></filedesc>
<profiledesc>
<textdesc n="letter"></textdesc>
<textclass>
<catref target="Series([], Name: ID, dtype: object)" type="ID"></catref>
<catref target="Series([], Name: Источник, dtype: object)" type="Источник"></catref>
<catref target="Series([], Name: Жанр художественной литературы, dtype: object)" type="Жанр художественной литературы"></catref>
<catref target="Series([], Name: Уточнение жанра 1, dtype: object)" type="Уточнение жанра"></catref>
<catref target="Series([], Name: Метр, dtype: object)" type="Метр"></catref>
<catref target="Series([], Name: Длина строки, dtype: object)" type="Длина строки"></catref>
<catref target="Series([], Name: Клаузула, dtype: object)" type="Клаузула"></catref>
<catref target="Series([], Name: Уточнение клаузулы 1, dtype: object)" type="Уточнение клаузулы"></catref>
<catref target="Series([], Name: Классическая строфа, dtype: object)" type="Классическая строфа"></catref>
<catref target="Series([], Name: Рифма, dtype: object)" type="Рифма"></catref>
<catref target="Series([], Name: Схема рифмовки, dtype: object)" type="Схема рифмовки"></catref>
<catref target="Series([], Name: Метрическая формула, dtype: object)" type="Метрическая формула"></catref>
<catref target="Series([], Name: Дополнительные параметры, dtype: object)" type="Дополнительные параметры"></catref>
<catref target="Series([], Name: Число строк, dtype: int64)" type="Число строк"></catref>
<catref target="Series([], Name: Автор оригинала, dtype: object)" type="Автор оригинала"></catref>
<catref target="Series([], Name: Язык оригинала, dtype: object)" type="Язык оригинала"></catref>
</textclass></profiledesc>
</teiheader>
<text>
<body>
<div1 n="4" type="volume">
<div2 n="76" type="part">
<head>76.
Н. Я. МАНДЕЛЬШТАМ, </head>
<p>Родная моя! Получил сегодня твое грустненькое письмо и к вечеру жду ответа на телеграмму. Детушка-зверушка, неужели тебе там плохо? Вели хорошо топить в комнате! Какие купила туфельки? Ходишь ли в город? Как твой вес? Я, родная моя, уже четвертый день не выхожу; у меня был легонький «грипп» — на 37,3º — уже прошел... Да и морозы, кстати, полегчали. Завтра уже выйду. Деда мне даже не пробует читать философию: все равно видит, я не о том... Женя над ухом бубнит по телефону... Модпик цветет! Татька на коленях у меня тебе написала письмо своей рукой... Сегодня, маленький мой, я дошел до листочков </p>
<p>, и мне весело их перебирать.</p>
<p>Пташенька, беляночка нежная — каждый вечер, засыпая, я говорю: спаси, Господи, мою Надиньку! Любовь хранит нас, Надя. Нам ничто не страшно. Радость моя! Нам нет расстоянья. Но я безумно хочу быть с тобой.</p>
<p> Детуська! Зверик! Не смей обо мне тревожиться! Я стал человеком довоенной крепости. Мне все легко сейчас дается. Тут у Жени семейный мир и скука. М‹ария› Н‹иколаевна› страдает припадками. Она очень притихла. Папа-дедушка все время обижается: все его обходят, обносят будто бы и т. д. Да, он прав, милая, но у них вообще голодновато...</p>
<p>Я, Нануша, мечтаю, как я завтра в город выйду, зайду к Горлину, увижу людей, похлопочу о новом договоре, пошлю тебе газетки и спешное письмо.<rs ref="Горлин, Александр Николаевич" type="person"></rs></p>
<p>А сейчас, родненькая, папа отбирает у меня это письмо — опустить. Целую тебя, ненаглядная, днем и ночью с тобой, ни на минуту не отхожу от тебя.</p>
<p>Вчера папа опоздал отправить спешное письмо, и я сегодня приписываю.</p>
<p>Вчера договорил со Шкловским. Он предлагает мне съездить в Москву. Его киноиздательство будто бы само догадалось, что меня нужно подкормить. Поеду я <rs ref="Москва" type="geo_index"></rs><rs ref="Москва" type="geo_index"></rs><rs ref="Шкловский, Виктор Борисович" type="person"></rs></p>
<p> кончив Прибой. Сейчас жду машинистку, которая звонила, что уже</p>
<p>выехала с машинкой. Вчера поздно вечером говорил с Горлиным. Мы не расформированы. Работа будет продолжаться. Ангерт вернулся из Москвы. А еще, нежняночка моя, хочу тебе сказать: я без тебя не могу, мне просто дышать нечем. Я считаю дни, но здоров и что называется бодр. Пташенька, телеграфируй мне чаще. Не терпишь ли ты лишений? Не утесняют ли тебя? <rs ref="Москва" type="geo_index"></rs><rs ref="Москва" type="geo_index"></rs><rs ref="Ангерт, Давид Николаевич" type="person"></rs><rs ref="Горлин, Александр Николаевич" type="person"></rs></p>
<p>Целую рученьки.</p>
</div2>
</div1>
</body>
</text>
</tei>
