<?xml version='1.0' encoding='UTF8'?>
<tei xmlns="http://www.tei-c.org/ns/1.0">
<teiheader>
<filedesc>
<titlestmt>
<title>Письма. 73. Н. Я. Мандельштам, 2 февраля ‹1926 г.›</title>
<author>О.Э. Мандельштам</author>
</titlestmt>
<publicationstmt>
<p>АРТ-БИЗНЕС-ЦЕНТР МОСКВА 1993</p>
<biblstruct>
<biblscope n="" type="volume"></biblscope>
<biblscope n="" type="part"></biblscope>
</biblstruct></publicationstmt>
<sourcedesc>
<p>Издание подготовлено Мандельштамовским обществом</p>
</sourcedesc>
<respstmt>
<resp>Подготовка и разметка файлов - Алексей Литвинцев, Вероника Файнберг. Создание
          электронного ресурса - Тимофей Молчанов. Руководители проекта - Центр Digital Humanities,
          Мандельштамовское общество (НИУ ВШЭ).</resp>
</respstmt></filedesc>
<profiledesc>
<textdesc n="letter"></textdesc>
<textclass>
<catref target="Series([], Name: ID, dtype: object)" type="ID"></catref>
<catref target="Series([], Name: Источник, dtype: object)" type="Источник"></catref>
<catref target="Series([], Name: Жанр художественной литературы, dtype: object)" type="Жанр художественной литературы"></catref>
<catref target="Series([], Name: Уточнение жанра 1, dtype: object)" type="Уточнение жанра"></catref>
<catref target="Series([], Name: Метр, dtype: object)" type="Метр"></catref>
<catref target="Series([], Name: Длина строки, dtype: object)" type="Длина строки"></catref>
<catref target="Series([], Name: Клаузула, dtype: object)" type="Клаузула"></catref>
<catref target="Series([], Name: Уточнение клаузулы 1, dtype: object)" type="Уточнение клаузулы"></catref>
<catref target="Series([], Name: Классическая строфа, dtype: object)" type="Классическая строфа"></catref>
<catref target="Series([], Name: Рифма, dtype: object)" type="Рифма"></catref>
<catref target="Series([], Name: Схема рифмовки, dtype: object)" type="Схема рифмовки"></catref>
<catref target="Series([], Name: Метрическая формула, dtype: object)" type="Метрическая формула"></catref>
<catref target="Series([], Name: Дополнительные параметры, dtype: object)" type="Дополнительные параметры"></catref>
<catref target="Series([], Name: Число строк, dtype: int64)" type="Число строк"></catref>
<catref target="Series([], Name: Автор оригинала, dtype: object)" type="Автор оригинала"></catref>
<catref target="Series([], Name: Язык оригинала, dtype: object)" type="Язык оригинала"></catref>
</textclass></profiledesc>
</teiheader>
<text>
<body>
<div1 n="4" type="volume">
<div2 n="73" type="part">
<head>73.
Н. Я. МАНДЕЛЬШТАМ, </head>
<p>2 февр‹аля›</p>
<p>Здравствуй! Няня твоя с тобой говорит и целует в лобик! Мне хорошо, детка. А тебе как? Не скупись на письма.</p>
<p>В Москве меня встретил донкихотообразный и страшно милый Шура. Потом я поехал к Пастерн‹аку› и видел их мальчишку. Он сказал: «Я еще маленький». Ему 2½ г. Он требует участвовать в <rs ref="Москва" type="geo_index"></rs><rs ref="Москва" type="geo_index"></rs></p>
<p> разговоре. Твоему Жене Шура не успел передать. С Аней говорил по телефону. Она сказала: «У меня частная служба». Пояснить не пожелала. Подробности узнаю завтра. Дела так: (Да, между прочим: в Москве меня заговорил Пастернак, и я опоздал на поезд. Вещи мои уехали в 9 ч. 30 м., а я, послав телеграмму в Клин, напутствуемый Шурой, выехал следующим, в 11 ч.(?) Приехал — и в Г.П.У. на вокзале мне выдали мой багаж. Вот приключенье!) Вот, Надик, дела: Ленгиз — разворошенный муравейник. Тенденция — не то сжать, не то уничтожить. Никто ничего не знает и не понимает. Горлин разводит руками с виноватой улыбкой. Около него — только ближайшие сотрудники. Публика и дамы уже перестали ходить. Рецензии еще есть, но книги посылаются на утвержденье в Москву. Первая партия уже послана. Как только вернется — будет новый договор. Лозунг такой: быть ко всему готовым и пользоваться последними неделями для обеспечения себя работой. Мне выписано в Гизе на завтра 125 р. в <rs ref="Клин" type="geo_index"></rs><rs ref="Москва" type="geo_index"></rs><rs ref="Москва" type="geo_index"></rs><rs ref="Горлин, Александр Николаевич" type="person"></rs><rs ref="Надежда," type="person"></rs><rs ref="Пастернак, Борис Леонидович" type="person"></rs></p>
<p> за текущ‹ие› кн‹иги›. Сегодня получил 100 р. за «ничего» в «Звезде»: устроил это Белицкий. Ионов уезжает. Белицкий остается — пока. Получил 3 книги на реценз‹ию›. На субботу «включен» по горлинской заявке. В Прибое <rs ref="Белицкий, Ефим Яковлевич" type="person"></rs><rs ref="Ионов (Бернштейн), Илья Ионович" type="person"></rs></p>
<p> спокойно. Они переписывают, я правлю. Обещают не задержать. Нашел машинистку. Сегодня приступаю к диктовке.</p>
<p>Деду нашел бедного, сжавшегося в комочек за печкой, с головной болью. Развеселил его. А Женя мой </p>
<p>.</p>
<p>Мар‹ия› Ник‹олаевна› вежлива, как пустое место. Вчера мне ванну стопили. Женя предлагает мне: 1) столовую, 2) светлую людскую 3) или комнату поблизости. Категорически отказываюсь от комнат. Мы сделаем так: я компенсирую 10 — 15 р. Надежде, и она перейдет на месяц в <rs ref="Надежда," type="person"></rs><rs ref="Надежда," type="person"></rs></p>
<p> людскую. [Женя подтверждает, что это самое лучшее, т. к. мне нужен «дом».]</p>
<p>Погода очень мягкая: 3—4º. Переход был очень легкий. Итак, роднуша, февраль уже оплачен сполна (Прибой + 225 р. Гиза). Заключу еще договор — другой, и опять мы свободны и с марта можем быть вместе. </p>
<p> </p>
<p> о кварце и сообщу </p>
<p>.</p>
<p>Надинька! Если тебе скучно — помни: к 1-му марта я могу быть с тобой!<rs ref="Надежда," type="person"></rs></p>
<p>Нет, детка моя: я могу быть с тобой </p>
<p> </p>
<p> </p>
<p>Пташенька бедная! Что там с тобой? Телеграфируй подробно.</p>
<p>Господь с тобой, родная! Ангел мой, люблю тебя, ненаглядная моя.</p>
</div2>
</div1>
</body>
</text>
</tei>
