<?xml version='1.0' encoding='UTF8'?>
<tei xmlns="http://www.tei-c.org/ns/1.0">
<teiheader>
<filedesc>
<titlestmt>
<title>Письма. 79. Н. Я. Мандельштам, ‹12 февраля 1926 г.›</title>
<author>О.Э. Мандельштам</author>
</titlestmt>
<publicationstmt>
<p>АРТ-БИЗНЕС-ЦЕНТР МОСКВА 1993</p>
<biblstruct>
<biblscope n="" type="volume"></biblscope>
<biblscope n="" type="part"></biblscope>
</biblstruct></publicationstmt>
<sourcedesc>
<p>Издание подготовлено Мандельштамовским обществом</p>
</sourcedesc>
<respstmt>
<resp>Подготовка и разметка файлов - Алексей Литвинцев, Вероника Файнберг. Создание
          электронного ресурса - Тимофей Молчанов. Руководители проекта - Центр Digital Humanities,
          Мандельштамовское общество (НИУ ВШЭ).</resp>
</respstmt></filedesc>
<profiledesc>
<textdesc n="letter"></textdesc>
<textclass>
<catref target="Series([], Name: ID, dtype: object)" type="ID"></catref>
<catref target="Series([], Name: Источник, dtype: object)" type="Источник"></catref>
<catref target="Series([], Name: Жанр художественной литературы, dtype: object)" type="Жанр художественной литературы"></catref>
<catref target="Series([], Name: Уточнение жанра 1, dtype: object)" type="Уточнение жанра"></catref>
<catref target="Series([], Name: Метр, dtype: object)" type="Метр"></catref>
<catref target="Series([], Name: Длина строки, dtype: object)" type="Длина строки"></catref>
<catref target="Series([], Name: Клаузула, dtype: object)" type="Клаузула"></catref>
<catref target="Series([], Name: Уточнение клаузулы 1, dtype: object)" type="Уточнение клаузулы"></catref>
<catref target="Series([], Name: Классическая строфа, dtype: object)" type="Классическая строфа"></catref>
<catref target="Series([], Name: Рифма, dtype: object)" type="Рифма"></catref>
<catref target="Series([], Name: Схема рифмовки, dtype: object)" type="Схема рифмовки"></catref>
<catref target="Series([], Name: Метрическая формула, dtype: object)" type="Метрическая формула"></catref>
<catref target="Series([], Name: Дополнительные параметры, dtype: object)" type="Дополнительные параметры"></catref>
<catref target="Series([], Name: Число строк, dtype: int64)" type="Число строк"></catref>
<catref target="Series([], Name: Автор оригинала, dtype: object)" type="Автор оригинала"></catref>
<catref target="Series([], Name: Язык оригинала, dtype: object)" type="Язык оригинала"></catref>
</textclass></profiledesc>
</teiheader>
<text>
<body>
<div1 n="4" type="volume">
<div2 n="79" type="part">
<head>79.
Н. Я. МАНДЕЛЬШТАМ, </head>
<p>Что с тобой? Радость моя, не волнуйся, не тревожься! Сегодня жду твоей телеграммы о здоровьи. Вечером консультирую Фогеля (вторично). Пока он находит, что тебе лучше </p>
<p> еще месяц подождать здесь. Сообщу ему о «рвотных движениях». От Тарховой я тебя, во всяком случае, возьму. <rs ref="Тархова, Мария Михайловна," type="person"></rs></p>
<p>. Прибой еще не тронут. Все пока (300 р.) дал </p>
<p>. Это хорошо. Прибой мне </p>
<p>. Москва даст тоже. Новый договор будет. Я могу — </p>
<p> — или приехать к тебе, или выехать навстречу в Киев (если Фогель позволит). Пташенька, моментально перейди на диету — куры — яйца — каша — кисель (Это <rs ref="Киев" type="geo_index"></rs><rs ref="Фогель," type="person"></rs></p>
<p>, а не доктор!!) Сейчас у меня сидит стенографистка (кончаю Прибой). Писать буду много, много... и сегодня еще </p>
<p> напишу. Здоров как бык. Погода смягчилась. Не унывай, моя родненькая! Господь тебя храни! Скоро, скоро твоя Няня будет с тобой.</p>
<p>Целую несчетно любимую.</p>
</div2>
</div1>
</body>
</text>
</tei>
