<?xml version='1.0' encoding='UTF8'?>
<tei xmlns="http://www.tei-c.org/ns/1.0">
<teiheader>
<filedesc>
<titlestmt>
<title>Письма. 70. Э. В. Мандельштаму, ‹18 декабря 1925 г.›</title>
<author>О.Э. Мандельштам</author>
</titlestmt>
<publicationstmt>
<p>АРТ-БИЗНЕС-ЦЕНТР МОСКВА 1993</p>
<biblstruct>
<biblscope n="" type="volume"></biblscope>
<biblscope n="" type="part"></biblscope>
</biblstruct></publicationstmt>
<sourcedesc>
<p>Издание подготовлено Мандельштамовским обществом</p>
</sourcedesc>
<respstmt>
<resp>Подготовка и разметка файлов - Алексей Литвинцев, Вероника Файнберг. Создание
          электронного ресурса - Тимофей Молчанов. Руководители проекта - Центр Digital Humanities,
          Мандельштамовское общество (НИУ ВШЭ).</resp>
</respstmt></filedesc>
<profiledesc>
<textdesc n="letter"></textdesc>
<textclass>
<catref target="Series([], Name: ID, dtype: object)" type="ID"></catref>
<catref target="Series([], Name: Источник, dtype: object)" type="Источник"></catref>
<catref target="Series([], Name: Жанр художественной литературы, dtype: object)" type="Жанр художественной литературы"></catref>
<catref target="Series([], Name: Уточнение жанра 1, dtype: object)" type="Уточнение жанра"></catref>
<catref target="Series([], Name: Метр, dtype: object)" type="Метр"></catref>
<catref target="Series([], Name: Длина строки, dtype: object)" type="Длина строки"></catref>
<catref target="Series([], Name: Клаузула, dtype: object)" type="Клаузула"></catref>
<catref target="Series([], Name: Уточнение клаузулы 1, dtype: object)" type="Уточнение клаузулы"></catref>
<catref target="Series([], Name: Классическая строфа, dtype: object)" type="Классическая строфа"></catref>
<catref target="Series([], Name: Рифма, dtype: object)" type="Рифма"></catref>
<catref target="Series([], Name: Схема рифмовки, dtype: object)" type="Схема рифмовки"></catref>
<catref target="Series([], Name: Метрическая формула, dtype: object)" type="Метрическая формула"></catref>
<catref target="Series([], Name: Дополнительные параметры, dtype: object)" type="Дополнительные параметры"></catref>
<catref target="Series([], Name: Число строк, dtype: int64)" type="Число строк"></catref>
<catref target="Series([], Name: Автор оригинала, dtype: object)" type="Автор оригинала"></catref>
<catref target="Series([], Name: Язык оригинала, dtype: object)" type="Язык оригинала"></catref>
</textclass></profiledesc>
</teiheader>
<text>
<body>
<div1 n="4" type="volume">
<div2 n="70" type="part">
<head>70.
Э. В. МАНДЕЛЬШТАМУ, </head>
<p>Третьего дня я послал тебе паническую открытку. И в самом деле, было с чего бить тревогу... Целый месяц мы сидели забытые Госиздатом — без всяких получек, без твердой работы — и с предупреждением, что на будущее рассчитывать нельзя. Вчера получили телеграмму Горлина; ближайший месяц опять обеспечен. Спасибо Выгодскому, удивительно внимательный человек на страже моих интересов...<rs ref="Выгодский, Давид Исаакович" type="person"></rs><rs ref="Горлин, Александр Николаевич" type="person"></rs><rs ref="Горлин, Александр Николаевич" type="person"></rs></p>
<p>Получив деньги — немедленно тебе вышлю. А на будущее время бери прямо у Выгодского, когда он для меня будет получать (5 - 97 - 33). <rs ref="Выгодский, Давид Исаакович" type="person"></rs></p>
<p>В твоем письме зимняя Ялта изображена раем. Это жесто‹кая› ошибка; это скорее умеренный ад. Холод. Осень. Скука. Таких ливней я никогда не видел. Под домашним арестом, не видя лица человеческого, сидим неделями... Работаем по-городскому, но не устаем.<rs ref="Ялта" type="geo_index"></rs></p>
<p>У меня к тебе большая просьба: не пиши по-немецки: половину не разбираю, по десяти раз перечитывая письмо. Я приеду, очевидно, в феврале, тогда поговорим о ‹тебе›.</p>
<p>Гораздо вероятнее, ты примешь (к большой нашей радости) предложение прожить с нами — с апреля по октябрь, на дворцовой дачке в царскосельском парке? Передаю пока перо Наде:<rs ref="Горлин, Александр Николаевич" type="person"></rs></p>
<p>Нам очень хочется снять дачу, но не в Луге, а в Царском, в «Китайской деревне» (это несколько домов в самом парке) домик и прожить вместе лето. Напишите, милый деда, как вы к этому относитесь. Целую.<rs ref="Луга" type="geo_index"></rs><rs ref="Царское (Детское) Село (г. Пушкин)" type="geo_index"></rs><rs ref="Царское (Детское) Село (г. Пушкин)" type="geo_index"></rs></p>
<p>Твое письмо, как ни трудно его прочесть, — все же и прозрачно и понятно. Ты хорошо обо мне думаешь, я же — страшная свинья. Имей в виду, я крепок и здоров. У меня было </p>
<p> заболеванье. Жду не только писем, но и </p>
<p>. А у меня своих трудов — нет. Пока — не хочется.</p>
<p>Целую крепко тебя, Татиньку, Женю.</p>
<p>Стыдно, Женя! Ай-ай!</p>
</div2>
</div1>
</body>
</text>
</tei>
