<?xml version='1.0' encoding='UTF8'?>
<tei xmlns="http://www.tei-c.org/ns/1.0">
<teiheader>
<filedesc>
<titlestmt>
<title>Письма. 78. Н. Я. Мандельштам,‹9—10 февраля 1926 г.›</title>
<author>О.Э. Мандельштам</author>
</titlestmt>
<publicationstmt>
<p>АРТ-БИЗНЕС-ЦЕНТР МОСКВА 1993</p>
<biblstruct>
<biblscope n="" type="volume"></biblscope>
<biblscope n="" type="part"></biblscope>
</biblstruct></publicationstmt>
<sourcedesc>
<p>Издание подготовлено Мандельштамовским обществом</p>
</sourcedesc>
<respstmt>
<resp>Подготовка и разметка файлов - Алексей Литвинцев, Вероника Файнберг. Создание
          электронного ресурса - Тимофей Молчанов. Руководители проекта - Центр Digital Humanities,
          Мандельштамовское общество (НИУ ВШЭ).</resp>
</respstmt></filedesc>
<profiledesc>
<textdesc n="letter"></textdesc>
<textclass>
<catref target="Series([], Name: ID, dtype: object)" type="ID"></catref>
<catref target="Series([], Name: Источник, dtype: object)" type="Источник"></catref>
<catref target="Series([], Name: Жанр художественной литературы, dtype: object)" type="Жанр художественной литературы"></catref>
<catref target="Series([], Name: Уточнение жанра 1, dtype: object)" type="Уточнение жанра"></catref>
<catref target="Series([], Name: Метр, dtype: object)" type="Метр"></catref>
<catref target="Series([], Name: Длина строки, dtype: object)" type="Длина строки"></catref>
<catref target="Series([], Name: Клаузула, dtype: object)" type="Клаузула"></catref>
<catref target="Series([], Name: Уточнение клаузулы 1, dtype: object)" type="Уточнение клаузулы"></catref>
<catref target="Series([], Name: Классическая строфа, dtype: object)" type="Классическая строфа"></catref>
<catref target="Series([], Name: Рифма, dtype: object)" type="Рифма"></catref>
<catref target="Series([], Name: Схема рифмовки, dtype: object)" type="Схема рифмовки"></catref>
<catref target="Series([], Name: Метрическая формула, dtype: object)" type="Метрическая формула"></catref>
<catref target="Series([], Name: Дополнительные параметры, dtype: object)" type="Дополнительные параметры"></catref>
<catref target="Series([], Name: Число строк, dtype: int64)" type="Число строк"></catref>
<catref target="Series([], Name: Автор оригинала, dtype: object)" type="Автор оригинала"></catref>
<catref target="Series([], Name: Язык оригинала, dtype: object)" type="Язык оригинала"></catref>
</textclass></profiledesc>
</teiheader>
<text>
<body>
<div1 n="4" type="volume">
<div2 n="78" type="part">
<head>78.
Н. Я. МАНДЕЛЬШТАМ, </head>
<p>Родная моя голубка, слышу твой жалобный голосок! Не плачь, ребеночек мой, не плачь, дочурка, вытри глазы — слушай свою Няню: приблизительно через месяц можно думать о Киеве. Я сделаю все, чтобы вызволить тебя от старухи. На этой неделе я имею от Горлина <rs ref="Киев" type="geo_index"></rs><rs ref="Горлин, Александр Николаевич" type="person"></rs></p>
<p> р. 19-го Прибой дает первые </p>
<p> р. Весь этот месяц и даже следующий прекрасно обеспечен. Я постараюсь занять и выслать тебе своевременно, чтоб ты могла переехать, </p>
<p> рублей 200 — 250. Дета, у тебя правда не болит твой пуз? </p>
<p> А тура? А вес? Если я паче чаяния пришлю </p>
<p> денег — оставь</p>
<p>их себе: на вкусности, на прикупочки: мандарины, икру, хорошее масло, печенье, ветчинку. Скрась свою грустненькую жизнь. Ходи в город. Найди «нежного». Слышишь, родная! Фогель очень доволен моим отчетом. Кварц одобряет: «Почему нет?», говорит. Советует избежать здешней весны, особенно марта.<rs ref="Фогель," type="person"></rs></p>
<p>Родненькая, знай, что я могу достать для тебя денег. Здесь Рыбаковы: Пунин попробует занять мне под Прибой. Я еще не просил. Не знал, что тебе там худо. Держусь пока независимо. Но после сегодняшнего письма сейчас же поговорю с Женей и Пуниным, и, <rs ref="Пунин, Николай Николаевич" type="person"></rs><rs ref="Рыбаковы" type="person"></rs></p>
<p>, они мне помогут. Кривые ноженьки и нежные плечики и ротик большой — целую, целую...</p>
<p>Вчера была Аня. Ее не узнать. Бойкая, поздоровевшая. Служит она гувернанткой у крупного трестовика. Ходит в твоем старье, в сером балахоне, лисе и тифлисской кацавее. Через пороги прямо прыгает... Мама ей связала розовый шарф.</p>
<p>А я, дета, весело шагаю в папиной еврейской шубе и Шуриной ушанке. Свою кепку в дороге потерял. Привык к зиме. В трамвае читаю горлинские французские книжки.</p>
<p>Надик, не смей не спать! </p>
<p> Часов в 11 в‹ечера› мне кладут наш «волосяной» на диван в столовой. Я стелю постельку. Жени никогда нет. Тишина. Бродит деда. Только успею сказать — спаси, Господи, Надиньку — и засну.</p>
<p>Пташенька, вот мой совет еще раз: если сумею прислать </p>
<p> денег — переезжай </p>
<p>. Если пришлю мало — умно </p>
<p> в городке. </p>
<p>. Первые (после 210 р.) — </p>
<p> р. тебе назначены на радости жизни и на «возю». — Сейчас, родная, я здоров, как никогда, спасибо тебе, ангел мой, за жизнь, за радость, за словечки твои. Завтра шлю тебе подарочки читательные.</p>
<p>Горлин поручил мне писать рецензии (на утвержденье) <rs ref="Горлин, Александр Николаевич" type="person"></rs></p>
<p>. Что пройдет — будет мое. </p>
<p> книга. Кончив Даудистеля (вчера я сдал всю нашу работу), еду в Москву, где <rs ref="Москва" type="geo_index"></rs><rs ref="Москва" type="geo_index"></rs><rs ref="Даудистель, Альберт" type="person"></rs></p>
<p>Няня с тобой. Нарисуй мне рисуночек — свое неуклюжее что-нибудь, дочка! Дочурочка, я люблю тебя — я этим счастливый даже здесь... Твой муж, нежняночка. Твой Нянь.</p>
</div2>
</div1>
</body>
</text>
</tei>
