<?xml version='1.0' encoding='UTF8'?>
<tei xmlns="http://www.tei-c.org/ns/1.0">
<teiheader>
<filedesc>
<titlestmt>
<title>Письма. 89. Н. Я. Мандельштам, ‹28 февраля 1926 г.›</title>
<author>О.Э. Мандельштам</author>
</titlestmt>
<publicationstmt>
<p>АРТ-БИЗНЕС-ЦЕНТР МОСКВА 1993</p>
<biblstruct>
<biblscope n="" type="volume"></biblscope>
<biblscope n="" type="part"></biblscope>
</biblstruct></publicationstmt>
<sourcedesc>
<p>Издание подготовлено Мандельштамовским обществом</p>
</sourcedesc>
<respstmt>
<resp>Подготовка и разметка файлов - Алексей Литвинцев, Вероника Файнберг. Создание
          электронного ресурса - Тимофей Молчанов. Руководители проекта - Центр Digital Humanities,
          Мандельштамовское общество (НИУ ВШЭ).</resp>
</respstmt></filedesc>
<profiledesc>
<textdesc n="letter"></textdesc>
<textclass>
<catref target="Series([], Name: ID, dtype: object)" type="ID"></catref>
<catref target="Series([], Name: Источник, dtype: object)" type="Источник"></catref>
<catref target="Series([], Name: Жанр художественной литературы, dtype: object)" type="Жанр художественной литературы"></catref>
<catref target="Series([], Name: Уточнение жанра 1, dtype: object)" type="Уточнение жанра"></catref>
<catref target="Series([], Name: Метр, dtype: object)" type="Метр"></catref>
<catref target="Series([], Name: Длина строки, dtype: object)" type="Длина строки"></catref>
<catref target="Series([], Name: Клаузула, dtype: object)" type="Клаузула"></catref>
<catref target="Series([], Name: Уточнение клаузулы 1, dtype: object)" type="Уточнение клаузулы"></catref>
<catref target="Series([], Name: Классическая строфа, dtype: object)" type="Классическая строфа"></catref>
<catref target="Series([], Name: Рифма, dtype: object)" type="Рифма"></catref>
<catref target="Series([], Name: Схема рифмовки, dtype: object)" type="Схема рифмовки"></catref>
<catref target="Series([], Name: Метрическая формула, dtype: object)" type="Метрическая формула"></catref>
<catref target="Series([], Name: Дополнительные параметры, dtype: object)" type="Дополнительные параметры"></catref>
<catref target="Series([], Name: Число строк, dtype: int64)" type="Число строк"></catref>
<catref target="Series([], Name: Автор оригинала, dtype: object)" type="Автор оригинала"></catref>
<catref target="Series([], Name: Язык оригинала, dtype: object)" type="Язык оригинала"></catref>
</textclass></profiledesc>
</teiheader>
<text>
<body>
<div1 n="4" type="volume">
<div2 n="89" type="part">
<head>89.
Н. Я. МАНДЕЛЬШТАМ, </head>
<p>Родненькая, как я, наверно, тебя растревожил! Я не писал по глупости, по бестолковости. Хотел исправить телеграммой, а вышло еще хуже. Деточка, поверь, мне хорошо, т. е. насколько может быть хорошо без тебя, т. е. ужасно. Я живу спокойно, уютно. Все у меня ладится. Я здоров. Никто меня не раздражает, но я не могу больше этого выносить и вырвусь к тебе, как сумасшедший, при первой возможности. Маленькая Надинька, кривуша родная, я все вижу твою фигурку на солнышке зажмуренную. Ты такая смешная, чудная, когда идешь одна... Дета моя, не надо</p>
<p>огорчаться, надо еще потерпеть недельку-другую — и мы будем опять вместе. Как я мог, Надичка, без тебя целый месяц? Я сам не понимаю. А ты, дочурка? Вот, что я сейчас делаю:</p>
<p>Я теперь даже к Горлину редко хожу. Два раза в день, в <rs ref="Горлин, Александр Николаевич" type="person"></rs></p>
<p> и в </p>
<p>, я медленно выползаю, в темпе прогулки — днем к многосемейному в мещанской квартирке машинисту на 1 линии, а вечером — в громадной, с хорошим воздухом, зале — у машинистки </p>
<p>. Завтра поведу Бена знакомить в Прибой, а вечером мы пойдем в кино. И ты поди, Надик, за свою Няню, когда захочешь? Да? Работки, что у меня на руках, я кончаю через 10 дней. Потом я свободен. Ничего спешного не возьму. Только к тебе. К тебе. Где твоя карточка?</p>
<p>Родная моя родная! Слушай, мой кроткий, овечинька, заинька: ты мне, знаю, не веришь, а я тебе: я не болел, и переутомленья с последствиями тоже не было. Я живу ритмично, работаю охотно. Верь мне. Это так. Но что я с тобой сделаю!! </p>
<p>ком далеко    </p>
<p>А пуз не болит?     \ Ты устала! / А тура?</p>
<p>Дома нет никого. Женя ушел. Бабушка ушла к Радловым. Татька пришла ко мне на диван, и я ей читал Шары и прочее. Она же пела Кухню. Говорила разные сентенции: «Взрослым от шалостей одни неприятности» и т. д. Деда ход��т и ищет папирос, которых вообще нет. Сегодня к нему подошел посланец из Риги от «Германа», некий провизор — друг детства, тоже Мандельштам. Папу серьезно зовут в Ригу. Виза и проезд теперь необычайно доступны и дешевы. Мы решили обязательно его весной отправить... Весной! Ах, Надик мой, иностранец из-под развесистой ялтинской клюквы! 10º мороза ты принимаешь за 10º тепла. У нас здесь 1 марта зима вовсю: -5 — 6º! -, а не +. Зима всюду, детик мой. До весны еще месяц. Дружочек, скажи мне, отчего ты не сообщаешь своей туры в каждом письме? Надик, почему ты так делаешь?<rs ref="Рига" type="geo_index"></rs><rs ref="Мандельштам," type="person"></rs><rs ref="Радлов, Сергей Эрнестович" type="person"></rs></p>
<p>Надичка, когда я скажу твое имечко, мне весело. Ты моя. Я тебя люблю, как в первый — первее первого — день. Мне легко дышать, думая о тебе. Я знаю, что это ты научила меня дышать. Как я побегу к тебе в горку! (Я ведь теперь могу и в гору бегать.)</p>
<p>Во вторник я выясню вопрос с антитироидином. Я тебе</p>
<p>завтра вышлю перевод 1002 ночи. Здорово сделано. Приятно перечесть. Это мы с Анькой делали. Подошел деда: тебе кланяется.<rs ref="Киев" type="geo_index"></rs></p>
<p>Надюшок, скажи, пожалуйста, снимать домик в Царском или нет? Бен говорит, что это нужно делать в марте. </p>
<p> Ты получаешь мои газетки? Правда, я их смешно заклеиваю?</p>
<p>Надик, голубка моя, любовь моя — до свиданья. Я на ночь целую тебя в лобик и говорю: храни, Господи, Надиньку.</p>
<p>Надик! Люби меня. Надик! Я твой.</p>
</div2>
</div1>
</body>
</text>
</tei>
