<?xml version='1.0' encoding='UTF8'?>
<tei xmlns="http://www.tei-c.org/ns/1.0">
<teiheader>
<filedesc>
<titlestmt>
<title>Письма. 82. Н. Я. Мандельштам, 17 февраля ‹1926 г.›</title>
<author>О.Э. Мандельштам</author>
</titlestmt>
<publicationstmt>
<p>АРТ-БИЗНЕС-ЦЕНТР МОСКВА 1993</p>
<biblstruct>
<biblscope n="" type="volume"></biblscope>
<biblscope n="" type="part"></biblscope>
</biblstruct></publicationstmt>
<sourcedesc>
<p>Издание подготовлено Мандельштамовским обществом</p>
</sourcedesc>
<respstmt>
<resp>Подготовка и разметка файлов - Алексей Литвинцев, Вероника Файнберг. Создание
          электронного ресурса - Тимофей Молчанов. Руководители проекта - Центр Digital Humanities,
          Мандельштамовское общество (НИУ ВШЭ).</resp>
</respstmt></filedesc>
<profiledesc>
<textdesc n="letter"></textdesc>
<textclass>
<catref target="Series([], Name: ID, dtype: object)" type="ID"></catref>
<catref target="Series([], Name: Источник, dtype: object)" type="Источник"></catref>
<catref target="Series([], Name: Жанр художественной литературы, dtype: object)" type="Жанр художественной литературы"></catref>
<catref target="Series([], Name: Уточнение жанра 1, dtype: object)" type="Уточнение жанра"></catref>
<catref target="Series([], Name: Метр, dtype: object)" type="Метр"></catref>
<catref target="Series([], Name: Длина строки, dtype: object)" type="Длина строки"></catref>
<catref target="Series([], Name: Клаузула, dtype: object)" type="Клаузула"></catref>
<catref target="Series([], Name: Уточнение клаузулы 1, dtype: object)" type="Уточнение клаузулы"></catref>
<catref target="Series([], Name: Классическая строфа, dtype: object)" type="Классическая строфа"></catref>
<catref target="Series([], Name: Рифма, dtype: object)" type="Рифма"></catref>
<catref target="Series([], Name: Схема рифмовки, dtype: object)" type="Схема рифмовки"></catref>
<catref target="Series([], Name: Метрическая формула, dtype: object)" type="Метрическая формула"></catref>
<catref target="Series([], Name: Дополнительные параметры, dtype: object)" type="Дополнительные параметры"></catref>
<catref target="Series([], Name: Число строк, dtype: int64)" type="Число строк"></catref>
<catref target="Series([], Name: Автор оригинала, dtype: object)" type="Автор оригинала"></catref>
<catref target="Series([], Name: Язык оригинала, dtype: object)" type="Язык оригинала"></catref>
</textclass></profiledesc>
</teiheader>
<text>
<body>
<div1 n="4" type="volume">
<div2 n="82" type="part">
<head>82.
Н. Я. МАНДЕЛЬШТАМ, </head>
<p>Надик, где ты? Два дня от тебя ничего нет, и я два дня не писал. Третьего дня я был сам не свой. Ждал телеграммы. Звонил домой каждую минуту, и пришла хорошая телеграммушка. Я тогда встретил Шилейку на Литейном, и он проводил меня в Сеятель, позвонить — нет ли телеграммы. Он был в наушниках и покупал книги XVI века. Когда мне прочла какая-то тетка по телефону твои словечки, я так развеселился, что принял Шилейкино приглашенье пить <rs ref="Шилейко, Владимир Казимирович" type="person"></rs></p>
<p> в пивной и полчаса с ним посидел: пил черный портер с ветчиной и слушал мудрые его речи... Я живучий, говорил я, а он сказал: да, на свою беду... А я сказал ему, что люблю только тебя — то есть я так </p>
<p>, конечно — и </p>
<p>. Он понимает, что я совершенно другой человек и что со мной нельзя болтать, как прочие светские хлыщи...</p>
<p>Надик, где ты? Я пришел опять к тебе в гости на вокзал. Меня еще душит перевод Даудистеля: я правлю последнюю часть. Работы на два дня. Надичка, я <rs ref="Даудистель, Альберт" type="person"></rs></p>
<p>. Родная, что с тобой было? Установилось ли твое здоровье? Как проходит последняя треть месяца? Я на днях пришлю тебе денег на весь март. Хочешь знать, что у меня намечается: Горлин проводит для меня одну забракованную книгу с поддержкой Вольфсона. Маршак заключает договор на биографию Халтурина — плотника-народовольца: 1 — 1½ листа, 150 — 200 р. Это очень легко. Я напишу в 5 дней. Затем Федин включил книгу стихов в «план» — пошлют в Москву (только список названий и «аннотацию») — и... вычеркнут... Рецензии идут... Через неделю все эти узлы распутаются. В деловом отношении я совершенно спокоен. Лишь бы мне удалось поскорей к тебе. Так не хочется тебя трогать в эти проклятые снеготаялки-города...<rs ref="Москва" type="geo_index"></rs><rs ref="Москва" type="geo_index"></rs><rs ref="Вольфсон М. Б." type="person"></rs><rs ref="Горлин, Александр Николаевич" type="person"></rs><rs ref="Маршак, Самуил Яковлевич" type="person"></rs><rs ref="Федин, Константин Александрович" type="person"></rs><rs ref="Халтурин, Степан Николаевич" type="person"></rs></p>
<p>Надик, ты ходишь к собакам гулять? По моей дорожке над армянскими кипарисами! У Татиньки сегодня жарок. Я все жалуюсь ей, что хочу к тете Наде, а она говорит: ну так поезжай, я тебя отпускаю. Деда ездил в Лугу «по делу» и привез насморк. Приходила Саша: без работы, продавала бублики и все мечтает о «союзе».<rs ref="Луга" type="geo_index"></rs><rs ref="Саша," type="person"></rs></p>
<p>Надик! Нежненький мой! Я был у Бенов: они повели меня в кино. Они ходят по понедельникам, как в баню...</p>
<p>Прости мне, голубок, что два дня не писал... Пташенька, как твое личико сейчас? Ты не бледная, не грустная?</p>
<p>Детка, стучат штемпелями на почте... Без 10-ти одиннадцать. Сдаю письмо. До завтра, любимая моя, ненаглядная.</p>
<p>Целую тебя. Слышу каждую минуту. Твой Нянь.</p>
<p>Господь тебя храни! Люблю. Нянь. Надик! Это я.</p>
</div2>
</div1>
</body>
</text>
</tei>
