<?xml version='1.0' encoding='UTF8'?>
<tei xmlns="http://www.tei-c.org/ns/1.0">
<teiheader>
<filedesc>
<titlestmt>
<title>Письма. 80. Н. Я. Мандельштам, 12 февраля ‹1926 г.›</title>
<author>О.Э. Мандельштам</author>
</titlestmt>
<publicationstmt>
<p>АРТ-БИЗНЕС-ЦЕНТР МОСКВА 1993</p>
<biblstruct>
<biblscope n="" type="volume"></biblscope>
<biblscope n="" type="part"></biblscope>
</biblstruct></publicationstmt>
<sourcedesc>
<p>Издание подготовлено Мандельштамовским обществом</p>
</sourcedesc>
<respstmt>
<resp>Подготовка и разметка файлов - Алексей Литвинцев, Вероника Файнберг. Создание
          электронного ресурса - Тимофей Молчанов. Руководители проекта - Центр Digital Humanities,
          Мандельштамовское общество (НИУ ВШЭ).</resp>
</respstmt></filedesc>
<profiledesc>
<textdesc n="letter"></textdesc>
<textclass>
<catref target="Series([], Name: ID, dtype: object)" type="ID"></catref>
<catref target="Series([], Name: Источник, dtype: object)" type="Источник"></catref>
<catref target="Series([], Name: Жанр художественной литературы, dtype: object)" type="Жанр художественной литературы"></catref>
<catref target="Series([], Name: Уточнение жанра 1, dtype: object)" type="Уточнение жанра"></catref>
<catref target="Series([], Name: Метр, dtype: object)" type="Метр"></catref>
<catref target="Series([], Name: Длина строки, dtype: object)" type="Длина строки"></catref>
<catref target="Series([], Name: Клаузула, dtype: object)" type="Клаузула"></catref>
<catref target="Series([], Name: Уточнение клаузулы 1, dtype: object)" type="Уточнение клаузулы"></catref>
<catref target="Series([], Name: Классическая строфа, dtype: object)" type="Классическая строфа"></catref>
<catref target="Series([], Name: Рифма, dtype: object)" type="Рифма"></catref>
<catref target="Series([], Name: Схема рифмовки, dtype: object)" type="Схема рифмовки"></catref>
<catref target="Series([], Name: Метрическая формула, dtype: object)" type="Метрическая формула"></catref>
<catref target="Series([], Name: Дополнительные параметры, dtype: object)" type="Дополнительные параметры"></catref>
<catref target="Series([], Name: Число строк, dtype: int64)" type="Число строк"></catref>
<catref target="Series([], Name: Автор оригинала, dtype: object)" type="Автор оригинала"></catref>
<catref target="Series([], Name: Язык оригинала, dtype: object)" type="Язык оригинала"></catref>
</textclass></profiledesc>
</teiheader>
<text>
<body>
<div1 n="4" type="volume">
<div2 n="80" type="part">
<head>80.
Н. Я. МАНДЕЛЬШТАМ, </head>
<p>Родная доченька, я случайно зашел к Выгодским и пишу у них это письмо. Посмотрел на нашу горку и сижу в красном кресле-ушане. Говорил я с Фогелем, доложил ему все твои жалобки. Он считает, что тошнота у тебя <rs ref="Выгодский, Давид Исаакович" type="person"></rs><rs ref="Фогель," type="person"></rs></p>
<p>, что громадное значенье имеют </p>
<p> и т. д</p>
<p>. Возьми в гиды Емельяна и отправляйся на поиски. Деньги на переезд ты будешь иметь к 15-му (я знаю: тебе нужно 190+100) — пока что, не считая 75 посланных сегодня. В Киев ехать он <rs ref="Киев" type="geo_index"></rs><rs ref="Емельян" type="person"></rs></p>
<p> хоть сейчас, но </p>
<p> весну в Ялте — конечно, <rs ref="Ялта" type="geo_index"></rs></p>
<p> — и </p>
<p> весну на севере, у нас. Последнее слово, конечно, за местным врачом — скажем, Цановым. Он у тебя был, детка?<rs ref="Цанов," type="person"></rs></p>
<p>Я, детуся, живу спокойно и работаю вовсю: завел манеру</p>
<p>стенографировать. В 2 часа делаю 20 страниц. Стенографистка ко мне приходит днем, а вечером я работаю еще часок с машинисткой на 5-й линии.</p>
<p>В Ленгизе мне очень идут навстречу. Между прочим, для контроля над редсектором здесь назначен из Москвы Вольфсон, старый «дядя-одессит», с которым у нас приязнь. Это важная шишка. Я затащил его к Горлину, и кое-что он мне устроил.<rs ref="Вольфсон М. Б." type="person"></rs><rs ref="Горлин, Александр Николаевич" type="person"></rs></p>
<p>Сегодня я обедал у Пуниных. Там девочка Ирина — замечательно честная и добродушная. Читает Трамвай, перекладывая его в прозу. Чудовищно рисует. Рыбаковы предлагают <rs ref="Пунин, Николай Николаевич" type="person"></rs><rs ref="Рыбаковы" type="person"></rs></p>
<p>. Если Прибой задержит, я возьму, а может, и обойдусь. Каково! Пока я не задолжал ни копейки.</p>
<p>Родная сестричка, ты мне мало и невнятно про себя пишешь: как проходят твои дни? «Лежачая» ты или «ходячая»? Сходишь ли в город? Как твой вес? Поди к парфюмер��м — свесься для своей Няни и телеграфируй мне: будет похоже на коммерческую телеграмму. Надик, что значит «боли обычные»? Я хочу знать, как часто, как долго, когда? Лежишь ли с бутылочкой? Кто около тебя, родная, когда тебе нехорошо? Кругом, Нануша, только и слышишь, что о мезентериальных железах — страшно модно. В Царском есть, говорят, хороший санаторий, где можно жить в отдельной комнате и куда меня пустят. Там лечат, между прочим, железы вливаньем кальция в жилы. Я узнал это случайно. Проверю. На лето.<rs ref="Царское (Детское) Село (г. Пушкин)" type="geo_index"></rs><rs ref="Надежда," type="person"></rs></p>
<p>А пока, нежняночка: тебе предоставляется полная свобода выбора: Ялта или Киев? Только хорошенько обдумай и <rs ref="Киев" type="geo_index"></rs><rs ref="Ялта" type="geo_index"></rs></p>
<p>.</p>
<p>Если останешься в Ялте, я на март, очевидно, приеду, предварительно съездив в Москву, а в Киев приеду и подавно. К деде звонит вчера и сегодня какой-то чудак-«инженер» — зовет «работать» по кожам. Деда бедный сегодня сменил валенки на сапоги и пошел на «совещанье». А Аня и вправду стала нянькой. (Я привык Няня с большой буквы.) Надька! Знай, прелесть моя, большеротик мой, что я весь насквозь ты и о тебе! Как твой золотой волосок-борода? Дай поцелую его. Люблю тебя, как сумасшедший, до того, что не чувствую расстояния. А у меня твоей карточки нет! У тебя есть «кася» — снимись. Пташенька, самая трудная разлука прошла: мы уже идем друг к другу. Я считаю дни. Храни тебя Господь — мою нежняночку. Целую, люблю, люблю.<rs ref="Киев" type="geo_index"></rs><rs ref="Ялта" type="geo_index"></rs><rs ref="Надежда," type="person"></rs></p>
</div2>
</div1>
</body>
</text>
</tei>
