<?xml version='1.0' encoding='UTF8'?>
<tei xmlns="http://www.tei-c.org/ns/1.0">
<teiheader>
<filedesc>
<titlestmt>
<title>Письма. 81. Н. Я. Мандельштам, ‹14 февраля 1926 г.</title>
<author>О.Э. Мандельштам</author>
</titlestmt>
<publicationstmt>
<p>АРТ-БИЗНЕС-ЦЕНТР МОСКВА 1993</p>
<biblstruct>
<biblscope n="" type="volume"></biblscope>
<biblscope n="" type="part"></biblscope>
</biblstruct></publicationstmt>
<sourcedesc>
<p>Издание подготовлено Мандельштамовским обществом</p>
</sourcedesc>
<respstmt>
<resp>Подготовка и разметка файлов - Алексей Литвинцев, Вероника Файнберг. Создание
          электронного ресурса - Тимофей Молчанов. Руководители проекта - Центр Digital Humanities,
          Мандельштамовское общество (НИУ ВШЭ).</resp>
</respstmt></filedesc>
<profiledesc>
<textdesc n="letter"></textdesc>
<textclass>
<catref target="Series([], Name: ID, dtype: object)" type="ID"></catref>
<catref target="Series([], Name: Источник, dtype: object)" type="Источник"></catref>
<catref target="Series([], Name: Жанр художественной литературы, dtype: object)" type="Жанр художественной литературы"></catref>
<catref target="Series([], Name: Уточнение жанра 1, dtype: object)" type="Уточнение жанра"></catref>
<catref target="Series([], Name: Метр, dtype: object)" type="Метр"></catref>
<catref target="Series([], Name: Длина строки, dtype: object)" type="Длина строки"></catref>
<catref target="Series([], Name: Клаузула, dtype: object)" type="Клаузула"></catref>
<catref target="Series([], Name: Уточнение клаузулы 1, dtype: object)" type="Уточнение клаузулы"></catref>
<catref target="Series([], Name: Классическая строфа, dtype: object)" type="Классическая строфа"></catref>
<catref target="Series([], Name: Рифма, dtype: object)" type="Рифма"></catref>
<catref target="Series([], Name: Схема рифмовки, dtype: object)" type="Схема рифмовки"></catref>
<catref target="Series([], Name: Метрическая формула, dtype: object)" type="Метрическая формула"></catref>
<catref target="Series([], Name: Дополнительные параметры, dtype: object)" type="Дополнительные параметры"></catref>
<catref target="Series([], Name: Число строк, dtype: int64)" type="Число строк"></catref>
<catref target="Series([], Name: Автор оригинала, dtype: object)" type="Автор оригинала"></catref>
<catref target="Series([], Name: Язык оригинала, dtype: object)" type="Язык оригинала"></catref>
</textclass></profiledesc>
</teiheader>
<text>
<body>
<div1 n="4" type="volume">
<div2 n="81" type="part">
<head>81.
Н. Я. МАНДЕЛЬШТАМ, </head>
<p>Ненаглядная, родная, любимая — когда ты получишь это письмо, у тебя уже будет много денежек — «кася» — и тебя уже никто, мою славную, не будет обижать.</p>
<p> Прибой еще не тронут — и </p>
<p> ты его </p>
<p> получишь. У Р‹ыбакова› я мог взять и больше. Сроком не связан. Было очень легко. Осложненье, что ему должна «старушка»...</p>
<p>Родная, я схожу с ума: на расстоянии все так страшно, хоть и знаю, что ты пишешь правду. Умоляю тебя, — возьми постоянного врача и слушайся его. Этого </p>
<p> Фогель. Это просто необходимо. Пошли мне всю запись температуры и <rs ref="Фогель," type="person"></rs></p>
<p>, когда сойдешь в город. Сколько дней ты лежишь? Как твоя тошнота? Что ты ешь? Общее или диету? Умоляю, напиши подробно, до глупости, до смешного подробно. </p>
<p>. Когда болит? Сколько минуток? Родненькая, напиши! </p>
<p>Мой приезд, пташенька, не такая уж нелепость и невозможность. Большие шансы на договор в Гизе! Кажется, я смогу приехать на март </p>
<p> и остановкой в Москве. Мы опять с тобой процветем! А на апрель детку мою в Киев! А с мая с Няней в Царском Селе!<rs ref="Киев" type="geo_index"></rs><rs ref="Царское (Детское) Село (г. Пушкин)" type="geo_index"></rs></p>
<p>У Жени «злоба дня» его отношения с Наташей: вернее, злоба М‹арии› Н‹иколаевны› и деды. Их объединяет суровый протест. М‹ария› Н‹иколаевна› умная и добрая женщина (Женька все на нее валит!). — Пусть, говорит, женится, как мне ни тяжело! Она по ночам отводит со мной душу, и мне приятно слушать ее меткую, очень образную речь. У Жени растерянный и виноватый вид, а у Наташи просто глупый. Татька для меня слишком взрослая. Она сказала Наташе: «Что ты смотришь на моего папу, словно он твой ребенок?»</p>
<p>Деточка, я пишу опять на вокзале: это у меня вошло в привычку, словно я хожу в гости к тебе. А по утрам я сижу на кухне у Надежды и жду письма... Милая, бу��ет ли от тебя сегодня телеграмма? Эти дни я усердно стенографирую и диктую. Осталось 17 страниц: бр! бр! Завтра конец. Потом всей энергией на Горлина и Вольфсона, чтоб поскорей меня пустили к тебе... Целую большой ротик и родные волосенки. Слышу ночью голосок.<rs ref="Надежда," type="person"></rs></p>
<p>Някушка! Пташенька! Я иду к тебе. Уж скоро. Храни тебя Господь! Будь веселенькая. Люблю. Не могу и не буду без тебя.</p>
</div2>
</div1>
</body>
</text>
</tei>
