<?xml version='1.0' encoding='UTF8'?>
<tei xmlns="http://www.tei-c.org/ns/1.0">
<teiheader>
<filedesc>
<titlestmt>
<title>Письма. 88. Н. Я. Мандельштам, ‹27 февраля 1926 г.›</title>
<author>О.Э. Мандельштам</author>
</titlestmt>
<publicationstmt>
<p>АРТ-БИЗНЕС-ЦЕНТР МОСКВА 1993</p>
<biblstruct>
<biblscope n="" type="volume"></biblscope>
<biblscope n="" type="part"></biblscope>
</biblstruct></publicationstmt>
<sourcedesc>
<p>Издание подготовлено Мандельштамовским обществом</p>
</sourcedesc>
<respstmt>
<resp>Подготовка и разметка файлов - Алексей Литвинцев, Вероника Файнберг. Создание
          электронного ресурса - Тимофей Молчанов. Руководители проекта - Центр Digital Humanities,
          Мандельштамовское общество (НИУ ВШЭ).</resp>
</respstmt></filedesc>
<profiledesc>
<textdesc n="letter"></textdesc>
<textclass>
<catref target="Series([], Name: ID, dtype: object)" type="ID"></catref>
<catref target="Series([], Name: Источник, dtype: object)" type="Источник"></catref>
<catref target="Series([], Name: Жанр художественной литературы, dtype: object)" type="Жанр художественной литературы"></catref>
<catref target="Series([], Name: Уточнение жанра 1, dtype: object)" type="Уточнение жанра"></catref>
<catref target="Series([], Name: Метр, dtype: object)" type="Метр"></catref>
<catref target="Series([], Name: Длина строки, dtype: object)" type="Длина строки"></catref>
<catref target="Series([], Name: Клаузула, dtype: object)" type="Клаузула"></catref>
<catref target="Series([], Name: Уточнение клаузулы 1, dtype: object)" type="Уточнение клаузулы"></catref>
<catref target="Series([], Name: Классическая строфа, dtype: object)" type="Классическая строфа"></catref>
<catref target="Series([], Name: Рифма, dtype: object)" type="Рифма"></catref>
<catref target="Series([], Name: Схема рифмовки, dtype: object)" type="Схема рифмовки"></catref>
<catref target="Series([], Name: Метрическая формула, dtype: object)" type="Метрическая формула"></catref>
<catref target="Series([], Name: Дополнительные параметры, dtype: object)" type="Дополнительные параметры"></catref>
<catref target="Series([], Name: Число строк, dtype: int64)" type="Число строк"></catref>
<catref target="Series([], Name: Автор оригинала, dtype: object)" type="Автор оригинала"></catref>
<catref target="Series([], Name: Язык оригинала, dtype: object)" type="Язык оригинала"></catref>
</textclass></profiledesc>
</teiheader>
<text>
<body>
<div1 n="4" type="volume">
<div2 n="88" type="part">
<head>88.
Н. Я. МАНДЕЛЬШТАМ, </head>
<p>Родная моя, ненаглядная — ты мне подснежничек нашла... Я, Надик, чудовище: три дня не писал. Не скрою: я эти дни </p>
<p> — сделал из работы </p>
<p>. 2 книги параллельно для Гиза и Прибоя... Все откладывал на вечер, на «спешное», а вечером </p>
<p>. Надик, ты прости меня: никогда это не повторится. Это просто </p>
<p> Этот курьезный Прибой стал для меня вторым Гизом, и сейчас у меня 2 Горлина (один — Грюнберг). Родненькая, ты от 26-го телеграфируешь, что <rs ref="Горлин, Александр Николаевич" type="person"></rs><rs ref="Грюнберг, Леон Борисович," type="person"></rs><rs ref="Грюнберг, Леон Борисович," type="person"></rs></p>
<p>, а 22-го у тебя 37,6(?) Что это значит? Только один день? Или держится? Родная, </p>
<p> и не сердись на телеграммы. Это моя натура! Детка моя, я здоров. Это правда. Очень работоспособен. Очень бодр. Физически бодр. Я очень наволновался с твоей телеграммой. Мы тут ломали голову, особенно изощрялся деда. Значит, опять Тархова? Это хорошо. Сохрани нашу комнатку до моего приезда. Я люблю наши кроватушки и «капоцан». Что он, капает? Надик, вот на чем основаны мои планы на приезд:<rs ref="Тархова, Мария Михайловна," type="person"></rs></p>
<p>1) С 15 марта в Крыму до 15 мая чудесно. Это настоящие лечебные и целебные месяцы. Мы же <rs ref="Крым" type="geo_index"></rs><rs ref="Москва" type="geo_index"></rs></p>
<p> в Крыму, и жалко не использовать. Это, наконец, попросту будет <rs ref="Крым" type="geo_index"></rs><rs ref="Москва" type="geo_index"></rs></p>
<p>.</p>
<p>2) Кроме 200, посланных тебе, я уже имею заработанных в Гизе и Прибое </p>
<p>. (Остаток с Даудистеля (130 р.) не считается, он пойдет Рыбакову.)<rs ref="Даудистель, Альберт" type="person"></rs><rs ref="Рыбаковы" type="person"></rs></p>
<p>3) К 15-му марта я заключу два новых договора — с Гизом (крупный) и с Прибоем. Высылку денег наладим.</p>
<p>4) На 2 — 3 дня я остановлюсь в Москве и перехвачу там <rs ref="Москва" type="geo_index"></rs><rs ref="Москва" type="geo_index"></rs></p>
<p> некоторую толику.</p>
<p>Итак, у нас будет обеспеченный с «гаком» месяц, а на второй нам вышлют. Может, будет и еще лучше.</p>
<p>Ты бы меня сейчас не узнала бы в Ялте. Я дурак, что сидел<rs ref="Ялта" type="geo_index"></rs></p>
<p>сиднем, как маниак какой-то. Я бы сейчас лазил по горам, бегал в город, гулял ежедневно у моря. А ведь я «боялся» к переписчику сходить! Вот дурак-то был? Надичка, а Лев Платоныч еще есть? Его не зацапали? Справься: мне он очень нужен. Сегодня приехал из Москвы Женя. Ихнее общество как-то грандиозно оскандалилось. У них враги Кугель и Щеголев. Свирский устроил в подвале на Тверском, где наша старушка-сторожиха Хлебникова угощала, грандиозный ресторан. У Татьки все прошло. Вчера ее купали в большой ванне. Я для отдыха читаю Мертвые Души с картинками. Твоего переводика я не выбросил, а поцеловал и поправил: <rs ref="Москва" type="geo_index"></rs><rs ref="Москва" type="geo_index"></rs><rs ref="Москва" type="geo_index"></rs><rs ref="Москва" type="geo_index"></rs><rs ref="Кугель, Александр Рафаилович" type="person"></rs><rs ref="Лев Платоныч," type="person"></rs><rs ref="Свирский, Алексей Иванович" type="person"></rs><rs ref="Хлебников, Велимир" type="person"></rs><rs ref="Щеголев, Павел Елисеевич" type="person"></rs></p>
<p>.</p>
<p>Ты, Надичка, стала душой общества и председателем клуба? Да? Мне простынки дала М‹ария› Н‹иколаевна›. На диване мне очень уютненько с тюфячком нашим. Сплю хорошо. Бываю я, Надичка, нигде. Раза 2 — 3 у Бена и Выгодского. Поэт Комаровский «тот самый». Он очень хороший. Достань стихи. Объясни Безобразовой. Надичка, что с тобой сейчас? Тебе не плохо? Я сейчас даю телеграмму. Дня не оставлю без письма. Все твои заботушки исполню. Лекарство почти достал на проспекте Юных Пролетариев(?).<rs ref="Безобразова" type="person"></rs><rs ref="Выгодский, Давид Исаакович" type="person"></rs><rs ref="Комаровский, Василий Алексеевич" type="person"></rs></p>
<p>Надик мой любимый! Храни тебя Бог!</p>
<p>Целую головку твою и глаза твои и морщиночки!</p>
<p>Люблю. Твой Нянь. Я с тобой, родная. Люби меня, Надик.</p>
<p>Сейчас звонил Грюнбер‹г›: прочел обо мне в каком-то английском Magasin’e. Уважает.<rs ref="Грюнберг, Леон Борисович," type="person"></rs></p>
<p>А‹нна› Андр‹еевна› прочла в Mercure de France.</p>
</div2>
</div1>
</body>
</text>
</tei>
