<?xml version='1.0' encoding='UTF8'?>
<tei xmlns="http://www.tei-c.org/ns/1.0">
<teiheader>
<filedesc>
<titlestmt>
<title>Письма. 87. Н. Я. Мандельштам, ‹23 февраля 1926 г.›</title>
<author>О.Э. Мандельштам</author>
</titlestmt>
<publicationstmt>
<p>АРТ-БИЗНЕС-ЦЕНТР МОСКВА 1993</p>
<biblstruct>
<biblscope n="" type="volume"></biblscope>
<biblscope n="" type="part"></biblscope>
</biblstruct></publicationstmt>
<sourcedesc>
<p>Издание подготовлено Мандельштамовским обществом</p>
</sourcedesc>
<respstmt>
<resp>Подготовка и разметка файлов - Алексей Литвинцев, Вероника Файнберг. Создание
          электронного ресурса - Тимофей Молчанов. Руководители проекта - Центр Digital Humanities,
          Мандельштамовское общество (НИУ ВШЭ).</resp>
</respstmt></filedesc>
<profiledesc>
<textdesc n="letter"></textdesc>
<textclass>
<catref target="Series([], Name: ID, dtype: object)" type="ID"></catref>
<catref target="Series([], Name: Источник, dtype: object)" type="Источник"></catref>
<catref target="Series([], Name: Жанр художественной литературы, dtype: object)" type="Жанр художественной литературы"></catref>
<catref target="Series([], Name: Уточнение жанра 1, dtype: object)" type="Уточнение жанра"></catref>
<catref target="Series([], Name: Метр, dtype: object)" type="Метр"></catref>
<catref target="Series([], Name: Длина строки, dtype: object)" type="Длина строки"></catref>
<catref target="Series([], Name: Клаузула, dtype: object)" type="Клаузула"></catref>
<catref target="Series([], Name: Уточнение клаузулы 1, dtype: object)" type="Уточнение клаузулы"></catref>
<catref target="Series([], Name: Классическая строфа, dtype: object)" type="Классическая строфа"></catref>
<catref target="Series([], Name: Рифма, dtype: object)" type="Рифма"></catref>
<catref target="Series([], Name: Схема рифмовки, dtype: object)" type="Схема рифмовки"></catref>
<catref target="Series([], Name: Метрическая формула, dtype: object)" type="Метрическая формула"></catref>
<catref target="Series([], Name: Дополнительные параметры, dtype: object)" type="Дополнительные параметры"></catref>
<catref target="Series([], Name: Число строк, dtype: int64)" type="Число строк"></catref>
<catref target="Series([], Name: Автор оригинала, dtype: object)" type="Автор оригинала"></catref>
<catref target="Series([], Name: Язык оригинала, dtype: object)" type="Язык оригинала"></catref>
</textclass></profiledesc>
</teiheader>
<text>
<body>
<div1 n="4" type="volume">
<div2 n="87" type="part">
<head>87.
Н. Я. МАНДЕЛЬШТАМ, </head>
<p>Спасибо Надику за письмецо. Добрый мой, ласковый, никто так не напишет. Много листочков. За картинку спасибо: это ты. Я улыбался тебе, родной, я смеялся, когда читал. Сегодня событие: Прибой дал 200. Я сейчас же перевел тебе. По всем аптекам и складам искал антитироидин. Нигде нет. Партия разошлась на днях. Советуют звонить по телефону во все окраинные аптеки — там скорей осталось. Вечером этим займусь. 1-го марта получаю 200 р. за новую книгу в Гизе. Затем 170 еще в Прибое. Сеятель сегодня дал ответ: очень хотят взять горлинскую книгу, но колеблются; просят </p>
<p> (это большая книга). Я, родная моя, решил 3 дня отдохнуть. Посидеть с Татькой, хоть в кино пойти с Бенами, или просто гулять по улицам. 10º. Хожу в дединой шубе, а его арестовал дома. Он обижается — но ему же лучше у печки, старенькому деду. Женя вчера уехал в Москву на 5 дней. Вчера звонила Аня. Я завтра к ней в гости; у нее совсем здоровый и уверенный, не тягучий, твердый голос.<rs ref="Москва" type="geo_index"></rs><rs ref="Москва" type="geo_index"></rs></p>
<p>Одного дитиньку ее увезли в Москву, т. е. воспитанника. Надька, ты чувствуешь, что я найду твой мудреный «тироидин»? Сегодня я пил кофеек с Горлиным у «Гурме». Правда, это был предел мечтаний в Ялте? Смотри, не сбеги с денежками в Киев: тогда я от тебя <rs ref="Киев" type="geo_index"></rs><rs ref="Москва" type="geo_index"></rs><rs ref="Ялта" type="geo_index"></rs><rs ref="Москва" type="geo_index"></rs><rs ref="Горлин, Александр Николаевич" type="person"></rs></p>
<p>Сиди смирно! </p>
<p>Надик маленький! Мы с Беном решили написать сценарий по «делу Джорыгова». Прочти в вечорках. Это фантастика, но Ек‹атерина› Конст‹антиновна› просит. Я ей отдал твое письмецо.<rs ref="Джорыгов (Джорогов)," type="person"></rs></p>
<p> и пойдем на ту днепровскую гору тогдашнюю. Я так рад этому, так рад! </p>
<p> выяснится, могу ли я приехать (думаю — смогу). Не забывай еще Москву по пути. Это будет только весело. Ч��о пишет мама? Дай мне ее письмецо. Родненький, как конец твоего месяца? Расскажи своей Няне. Ты поздно встаешь, если письма тебя ‹не› будят? Где ты снималась — в саду или у настоящего? Для Цанова завтра вышлю тебе 2-й Трамвай, а кстати куплю Шары Иринке Пуниной: Анна Андр‹еевна› с Пун‹иным› сегодня на Невском искали эту книжонку. <rs ref="Москва" type="geo_index"></rs><rs ref="Москва" type="geo_index"></rs><rs ref="Пунин, Николай Николаевич" type="person"></rs><rs ref="Цанов," type="person"></rs></p>
<p> Остальные условлено в конце месяца. Не тревожься, милый. Твой Нянь умный. Надик, говорят, что в Ялте <rs ref="Ялта" type="geo_index"></rs></p>
<p> Хоть это и не Бог весть кто, а отыщи его, тебе</p>
<p>приятно будет. Не стало ли много хуже у Тарх‹овой›? Тогда <rs ref="Тархова, Мария Михайловна," type="person"></rs></p>
<p> — но осторожно переезжай — очень, очень осторожно. Целую пташеньку утром и вечером, особенно золотой волосок-бороду. Надик, купи себе игрушек разных в подарок от Няни, слышишь? Пиши, родной! Люблю, говорю: спаси, Господи, доченьку мою. </p>
</div2>
</div1>
</body>
</text>
</tei>
