<?xml version='1.0' encoding='UTF8'?>
<tei xmlns="http://www.tei-c.org/ns/1.0">
<teiheader>
<filedesc>
<titlestmt>
<title>Письма. 86. Н. Я. Мандельштам, ‹22 февраля 1926 г.›</title>
<author>О.Э. Мандельштам</author>
</titlestmt>
<publicationstmt>
<p>АРТ-БИЗНЕС-ЦЕНТР МОСКВА 1993</p>
<biblstruct>
<biblscope n="" type="volume"></biblscope>
<biblscope n="" type="part"></biblscope>
</biblstruct></publicationstmt>
<sourcedesc>
<p>Издание подготовлено Мандельштамовским обществом</p>
</sourcedesc>
<respstmt>
<resp>Подготовка и разметка файлов - Алексей Литвинцев, Вероника Файнберг. Создание
          электронного ресурса - Тимофей Молчанов. Руководители проекта - Центр Digital Humanities,
          Мандельштамовское общество (НИУ ВШЭ).</resp>
</respstmt></filedesc>
<profiledesc>
<textdesc n="letter"></textdesc>
<textclass>
<catref target="Series([], Name: ID, dtype: object)" type="ID"></catref>
<catref target="Series([], Name: Источник, dtype: object)" type="Источник"></catref>
<catref target="Series([], Name: Жанр художественной литературы, dtype: object)" type="Жанр художественной литературы"></catref>
<catref target="Series([], Name: Уточнение жанра 1, dtype: object)" type="Уточнение жанра"></catref>
<catref target="Series([], Name: Метр, dtype: object)" type="Метр"></catref>
<catref target="Series([], Name: Длина строки, dtype: object)" type="Длина строки"></catref>
<catref target="Series([], Name: Клаузула, dtype: object)" type="Клаузула"></catref>
<catref target="Series([], Name: Уточнение клаузулы 1, dtype: object)" type="Уточнение клаузулы"></catref>
<catref target="Series([], Name: Классическая строфа, dtype: object)" type="Классическая строфа"></catref>
<catref target="Series([], Name: Рифма, dtype: object)" type="Рифма"></catref>
<catref target="Series([], Name: Схема рифмовки, dtype: object)" type="Схема рифмовки"></catref>
<catref target="Series([], Name: Метрическая формула, dtype: object)" type="Метрическая формула"></catref>
<catref target="Series([], Name: Дополнительные параметры, dtype: object)" type="Дополнительные параметры"></catref>
<catref target="Series([], Name: Число строк, dtype: int64)" type="Число строк"></catref>
<catref target="Series([], Name: Автор оригинала, dtype: object)" type="Автор оригинала"></catref>
<catref target="Series([], Name: Язык оригинала, dtype: object)" type="Язык оригинала"></catref>
</textclass></profiledesc>
</teiheader>
<text>
<body>
<div1 n="4" type="volume">
<div2 n="86" type="part">
<head>86.
Н. Я. МАНДЕЛЬШТАМ, </head>
<p>Надинька, радость моя, сейчас послал тебе телеграмму — очень бестолковую, но ты ведь все понимаешь. Не уезжай, голубка, из Ялты. Может, я к тебе приеду. Ты не знаешь — забыла — как холодно на свете и как сыро! У тебя здесь уголочек оранжерейный. По всей России и на Украине — то мороз, то грязь и оттепель. От такого перехода, Надик, никому не поздоровится... Даже я первое время прохворал. Давай дождемся — ну — хоть апрельского тепла, чтоб<rs ref="Россия (СССР)" type="geo_index"></rs><rs ref="Украина" type="geo_index"></rs><rs ref="Ялта" type="geo_index"></rs></p>
<p> Да, Надик? Слушай, ты, беленький, — ты правда герой? Где твоя тура? Дета моя, я хочу тебе жаловаться и начну с того, что у Жени дают по утрам ужасный кофий, такой мерзкий, что никаким сахаром его не заглушишь. А больше, пожалуй, не на что. Деда требует, чтоб я с ним «занимался», а Женя — его никогда нет дома. По целым дням я в «пустой» квартире с Татькой и М‹арией› Н‹иколаевной›. С ней очень легко себя чувствуешь: славная бабушка. Все мои выходы, родная, к машинисту — теперь у меня «дяденька» — и Горлину. Прибою очень понравился наш переводик. Они за мной немножко ухаживают, идиотушки. Просят работать.<rs ref="Горлин, Александр Николаевич" type="person"></rs><rs ref="Горлин, Александр Николаевич" type="person"></rs></p>
<p>Надик, мы как птицы кричим друг другу — не могу — не могу — без тебя! Вся моя жизнь без тебя остывает, я чужой и ненужный сам себе. Я твою телеграммку положил под щеку третьего дня и так вечером, уставши, засыпал... Татькина «оспа» проходит. У меня была лет 20 назад — не заражусь! Вместо тебя, родная, я жалуюсь Татьке. Она делает серьезное личико и говорит: «Дядя Ося, ну поезжай к тете Наде, я тебе тут никак не могу помочь!»</p>
<p>Хочешь, малыш, о делах? Я заключил договорок с Горл‹иным› на 4 — 4½ листа: <rs ref="Горлин, Александр Николаевич" type="person"></rs></p>
<p> р. Страшно легко. Прибой выписывает<rs ref="Москва" type="geo_index"></rs></p>
<p>— остальное в марте. Рецензии дают — 30 р. в неделю. Книга стихов зарезана. Детский </p>
<p> отвергнут. </p>
<p> Большая книга в Гизе будет в начале марта. Как видишь, неплохо. Да, еще забыл: взял курьезную редактуру в Прибое по 15 р. лист — 6 листов.</p>
<p>Надик, голубка моя, возьми меня к себе. Я здесь заблудился без тебя. Уже я не в папиной шубе хожу. Морозит. Сухо. Даже весело на улице. Дета моя, как погляжу на наши магазины — Елисеевы — так мне грустно-грустненько. На Невском ревут радии на всю улицу. Женя сегодня едет в Москву. Его выживают московские пройдохи. Он полночи вчера со мной советовался, бедный. Боится потерять положенье, страшно волнуется. Надик — кинечка мамина! Аня звонила. Здорова. Что ты думаешь, маленький — приехать мне к тебе с большой работушкой? Ты на солнышке, Надик, лежишь на плетенке? Родной мой, помнишь, как ты меня провожал в зачиненных туфельках? Надик, встреть меня, пташенька, бедная! Жди меня! <rs ref="Москва" type="geo_index"></rs><rs ref="Москва" type="geo_index"></rs><rs ref="Елисеев" type="person"></rs></p>
<p>Жду не дождусь. </p>
<p>Спаси, Боже, Надиньку.</p>
<p>Господь с тобой.</p>
</div2>
</div1>
</body>
</text>
</tei>
