<?xml version='1.0' encoding='UTF8'?>
<tei xmlns="http://www.tei-c.org/ns/1.0">
<teiheader>
<filedesc>
<titlestmt>
<title>Письма. 84. Н. Я. Мандельштам, ‹19 февраля 1926 г.›</title>
<author>О.Э. Мандельштам</author>
</titlestmt>
<publicationstmt>
<p>АРТ-БИЗНЕС-ЦЕНТР МОСКВА 1993</p>
<biblstruct>
<biblscope n="" type="volume"></biblscope>
<biblscope n="" type="part"></biblscope>
</biblstruct></publicationstmt>
<sourcedesc>
<p>Издание подготовлено Мандельштамовским обществом</p>
</sourcedesc>
<respstmt>
<resp>Подготовка и разметка файлов - Алексей Литвинцев, Вероника Файнберг. Создание
          электронного ресурса - Тимофей Молчанов. Руководители проекта - Центр Digital Humanities,
          Мандельштамовское общество (НИУ ВШЭ).</resp>
</respstmt></filedesc>
<profiledesc>
<textdesc n="letter"></textdesc>
<textclass>
<catref target="Series([], Name: ID, dtype: object)" type="ID"></catref>
<catref target="Series([], Name: Источник, dtype: object)" type="Источник"></catref>
<catref target="Series([], Name: Жанр художественной литературы, dtype: object)" type="Жанр художественной литературы"></catref>
<catref target="Series([], Name: Уточнение жанра 1, dtype: object)" type="Уточнение жанра"></catref>
<catref target="Series([], Name: Метр, dtype: object)" type="Метр"></catref>
<catref target="Series([], Name: Длина строки, dtype: object)" type="Длина строки"></catref>
<catref target="Series([], Name: Клаузула, dtype: object)" type="Клаузула"></catref>
<catref target="Series([], Name: Уточнение клаузулы 1, dtype: object)" type="Уточнение клаузулы"></catref>
<catref target="Series([], Name: Классическая строфа, dtype: object)" type="Классическая строфа"></catref>
<catref target="Series([], Name: Рифма, dtype: object)" type="Рифма"></catref>
<catref target="Series([], Name: Схема рифмовки, dtype: object)" type="Схема рифмовки"></catref>
<catref target="Series([], Name: Метрическая формула, dtype: object)" type="Метрическая формула"></catref>
<catref target="Series([], Name: Дополнительные параметры, dtype: object)" type="Дополнительные параметры"></catref>
<catref target="Series([], Name: Число строк, dtype: int64)" type="Число строк"></catref>
<catref target="Series([], Name: Автор оригинала, dtype: object)" type="Автор оригинала"></catref>
<catref target="Series([], Name: Язык оригинала, dtype: object)" type="Язык оригинала"></catref>
</textclass></profiledesc>
</teiheader>
<text>
<body>
<div1 n="4" type="volume">
<div2 n="" type="part">
<head>84.
Н. Я. МАНДЕЛЬШТАМ, </head>
<p>Родная моя! Я сижу в маленькой людской — потому что здесь «уютненькей» — и кончаю буквально последние 5 страниц проклятого немца. Как меня душила и тебя, мой маленький, эта работа! Завтра я о ней забуду. Утром я еще ездил на Лиговку к машинистке. К трем часам заехал в Гиз. Зашел в комнатку к Федину и Груздеву. Они как раз заполняли бланки с предложеньями книг: я мельком прочел: «один из лучших совр‹еменных› поэтов». Стараются! В числе других пробуют протащить «Рвача» Эренбурга. Надик! Надоело мне это проталкиванье и протаскиванье! Эти няньки и спасители-охранители! Мне грустно, деточка моя.<rs ref="Груздев, Илья Александрович" type="person"></rs><rs ref="Надежда," type="person"></rs><rs ref="Федин, Константин Александрович" type="person"></rs><rs ref="Эренбург, Илья Григорьевич" type="person"></rs></p>
<p>Горит красная лампочка, и Надежда поет «Кирпичики». Мне не мешает. Подошел деда и развил план насчет замши: нужно ему написать «доклад». Татуся вся в ветряных оспинках. Замучила свою бабушку, требует: <rs ref="Киев" type="geo_index"></rs><rs ref="Надежда," type="person"></rs><rs ref="Надежда," type="person"></rs></p>
<p>. А у меня требует Трамвая, зачем я у нее отнял — для тебя, Надик.<rs ref="Надежда," type="person"></rs></p>
<p>Сегодня от тебя не было письма. Что с тобой, Надик? Ответь своим голоском! Как турушка? Не болит или болит? Ведь у тебя уже «десять дней». Надик, я совсем не представляю себе, как ты живешь! Следит ли за тобой врач? <rs ref="Надежда," type="person"></rs></p>
<p>.</p>
<p>Сегодня вечером, отправив это письмо, я зайду к Бену. Все ужасно боятся, чтоб я к тебе ‹не› сбежал: неблагоразумно. Ты, родненькая, не беспокойся: я это сделаю лишь тогда, когда </p>
<p> будет. Как взрослый! Первую неделю, Надик, я прохворал — очень легко, — простудой. От нее сейчас нет и следа. Вот я говорю с тобой и не знаю, <rs ref="Надежда," type="person"></rs></p>
<p> тебе?</p>
<p>Голубок-младшенький, кинечка родная — ты не хочешь в Ялте? Нет? А у тебя, скажи, весна? «Тёпа?» Ты просишься в сырость, в снег... Не надо, Надик... Киев хорош в апреле. Через неделю твоя Няня заключит свои договоры и скажет: может ли он приехать? Надик, у тебя никого там нет! Ласковый мой, ручной, о чем ты думаешь? Митя ли тебя мудрости учит? В карты тебя мучают? Родненькая, в Ялте, наверно, длинные светлые дни. Надик, я хочу увидеть нашу комнату-фонарь, пустить зайчика в большевиков, полежать на постели узенькой и твердой. Я, родная, сплю теперь просто: не думаю о сне. В час засну. В семь проснусь. А ты, Надик, хорошо? Звереныш худенький. Несдобровать тебе. Будут от меня телеграммы. Сколько тебе надо денег? У меня будет «порядочно». Прямо забросаю. Все твои письма, родная, я ношу <rs ref="Киев" type="geo_index"></rs><rs ref="Ялта" type="geo_index"></rs><rs ref="Митя," type="person"></rs><rs ref="Надежда," type="person"></rs></p>
<p> с собой. На ночь говорю: спаси, Господи, Надиньку! Еще: пришли мне последнее письмо твоей мамы. Я их всегда ведь читаю. Целую волосенки и лапы и лобик и глазы. Мне грустно без тебя. Надик светленький, ответь мне. <rs ref="Надежда," type="person"></rs></p>
<p>Люблю Надю. К тебе. К тебе.<rs ref="Надежда," type="person"></rs></p>
</div2>
</div1>
</body>
</text>
</tei>
