<?xml version='1.0' encoding='UTF8'?>
<tei xmlns="http://www.tei-c.org/ns/1.0">
<teiheader>
<filedesc>
<titlestmt>
<title>Письма. 95. Н. Я. Мандельштам, ‹11—12 марта 1926 г.›</title>
<author>О.Э. Мандельштам</author>
</titlestmt>
<publicationstmt>
<p>АРТ-БИЗНЕС-ЦЕНТР МОСКВА 1993</p>
<biblstruct>
<biblscope n="" type="volume"></biblscope>
<biblscope n="" type="part"></biblscope>
</biblstruct></publicationstmt>
<sourcedesc>
<p>Издание подготовлено Мандельштамовским обществом</p>
</sourcedesc>
<respstmt>
<resp>Подготовка и разметка файлов - Алексей Литвинцев, Вероника Файнберг. Создание
          электронного ресурса - Тимофей Молчанов. Руководители проекта - Центр Digital Humanities,
          Мандельштамовское общество (НИУ ВШЭ).</resp>
</respstmt></filedesc>
<profiledesc>
<textdesc n="letter"></textdesc>
<textclass>
<catref target="Series([], Name: ID, dtype: object)" type="ID"></catref>
<catref target="Series([], Name: Источник, dtype: object)" type="Источник"></catref>
<catref target="Series([], Name: Жанр художественной литературы, dtype: object)" type="Жанр художественной литературы"></catref>
<catref target="Series([], Name: Уточнение жанра 1, dtype: object)" type="Уточнение жанра"></catref>
<catref target="Series([], Name: Метр, dtype: object)" type="Метр"></catref>
<catref target="Series([], Name: Длина строки, dtype: object)" type="Длина строки"></catref>
<catref target="Series([], Name: Клаузула, dtype: object)" type="Клаузула"></catref>
<catref target="Series([], Name: Уточнение клаузулы 1, dtype: object)" type="Уточнение клаузулы"></catref>
<catref target="Series([], Name: Классическая строфа, dtype: object)" type="Классическая строфа"></catref>
<catref target="Series([], Name: Рифма, dtype: object)" type="Рифма"></catref>
<catref target="Series([], Name: Схема рифмовки, dtype: object)" type="Схема рифмовки"></catref>
<catref target="Series([], Name: Метрическая формула, dtype: object)" type="Метрическая формула"></catref>
<catref target="Series([], Name: Дополнительные параметры, dtype: object)" type="Дополнительные параметры"></catref>
<catref target="Series([], Name: Число строк, dtype: int64)" type="Число строк"></catref>
<catref target="Series([], Name: Автор оригинала, dtype: object)" type="Автор оригинала"></catref>
<catref target="Series([], Name: Язык оригинала, dtype: object)" type="Язык оригинала"></catref>
</textclass></profiledesc>
</teiheader>
<text>
<body>
<div1 n="4" type="volume">
<div2 n="95" type="part">
<head>95.
Н. Я. МАНДЕЛЬШТАМ, </head>
<p>Как мы быстренько переговорились телеграммушками! Я действительно во вторник выеду в Москву, но не знаю, <rs ref="Москва" type="geo_index"></rs><rs ref="Москва" type="geo_index"></rs></p>
<p>. Боюсь тебе советовать насчет Лоланова. Ну как ты там будешь совсем одна, даже без Мити и прочих? Если там копошатся хоть какие-нибудь люди, так обязательно переезжай. Брось эту трущобу. Как ведь славно и открыто у Лоланова! Но только не <rs ref="Лоланов," type="person"></rs><rs ref="Митя," type="person"></rs></p>
<p> одна. Мы с тобой обеспечены вдвоем, если я приеду 20-го, на весь апрель. Но я хочу обязательно приехать — лучше позже, но с работой, чтоб не было перебоя в мае. Это мне безусловно удастся. Прибой с </p>
<p> гарантирует постоянную работу, как раньше в Гизе. А Горлин советует мне съездить с Вольфсоном в Москву протолкнуть одну из книг. <rs ref="Москва" type="geo_index"></rs><rs ref="Москва" type="geo_index"></rs><rs ref="Вольфсон М. Б." type="person"></rs><rs ref="Горлин, Александр Николаевич" type="person"></rs></p>
<p>. Во всяком случае, если у меня будет наличными 500 р., а они почти уже есть, я к тебе еду немедленно из Москвы. И Горлин и Грюнберг вышлют мне книги и подпишут договоры без меня. В мае я тебя на недельку оставлю одну — выеду вперед — подготовить твой переезд в Киев. Да, вот еще: детский отдел Прибоя просит книжку. С ними очень легко. Они немудреные. Если завтра сговорюсь, напишу в один день. Пойми, моя родненькая, что под самое лето мне уже стоит приехать к тебе на месяц. Но я бы уже давно приехал, если б не заботился о плавности твоего возвращенья и хорошей жизни в Киеве и в Царском... Ну довольно, пташенька, о делах. Как видишь, я не рассчитываю на неожиданности, хотя они могут быть в Москве.<rs ref="Киев" type="geo_index"></rs><rs ref="Москва" type="geo_index"></rs><rs ref="Царское (Детское) Село (г. Пушкин)" type="geo_index"></rs><rs ref="Москва" type="geo_index"></rs><rs ref="Горлин, Александр Николаевич" type="person"></rs><rs ref="Грюнберг, Леон Борисович," type="person"></rs></p>
<p>Посылаю тебе деду. Правда, какой он миленький? И книжку Вагинова. Знаешь, там есть строчка: «О море — нежный “братец” человечий». Я дам тебе телеграмму в день отъезда в Москву, а из Москвы о дальнейшем. Пиши пока, <rs ref="Москва" type="geo_index"></rs><rs ref="Москва" type="geo_index"></rs><rs ref="Вагинов (Вагенгейм), Константин Константинович" type="person"></rs></p>
<p>, на петербургский адрес, а после на адрес твоего Жени. Остановлюсь я, если на 2 — 3 дня, у Пастернака, если на неделю, то у Шуры. Надик, мне портной на Среднем великолепно починил брюки, и у меня «приличный» вид. Вот ботинки я куплю. Это надо. Надик, неужели ты смотрел в Ялте на набережной для своей Няни шерстку? Ах ты заботливый мой друженька, о чем ты думаешь? А светер у тебя есть? У нас опять зима. Сухо. Снежно. Вейки. Сегодня утром ели блины с одной сметанушкой только.<rs ref="Ялта" type="geo_index"></rs><rs ref="Пастернак, Борис Леонидович" type="person"></rs></p>
<p>Няня твоя с сегодняшнего дня отдыхает: она кончила две книжки для Гиза и Прибоя. Я часто сижу за кухней в тепленькой комнатке, хотя вся квартира пустая. Но там я как-то дома, и там мне ближе к тебе. Личико твое уже не кажется мне таким болезненным. Оно проясняется на карточке. Я смотрю на него две секундочки — утром и вечером. Понимаешь, почему? Чтоб не сбежать к тебе раньше времени. Завтра утром я иду к Горлину инструктироваться для Москвы и условиться с моим спутником.<rs ref="Москва" type="geo_index"></rs><rs ref="Москва" type="geo_index"></rs><rs ref="Горлин, Александр Николаевич" type="person"></rs></p>
<p>Родной мой, нежненький, беленький, береги себя. Меньше ходи. Бери возю. Дай поцелую желтые волосики. Наверно, ты без меня воспользовалась и перекрасилась? Надик мой, я к тебе еду... У меня </p>
<p> тон, оттого что я </p>
<p>. Только оттого.</p>
<p>Родная моя, не смей плакать. Спи хорошо. Я с тобой. Улыбнись мне и скажи: я твоя Някушка, иди ко мне, Няня — и я приду. Твой Нянь.</p>
</div2>
</div1>
</body>
</text>
</tei>
