<?xml version='1.0' encoding='UTF8'?>
<tei xmlns="http://www.tei-c.org/ns/1.0">
<teiheader>
<filedesc>
<titlestmt>
<title>Письма. 99. Э. В. Мандельштаму, ‹конец апреля 1926 г.›</title>
<author>О.Э. Мандельштам</author>
</titlestmt>
<publicationstmt>
<p>АРТ-БИЗНЕС-ЦЕНТР МОСКВА 1993</p>
<biblstruct>
<biblscope n="" type="volume"></biblscope>
<biblscope n="" type="part"></biblscope>
</biblstruct></publicationstmt>
<sourcedesc>
<p>Издание подготовлено Мандельштамовским обществом</p>
</sourcedesc>
<respstmt>
<resp>Подготовка и разметка файлов - Алексей Литвинцев, Вероника Файнберг. Создание
          электронного ресурса - Тимофей Молчанов. Руководители проекта - Центр Digital Humanities,
          Мандельштамовское общество (НИУ ВШЭ).</resp>
</respstmt></filedesc>
<profiledesc>
<textdesc n="letter"></textdesc>
<textclass>
<catref target="Series([], Name: ID, dtype: object)" type="ID"></catref>
<catref target="Series([], Name: Источник, dtype: object)" type="Источник"></catref>
<catref target="Series([], Name: Жанр художественной литературы, dtype: object)" type="Жанр художественной литературы"></catref>
<catref target="Series([], Name: Уточнение жанра 1, dtype: object)" type="Уточнение жанра"></catref>
<catref target="Series([], Name: Метр, dtype: object)" type="Метр"></catref>
<catref target="Series([], Name: Длина строки, dtype: object)" type="Длина строки"></catref>
<catref target="Series([], Name: Клаузула, dtype: object)" type="Клаузула"></catref>
<catref target="Series([], Name: Уточнение клаузулы 1, dtype: object)" type="Уточнение клаузулы"></catref>
<catref target="Series([], Name: Классическая строфа, dtype: object)" type="Классическая строфа"></catref>
<catref target="Series([], Name: Рифма, dtype: object)" type="Рифма"></catref>
<catref target="Series([], Name: Схема рифмовки, dtype: object)" type="Схема рифмовки"></catref>
<catref target="Series([], Name: Метрическая формула, dtype: object)" type="Метрическая формула"></catref>
<catref target="Series([], Name: Дополнительные параметры, dtype: object)" type="Дополнительные параметры"></catref>
<catref target="Series([], Name: Число строк, dtype: int64)" type="Число строк"></catref>
<catref target="Series([], Name: Автор оригинала, dtype: object)" type="Автор оригинала"></catref>
<catref target="Series([], Name: Язык оригинала, dtype: object)" type="Язык оригинала"></catref>
</textclass></profiledesc>
</teiheader>
<text>
<body>
<div1 n="4" type="volume">
<div2 n="99" type="part">
<head>99.
Э. В. МАНДЕЛЬШТАМУ, </head>
<p>Все это время я не писал ни тебе, ни кому, потому что впал в состояние такого глубокого отдыха, что сравнить его можно разве только со сном. Механически, правда, я работал, но за многие годы это был первый месяц, когда мы с Надей действительно отдохнули, позабыв все — и то, что нужно было забыть, — и то, чего нельзя. Надя далеко еще не выздоровела. У нее прекратились — вот уже недель шесть — боли в кишечнике и явленья этого порядка, вес ее превосходный, самочувствие отличное, силы таковы, что она проходит (иногда) пешком целые версты, но температура держится упорно, обычно 37,3-4, поднимаясь часто до 37,5-6, а изредка и до 38º. Это показывает, что туберкулезный процесс активен (очевидно, в железах), но кишечник ему сопротивляется и легкие (хотя могут быть задеты и бронхиальные железы) здоровы. Надю приходится держать ближайшие </p>
<p> в исключительно благоприятных и мягких условиях во избежание острых вспышек и резкого ухудшения.</p>
<p> но будущую зиму только на крайнем юге, лучше в Сухуме, чем в Ялте... Через две недели я думаю выехать в Петербург. В денежном отношении до сегодняшнего дня мы свели концы с концами, сейчас я жду денег на последние две-три недели и на отъезд. Уеду я, конечно, один и вышлю Наде из Москвы или из Петербурга на дорогу и на жизнь в <rs ref="Москва" type="geo_index"></rs><rs ref="Сухуми" type="geo_index"></rs><rs ref="Ялта" type="geo_index"></rs><rs ref="Москва" type="geo_index"></rs></p>
<p>, где она останется дней 10, т. к. по тамошней у родителей обстановке и вообще в центре большого пыльного южного города оставаться нет смысла. Царское куда лучше и мне удобнее. Факт тот, что денег у меня в обрез, т. е. <rs ref="Царское (Детское) Село (г. Пушкин)" type="geo_index"></rs></p>
<p> их </p>
<p>, и </p>
<p> спокойный за Надю, не спеша, с перспективой дешевого лета, я смогу все свои усилия на первом плане посвятить тебе. Сейчас уезжать нет смысла: во -первых, это сорвет работу, во-вторых, жалко чудесных дней, которые только что начались... хоть краюшком их захватить после мрачной зимы. Все цветет, небо и море синие, воздух чудо как пахнет и т. д.</p>
<p>Милый папочка, ты ‹вс›е понимаешь и не сердишься. У меня сейчас короткая остановка: оазис, а дальше опять будет трудно</p>
<p>. Спасибо Жене, что позволил нам продержаться до лета. </p>
<p>. Целую Женю, Татиньку</p>
<p>милую и горячий привет М‹арии› Н‹иколаевне›. Все собираемся ей написать, поблагодарить... Татьке Надя купила громадный пароход с человеческий рост. Куда его прислать?</p>
<p>Пиши мне, папа, пока еще здесь таких друзей, как ты, у меня нет и не было, и твое письмо мне большая, большая радость (немецкий почерк разбираю!). Целую крепко. До свидания,</p>
<p>Папочка, я не отвечаю тебе «по пунктам», но поверь — каждый оборот твоего письма, каждая фраза мне близка и понятна.</p>
<p>Насчет «воспоминаний» о тебе ты глубоко неправ: я их далеко не исчерпал, не вытряхнул. Мы с тобой связаны крепче, чем ты думаешь!</p>
</div2>
</div1>
</body>
</text>
</tei>
