<?xml version='1.0' encoding='UTF8'?>
<tei xmlns="http://www.tei-c.org/ns/1.0">
<teiheader>
<filedesc>
<titlestmt>
<title>Письма. 92. Н. Я. Мандельштам, ‹7 марта 1926 г.›</title>
<author>О.Э. Мандельштам</author>
</titlestmt>
<publicationstmt>
<p>АРТ-БИЗНЕС-ЦЕНТР МОСКВА 1993</p>
<biblstruct>
<biblscope n="" type="volume"></biblscope>
<biblscope n="" type="part"></biblscope>
</biblstruct></publicationstmt>
<sourcedesc>
<p>Издание подготовлено Мандельштамовским обществом</p>
</sourcedesc>
<respstmt>
<resp>Подготовка и разметка файлов - Алексей Литвинцев, Вероника Файнберг. Создание
          электронного ресурса - Тимофей Молчанов. Руководители проекта - Центр Digital Humanities,
          Мандельштамовское общество (НИУ ВШЭ).</resp>
</respstmt></filedesc>
<profiledesc>
<textdesc n="letter"></textdesc>
<textclass>
<catref target="Series([], Name: ID, dtype: object)" type="ID"></catref>
<catref target="Series([], Name: Источник, dtype: object)" type="Источник"></catref>
<catref target="Series([], Name: Жанр художественной литературы, dtype: object)" type="Жанр художественной литературы"></catref>
<catref target="Series([], Name: Уточнение жанра 1, dtype: object)" type="Уточнение жанра"></catref>
<catref target="Series([], Name: Метр, dtype: object)" type="Метр"></catref>
<catref target="Series([], Name: Длина строки, dtype: object)" type="Длина строки"></catref>
<catref target="Series([], Name: Клаузула, dtype: object)" type="Клаузула"></catref>
<catref target="Series([], Name: Уточнение клаузулы 1, dtype: object)" type="Уточнение клаузулы"></catref>
<catref target="Series([], Name: Классическая строфа, dtype: object)" type="Классическая строфа"></catref>
<catref target="Series([], Name: Рифма, dtype: object)" type="Рифма"></catref>
<catref target="Series([], Name: Схема рифмовки, dtype: object)" type="Схема рифмовки"></catref>
<catref target="Series([], Name: Метрическая формула, dtype: object)" type="Метрическая формула"></catref>
<catref target="Series([], Name: Дополнительные параметры, dtype: object)" type="Дополнительные параметры"></catref>
<catref target="Series([], Name: Число строк, dtype: int64)" type="Число строк"></catref>
<catref target="Series([], Name: Автор оригинала, dtype: object)" type="Автор оригинала"></catref>
<catref target="Series([], Name: Язык оригинала, dtype: object)" type="Язык оригинала"></catref>
</textclass></profiledesc>
</teiheader>
<text>
<body>
<div1 n="4" type="volume">
<div2 n="92" type="part">
<head>92.
Н. Я. МАНДЕЛЬШТАМ, </head>
<p>Родная моя, если б ты знала, в какой я тревоге! Уже сутки нет ответа на мою ответную телеграмму. Солнышко мое, я безумно за тебя боюсь, а главное, не знаю, что с тобой. В телегр(амме) переврали одно слово: «если» значит, очевидно — «боли». «Опять боли»? Да, Надик? Как я могу тебе советовать, не зная <rs ref="Сологуб, Федор" type="person"></rs></p>
<p> Потом: я писал спешные : 28-го, 1-го, 3, 5 и сегодня 7-го. Неужели ты не получила? Буду писать каждый день, родная. </p>
<p> а </p>
<p> </p>
<p> вот ключ к перебоям писем...</p>
<p>Надинька, в городах </p>
<p> ужасная. Слякоть. Вред. Куда ты рвешься? Ты и всякая на твоем месте заболеет через 3 дня. Подожди хоть апреля, если не хочешь весны в Ялте. Не будь сумасшедшенькой. Я тебе писал не жалеть денег. Это не пустые слова: у меня их <rs ref="Ялта" type="geo_index"></rs><rs ref="Киев" type="geo_index"></rs></p>
<p>. Потрать в марте хоть </p>
<p> р. Апрель будет все равно обеспечен. Не знаю, как, но </p>
<p>. </p>
<p> Не бросай только Ялту. Если ты останешься надолго (на апрель), я приеду. На днях я оборачиваю свое колесо. Беру новые заказы и еду в Москву. Оттуда к тебе. Умоляю, пиши мне подробно о здоровьи. Ты знаешь, голубка, как писать. За меня беспокоиться нелепо. Я очень поздоровел. Ничего тут не поделаешь! Если б ты знала, каким молодцом я работаю и делаю все, что нужно. Вот Няня сама себя похвалила... <rs ref="Ялта" type="geo_index"></rs></p>
<p> Все чепуха — лишь бы мою Някушку не кормили дрянью. Может, ты откажешься </p>
<p> и объединишься хозяйственно с Тюфлиным? Надик родненький, может, я советую глупости — тебе виднее, но не бросай Ялту в опасное время года.<rs ref="Ялта" type="geo_index"></rs><rs ref="Тюфлины," type="person"></rs></p>
<p>Нежняночка моя, слушай свою Няню. Покупай </p>
<p>. Плюнь на тарховские штучки. Плати им хоть даром деньги. </p>
<p>, а у нас или в Киеве — отрава... Слушайся, родная, Няню и Цанова. Милая моя, я весь день сегодня сумасшедший. Жду телеграммы.<rs ref="Киев" type="geo_index"></rs><rs ref="Цанов," type="person"></rs></p>
<p>Целую родненькую. Спаси, Господи, Надиньку мою. Няня твоя. Твоя Няня.</p>
</div2>
</div1>
</body>
</text>
</tei>
