<?xml version='1.0' encoding='UTF8'?>
<tei xmlns="http://www.tei-c.org/ns/1.0">
<teiheader>
<filedesc>
<titlestmt>
<title>Письма. 98. Н. Я. Мандельштам, 17 марта ‹1926 г.›</title>
<author>О.Э. Мандельштам</author>
</titlestmt>
<publicationstmt>
<p>АРТ-БИЗНЕС-ЦЕНТР МОСКВА 1993</p>
<biblstruct>
<biblscope n="" type="volume"></biblscope>
<biblscope n="" type="part"></biblscope>
</biblstruct></publicationstmt>
<sourcedesc>
<p>Издание подготовлено Мандельштамовским обществом</p>
</sourcedesc>
<respstmt>
<resp>Подготовка и разметка файлов - Алексей Литвинцев, Вероника Файнберг. Создание
          электронного ресурса - Тимофей Молчанов. Руководители проекта - Центр Digital Humanities,
          Мандельштамовское общество (НИУ ВШЭ).</resp>
</respstmt></filedesc>
<profiledesc>
<textdesc n="letter"></textdesc>
<textclass>
<catref target="Series([], Name: ID, dtype: object)" type="ID"></catref>
<catref target="Series([], Name: Источник, dtype: object)" type="Источник"></catref>
<catref target="Series([], Name: Жанр художественной литературы, dtype: object)" type="Жанр художественной литературы"></catref>
<catref target="Series([], Name: Уточнение жанра 1, dtype: object)" type="Уточнение жанра"></catref>
<catref target="Series([], Name: Метр, dtype: object)" type="Метр"></catref>
<catref target="Series([], Name: Длина строки, dtype: object)" type="Длина строки"></catref>
<catref target="Series([], Name: Клаузула, dtype: object)" type="Клаузула"></catref>
<catref target="Series([], Name: Уточнение клаузулы 1, dtype: object)" type="Уточнение клаузулы"></catref>
<catref target="Series([], Name: Классическая строфа, dtype: object)" type="Классическая строфа"></catref>
<catref target="Series([], Name: Рифма, dtype: object)" type="Рифма"></catref>
<catref target="Series([], Name: Схема рифмовки, dtype: object)" type="Схема рифмовки"></catref>
<catref target="Series([], Name: Метрическая формула, dtype: object)" type="Метрическая формула"></catref>
<catref target="Series([], Name: Дополнительные параметры, dtype: object)" type="Дополнительные параметры"></catref>
<catref target="Series([], Name: Число строк, dtype: int64)" type="Число строк"></catref>
<catref target="Series([], Name: Автор оригинала, dtype: object)" type="Автор оригинала"></catref>
<catref target="Series([], Name: Язык оригинала, dtype: object)" type="Язык оригинала"></catref>
</textclass></profiledesc>
</teiheader>
<text>
<body>
<div1 n="4" type="volume">
<div2 n="98" type="part">
<head>98.
Н. Я. МАНДЕЛЬШТАМ, </head>
<p>Родная Надик! Что ты мне не отвечаешь? Два дня я в Москве, и нет от тебя телеграммы! Вчера я опоздал к закрытию почты. Вот второе письмецо — от среды. Детка моя, мне все очень легко удалось. Я уже получил санкцию Гиза на договор. В Кино-Печати тоже дают фантастические деньги 150 — 200 р. — ни за что. Остается поговорить завтра с Нарбутом и Воронским. Это уже мне не нужно. Мы обеспечены до самого лета. В субботу я поеду прощаться в Петербург. На все дела мне нужен там один понедельник. А во вторник думаю выехать прямо в Ялту. Вчера я ночевал у Пастернака в комнате с его братом на ужасном одре-диване, а сегодня у твоего буду Женички. Какой он славный! Они, правда, поссорились с стариками. Женю не вызывают к телефону и не открывают к нему. Лена была на днях в Киеве. А мы с тобой поедем в Киев в мае. Няня твоя <rs ref="Киев" type="geo_index"></rs><rs ref="Москва" type="geo_index"></rs><rs ref="Ялта" type="geo_index"></rs><rs ref="Москва" type="geo_index"></rs><rs ref="Москва" type="geo_index"></rs><rs ref="Воронский, Александр Константинович" type="person"></rs><rs ref="Нарбут, Владимир Иванович" type="person"></rs><rs ref="Пастернак, Борис Леонидович" type="person"></rs></p>
<p> </p>
<p> и безумно волнуется отсутствием твоей телеграммы. Родненькая, я хожу по улицам московским и вспоминаю всю нашу милую трудную родную жизнь. Ангел мой, у Жени висит твой портрет — работы Сони. Когда я ехал к тебе в первый раз — как я ему обрадовался. Солнце мое, я люблю тебя. Со мной Шура на почте. Надик жизнь, я иду к тебе.</p>
</div2>
</div1>
</body>
</text>
</tei>
