<?xml version='1.0' encoding='UTF8'?>
<tei xmlns="http://www.tei-c.org/ns/1.0">
<teiheader>
<filedesc>
<titlestmt>
<title>Письма. 93. Н. Я. Мандельштам, ‹9 марта 1926 г.›</title>
<author>О.Э. Мандельштам</author>
</titlestmt>
<publicationstmt>
<p>АРТ-БИЗНЕС-ЦЕНТР МОСКВА 1993</p>
<biblstruct>
<biblscope n="" type="volume"></biblscope>
<biblscope n="" type="part"></biblscope>
</biblstruct></publicationstmt>
<sourcedesc>
<p>Издание подготовлено Мандельштамовским обществом</p>
</sourcedesc>
<respstmt>
<resp>Подготовка и разметка файлов - Алексей Литвинцев, Вероника Файнберг. Создание
          электронного ресурса - Тимофей Молчанов. Руководители проекта - Центр Digital Humanities,
          Мандельштамовское общество (НИУ ВШЭ).</resp>
</respstmt></filedesc>
<profiledesc>
<textdesc n="letter"></textdesc>
<textclass>
<catref target="Series([], Name: ID, dtype: object)" type="ID"></catref>
<catref target="Series([], Name: Источник, dtype: object)" type="Источник"></catref>
<catref target="Series([], Name: Жанр художественной литературы, dtype: object)" type="Жанр художественной литературы"></catref>
<catref target="Series([], Name: Уточнение жанра 1, dtype: object)" type="Уточнение жанра"></catref>
<catref target="Series([], Name: Метр, dtype: object)" type="Метр"></catref>
<catref target="Series([], Name: Длина строки, dtype: object)" type="Длина строки"></catref>
<catref target="Series([], Name: Клаузула, dtype: object)" type="Клаузула"></catref>
<catref target="Series([], Name: Уточнение клаузулы 1, dtype: object)" type="Уточнение клаузулы"></catref>
<catref target="Series([], Name: Классическая строфа, dtype: object)" type="Классическая строфа"></catref>
<catref target="Series([], Name: Рифма, dtype: object)" type="Рифма"></catref>
<catref target="Series([], Name: Схема рифмовки, dtype: object)" type="Схема рифмовки"></catref>
<catref target="Series([], Name: Метрическая формула, dtype: object)" type="Метрическая формула"></catref>
<catref target="Series([], Name: Дополнительные параметры, dtype: object)" type="Дополнительные параметры"></catref>
<catref target="Series([], Name: Число строк, dtype: int64)" type="Число строк"></catref>
<catref target="Series([], Name: Автор оригинала, dtype: object)" type="Автор оригинала"></catref>
<catref target="Series([], Name: Язык оригинала, dtype: object)" type="Язык оригинала"></catref>
</textclass></profiledesc>
</teiheader>
<text>
<body>
<div1 n="4" type="volume">
<div2 n="93" type="part">
<head>93.
Н. Я. МАНДЕЛЬШТАМ, </head>
<p>Родненькая, целую твои гранатики. Надик, что это было? Три дня я сходил с ума. С субботы на телеграмму до вторника — ничего... Что с тобой, жизнь моя? Значит, простуда прошла. А боли? А тошнота? Надик мой, все мне мало, все не подробно. Письма, письма жду. Какая ты умница, что осталась в Ялте! <rs ref="Ялта" type="geo_index"></rs></p>
<p> Ты знаешь, я завтра кончаю работу. Прибой мне должен </p>
<p> р. Я сумею их сразу взять. Родная, уже март идет. Как нам легко теперь... Если б ты знала, как я томился эти дни. Вчера я не писал — сил не было от тревоги. Ты ведь понимаешь. Сегодня я тел‹еграфировал› Мите, потом хотел срочно Тарховой и позвонил по телефону: мне прочли твою утреннюю телеграммку. А я тебя не разбудил своей? Все в доме смотрят на меня с нежным состраданием, как на сумасшедшего... Деда меня неудачно утешал, М‹ария› Н‹иколаевна› влияла и т. д. Пташенька моя, если б я знал, что с тобой! Теперь, правда, уж скоро я у тебя... Но твои письма обходят здоровье. Где <rs ref="Митя," type="person"></rs><rs ref="Тархова, Мария Михайловна," type="person"></rs></p>
<p> температуры? Как пищеваренье? — Ведь ты же молчишь обо всем. Так нельзя. Одни обрывочки. Что говорит Цанов? Почему ты не купишь дров и не топишь вовсю? Кто тебе смеет это запретить? Сейчас же купи хороший шерстяной светер! Если не выходишь, поручи М‹арье› Мих‹айловне›. Хочешь знать, как с моим отъездом? Пока еще нет новой работы. Но Горлин как родной: он пришлет ее, а затем, возможно — Москва мне даст или даже здесь Ангерт с Вольфсоном. Прибой предлагает <rs ref="Ангерт, Давид Николаевич" type="person"></rs><rs ref="Вольфсон М. Б." type="person"></rs><rs ref="Горлин, Александр Николаевич" type="person"></rs><rs ref="Цанов," type="person"></rs></p>
<p> работу, но с ними, все-таки, очень противно — хотя они ручные и почтительные, но какие-то сумбурные. Если я приеду с 400 — 500 р., я смогу с тобой прожить от 15 — 20 марта до 25 апреля и не спеша сделать работку. А если бы и не работать ‹в› Ялте? Чем худо? Но Няня приедет с работкой.<rs ref="Ялта" type="geo_index"></rs></p>
<p>Вчера меня затащили на заседание в Зуб‹овский› институт. Читал Тихонов. Меня встретили, как Сологуба, молодежь уступала мне стулья, как Франс Энгру, и я был оракулом-младенцем — сумасшедший какой я был, думал о тебе, только о тебе, Надик нежняночка. Выпей за свою Няню рюмочку портвейна. Целую твои гранатики родные, мои, и твой новый плохой, но тоже Нянин <rs ref="Сологуб, Федор" type="person"></rs><rs ref="Тихонов, Николай Семенович" type="person"></rs><rs ref="Франс, Анатоль" type="person"></rs><rs ref="Энгр, Жан Огюст Доминик" type="person"></rs></p>
<p>. Нет такой силы, чтоб удержала меня теперь к тебе приехать. Самое большее я здесь промешкаю неделю (да вот Москва!). Ты моя милая,</p>
<p>моя прелесть с лобиком высоким, мой друг, мой ангел. Жди меня. Спаси, Господи, мою Надиньку! Няня твоя с тобой.</p>
<p>P. S. Я </p>
<p> здоров и все время был здоров.</p>
</div2>
</div1>
</body>
</text>
</tei>
