<?xml version='1.0' encoding='UTF8'?>
<tei xmlns="http://www.tei-c.org/ns/1.0">
<teiheader>
<filedesc>
<titlestmt>
<title>Письма. 94. Н. Я. Мандельштам, ‹10 марта 1926 г.›</title>
<author>О.Э. Мандельштам</author>
</titlestmt>
<publicationstmt>
<p>АРТ-БИЗНЕС-ЦЕНТР МОСКВА 1993</p>
<biblstruct>
<biblscope n="" type="volume"></biblscope>
<biblscope n="" type="part"></biblscope>
</biblstruct></publicationstmt>
<sourcedesc>
<p>Издание подготовлено Мандельштамовским обществом</p>
</sourcedesc>
<respstmt>
<resp>Подготовка и разметка файлов - Алексей Литвинцев, Вероника Файнберг. Создание
          электронного ресурса - Тимофей Молчанов. Руководители проекта - Центр Digital Humanities,
          Мандельштамовское общество (НИУ ВШЭ).</resp>
</respstmt></filedesc>
<profiledesc>
<textdesc n="letter"></textdesc>
<textclass>
<catref target="Series([], Name: ID, dtype: object)" type="ID"></catref>
<catref target="Series([], Name: Источник, dtype: object)" type="Источник"></catref>
<catref target="Series([], Name: Жанр художественной литературы, dtype: object)" type="Жанр художественной литературы"></catref>
<catref target="Series([], Name: Уточнение жанра 1, dtype: object)" type="Уточнение жанра"></catref>
<catref target="Series([], Name: Метр, dtype: object)" type="Метр"></catref>
<catref target="Series([], Name: Длина строки, dtype: object)" type="Длина строки"></catref>
<catref target="Series([], Name: Клаузула, dtype: object)" type="Клаузула"></catref>
<catref target="Series([], Name: Уточнение клаузулы 1, dtype: object)" type="Уточнение клаузулы"></catref>
<catref target="Series([], Name: Классическая строфа, dtype: object)" type="Классическая строфа"></catref>
<catref target="Series([], Name: Рифма, dtype: object)" type="Рифма"></catref>
<catref target="Series([], Name: Схема рифмовки, dtype: object)" type="Схема рифмовки"></catref>
<catref target="Series([], Name: Метрическая формула, dtype: object)" type="Метрическая формула"></catref>
<catref target="Series([], Name: Дополнительные параметры, dtype: object)" type="Дополнительные параметры"></catref>
<catref target="Series([], Name: Число строк, dtype: int64)" type="Число строк"></catref>
<catref target="Series([], Name: Автор оригинала, dtype: object)" type="Автор оригинала"></catref>
<catref target="Series([], Name: Язык оригинала, dtype: object)" type="Язык оригинала"></catref>
</textclass></profiledesc>
</teiheader>
<text>
<body>
<div1 n="4" type="volume">
<div2 n="94" type="part">
<head>94.
Н. Я. МАНДЕЛЬШТАМ, </head>
<p>Родная наша Надинька, мы пишем тебе с Аней: я у нее в гостях (увы — в первый раз). У нее беленькая приличная комнатка рядом с спальней хозяев. Дети ее уже легли спать. Хозяин ее больше не любит. В доме есть радио.</p>
<p>‹Сег›одня я получил твое сердитое письмецо: что у тебя, Надик? 37,6 от простуды или нет? А телеграммку с Митиной визой получил. Спасибо, ангел мой. Голосок твой даже в телеграммке. Вот ты послушалась меня, умница, но смотри не жалей денег. Заставь себя кормить хорошо. Хоть за свой счет каждый день кур покупай. Главное, чтоб до моего приезда тебя не смели обижать. Я знаю, как много значат для тебя волнения: от них и тошнота и даже боли. Будь же спокойна, солнышко мое нежное. И купи дрова и светер.<rs ref="Митя," type="person"></rs></p>
<p>Прибой я терроризировал: они все заплатят, потому что боятся, что я их опозорю. Так и сказали. Я думаю (очень серьезно) через неделю, т. е. 17-го, выехать в Москву и дальше к тебе, родная. Сегодня я писал деде анкету в Ригу. Днем у меня разболелась голова на 2 — 3 часа, <rs ref="Рига" type="geo_index"></rs></p>
<p> как раньше. М‹ария› Н‹иколаевна› — бабушка меня вылечила порошком и вкусным обедиком.</p>
<p>Надик родной, спи спокойно. Няня тебе велит. Главное, засыпая не думать о сне: тогда заснешь. Думай о горушке в Киеве и домике в парке в Царском. Ну, мой дитенок, до свиданья. Передаю перо Ане:<rs ref="Киев" type="geo_index"></rs><rs ref="Царское (Детское) Село (г. Пушкин)" type="geo_index"></rs></p>
<p>Надюша, я недовольна. О. Е. ходит без запонок, манжеты завернуты вокруг рук и весь в пуху.</p>
<p>Целую доню.</p>
<p>Надик мой нежняночка! Я приписываю на вокзале (Анька живет около). Это бумага ее детей.</p>
<p>Ты, мой родненький, спи крепко, сладко спи, не думай ни о чем грустненьком. Деточка, воздух твой — я им дышу — он мой — он — наш!</p>
<p>Я люблю тебя, Надик.</p>
</div2>
</div1>
</body>
</text>
</tei>
