<?xml version='1.0' encoding='UTF8'?>
<tei xmlns="http://www.tei-c.org/ns/1.0">
<teiheader>
<filedesc>
<titlestmt>
<title>Письма. 96. Н. Я. Мандельштам, 16 марта ‹1926 г.›</title>
<author>О.Э. Мандельштам</author>
</titlestmt>
<publicationstmt>
<p>АРТ-БИЗНЕС-ЦЕНТР МОСКВА 1993</p>
<biblstruct>
<biblscope n="" type="volume"></biblscope>
<biblscope n="" type="part"></biblscope>
</biblstruct></publicationstmt>
<sourcedesc>
<p>Издание подготовлено Мандельштамовским обществом</p>
</sourcedesc>
<respstmt>
<resp>Подготовка и разметка файлов - Алексей Литвинцев, Вероника Файнберг. Создание
          электронного ресурса - Тимофей Молчанов. Руководители проекта - Центр Digital Humanities,
          Мандельштамовское общество (НИУ ВШЭ).</resp>
</respstmt></filedesc>
<profiledesc>
<textdesc n="letter"></textdesc>
<textclass>
<catref target="Series([], Name: ID, dtype: object)" type="ID"></catref>
<catref target="Series([], Name: Источник, dtype: object)" type="Источник"></catref>
<catref target="Series([], Name: Жанр художественной литературы, dtype: object)" type="Жанр художественной литературы"></catref>
<catref target="Series([], Name: Уточнение жанра 1, dtype: object)" type="Уточнение жанра"></catref>
<catref target="Series([], Name: Метр, dtype: object)" type="Метр"></catref>
<catref target="Series([], Name: Длина строки, dtype: object)" type="Длина строки"></catref>
<catref target="Series([], Name: Клаузула, dtype: object)" type="Клаузула"></catref>
<catref target="Series([], Name: Уточнение клаузулы 1, dtype: object)" type="Уточнение клаузулы"></catref>
<catref target="Series([], Name: Классическая строфа, dtype: object)" type="Классическая строфа"></catref>
<catref target="Series([], Name: Рифма, dtype: object)" type="Рифма"></catref>
<catref target="Series([], Name: Схема рифмовки, dtype: object)" type="Схема рифмовки"></catref>
<catref target="Series([], Name: Метрическая формула, dtype: object)" type="Метрическая формула"></catref>
<catref target="Series([], Name: Дополнительные параметры, dtype: object)" type="Дополнительные параметры"></catref>
<catref target="Series([], Name: Число строк, dtype: int64)" type="Число строк"></catref>
<catref target="Series([], Name: Автор оригинала, dtype: object)" type="Автор оригинала"></catref>
<catref target="Series([], Name: Язык оригинала, dtype: object)" type="Язык оригинала"></catref>
</textclass></profiledesc>
</teiheader>
<text>
<body>
<div1 n="4" type="volume">
<div2 n="96" type="part">
<head>96.
Н. Я. МАНДЕЛЬШТАМ, </head>
<p>Родная моя Надинька! Пишу тебе в квартирке Шкловского. Утром приехал в Москву. Сразу в Гиз. Меня встретили очень хорошо, ничуть не хуже, чем у Горлина и Белицкого. Дело мое, т. е. утверждение книги, почти улажено. Остаются еще разные московские мелочи: Воронский и Шум времени, у которого возрастает успех. На все эти делишки я ассигную несколько дней и выеду в Ялту. Может быть, придется съездить на 2 дня в Петербург, оформить с Ленгизом. Это будет, пожалуй, благоразумней.<rs ref="Москва" type="geo_index"></rs><rs ref="Ялта" type="geo_index"></rs><rs ref="Москва" type="geo_index"></rs><rs ref="Москва" type="geo_index"></rs><rs ref="Белицкий, Ефим Яковлевич" type="person"></rs><rs ref="Воронский, Александр Константинович" type="person"></rs><rs ref="Горлин, Александр Николаевич" type="person"></rs><rs ref="Шкловский, Виктор Борисович" type="person"></rs></p>
<p>Надичка, нежняночка, невестушка моя — я сейчас еду к твоему Жене (я по ошибке дал тебе неверный №: не 8, а </p>
<p> по Страстному) — нет ли от тебя телеграммки.<rs ref="Москва" type="geo_index"></rs></p>
<p>Твоя Няня безукоризненно здорова. Ехала в жестком вагоне и рвется к тебе. Ночую (выбор большой) сегодня у Пастернака. <rs ref="Пастернак, Борис Леонидович" type="person"></rs></p>
<p>Не писал в предотъездных хлопотах. 300 р. Прибой в два приема вышлет тебе в Ялту.<rs ref="Ялта" type="geo_index"></rs></p>
<p>Родненький мой, прости, что мало пишу. Я рвусь к тебе и хочу </p>
<p>. Даже дня ждать не могу. Мне и весело и беспокойно. Я уже ближе к тебе! Надик мой, любовь моя. Спаси тебя Господи, родную. </p>
<p>Няня твоя к тебе уже едет. Целую карточку твою бедненькую. Ау? Надик!</p>
<p>Я в Петербург не поеду. Договор заключит Лившиц. Скорей к моей любимой. К Надику моему. А сейчас к Жене. Завтра пишу подробно.<rs ref="Лившиц, Бенедикт Константинович" type="person"></rs></p>
</div2>
</div1>
</body>
</text>
</tei>
