<?xml version='1.0' encoding='UTF8'?>
<tei xmlns="http://www.tei-c.org/ns/1.0">
<teiheader>
<filedesc>
<titlestmt>
<title>Письма. 91. Н. Я. Мандельштам, 5 марта ‹1926 г.›</title>
<author>О.Э. Мандельштам</author>
</titlestmt>
<publicationstmt>
<p>АРТ-БИЗНЕС-ЦЕНТР МОСКВА 1993</p>
<biblstruct>
<biblscope n="" type="volume"></biblscope>
<biblscope n="" type="part"></biblscope>
</biblstruct></publicationstmt>
<sourcedesc>
<p>Издание подготовлено Мандельштамовским обществом</p>
</sourcedesc>
<respstmt>
<resp>Подготовка и разметка файлов - Алексей Литвинцев, Вероника Файнберг. Создание
          электронного ресурса - Тимофей Молчанов. Руководители проекта - Центр Digital Humanities,
          Мандельштамовское общество (НИУ ВШЭ).</resp>
</respstmt></filedesc>
<profiledesc>
<textdesc n="letter"></textdesc>
<textclass>
<catref target="Series([], Name: ID, dtype: object)" type="ID"></catref>
<catref target="Series([], Name: Источник, dtype: object)" type="Источник"></catref>
<catref target="Series([], Name: Жанр художественной литературы, dtype: object)" type="Жанр художественной литературы"></catref>
<catref target="Series([], Name: Уточнение жанра 1, dtype: object)" type="Уточнение жанра"></catref>
<catref target="Series([], Name: Метр, dtype: object)" type="Метр"></catref>
<catref target="Series([], Name: Длина строки, dtype: object)" type="Длина строки"></catref>
<catref target="Series([], Name: Клаузула, dtype: object)" type="Клаузула"></catref>
<catref target="Series([], Name: Уточнение клаузулы 1, dtype: object)" type="Уточнение клаузулы"></catref>
<catref target="Series([], Name: Классическая строфа, dtype: object)" type="Классическая строфа"></catref>
<catref target="Series([], Name: Рифма, dtype: object)" type="Рифма"></catref>
<catref target="Series([], Name: Схема рифмовки, dtype: object)" type="Схема рифмовки"></catref>
<catref target="Series([], Name: Метрическая формула, dtype: object)" type="Метрическая формула"></catref>
<catref target="Series([], Name: Дополнительные параметры, dtype: object)" type="Дополнительные параметры"></catref>
<catref target="Series([], Name: Число строк, dtype: int64)" type="Число строк"></catref>
<catref target="Series([], Name: Автор оригинала, dtype: object)" type="Автор оригинала"></catref>
<catref target="Series([], Name: Язык оригинала, dtype: object)" type="Язык оригинала"></catref>
</textclass></profiledesc>
</teiheader>
<text>
<body>
<div1 n="4" type="volume">
<div2 n="91" type="part">
<head>91.</head>
<head>Н. Я. МАНДЕЛЬШТАМ, </head>
<p>Надичка, жизнь моя, спасибо тебе за карточку. Детка моя: какое милое личико, болезненно грустное, растерянное. Что ты, Надик, думал? Что с тобой, кроткая моя друженька? Я никому не покажу твоей карточки. Никто не знает, что она у меня. Когда я увидел твое грустное личико, я бросился к дверям — сейчас же к тебе... Я знаю, что ты улыбнулась бы мне — но карточка не может. Спасибо, Надик нежненький, целую лобик твой высокий. Какая ты прелестная, родная! Нет такого другого личика. «Встреча»? Ты — моя встреча, вся жизнь моя. Я жду встречи с тобой, я живу тобой. Пойми меня, ангел мой грустный. Смешно сказать, но меня отделяют от тебя 1½ листа перевода для Прибоя. Затем я в Москве и у тебя. Я таскаюсь по городу, сжимая</p>
<p>твои письмеца в портфеле. Не бойся: не выпущу из рук, не потеряю, не отойду от них.</p>
<p>Радость нежняночка, я люблю тебя. Чтоб так любить, стоит жить Надик-Надик!</p>
<p>Ну вот, дружок мой, послушай меня: последние дни я не могу проследить твоего состояния: не знаю веса, tº, ничего. Одни общие места. Умоляю: подробно. Можно телеграммку.</p>
<p>Я, дурак, не понял твоей телегр‹аммы›. Это о трех днях без писем. </p>
<p>. Просто к вечеру разомлевал. Физически был крепок. </p>
<p>. Никаких припадков. Прекрасно хожу. Да ну его! О чем тут говорить! Подробности дел: в Гизе ломают голову, как дать мне работу. Вольфсон (политредактор из Москвы) на будущей неделе предлагает съездить с ним в Москву, извиняясь, что едет в жестком вагоне: «Мы для вас что-нибудь придумаем». В <rs ref="Вольфсон М. Б." type="person"></rs></p>
<p> и </p>
<p>. Во всяком случае, до 20 апр‹еля› мы уже обеспечены, с моей дорогой, вдвоем.</p>
<p>Деда вполне здоров. Снялся. Взял «анкету». Собирается в Ригу. М‹ария› Н‹иколаевна› мне все больше нравится. Она все понимает. Просто бабушка! Надик мой! Сегодня от тебя не было письма! Ты сердишься? Нет? Родненькая, пиши мне. Скоро мы будем вместе — так пиши, моя нежная, пока я далеко, Няня твоя.</p>
<p>Нануша, вышла книжка Вагинова. Какая-то беспомощная. Я ее пришлю тебе. В печати хуже. Многое смешно. А‹нна› Андр‹еевна› с Пуниным уехали в Москву. Я воспользуюсь и зайду к Шилейке.<rs ref="Вагинов (Вагенгейм), Константин Константинович" type="person"></rs><rs ref="Пунин, Николай Николаевич" type="person"></rs><rs ref="Шилейко, Владимир Казимирович" type="person"></rs></p>
<p>Надичка моя! Вот я побыл с тобой. Мне весело стало. Да, ангел мой: будем вместе, всегда вместе, и Бог нас не оставит. Целую тебя, счастье мое. Твой лобик на меня смотрит. Ты волосенки откинула так — они у тебя не держатся. Целую. Твой, родная, твой Нянь.</p>
<p>Надичка: как сейчас у Тарховой? Когда станет дороже? Есть ли куда переехать? <rs ref="Тархова, Мария Михайловна," type="person"></rs></p>
<p>Надик, если морозы — </p>
<p> топи. Не жалей денег. </p>
<p>. Турушку пиши за все дни. Самое главное телеграфируй.<rs ref="Киев" type="geo_index"></rs></p>
</div2>
</div1>
</body>
</text>
</tei>
