<?xml version='1.0' encoding='UTF8'?>
<tei xmlns="http://www.tei-c.org/ns/1.0">
<teiheader>
<filedesc>
<titlestmt>
<title>Письма. 103. Н. Я. Мандельштам, ‹1 октября 1926 г.›</title>
<author>О.Э. Мандельштам</author>
</titlestmt>
<publicationstmt>
<p>АРТ-БИЗНЕС-ЦЕНТР МОСКВА 1993</p>
<biblstruct>
<biblscope n="" type="volume"></biblscope>
<biblscope n="" type="part"></biblscope>
</biblstruct></publicationstmt>
<sourcedesc>
<p>Издание подготовлено Мандельштамовским обществом</p>
</sourcedesc>
<respstmt>
<resp>Подготовка и разметка файлов - Алексей Литвинцев, Вероника Файнберг. Создание
          электронного ресурса - Тимофей Молчанов. Руководители проекта - Центр Digital Humanities,
          Мандельштамовское общество (НИУ ВШЭ).</resp>
</respstmt></filedesc>
<profiledesc>
<textdesc n="letter"></textdesc>
<textclass>
<catref target="Series([], Name: ID, dtype: object)" type="ID"></catref>
<catref target="Series([], Name: Источник, dtype: object)" type="Источник"></catref>
<catref target="Series([], Name: Жанр художественной литературы, dtype: object)" type="Жанр художественной литературы"></catref>
<catref target="Series([], Name: Уточнение жанра 1, dtype: object)" type="Уточнение жанра"></catref>
<catref target="Series([], Name: Метр, dtype: object)" type="Метр"></catref>
<catref target="Series([], Name: Длина строки, dtype: object)" type="Длина строки"></catref>
<catref target="Series([], Name: Клаузула, dtype: object)" type="Клаузула"></catref>
<catref target="Series([], Name: Уточнение клаузулы 1, dtype: object)" type="Уточнение клаузулы"></catref>
<catref target="Series([], Name: Классическая строфа, dtype: object)" type="Классическая строфа"></catref>
<catref target="Series([], Name: Рифма, dtype: object)" type="Рифма"></catref>
<catref target="Series([], Name: Схема рифмовки, dtype: object)" type="Схема рифмовки"></catref>
<catref target="Series([], Name: Метрическая формула, dtype: object)" type="Метрическая формула"></catref>
<catref target="Series([], Name: Дополнительные параметры, dtype: object)" type="Дополнительные параметры"></catref>
<catref target="Series([], Name: Число строк, dtype: int64)" type="Число строк"></catref>
<catref target="Series([], Name: Автор оригинала, dtype: object)" type="Автор оригинала"></catref>
<catref target="Series([], Name: Язык оригинала, dtype: object)" type="Язык оригинала"></catref>
</textclass></profiledesc>
</teiheader>
<text>
<body>
<div1 n="4" type="volume">
<div2 n="103" type="part">
<head>103.
Н. Я. МАНДЕЛЬШТАМ, </head>
<p>Пятница<rs ref="Москва" type="geo_index"></rs></p>
<p>Родной мой дитенок, Надик мой светленький! Зачем я тебя сослал к морю, как Овидия какого-нибудь? Ты ведь хочешь домой к Няне и к котику и к Ане? Я понимаю. Ну потерпи немножко: там видно будет... Получил телеграммку. Ты совсем здоров? Да? И циклон прошел? А ваннушки ты берешь? А к Юнгу гулять ходишь? — Далеко! Не ходи! Лучше гуляй по бережку в другую сторону, где раньше были турки-рыбаки. Главное, не жалей денег.<rs ref="Овидий" type="person"></rs><rs ref="Юнге, Эдуард Андреевич" type="person"></rs></p>
<p>У меня же разные события. Во-первых, вчера я приехал вечером к Ане в Китайскую: она там 2 дня <rs ref="Царское (Детское) Село (г. Пушкин)" type="geo_index"></rs></p>
<p> сторожила, и в боевом порядке, в темноте заставил сложить все вещи и перевез в полуциркуль. (Завхоз предложил мне въехать, не</p>
<p>дожидаясь отъезда жильцов.) Дама-мегера обиделась: «У вас Якобсон — у меня — Луначарский», но я покорил ее обходительностью, и она нас пустила, т. е; вещи, а нас <rs ref="Луначарский, Анатолий Васильевич" type="person"></rs><rs ref="Якобсон," type="person"></rs></p>
<p> (У них все еще ремонт не готов.) Завтра мы с Аней водворимся. Там электр‹ичество›, тепло и славненько. Мебель нам дадут после освобожд‹ения› квартиры. Мы будем </p>
<p> жить в 2-х комнатах. Еще новость: Леонов арестовал мою гизю. Тогда я <rs ref="Леонов," type="person"></rs></p>
<p> а в Гизе всего 30 р. Но я отработаю гизю в одну неделю. Аня вчера со мной приехала в город и ночует 2 ночи у дяди. В Китайской пусто — никого. Ключи сдал. Котик у сторожа. Дежурит часовой, стережет нашу посуду, которую завтра в корзиночках будем переносить. Третья новость: я вдруг, без всяких поводов, занялся налогами. Пошел — справился. 400+66+?(3‹-ья› получ‹ка›). Мне это все надоело. Посоветовали Федин и Войтоловск‹ий› пойти в Смольный к предст‹авителю› Ц.К. печати при губкоме. Я сейчас оттуда: любезнейший джентльмен. <rs ref="Москва" type="geo_index"></rs><rs ref="Царское (Детское) Село (г. Пушкин)" type="geo_index"></rs><rs ref="Войтоловский, Лев Наумович" type="person"></rs><rs ref="Федин, Константин Александрович" type="person"></rs></p>
<p> пригласить к себе человека из финотдела и устроить, </p>
<p>, рассрочку на год-два. Это, кажется, очень серьезно. А еще я ему обещал записку об авт‹орском› праве. Сейчас все это кипит и назревает, вообще «весна». Миша Слонимский зав. в Прибое! С 15 окт‹ября›! Уже одного этого достаточно! Мы спасены! Давидка — редактор журн‹ала› иностр‹анной› лит‹ературы› при Кр‹асной› Газ‹ете›! Портфель мой туго набит книгами от Прибоя на исключ‹ительно› выг‹одных› условиях. Я взялся им писать реценз‹ии› для газ‹еты› — по 30 р. с книги — 10—20 стр‹очек›. В Детском появился мой бывший богатый дядя Абрам Копелянский — из-за границы, старый и облезлый — рядом с панс‹ионом› Белицкого они живут в чудесной квартирке. Дочка служит в Кр‹асной› Газ‹ете›. Приятельница Евг‹ения› Эм‹ильевича›. Заходила на минутку на днях в Кит‹айскую› Анна Андр‹еевна›. Отдала твою розовенькую шаль и, испугавшись тет-а-тета, вскочила и убежала.<rs ref="Белицкий, Ефим Яковлевич" type="person"></rs><rs ref="Копелянский, Абрам," type="person"></rs><rs ref="Копелянский, Абрам," type="person"></rs><rs ref="Слонимский, Михаил Леонидович" type="person"></rs></p>
<p>Надик, я не получил камушка: он выпал из конверта. А погода у нас райская: на солнце 18º. У меня же сильнейший насморк от холодной ночи в Царском.<rs ref="Царское (Детское) Село (г. Пушкин)" type="geo_index"></rs></p>
<p>Бенов я с переезда не видел. Они мне не нравятся, т. е. он, а разве она человек без него? Т. е. именно без него... Я, Надик, хотел бы сберечь наши вещички и думаю, что это удастся. Надик нежненький, ты ведь именинник! Дай же мне лобик свой и дешевое платьице-фланельку и лапушки. Целую тебя. Рожденье Надика мы будем вместе. Это я так</p>
<p>решил. И ты? Да, Надик? Господь с тобой, родная! Будь веселенький, мой котик. Няня хочет к тебе. Это я, Няня твоя — тебе не холодно, родной? Прислать жакетик-вязанку? Напиши! Не жалей «пелек»!</p>
</div2>
</div1>
</body>
</text>
</tei>
