<?xml version='1.0' encoding='UTF8'?>
<tei xmlns="http://www.tei-c.org/ns/1.0">
<teiheader>
<filedesc>
<titlestmt>
<title>Письма. 102. Н. Я. Мандельштам, [26 сентября 1926 г.]</title>
<author>О.Э. Мандельштам</author>
</titlestmt>
<publicationstmt>
<p>АРТ-БИЗНЕС-ЦЕНТР МОСКВА 1993</p>
<biblstruct>
<biblscope n="" type="volume"></biblscope>
<biblscope n="" type="part"></biblscope>
</biblstruct></publicationstmt>
<sourcedesc>
<p>Издание подготовлено Мандельштамовским обществом</p>
</sourcedesc>
<respstmt>
<resp>Подготовка и разметка файлов - Алексей Литвинцев, Вероника Файнберг. Создание
          электронного ресурса - Тимофей Молчанов. Руководители проекта - Центр Digital Humanities,
          Мандельштамовское общество (НИУ ВШЭ).</resp>
</respstmt></filedesc>
<profiledesc>
<textdesc n="letter"></textdesc>
<textclass>
<catref target="Series([], Name: ID, dtype: object)" type="ID"></catref>
<catref target="Series([], Name: Источник, dtype: object)" type="Источник"></catref>
<catref target="Series([], Name: Жанр художественной литературы, dtype: object)" type="Жанр художественной литературы"></catref>
<catref target="Series([], Name: Уточнение жанра 1, dtype: object)" type="Уточнение жанра"></catref>
<catref target="Series([], Name: Метр, dtype: object)" type="Метр"></catref>
<catref target="Series([], Name: Длина строки, dtype: object)" type="Длина строки"></catref>
<catref target="Series([], Name: Клаузула, dtype: object)" type="Клаузула"></catref>
<catref target="Series([], Name: Уточнение клаузулы 1, dtype: object)" type="Уточнение клаузулы"></catref>
<catref target="Series([], Name: Классическая строфа, dtype: object)" type="Классическая строфа"></catref>
<catref target="Series([], Name: Рифма, dtype: object)" type="Рифма"></catref>
<catref target="Series([], Name: Схема рифмовки, dtype: object)" type="Схема рифмовки"></catref>
<catref target="Series([], Name: Метрическая формула, dtype: object)" type="Метрическая формула"></catref>
<catref target="Series([], Name: Дополнительные параметры, dtype: object)" type="Дополнительные параметры"></catref>
<catref target="Series([], Name: Число строк, dtype: int64)" type="Число строк"></catref>
<catref target="Series([], Name: Автор оригинала, dtype: object)" type="Автор оригинала"></catref>
<catref target="Series([], Name: Язык оригинала, dtype: object)" type="Язык оригинала"></catref>
</textclass></profiledesc>
</teiheader>
<text>
<body>
<div1 n="4" type="volume">
<div2 n="102" type="part">
<head>102.
Н. Я. МАНДЕЛЬШТАМ, </head>
<p>Как нам с нашим котиком грустно! Мы пошли с Аней на базар. У нас до сих пор была крымская погода, а сегодня — брбр! Два дня я был в городе, маялся с газетой (бухг‹алтерия› перепутала мой счет) — вырвал 50 р. и еще получу. Был на съемке Совкино, во дворе дома на Каменноостр‹овском›. Родненькая моя, еще ни словечка от тебя не получил. Страховские выезжают в первых числах октября. Как только въеду в квартиру — сейчас же в Москву. Там поближе к тебе. Надик ты мой, сыночек крымский! Вот что: слушай меня: покупай масло, яйца и <rs ref="Москва" type="geo_index"></rs><rs ref="Москва" type="geo_index"></rs><rs ref="Москва" type="geo_index"></rs><rs ref="Москва" type="geo_index"></rs><rs ref="Страховская" type="person"></rs></p>
<p>. Если будет холодно, телеграфируй: немедленно вышлю денег на Ялту.<rs ref="Ялта" type="geo_index"></rs></p>
<p>Детка моя, до скорой встречи. Няня тебя целует, без тебя не может Няня.</p>
</div2>
</div1>
</body>
</text>
</tei>
