<?xml version='1.0' encoding='UTF8'?>
<tei xmlns="http://www.tei-c.org/ns/1.0">
<teiheader>
<filedesc>
<titlestmt>
<title>Письма. 100. Н. Я. Мандельштам, [23 сентября 1926 г.]</title>
<author>О.Э. Мандельштам</author>
</titlestmt>
<publicationstmt>
<p>АРТ-БИЗНЕС-ЦЕНТР МОСКВА 1993</p>
<biblstruct>
<biblscope n="" type="volume"></biblscope>
<biblscope n="" type="part"></biblscope>
</biblstruct></publicationstmt>
<sourcedesc>
<p>Издание подготовлено Мандельштамовским обществом</p>
</sourcedesc>
<respstmt>
<resp>Подготовка и разметка файлов - Алексей Литвинцев, Вероника Файнберг. Создание
          электронного ресурса - Тимофей Молчанов. Руководители проекта - Центр Digital Humanities,
          Мандельштамовское общество (НИУ ВШЭ).</resp>
</respstmt></filedesc>
<profiledesc>
<textdesc n="letter"></textdesc>
<textclass>
<catref target="Series([], Name: ID, dtype: object)" type="ID"></catref>
<catref target="Series([], Name: Источник, dtype: object)" type="Источник"></catref>
<catref target="Series([], Name: Жанр художественной литературы, dtype: object)" type="Жанр художественной литературы"></catref>
<catref target="Series([], Name: Уточнение жанра 1, dtype: object)" type="Уточнение жанра"></catref>
<catref target="Series([], Name: Метр, dtype: object)" type="Метр"></catref>
<catref target="Series([], Name: Длина строки, dtype: object)" type="Длина строки"></catref>
<catref target="Series([], Name: Клаузула, dtype: object)" type="Клаузула"></catref>
<catref target="Series([], Name: Уточнение клаузулы 1, dtype: object)" type="Уточнение клаузулы"></catref>
<catref target="Series([], Name: Классическая строфа, dtype: object)" type="Классическая строфа"></catref>
<catref target="Series([], Name: Рифма, dtype: object)" type="Рифма"></catref>
<catref target="Series([], Name: Схема рифмовки, dtype: object)" type="Схема рифмовки"></catref>
<catref target="Series([], Name: Метрическая формула, dtype: object)" type="Метрическая формула"></catref>
<catref target="Series([], Name: Дополнительные параметры, dtype: object)" type="Дополнительные параметры"></catref>
<catref target="Series([], Name: Число строк, dtype: int64)" type="Число строк"></catref>
<catref target="Series([], Name: Автор оригинала, dtype: object)" type="Автор оригинала"></catref>
<catref target="Series([], Name: Язык оригинала, dtype: object)" type="Язык оригинала"></catref>
</textclass></profiledesc>
</teiheader>
<text>
<body>
<div1 n="4" type="volume">
<div2 n="100" type="part">
<head>100.
Н. Я. МАНДЕЛЬШТАМ, </head>
<p>Вчера приехал в Детское к Ане. Теперь я уже не прогоняю нашего котика. Кика меня не узнал. Как ты доехала, голубка моя? Напиши мне </p>
<p>. Только что договорился с Лавр‹ентьевым›. Он сдал мне квартиру <rs ref="Лаврентьев" type="person"></rs></p>
<p>. Составили список мебели. </p>
<p> р., но с обязательством в 3 месяца сделать ремонт на 70 р. Я страшно рад, родненькая моя. У тебя будет веселый ласковый дом. Был у Срезневского, насчет Ани: с ней ничего худого: она <rs ref="Срезневский, Вячеслав Вячеславович" type="person"></rs></p>
<p>, к </p>
<p> все пройдет! Аня здорова и ангельски кротка. О прочем, детка, пишу вечером, но все улаживается. Кугель даст денег. Ничего не продаю. Даст 300. Гиз на октябрь утвердил. Тартарена: <rs ref="Кугель, Иона Рафаилович" type="person"></rs></p>
<p> р.</p>
<p>Целую тебя, ненаглядный мой. Не жалей на кормушку свою. </p>
</div2>
</div1>
</body>
</text>
</tei>
