<?xml version='1.0' encoding='UTF8'?>
<tei xmlns="http://www.tei-c.org/ns/1.0">
<teiheader>
<filedesc>
<titlestmt>
<title>Письма. 105. Н. Я. Мандельштам, ‹5—6 октября 1926 г.›</title>
<author>О.Э. Мандельштам</author>
</titlestmt>
<publicationstmt>
<p>АРТ-БИЗНЕС-ЦЕНТР МОСКВА 1993</p>
<biblstruct>
<biblscope n="" type="volume"></biblscope>
<biblscope n="" type="part"></biblscope>
</biblstruct></publicationstmt>
<sourcedesc>
<p>Издание подготовлено Мандельштамовским обществом</p>
</sourcedesc>
<respstmt>
<resp>Подготовка и разметка файлов - Алексей Литвинцев, Вероника Файнберг. Создание
          электронного ресурса - Тимофей Молчанов. Руководители проекта - Центр Digital Humanities,
          Мандельштамовское общество (НИУ ВШЭ).</resp>
</respstmt></filedesc>
<profiledesc>
<textdesc n="letter"></textdesc>
<textclass>
<catref target="Series([], Name: ID, dtype: object)" type="ID"></catref>
<catref target="Series([], Name: Источник, dtype: object)" type="Источник"></catref>
<catref target="Series([], Name: Жанр художественной литературы, dtype: object)" type="Жанр художественной литературы"></catref>
<catref target="Series([], Name: Уточнение жанра 1, dtype: object)" type="Уточнение жанра"></catref>
<catref target="Series([], Name: Метр, dtype: object)" type="Метр"></catref>
<catref target="Series([], Name: Длина строки, dtype: object)" type="Длина строки"></catref>
<catref target="Series([], Name: Клаузула, dtype: object)" type="Клаузула"></catref>
<catref target="Series([], Name: Уточнение клаузулы 1, dtype: object)" type="Уточнение клаузулы"></catref>
<catref target="Series([], Name: Классическая строфа, dtype: object)" type="Классическая строфа"></catref>
<catref target="Series([], Name: Рифма, dtype: object)" type="Рифма"></catref>
<catref target="Series([], Name: Схема рифмовки, dtype: object)" type="Схема рифмовки"></catref>
<catref target="Series([], Name: Метрическая формула, dtype: object)" type="Метрическая формула"></catref>
<catref target="Series([], Name: Дополнительные параметры, dtype: object)" type="Дополнительные параметры"></catref>
<catref target="Series([], Name: Число строк, dtype: int64)" type="Число строк"></catref>
<catref target="Series([], Name: Автор оригинала, dtype: object)" type="Автор оригинала"></catref>
<catref target="Series([], Name: Язык оригинала, dtype: object)" type="Язык оригинала"></catref>
</textclass></profiledesc>
</teiheader>
<text>
<body>
<div1 n="4" type="volume">
<div2 n="105" type="part">
<head>105.
Н. Я. МАНДЕЛЬШТАМ, </head>
<p>Родненький Надик, больше всего меня мучит неизвестность — что с тобой? Всего, что ты пишешь, мне мало. Я ни разу не слышал голоску твоего. Надичка, подай мне голос. Откликнись и скажи, хорошо ли тебе? А мне, мой родной, не плохо — только неимоверно грустно как никогда. Я живу, как машина, делаю все, что нужно, и совершенно не чувствую себя. С минуты, как ты уехала, во мне все остановилось и так и осталось. Знаешь, Надичка, я еще не был в Царском. Вчера по телефону говорил с Лаврентьевым. Завтра поеду заключать договор и платить. Сговорился. Ведь у меня одна забота, чтоб встретить тебя, чтоб приютить мою бедную нищенку светленькую. Я все книжки читаю: много, много — для Приб‹оя› и Горл‹ина›. Уже почти отработал Леонову 90 р. Я живу в той комнатке, где мы с тобой ночевали. Там топят и не сыро. Аня же у дяди. Бен попал в зажим: его описал фининсп‹ектор›, он бегал к Гефту, говорит, что получает 20 р. в неделю. Кика болел. Ты еще любишь его, Надик? Надик, пожалей меня с моими французскими книжками и твоими часиками без цепочки (она осталась отдельно — перезаложена). Надичка, я жду от тебя настоящей правды: ты здорова? Отвечай мне, детка моя, ничего не таи. Может, я дня через два поеду в Москву. Знаешь, Конор пошел в гору: он сейчас в Гизе, но уходит на Украину председ‹ателем› Совнархоза. Надик светленький, кривоноженька бедная, улыбнись мне, поцелуй меня, скажи мне: я с тобой, Няня. Родненькая, Господь с тобой. А мы скоро ведь, скоро, жизнь моя, встретимся. Да? <rs ref="Украина" type="geo_index"></rs><rs ref="Гефт, Израиль Соломонович" type="person"></rs><rs ref="Конар (Полащук), Федор Михайлович" type="person"></rs><rs ref="Лаврентьев" type="person"></rs><rs ref="Леонов," type="person"></rs></p>
<p>Вес? tº? Вес? tº? Вес? tº?</p>
</div2>
</div1>
</body>
</text>
</tei>
