<?xml version='1.0' encoding='UTF8'?>
<tei xmlns="http://www.tei-c.org/ns/1.0">
<teiheader>
<filedesc>
<titlestmt>
<title>Письма. 107. Н. Я. Мандельштам, ‹9—10 октября 1926 г.›</title>
<author>О.Э. Мандельштам</author>
</titlestmt>
<publicationstmt>
<p>АРТ-БИЗНЕС-ЦЕНТР МОСКВА 1993</p>
<biblstruct>
<biblscope n="" type="volume"></biblscope>
<biblscope n="" type="part"></biblscope>
</biblstruct></publicationstmt>
<sourcedesc>
<p>Издание подготовлено Мандельштамовским обществом</p>
</sourcedesc>
<respstmt>
<resp>Подготовка и разметка файлов - Алексей Литвинцев, Вероника Файнберг. Создание
          электронного ресурса - Тимофей Молчанов. Руководители проекта - Центр Digital Humanities,
          Мандельштамовское общество (НИУ ВШЭ).</resp>
</respstmt></filedesc>
<profiledesc>
<textdesc n="letter"></textdesc>
<textclass>
<catref target="Series([], Name: ID, dtype: object)" type="ID"></catref>
<catref target="Series([], Name: Источник, dtype: object)" type="Источник"></catref>
<catref target="Series([], Name: Жанр художественной литературы, dtype: object)" type="Жанр художественной литературы"></catref>
<catref target="Series([], Name: Уточнение жанра 1, dtype: object)" type="Уточнение жанра"></catref>
<catref target="Series([], Name: Метр, dtype: object)" type="Метр"></catref>
<catref target="Series([], Name: Длина строки, dtype: object)" type="Длина строки"></catref>
<catref target="Series([], Name: Клаузула, dtype: object)" type="Клаузула"></catref>
<catref target="Series([], Name: Уточнение клаузулы 1, dtype: object)" type="Уточнение клаузулы"></catref>
<catref target="Series([], Name: Классическая строфа, dtype: object)" type="Классическая строфа"></catref>
<catref target="Series([], Name: Рифма, dtype: object)" type="Рифма"></catref>
<catref target="Series([], Name: Схема рифмовки, dtype: object)" type="Схема рифмовки"></catref>
<catref target="Series([], Name: Метрическая формула, dtype: object)" type="Метрическая формула"></catref>
<catref target="Series([], Name: Дополнительные параметры, dtype: object)" type="Дополнительные параметры"></catref>
<catref target="Series([], Name: Число строк, dtype: int64)" type="Число строк"></catref>
<catref target="Series([], Name: Автор оригинала, dtype: object)" type="Автор оригинала"></catref>
<catref target="Series([], Name: Язык оригинала, dtype: object)" type="Язык оригинала"></catref>
</textclass></profiledesc>
</teiheader>
<text>
<body>
<div1 n="4" type="volume">
<div2 n="107" type="part">
<head>107.
Н. Я. МАНДЕЛЬШТАМ, </head>
<p>Родненький мой, сейчас я приехал из Царского и нашел твое сердитое письмецо; другое носит с собой дед. Маленький, не сердись на меня, я три дня тебе не писал оттого, что мне было очень-очень трудно. Все одно к одному подошло. В Гизе мне <rs ref="Царское (Детское) Село (г. Пушкин)" type="geo_index"></rs></p>
<p> что редактор саботирует мою работу, т. е. попросту выживает меня. Эти идиоты-чиновники говорили со мной какими-то недомолвками: «Характер наших отношений должен, вообще, перемениться» и т. д., а на поверку оказалось, что они </p>
<p> Ты знаешь, как я до глупости мнителен. Я заразил даже Горлина, который советовал мне съездить в Москву. Маршак, заметив мое<rs ref="Москва" type="geo_index"></rs><rs ref="Москва" type="geo_index"></rs><rs ref="Горлин, Александр Николаевич" type="person"></rs><rs ref="Маршак, Самуил Яковлевич" type="person"></rs></p>
<p>волнение, выяснил всю эту чепуху. </p>
<p> Но это еще не все. Квартира в циркуле оказалась негодной — холодно! Все вросло в землю. Служащие меня остерегли. И вот я каждый день разрывался между городом и Царским. В управлении шла грандиозная ревизия. Никто не хотел разговаривать. Два дня я искал с Аней квартиру в городе, Царском — все по твоим следам, Надик — только у старушки уже сдана... Я уже отчаялся, но выручил тот же Максимыч: он под секретом показал мне квартиру N 7 (мы ее с тобой не смотрели) — второй этаж.<rs ref="Царское (Детское) Село (г. Пушкин)" type="geo_index"></rs><rs ref="Максимыч" type="person"></rs></p>
<p>Вот план:</p>
<p>Это та же шестая, только в обратном порядке комнаты и есть двери и лишняя печка. В полуциркуле мы с Аней замерзали, а в новой квартирке тепло и сухо, как у Евг‹ения› Эмильев‹ича›, хотя там ни разу не топили. В ванной есть еще отдельно печь и стоит кроватка для Ани. Чистенько, белые стены.<rs ref="Москва" type="geo_index"></rs></p>
<p>Когда я это узнал, я пошел к Лавр‹ентьеву›, и совсем неожиданно он отдал нам ��вартирку, передал ключи и поручил Максимычу ее обставить. Кровати там лучше, чем в Китайской, а остальное <rs ref="Царское (Детское) Село (г. Пушкин)" type="geo_index"></rs><rs ref="Лаврентьев" type="person"></rs><rs ref="Максимыч" type="person"></rs></p>
<p>. Сегодня вечером он придет за списком мебели.</p>
<p>Мы с Аней моментально перетащили все наше имущество, пригласили поденщицу, я принял ванну ‹купили дрова›, и ты не поверишь, как я отдохнул за одну ночь рядом с твоей кроваткой. Детка моя, мы живем против Кикиной колокольни. Она звонит в 9 ч. утра, а в двунадесятые праздники (их немного) в 6 ч. Но это ничего. Мы будем с тобой </p>
<p>. Да, Надик? Это нас дисциплинирует... И это бум-бум продолжается 15 минут.</p>
<p>Третьего дня я шел отправить тебе спешное письмо: и что же? Захожу в магазинчик купить носки — и хлоп! — Г. П. У. ищет там контрабанду. Меня продержали 3 часа и даже вывернули мои карманушки, где была по обыкновению всякая дрянь. Я волнуясь мешал агентам работать и требовал, чтоб меня отпустили, цитируя свое звание и показывая за неимением документа книги из Госиздата(?) Ну а потом уж я пошел домой, натерпевшись сильных ощущений, и письмецо так и не отправил. Видишь, Надинька, сколько приключений у твоей Няни.</p>
<p>Я думаю, пташенька моя, что ты можешь, если tº не будет, на свой </p>
<p>Надик мой, как ты мог на меня рассердиться! Твоя телеграмма заблудилась на 3-ю линию (?) Еще проволочка ответа... А наш котик заболел глазами. Завтра мы везем к доктору его.</p>
<p>Евг‹ений› Эм‹ильевич› тащил меня (тоже эти дни) в Москву: помогать на каком-то собрании Модпика (перевыборы). Я чуть не согласился, дед метал громы, чтоб я ехал в Москву. Полный идиотизм! Понимаешь, как это кстати! Повторение истории с Грановским...<rs ref="Москва" type="geo_index"></rs><rs ref="Москва" type="geo_index"></rs><rs ref="Грановский (Азарх), Алексей Михайлович" type="person"></rs></p>
<p>Надик светлый, звереныш у моря, пусть камушки морские скажут тебе, что Няня твоя с тобой. Мне дико, странно, что ты одна в Коктебеле. Не сердись на меня, люби меня, ты жена моя, ты жизнь моя.<rs ref="Коктебель" type="geo_index"></rs></p>
<p>Господь с тобой, родная. Так я говорю, когда ложусь спать.</p>
<p>На днях вышлю денежное подкрепление. Можно?</p>
</div2>
</div1>
</body>
</text>
</tei>
