<?xml version='1.0' encoding='UTF8'?>
<tei xmlns="http://www.tei-c.org/ns/1.0">
<teiheader>
<filedesc>
<titlestmt>
<title>Письма. 106. Н. Я. Мандельштам, ‹9—10 октября 1926 г.›</title>
<author>О.Э. Мандельштам</author>
</titlestmt>
<publicationstmt>
<p>АРТ-БИЗНЕС-ЦЕНТР МОСКВА 1993</p>
<biblstruct>
<biblscope n="" type="volume"></biblscope>
<biblscope n="" type="part"></biblscope>
</biblstruct></publicationstmt>
<sourcedesc>
<p>Издание подготовлено Мандельштамовским обществом</p>
</sourcedesc>
<respstmt>
<resp>Подготовка и разметка файлов - Алексей Литвинцев, Вероника Файнберг. Создание
          электронного ресурса - Тимофей Молчанов. Руководители проекта - Центр Digital Humanities,
          Мандельштамовское общество (НИУ ВШЭ).</resp>
</respstmt></filedesc>
<profiledesc>
<textdesc n="letter"></textdesc>
<textclass>
<catref target="Series([], Name: ID, dtype: object)" type="ID"></catref>
<catref target="Series([], Name: Источник, dtype: object)" type="Источник"></catref>
<catref target="Series([], Name: Жанр художественной литературы, dtype: object)" type="Жанр художественной литературы"></catref>
<catref target="Series([], Name: Уточнение жанра 1, dtype: object)" type="Уточнение жанра"></catref>
<catref target="Series([], Name: Метр, dtype: object)" type="Метр"></catref>
<catref target="Series([], Name: Длина строки, dtype: object)" type="Длина строки"></catref>
<catref target="Series([], Name: Клаузула, dtype: object)" type="Клаузула"></catref>
<catref target="Series([], Name: Уточнение клаузулы 1, dtype: object)" type="Уточнение клаузулы"></catref>
<catref target="Series([], Name: Классическая строфа, dtype: object)" type="Классическая строфа"></catref>
<catref target="Series([], Name: Рифма, dtype: object)" type="Рифма"></catref>
<catref target="Series([], Name: Схема рифмовки, dtype: object)" type="Схема рифмовки"></catref>
<catref target="Series([], Name: Метрическая формула, dtype: object)" type="Метрическая формула"></catref>
<catref target="Series([], Name: Дополнительные параметры, dtype: object)" type="Дополнительные параметры"></catref>
<catref target="Series([], Name: Число строк, dtype: int64)" type="Число строк"></catref>
<catref target="Series([], Name: Автор оригинала, dtype: object)" type="Автор оригинала"></catref>
<catref target="Series([], Name: Язык оригинала, dtype: object)" type="Язык оригинала"></catref>
</textclass></profiledesc>
</teiheader>
<text>
<body>
<div1 n="4" type="volume">
<div2 n="106" type="part">
<head>106.
Н. Я. МАНДЕЛЬШТАМ, </head>
<p>Надик! Мы с дедом сейчас на Ник‹олаевском› вокзале. Я проводил его в кафе, а теперь мы едем в Царское смотреть нашу квартирку, где хозяйничает Аня. Мне страшно жалко Аню, что она в твоей серой шинели дантовой ходит. Я научился с ней обращаться: просто, коротко и ласково — но решительно. Мы ссорились и помирились. Это было вчера.</p>
<p>Наденыш родной, я боюсь, что ты не выдержишь своей</p>
<p>ссылки? Как тебе? Умоляю, правду пиши. У меня все хорошо. Масса работы. На этой неделе вышлю тебе 100 р. Хватит тебе с возвращением 30-го? Детик мой, я напугал тебя дурацкой телеграммой: как сделать, чтоб ты поверила? </p>
<p> Знаешь, как я умею вертеться волчком, мнительный, нетерпеливый, глупый. Эти три дня, что я не писал, целиком ушли на квартирные хлопоты и Госиздат! Как глупо, детка! Но я «кипел» эти дни. Будь абсолютно за меня спокойна: положение с твоего отъезда сильно улучшилось. Упрочился и оживился Горлин, расцвел Маршак, завоеван Ангерт, а Прибой стал земным раем. Нанушка, напиши мне, купить ли тебе к приезду шубку, что мы смотрели, за 150 р.? Я хочу с ней выехать на вокзал тебя встречать. Милый, милый котик далекий! Что твоя фланелька дешевая? Смялась она? А туфельки бедные?<rs ref="Ангерт, Давид Николаевич" type="person"></rs><rs ref="Горлин, Александр Николаевич" type="person"></rs><rs ref="Маршак, Самуил Яковлевич" type="person"></rs></p>
<p>У нас тепло и сыро. А у тебя не холодно? Надик, скоро Няня тебя возьмет. Ты как зверик бедный скребешься ко мне? Да?</p>
<p>Подожди, мой ласковый, женушка родная. Господь с тобой. Люби Няню.</p>
<p>(Приписка Э. В. Мандельштама:)<rs ref="Мандельштам, Эмиль (Хацкель) Вениаминович" type="person"></rs></p>
<p>Шлю сердечный привет. Холода не боюсь и ветры мне ‹не› страшны. Целую крепко.</p>
<p>Дед написал про холод и ветер </p>
<p>. Надик солнышко, напиши фельетонушку. Ты так чудно рассказал про направо и налево!</p>
</div2>
</div1>
</body>
</text>
</tei>
