<?xml version='1.0' encoding='UTF8'?>
<tei xmlns="http://www.tei-c.org/ns/1.0">
<teiheader>
<filedesc>
<titlestmt>
<title>Письма. 108. Н. Я. Мандельштам, ‹10—11 октября 1926 г.›</title>
<author>О.Э. Мандельштам</author>
</titlestmt>
<publicationstmt>
<p>АРТ-БИЗНЕС-ЦЕНТР МОСКВА 1993</p>
<biblstruct>
<biblscope n="" type="volume"></biblscope>
<biblscope n="" type="part"></biblscope>
</biblstruct></publicationstmt>
<sourcedesc>
<p>Издание подготовлено Мандельштамовским обществом</p>
</sourcedesc>
<respstmt>
<resp>Подготовка и разметка файлов - Алексей Литвинцев, Вероника Файнберг. Создание
          электронного ресурса - Тимофей Молчанов. Руководители проекта - Центр Digital Humanities,
          Мандельштамовское общество (НИУ ВШЭ).</resp>
</respstmt></filedesc>
<profiledesc>
<textdesc n="letter"></textdesc>
<textclass>
<catref target="Series([], Name: ID, dtype: object)" type="ID"></catref>
<catref target="Series([], Name: Источник, dtype: object)" type="Источник"></catref>
<catref target="Series([], Name: Жанр художественной литературы, dtype: object)" type="Жанр художественной литературы"></catref>
<catref target="Series([], Name: Уточнение жанра 1, dtype: object)" type="Уточнение жанра"></catref>
<catref target="Series([], Name: Метр, dtype: object)" type="Метр"></catref>
<catref target="Series([], Name: Длина строки, dtype: object)" type="Длина строки"></catref>
<catref target="Series([], Name: Клаузула, dtype: object)" type="Клаузула"></catref>
<catref target="Series([], Name: Уточнение клаузулы 1, dtype: object)" type="Уточнение клаузулы"></catref>
<catref target="Series([], Name: Классическая строфа, dtype: object)" type="Классическая строфа"></catref>
<catref target="Series([], Name: Рифма, dtype: object)" type="Рифма"></catref>
<catref target="Series([], Name: Схема рифмовки, dtype: object)" type="Схема рифмовки"></catref>
<catref target="Series([], Name: Метрическая формула, dtype: object)" type="Метрическая формула"></catref>
<catref target="Series([], Name: Дополнительные параметры, dtype: object)" type="Дополнительные параметры"></catref>
<catref target="Series([], Name: Число строк, dtype: int64)" type="Число строк"></catref>
<catref target="Series([], Name: Автор оригинала, dtype: object)" type="Автор оригинала"></catref>
<catref target="Series([], Name: Язык оригинала, dtype: object)" type="Язык оригинала"></catref>
</textclass></profiledesc>
</teiheader>
<text>
<body>
<div1 n="4" type="volume">
<div2 n="108" type="part">
<head>108.
Н. Я. МАНДЕЛЬШТАМ, </head>
<p>Надик, солнышко мое далекое! Ты пальто не снимаешь? Тебе холодно, детка? Нежненький мой, я согрею тебя. Ты вернешься скоро. Как жить без тебя? Мне пусто и нехорошо</p>
<p> Пока что здесь чудесная осень. Дойдет ли до тебя мое письмецо? Родная, ты здорова? Решай, моя умница, правильно. Я поцелую твой лобик большой. Когда ты поедешь, я встречу тебя в Москве: хочешь?<rs ref="Москва" type="geo_index"></rs><rs ref="Москва" type="geo_index"></rs></p>
<p>Нанушка моя! Твоя Аня живет в Лицее, как муха. У нее есть дрова, а я у Татьки сегодня и вчера. Получил много работы. Здоров. Надик, ненаглядный мой! Вчера видел Кику. У него чудная улыбочка, очень добрая. Надик милый! Я подумал сейчас ты знаешь, о чем... Я все помню. Где ты? Надик, как мы обрадовались! Радость моя, солнышко! Отвечай мне! Господь с тобой, Надик. Люблю тебя.</p>
<p>Часики живы. Квартирка тоже. Котик болен (глаза). Аня хорошая и кроткая.</p>
</div2>
</div1>
</body>
</text>
</tei>
