<?xml version='1.0' encoding='UTF8'?>
<tei xmlns="http://www.tei-c.org/ns/1.0">
<teiheader>
<filedesc>
<titlestmt>
<title>Письма. 111. Н. Я. Мандельштам, ‹конец октября 1926 г.›</title>
<author>О.Э. Мандельштам</author>
</titlestmt>
<publicationstmt>
<p>АРТ-БИЗНЕС-ЦЕНТР МОСКВА 1993</p>
<biblstruct>
<biblscope n="" type="volume"></biblscope>
<biblscope n="" type="part"></biblscope>
</biblstruct></publicationstmt>
<sourcedesc>
<p>Издание подготовлено Мандельштамовским обществом</p>
</sourcedesc>
<respstmt>
<resp>Подготовка и разметка файлов - Алексей Литвинцев, Вероника Файнберг. Создание
          электронного ресурса - Тимофей Молчанов. Руководители проекта - Центр Digital Humanities,
          Мандельштамовское общество (НИУ ВШЭ).</resp>
</respstmt></filedesc>
<profiledesc>
<textdesc n="letter"></textdesc>
<textclass>
<catref target="Series([], Name: ID, dtype: object)" type="ID"></catref>
<catref target="Series([], Name: Источник, dtype: object)" type="Источник"></catref>
<catref target="Series([], Name: Жанр художественной литературы, dtype: object)" type="Жанр художественной литературы"></catref>
<catref target="Series([], Name: Уточнение жанра 1, dtype: object)" type="Уточнение жанра"></catref>
<catref target="Series([], Name: Метр, dtype: object)" type="Метр"></catref>
<catref target="Series([], Name: Длина строки, dtype: object)" type="Длина строки"></catref>
<catref target="Series([], Name: Клаузула, dtype: object)" type="Клаузула"></catref>
<catref target="Series([], Name: Уточнение клаузулы 1, dtype: object)" type="Уточнение клаузулы"></catref>
<catref target="Series([], Name: Классическая строфа, dtype: object)" type="Классическая строфа"></catref>
<catref target="Series([], Name: Рифма, dtype: object)" type="Рифма"></catref>
<catref target="Series([], Name: Схема рифмовки, dtype: object)" type="Схема рифмовки"></catref>
<catref target="Series([], Name: Метрическая формула, dtype: object)" type="Метрическая формула"></catref>
<catref target="Series([], Name: Дополнительные параметры, dtype: object)" type="Дополнительные параметры"></catref>
<catref target="Series([], Name: Число строк, dtype: int64)" type="Число строк"></catref>
<catref target="Series([], Name: Автор оригинала, dtype: object)" type="Автор оригинала"></catref>
<catref target="Series([], Name: Язык оригинала, dtype: object)" type="Язык оригинала"></catref>
</textclass></profiledesc>
</teiheader>
<text>
<body>
<div1 n="4" type="volume">
<div2 n="111" type="part">
<head>111.
Н. Я. МАНДЕЛЬШТАМ, </head>
<p>Здравствуй, Нануша! Няня тоскует. Не скучает, а тоскует по своей родной, по жизни своей. Милый, неужели тебе хватило твоих грошиков? Неужели ты не замерз? Ведь ты такой заброшенный, голенький, с корзиночкой, как у солдата-призывника. И воду ты покупаешь по гривеннику... Надичка, я сейчас вспомнил, что у тебя наше веселое московское одеяло. Оно вернется ко мне. Как бы мне хотелось в Феодосию на зиму! Впрочем, нет! Лицей с Надиком лучше! Разве что очень хороший будет на юге ноябрь... Не<rs ref="Феодосия" type="geo_index"></rs></p>
<p>исключена возможность моего приезда... Но это, Надинька, я только </p>
<p> говорю... Ведь ты настроилась на возвращение, и я не хочу тебя огорчать. Дитятко мое, прежде чем выехать, обязательно сообщи мне </p>
<p> и </p>
<p>. Разве в Кокт‹ебеле› нет лавочных больших весов? Как твоя тура к концу месяца? Не верю, чтоб <rs ref="Коктебель" type="geo_index"></rs></p>
<p> была нормальная... Если опять была </p>
<p>, то приезжать на ноябрь довольно легкомысленно. Умоляю, Надик, не скрывай. </p>
<p>. Это очень серьезно. Вообще мы теперь недурно обеспечены. Положение сильно улучшилось, хотя Бены, заброшенные Горлиным, жалуются и кряхтят. Узнаешь злорадную Няню? Фу! нехорошо! Их кормит прислуга Шура. <rs ref="Горлин, Александр Николаевич" type="person"></rs><rs ref="Шура," type="person"></rs></p>
<p>. Я их сохраню для домика твоего. Завтра ещу к Ане. Добывать у Лавр‹ентьева› мебель. Я надавил через Главнауку, и кретин этот уступает. <rs ref="Лаврентьев" type="person"></rs></p>
<p> комнаты меньше, две выходят на солнце, более изящная отделка, фанерные облицовочки, высокие потолки, хорошие печи и... вода зимой под вопросом, а у нас наверное. Я люблю зимнее солнце в комнатах, и ты, Нануша, любишь. Но я умный. Знаю, что ты не позволишь менять, и остаюсь там, где живем.</p>
<p>Все, что я делаю, Надик, для тебя и с тобой вместе. Ты бы сам так сделал. Помнишь, как ты в Ялте?<rs ref="Ялта" type="geo_index"></rs></p>
<p>Ну, родненький, дай тебя поцелую на ночь и погляжу в твои глазки-плакуны веселые. Люблю тебя. Господь с тобой, женушка моя и жизнь.</p>
<p>Сегодня я спросил Татьку — любит ли она пьяных, но она оборвала разговор: «Лучше не будем о них говорить: они того не стоют!»</p>
<p>Инженеры деда испортили 1000 кож! Трагедия!</p>
</div2>
</div1>
</body>
</text>
</tei>
