<?xml version='1.0' encoding='UTF8'?>
<tei xmlns="http://www.tei-c.org/ns/1.0">
<teiheader>
<filedesc>
<titlestmt>
<title>Письма. 115. Н. Я. Мандельштам, ‹5 ноября 1926 г.›</title>
<author>О.Э. Мандельштам</author>
</titlestmt>
<publicationstmt>
<p>АРТ-БИЗНЕС-ЦЕНТР МОСКВА 1993</p>
<biblstruct>
<biblscope n="" type="volume"></biblscope>
<biblscope n="" type="part"></biblscope>
</biblstruct></publicationstmt>
<sourcedesc>
<p>Издание подготовлено Мандельштамовским обществом</p>
</sourcedesc>
<respstmt>
<resp>Подготовка и разметка файлов - Алексей Литвинцев, Вероника Файнберг. Создание
          электронного ресурса - Тимофей Молчанов. Руководители проекта - Центр Digital Humanities,
          Мандельштамовское общество (НИУ ВШЭ).</resp>
</respstmt></filedesc>
<profiledesc>
<textdesc n="letter"></textdesc>
<textclass>
<catref target="Series([], Name: ID, dtype: object)" type="ID"></catref>
<catref target="Series([], Name: Источник, dtype: object)" type="Источник"></catref>
<catref target="Series([], Name: Жанр художественной литературы, dtype: object)" type="Жанр художественной литературы"></catref>
<catref target="Series([], Name: Уточнение жанра 1, dtype: object)" type="Уточнение жанра"></catref>
<catref target="Series([], Name: Метр, dtype: object)" type="Метр"></catref>
<catref target="Series([], Name: Длина строки, dtype: object)" type="Длина строки"></catref>
<catref target="Series([], Name: Клаузула, dtype: object)" type="Клаузула"></catref>
<catref target="Series([], Name: Уточнение клаузулы 1, dtype: object)" type="Уточнение клаузулы"></catref>
<catref target="Series([], Name: Классическая строфа, dtype: object)" type="Классическая строфа"></catref>
<catref target="Series([], Name: Рифма, dtype: object)" type="Рифма"></catref>
<catref target="Series([], Name: Схема рифмовки, dtype: object)" type="Схема рифмовки"></catref>
<catref target="Series([], Name: Метрическая формула, dtype: object)" type="Метрическая формула"></catref>
<catref target="Series([], Name: Дополнительные параметры, dtype: object)" type="Дополнительные параметры"></catref>
<catref target="Series([], Name: Число строк, dtype: int64)" type="Число строк"></catref>
<catref target="Series([], Name: Автор оригинала, dtype: object)" type="Автор оригинала"></catref>
<catref target="Series([], Name: Язык оригинала, dtype: object)" type="Язык оригинала"></catref>
</textclass></profiledesc>
</teiheader>
<text>
<body>
<div1 n="4" type="volume">
<div2 n="115" type="part">
<head>115.
Н. Я. МАНДЕЛЬШТАМ, </head>
<p>Надик, спасибо за ласковое письмецо! Я пишу вечером на почте после телеграммы. Слышу, как ее выстукивают. Родненький, будь осторожнее. Началась настоящая осень. Слякоть, мразь, и в Царском тоже... Сегодня я побывал там у Ани. К удивленью моему, она завела себе прислугу. Блестели вымытые полы. Что-то шипело на примусе. Знаешь, она потеряла котика!!! Мне это страшно больно. Ведь он был твой. К твоему приезду я приготовлю щеночка-песика, которого ты хотела. Чтоб ты не плакал, Надик. Не сердись на меня, друженька, что я тебя отговариваю ехать. Ведь я не знаю, как ты можешь устроиться в Феодосии! Но, кроме<rs ref="Царское (Детское) Село (г. Пушкин)" type="geo_index"></rs></p>
<p>шуток, я в состоянии послать тебя в Ялту. Ведь это от Крымушки тебе лучше стало! Ведь ты хоть полдня на воздухе, даже в холод! Или нет? Ведь тебе это нужно, Надик. Урви еще кусочек, сократи нашу зиму: она длинная-длинная... <rs ref="Крым" type="geo_index"></rs><rs ref="Ялта" type="geo_index"></rs></p>
<p>А я люблю тебя и жду, но жду терпеливо. Ведь ты все ближе и ближе. Твой голосок со мной, Наночка! Умненькая! Ты хочешь, чтоб Няня за тебя решала. А Няня хочет, чтоб ты!</p>
<p>Скоро, родненький! Скоро! Пташенька светлая, ты скоро вернешься.</p>
<p>Господь с тобой, женушка, друг, доченька, жена. Я твоя Няня.</p>
</div2>
</div1>
</body>
</text>
</tei>
