<?xml version='1.0' encoding='UTF8'?>
<tei xmlns="http://www.tei-c.org/ns/1.0">
<teiheader>
<filedesc>
<titlestmt>
<title>Письма. 112. Н. Я. Мандельштам, ‹конец октября 1926 г.›</title>
<author>О.Э. Мандельштам</author>
</titlestmt>
<publicationstmt>
<p>АРТ-БИЗНЕС-ЦЕНТР МОСКВА 1993</p>
<biblstruct>
<biblscope n="" type="volume"></biblscope>
<biblscope n="" type="part"></biblscope>
</biblstruct></publicationstmt>
<sourcedesc>
<p>Издание подготовлено Мандельштамовским обществом</p>
</sourcedesc>
<respstmt>
<resp>Подготовка и разметка файлов - Алексей Литвинцев, Вероника Файнберг. Создание
          электронного ресурса - Тимофей Молчанов. Руководители проекта - Центр Digital Humanities,
          Мандельштамовское общество (НИУ ВШЭ).</resp>
</respstmt></filedesc>
<profiledesc>
<textdesc n="letter"></textdesc>
<textclass>
<catref target="Series([], Name: ID, dtype: object)" type="ID"></catref>
<catref target="Series([], Name: Источник, dtype: object)" type="Источник"></catref>
<catref target="Series([], Name: Жанр художественной литературы, dtype: object)" type="Жанр художественной литературы"></catref>
<catref target="Series([], Name: Уточнение жанра 1, dtype: object)" type="Уточнение жанра"></catref>
<catref target="Series([], Name: Метр, dtype: object)" type="Метр"></catref>
<catref target="Series([], Name: Длина строки, dtype: object)" type="Длина строки"></catref>
<catref target="Series([], Name: Клаузула, dtype: object)" type="Клаузула"></catref>
<catref target="Series([], Name: Уточнение клаузулы 1, dtype: object)" type="Уточнение клаузулы"></catref>
<catref target="Series([], Name: Классическая строфа, dtype: object)" type="Классическая строфа"></catref>
<catref target="Series([], Name: Рифма, dtype: object)" type="Рифма"></catref>
<catref target="Series([], Name: Схема рифмовки, dtype: object)" type="Схема рифмовки"></catref>
<catref target="Series([], Name: Метрическая формула, dtype: object)" type="Метрическая формула"></catref>
<catref target="Series([], Name: Дополнительные параметры, dtype: object)" type="Дополнительные параметры"></catref>
<catref target="Series([], Name: Число строк, dtype: int64)" type="Число строк"></catref>
<catref target="Series([], Name: Автор оригинала, dtype: object)" type="Автор оригинала"></catref>
<catref target="Series([], Name: Язык оригинала, dtype: object)" type="Язык оригинала"></catref>
</textclass></profiledesc>
</teiheader>
<text>
<body>
<div1 n="4" type="volume">
<div2 n="112" type="part">
<head>112.
Н. Я. МАНДЕЛЬШТАМ, </head>
<p>Надик, нежняночка далекая, неужели это последнее письмо? Ты уже на отлете. Так послушай, детка, Няниного совета: </p>
<p> не возвращайся, а сообщи мне, и я тебя переправлю на ноябрь в Ялту. Еще большее значение имеет вес. Боюсь, что ты жила впроголодь и похудела. Если же все</p>
<p>благополучно, т. е. </p>
<p> — то с Богом выезжай. Погода у нас хорошая, хотя и холодно. Даже снег выпал непрактичный. Дни солнечные. На дорогу </p>
<p>. Это Няня тебе обязательно велит. А я буду ждать тебя с материалом для шубки: мы ее в тот же день отдадим шить. Готовая мне не нравится. Не лукавь, мой маленький, не будь хитрой лисичкой. Я очень обижусь, </p>
<p>. Мои дела хороши. Сегодня Прибой должен был утвердить мои новые договоры, но заседание не состоялось.</p>
<p>В Царское сегодня не выбрался. Еду завтра вечером. Я решительно за второй этаж в Лицее. Там уже сделана уборка, и это будет наша квартирка. Жду тебя, родной, целую тебя, умненький дружок!<rs ref="Царское (Детское) Село (г. Пушкин)" type="geo_index"></rs></p>
</div2>
</div1>
</body>
</text>
</tei>
