<?xml version='1.0' encoding='UTF8'?>
<tei xmlns="http://www.tei-c.org/ns/1.0">
<teiheader>
<filedesc>
<titlestmt>
<title>Письма. 118. А Э. Мандельштаму, ‹начало мая 1927 г.›</title>
<author>О.Э. Мандельштам</author>
</titlestmt>
<publicationstmt>
<p>АРТ-БИЗНЕС-ЦЕНТР МОСКВА 1993</p>
<biblstruct>
<biblscope n="" type="volume"></biblscope>
<biblscope n="" type="part"></biblscope>
</biblstruct></publicationstmt>
<sourcedesc>
<p>Издание подготовлено Мандельштамовским обществом</p>
</sourcedesc>
<respstmt>
<resp>Подготовка и разметка файлов - Алексей Литвинцев, Вероника Файнберг. Создание
          электронного ресурса - Тимофей Молчанов. Руководители проекта - Центр Digital Humanities,
          Мандельштамовское общество (НИУ ВШЭ).</resp>
</respstmt></filedesc>
<profiledesc>
<textdesc n="letter"></textdesc>
<textclass>
<catref target="Series([], Name: ID, dtype: object)" type="ID"></catref>
<catref target="Series([], Name: Источник, dtype: object)" type="Источник"></catref>
<catref target="Series([], Name: Жанр художественной литературы, dtype: object)" type="Жанр художественной литературы"></catref>
<catref target="Series([], Name: Уточнение жанра 1, dtype: object)" type="Уточнение жанра"></catref>
<catref target="Series([], Name: Метр, dtype: object)" type="Метр"></catref>
<catref target="Series([], Name: Длина строки, dtype: object)" type="Длина строки"></catref>
<catref target="Series([], Name: Клаузула, dtype: object)" type="Клаузула"></catref>
<catref target="Series([], Name: Уточнение клаузулы 1, dtype: object)" type="Уточнение клаузулы"></catref>
<catref target="Series([], Name: Классическая строфа, dtype: object)" type="Классическая строфа"></catref>
<catref target="Series([], Name: Рифма, dtype: object)" type="Рифма"></catref>
<catref target="Series([], Name: Схема рифмовки, dtype: object)" type="Схема рифмовки"></catref>
<catref target="Series([], Name: Метрическая формула, dtype: object)" type="Метрическая формула"></catref>
<catref target="Series([], Name: Дополнительные параметры, dtype: object)" type="Дополнительные параметры"></catref>
<catref target="Series([], Name: Число строк, dtype: int64)" type="Число строк"></catref>
<catref target="Series([], Name: Автор оригинала, dtype: object)" type="Автор оригинала"></catref>
<catref target="Series([], Name: Язык оригинала, dtype: object)" type="Язык оригинала"></catref>
</textclass></profiledesc>
</teiheader>
<text>
<body>
<div1 n="4" type="volume">
<div2 n="118" type="part">
<head>118.
А. Э. МАНДЕЛЬШТАМУ, </head>
<p>Мы с Надей уже неделю в Москве и сегодня возвращаемся домой, справившись с издательскими делами. Кажется, намечается возможность через месяц махнуть на юг, и мы<rs ref="Москва" type="geo_index"></rs><rs ref="Москва" type="geo_index"></rs></p>
<p>хотели бы взять курс через Армавир и осесть где-нибудь поблизости (лучше не у моря; напр‹имер› в Нальчике). Ты должен во что бы то ни стало вернуться осенью в Москву. Я понимаю, как тебе нужен Армавир, насколько в нем чище и лучше, но надолго это не годится. Не посылай папе никаких денег. Теперь это не нужно (у Оси, очевидно, будут). Вижу тебя, как ты сидишь в армянском кафэ и мажешь на биллиарде. Мы нашли Армавир на карте и польщены его южным положением. Ты, как Печорин, поехал на Кавказ. Мне решительно нечем похвалиться — разве тем, что Надя совсем здорова (и добродушна). Сейчас мы тряхнули московской стариной, будто никогда и не уезжали. Видели всех своих чудаковатых знакомых. Восхищались автобусами и такси. Ели икру с бумаги на извозчике, подражая «растратчикам». Умоляем тебя немедленно ответить. Если ты не ужился или нездоров, то бросай все к чорту и приезжай к нам в Детское. У нас там солидный дом с ванной, прислугой и телефоном. (Шурик, целую вас.) Мы тоже ведем «сосновый разговор с еловым поколением». Бескин очень милый человек. Нарбут идет в гору. Гиз московский — дик и странен, как персидское посольство.<rs ref="Армавир" type="geo_index"></rs><rs ref="Кавказ" type="geo_index"></rs><rs ref="Москва" type="geo_index"></rs><rs ref="Нальчик" type="geo_index"></rs><rs ref="Москва" type="geo_index"></rs><rs ref="Бескин, Осип Мартынович" type="person"></rs><rs ref="Нарбут, Владимир Иванович" type="person"></rs></p>
<p>Лена требует, чтоб о ней тоже написали.</p>
<p>Крепко целую тебя. Жду писем. Приеду </p>
<p>.</p>
</div2>
</div1>
</body>
</text>
</tei>
