<?xml version='1.0' encoding='UTF8'?>
<tei xmlns="http://www.tei-c.org/ns/1.0">
<teiheader>
<filedesc>
<titlestmt>
<title>Письма. 124. А. Г. Бенедиктову, 29 июня 1928 г.</title>
<author>О.Э. Мандельштам</author>
</titlestmt>
<publicationstmt>
<p>АРТ-БИЗНЕС-ЦЕНТР МОСКВА 1993</p>
<biblstruct>
<biblscope n="" type="volume"></biblscope>
<biblscope n="" type="part"></biblscope>
</biblstruct></publicationstmt>
<sourcedesc>
<p>Издание подготовлено Мандельштамовским обществом</p>
</sourcedesc>
<respstmt>
<resp>Подготовка и разметка файлов - Алексей Литвинцев, Вероника Файнберг. Создание
          электронного ресурса - Тимофей Молчанов. Руководители проекта - Центр Digital Humanities,
          Мандельштамовское общество (НИУ ВШЭ).</resp>
</respstmt></filedesc>
<profiledesc>
<textdesc n="letter"></textdesc>
<textclass>
<catref target="Series([], Name: ID, dtype: object)" type="ID"></catref>
<catref target="Series([], Name: Источник, dtype: object)" type="Источник"></catref>
<catref target="Series([], Name: Жанр художественной литературы, dtype: object)" type="Жанр художественной литературы"></catref>
<catref target="Series([], Name: Уточнение жанра 1, dtype: object)" type="Уточнение жанра"></catref>
<catref target="Series([], Name: Метр, dtype: object)" type="Метр"></catref>
<catref target="Series([], Name: Длина строки, dtype: object)" type="Длина строки"></catref>
<catref target="Series([], Name: Клаузула, dtype: object)" type="Клаузула"></catref>
<catref target="Series([], Name: Уточнение клаузулы 1, dtype: object)" type="Уточнение клаузулы"></catref>
<catref target="Series([], Name: Классическая строфа, dtype: object)" type="Классическая строфа"></catref>
<catref target="Series([], Name: Рифма, dtype: object)" type="Рифма"></catref>
<catref target="Series([], Name: Схема рифмовки, dtype: object)" type="Схема рифмовки"></catref>
<catref target="Series([], Name: Метрическая формула, dtype: object)" type="Метрическая формула"></catref>
<catref target="Series([], Name: Дополнительные параметры, dtype: object)" type="Дополнительные параметры"></catref>
<catref target="Series([], Name: Число строк, dtype: int64)" type="Число строк"></catref>
<catref target="Series([], Name: Автор оригинала, dtype: object)" type="Автор оригинала"></catref>
<catref target="Series([], Name: Язык оригинала, dtype: object)" type="Язык оригинала"></catref>
</textclass></profiledesc>
</teiheader>
<text>
<body>
<div1 n="4" type="volume">
<div2 n="124" type="part">
<head>124.
А. Г. ВЕНЕДИКТОВУ, </head>
<p>21-го текущего месяца в ЗИФе было получено адресованное тов. Шойхету мое письмо, содержавшее просьбу приурочить к определенным срокам, в <rs ref="Шойхет, Абрам Моисеевич," type="person"></rs></p>
<p> платежи по одному из томов Вальтер-Скотта «Антикварий» и по первому тому Майн-Рида «На дне трюма».<rs ref="Рид, Томас Майн" type="person"></rs><rs ref="Скотт, Вальтер" type="person"></rs></p>
<p>В отношении «Антиквария» ЗИФ очевидно не счел возможным уважить мою просьбу, ибо согласно сведениям, полученным от лица, наводившего справки, гонорар за него будет выплачен только 5-го июля, то есть в предельный по договору срок (через три недели после фактического получения рукописи).</p>
<p>Остается вопрос о Майн-Риде. Я поднимаю его заранее, поскольку он имеет насущнейшее значение для меня. Рукопись, о которой идет речь, будет получена Издательством в первых числах июля. По договору Издательство вправе ее оплатить немедленно после получения т‹ак› н‹азываемого› «одобрения».<rs ref="Рид, Томас Майн" type="person"></rs></p>
<p>Я убедительно прошу на этот раз пойти мне навстречу и, не затягивая процедуры, выплатить деньги примерно к 15-му июля. Выполняя для ЗИФа крупные работы, я отнюдь не ограничиваюсь формальными требованиями договоров и, нередко в ущерб себе, значительно усложняю литературное задание. Все мои опоздания и формальные неточности, неизбежные при массовой работе, объясняются этим</p>
<p>отношением к качеству работы. Я имею полное основание ожидать, что в данном случае вы удовлетворите мою просьбу, ни в коем случае не нарушающую договора. Поверьте, чтоя не оспариваю права бухгалтерии маневрировать в пределах льготного срока. Утруждать вас специальными пожеланиями по поводу каждого сдаваемого тома я вовсе не собираюсь. Повторные и предварительные просьбы относительно первого тома Майн-Рида прошу считать исключ��нием, хотя полагаю, что не в интересах издательства тормозить нашу и без того нелегкую работу, систематически отодвигая платежи на последний срок.<rs ref="Рид, Томас Майн" type="person"></rs></p>
<p>Хотел бы еще коснуться вопроса о переписке: мне было передано, что оплата ее задерживается до сдачи в набор. Этим самым соответствующий пункт договора аннулируется и снижается гонорар. Больше того, этим устанавливается своеобразный «штраф» на качество работы редактора: чем тщательнее проредактирована переписанная на машинке рукопись, тем больше оснований ожидать, что переписку забракуют. На протяжении почти годичной работы над Вальтер-Скоттом у нас не было таких прецедентов; мы имеем дело с новшеством, и вряд ли удачным. Кроме того, по основному договору на Вальтер-Скотта и специально запротоколированному соглашению, подписанному тов. Нарбутом, переписка должна оплачиваться одновременно с редактурой. Крайне меня обяжете, сделав соответственное распоряжение.<rs ref="Нарбут, Владимир Иванович" type="person"></rs><rs ref="Скотт, Вальтер" type="person"></rs></p>
<p>Поскольку устные передачи через третье лицо, которое поддерживает мою связь с Зифом неточны и недостаточны, я бы очень просил вас ответить мне по прилагаемому адресу.</p>
<p>29 июня 1928 г.</p>
<p>Ялта, улица Коммунаров, пансион Лоланова.<rs ref="Ялта" type="geo_index"></rs><rs ref="Лоланов," type="person"></rs></p>
</div2>
</div1>
</body>
</text>
</tei>
