<?xml version='1.0' encoding='UTF8'?>
<tei xmlns="http://www.tei-c.org/ns/1.0">
<teiheader>
<filedesc>
<titlestmt>
<title>Письма. 128. М. А. Зенкевичу, ‹20-е числа января 1929 г.›</title>
<author>О.Э. Мандельштам</author>
</titlestmt>
<publicationstmt>
<p>АРТ-БИЗНЕС-ЦЕНТР МОСКВА 1993</p>
<biblstruct>
<biblscope n="" type="volume"></biblscope>
<biblscope n="" type="part"></biblscope>
</biblstruct></publicationstmt>
<sourcedesc>
<p>Издание подготовлено Мандельштамовским обществом</p>
</sourcedesc>
<respstmt>
<resp>Подготовка и разметка файлов - Алексей Литвинцев, Вероника Файнберг. Создание
          электронного ресурса - Тимофей Молчанов. Руководители проекта - Центр Digital Humanities,
          Мандельштамовское общество (НИУ ВШЭ).</resp>
</respstmt></filedesc>
<profiledesc>
<textdesc n="letter"></textdesc>
<textclass>
<catref target="Series([], Name: ID, dtype: object)" type="ID"></catref>
<catref target="Series([], Name: Источник, dtype: object)" type="Источник"></catref>
<catref target="Series([], Name: Жанр художественной литературы, dtype: object)" type="Жанр художественной литературы"></catref>
<catref target="Series([], Name: Уточнение жанра 1, dtype: object)" type="Уточнение жанра"></catref>
<catref target="Series([], Name: Метр, dtype: object)" type="Метр"></catref>
<catref target="Series([], Name: Длина строки, dtype: object)" type="Длина строки"></catref>
<catref target="Series([], Name: Клаузула, dtype: object)" type="Клаузула"></catref>
<catref target="Series([], Name: Уточнение клаузулы 1, dtype: object)" type="Уточнение клаузулы"></catref>
<catref target="Series([], Name: Классическая строфа, dtype: object)" type="Классическая строфа"></catref>
<catref target="Series([], Name: Рифма, dtype: object)" type="Рифма"></catref>
<catref target="Series([], Name: Схема рифмовки, dtype: object)" type="Схема рифмовки"></catref>
<catref target="Series([], Name: Метрическая формула, dtype: object)" type="Метрическая формула"></catref>
<catref target="Series([], Name: Дополнительные параметры, dtype: object)" type="Дополнительные параметры"></catref>
<catref target="Series([], Name: Число строк, dtype: int64)" type="Число строк"></catref>
<catref target="Series([], Name: Автор оригинала, dtype: object)" type="Автор оригинала"></catref>
<catref target="Series([], Name: Язык оригинала, dtype: object)" type="Язык оригинала"></catref>
</textclass></profiledesc>
</teiheader>
<text>
<body>
<div1 n="4" type="volume">
<div2 n="128" type="part">
<head>128.
М. А. ЗЕНКЕВИЧУ, </head>
<p>Только что Лившиц мне переслал твое письмо, где говорится о приостановке печатанья Майн-Рида со всеми его последствиями. Кроме того, тут же Лившиц мне сообщает, что из десяти оставшихся намеченных в плане названий у него имеется только пять. Он не потрудился объяснить — английские они или французские, а также каков их листаж, а вещи Майн-Рида колеблются от 6 до 18, причем грамотный перевод нередко из 14 делает 7, а в плане все это называется огульно томами и сопровождено взятыми из головы цифрами — 14—15—16 листов.<rs ref="Лившиц, Бенедикт Константинович" type="person"></rs><rs ref="Рид, Томас Майн" type="person"></rs></p>
<p>Итак вместо половины всего издания, которое как-никак могло и может содержать по смете плана 160 листов, мы рискуем остаться вдвоем с Лившицем с 40-50 листами, если не будут найдены отсутствующие книги. Каждая английская книга означает для нас сокращение заработка на 2/3 или даже больше. Между тем хороший перевод с французского лучше, чем плохой — а где взять хороший? — с английского.<rs ref="Лившиц, Бенедикт Константинович" type="person"></rs></p>
<p>Для того, чтобы дотянуть до осени, нам абсолютно необходимо восстановить настоящий объем работы.</p>
<p>Для этого я предлагаю следующие средства: 1) раздобыть все, что только можно Майн-Рида по-французски (берусь это сделать сам — частью в Киеве, частью через Эренбурга), 2) в сущности это не во-вторых, а во-первых, и без этого ничего не выйдет: дополнить план рядом новых названий, основываясь на требованиях композиции, на утечке материала и т. д.<rs ref="Киев" type="geo_index"></rs><rs ref="Рид, Томас Майн" type="person"></rs><rs ref="Эренбург, Илья Григорьевич" type="person"></rs></p>
<p>Для этого лично приеду в Москву. Другими словами, предлагаю немедленно составить расширенный и измененный в смысле названий план издания, но с тем же количеством листов, какой указан в договоре. От этого зависит почти год нашей обеспеченности, а положение сам знаешь какое.<rs ref="Москва" type="geo_index"></rs><rs ref="Москва" type="geo_index"></rs></p>
<p>Все это не имеет ни малейшего отношения к Владимиру Ивановичу. Мое решение делиться с ним работой стоит <rs ref="Москва" type="geo_index"></rs></p>
<p>, но именно делиться с ним, а не с посторонними переводчиками. Я предлагаю следующее: перевести для Владимира Иван‹овича› любой том, а если нужно то и 2 и 3 — без редактуры и без примечаний — по 35 рублей с листа, как всякий переводчик, высылая ему листы через тебя по<rs ref="Москва" type="geo_index"></rs></p>
<p>мере продвижения работы. Это избавляет меня от кропотливой возни с окончательным текстом и явится для меня настоящим отдыхом и облегчит работу Влад‹имира› Иван‹овича›, т. к. все ж таки я лучше других переводчиков. Кроме нормальной стилистической редактуры, на Влад‹имира› Иван‹овича› лягут также примечания — и можно будет устроить так, чтоб избежать вторичной переписки, если впечатывать все поправки на машинке, что всегда возможно, если основная фраза не ломается.<rs ref="Москва" type="geo_index"></rs></p>
<p>При этом отпадает конечно английский том «Мексиканские стрелки», которого мы с Надей перевести не можем.</p>
<p>Через три дня я кончаю работу над очередным томом и в две недели мы можем перевести с французского 15 листов, которые нам вышлет Лившиц.<rs ref="Лившиц, Бенедикт Константинович" type="person"></rs></p>
<p>Если «Мексиканские стрелки» уже переведены, то разумеется ничего не поделаешь. Если же нет — то задержи их. Т. к. все эти перестановки Влад(имира) Ив(ановича) не касаются и на нем отразиться не могут и не должны, то лучше ему о них и вовсе не рассказывать — ведь ему в конце концов все равно, кто делает для него черновой перевод.</p>
<p> Она приехала и сразу слегла. Похоже, что ее будут оперировать в Киеве. Лечит <rs ref="Киев" type="geo_index"></rs></p>
<p> — ставшая здесь хирургом-«профессором». Аппендицит. Какой неизвестно и неизвестно есть ли что кроме аппенд‹ицита›. Но резать нужно.</p>
<p>Прошу тебя </p>
<p> </p>
<p> предупреди Лихницкого, что в январе подлежит оплате том «Охотн‹ики› за растен‹иями›. — Гаспар Гаучо.» — это <rs ref="Лихов" type="person"></rs></p>
<p> том, а не два 14 — 15 </p>
<p>.</p>
<p>Мы сидим без гроша. У стариков нет кредита. Раздобываю на жизнь по 3 рубля. Хуже всего, что </p>
<p>. Хорошо еще, что Гедройц здесь.<rs ref="Гедройц, Вера Игнатьевна" type="person"></rs></p>
<p> </p>
<note>1 Предыдущий текст — рукой Н. Я. Мандельштам. Далее рукой самого О. Э. Мандельштам.</note>
<rs ref="Мандельштам, Евгений Эмильевич" type="person"></rs>
</div2>
</div1>
</body>
</text>
</tei>
