<?xml version='1.0' encoding='UTF8'?>
<tei xmlns="http://www.tei-c.org/ns/1.0">
<teiheader>
<filedesc>
<titlestmt>
<title>Письма. 127. В редакцию газеты «Вечерняя Москва», ‹до 12 декабря 1928 г.›</title>
<author>О.Э. Мандельштам</author>
</titlestmt>
<publicationstmt>
<p>АРТ-БИЗНЕС-ЦЕНТР МОСКВА 1993</p>
<biblstruct>
<biblscope n="" type="volume"></biblscope>
<biblscope n="" type="part"></biblscope>
</biblstruct></publicationstmt>
<sourcedesc>
<p>Издание подготовлено Мандельштамовским обществом</p>
</sourcedesc>
<respstmt>
<resp>Подготовка и разметка файлов - Алексей Литвинцев, Вероника Файнберг. Создание
          электронного ресурса - Тимофей Молчанов. Руководители проекта - Центр Digital Humanities,
          Мандельштамовское общество (НИУ ВШЭ).</resp>
</respstmt></filedesc>
<profiledesc>
<textdesc n="letter"></textdesc>
<textclass>
<catref target="Series([], Name: ID, dtype: object)" type="ID"></catref>
<catref target="Series([], Name: Источник, dtype: object)" type="Источник"></catref>
<catref target="Series([], Name: Жанр художественной литературы, dtype: object)" type="Жанр художественной литературы"></catref>
<catref target="Series([], Name: Уточнение жанра 1, dtype: object)" type="Уточнение жанра"></catref>
<catref target="Series([], Name: Метр, dtype: object)" type="Метр"></catref>
<catref target="Series([], Name: Длина строки, dtype: object)" type="Длина строки"></catref>
<catref target="Series([], Name: Клаузула, dtype: object)" type="Клаузула"></catref>
<catref target="Series([], Name: Уточнение клаузулы 1, dtype: object)" type="Уточнение клаузулы"></catref>
<catref target="Series([], Name: Классическая строфа, dtype: object)" type="Классическая строфа"></catref>
<catref target="Series([], Name: Рифма, dtype: object)" type="Рифма"></catref>
<catref target="Series([], Name: Схема рифмовки, dtype: object)" type="Схема рифмовки"></catref>
<catref target="Series([], Name: Метрическая формула, dtype: object)" type="Метрическая формула"></catref>
<catref target="Series([], Name: Дополнительные параметры, dtype: object)" type="Дополнительные параметры"></catref>
<catref target="Series([], Name: Число строк, dtype: int64)" type="Число строк"></catref>
<catref target="Series([], Name: Автор оригинала, dtype: object)" type="Автор оригинала"></catref>
<catref target="Series([], Name: Язык оригинала, dtype: object)" type="Язык оригинала"></catref>
</textclass></profiledesc>
</teiheader>
<text>
<body>
<div1 n="4" type="volume">
<div2 n="127" type="part">
<head>127.</head>
<head>В редакцию газеты «ВЕЧЕРНЯЯ МОСКВА», </head>
<epigraph>
<quote>«Когда, бродя по толчку, я вижу, хотя и в переделанном виде, пальто, вчера унесенное из моей прихожей, я вправе заявить: “А ведь пальто-то краденое”.»</quote>
<bibl>А. Горнфельд.</bibl>
</epigraph>
<p>Мне приходится выступать в непривычной для меня роли — отчитываться по обвинению в использовании чужого литературного материала. Дело идет о письме критика Горнфельда в № 328 «Красной Вечерней Газеты» по поводу моей обработки старых переводов «Уленшпигеля», заказанной мне издательством ЗИФ.<rs ref="Москва" type="geo_index"></rs><rs ref="Горнфельд, Аркадий Георгиевич" type="person"></rs></p>
<p>К столкновению с Горнфельдом меня привела дурная практика издательств, выпускающих в явочном порядке и анонимно десятки отредактированных и обработанных переводов, причем соглашение между издательством и переводчиком достигается неизменно задним числом.<rs ref="Горнфельд, Аркадий Георгиевич" type="person"></rs></p>
<p>Несмотря на это, считая себя морально ответственным перед товарищем по переводной работе, я, по выходе книги, первый известил ничего не подозревавшего Горнфельда и заявил, что отвечаю за его гонорар всем своим литературным заработком.<rs ref="Горнфельд, Аркадий Георгиевич" type="person"></rs></p>
<p>Горнфельд об этом почему-то умалчивает.<rs ref="Горнфельд, Аркадий Георгиевич" type="person"></rs></p>
<p>Ответом его явилось письмо в редакцию «Красной Вечерней Газеты».<rs ref="Москва" type="geo_index"></rs></p>
<p>Оставляя на совести Горнфельда тон и выпады его письма с попытками изобразить дело в уголовном разрезе и с упоминаниями о «толчках» и «шубах», отвечу почтенному критику-рецензенту по существу.<rs ref="Горнфельд, Аркадий Георгиевич" type="person"></rs></p>
<p>Позволю себе заговорить с Горнфельдом на несколько неожиданном для него производственном языке — мой пе��еводческий стаж — свыше 30 томов за 10 лет — дает мне на это право. У нас нищенская смета на перевоплощение тех колоссальных культурных ценностей, которые мы должны протолкнуть в читательскую массу. Переводы иностранных классиков по плечу лишь крупным художникам слова. Издательства пока что не в состоянии их мобилизовать. Мы вынуждены работать на кустарном станке и все-таки выпускаем тексты лучше прежних. Педантическая сверка с подлинником отступает здесь на задний план перед несравненно более важной культурной задачей — чтобы каждая фраза звучала по-русски и в согласии с духом подлинника. Нам важно, чтобы молодежь не путала Тиля Уленшпигеля с Вильгельмом Теллем, а книжникам-фарисеям — «безгрешная книга» на полке и пустое место в умах и сердцах читателей. Поэтому я не смущаюсь, если при перечислении частей характерного костюма вместо чулок и юбок в текст проскользнут чепцы, ничуть не обидные для Костера и как следует надетые на голову фламандки.<rs ref="Горнфельд, Аркадий Георгиевич" type="person"></rs></p>
<p>«А король Филипп пребывал в неизменной тоске и злобе. В бессильном честолюбии молил он Господа...» (перевод Горнфельда). Неужели так говорит Костер? Не верю: канцелярское «пребывал в неизменной тоске», славянское «Господь», двойное построение на одном предлоге с мертвящим параллелизмом прилагательных. Послушайте так: «...между тем, король Филипп тосковал и злобствовал. Честолюбивый недоумок молился Богу...» Два разноустремленных глагола («тоскует» и «злобствует»), один ударный эпитет («честолюбивый») и брошенная вскользь характеристика Филиппа («недоумок»). Строением фразы определяется строй мысли (пример мой). Моя правка, вернее ломка, Карякина, из которой возникла подавляющая масса текста (18 листов), заключалась не в механическом лавировании между его текстом и текстом Горнфельда, а в сознательном оживлении почти каждой фразы.<rs ref="Горнфельд, Аркадий Георгиевич" type="person"></rs><rs ref="Карякин, Василий Никитович" type="person"></rs></p>
<p>Я много и долго боролся с условным переводческим языком. Он страшен, въедлив, уродлив и всегда заслоняет</p>
<p>автора. Кашеобразный синтаксис, отсутствие ритма прозы, резиновый язык — все это не считается у нас отсебятиной. Лишь бы не обиделся словарь Макарова. «Мохнатые ноги с раздвоенными копытцами» — (о черте) — это нельзя, а «раздвоенные ноги» — это можно, как поправляет меня даже Горнфельд, стоящий на целую голову выше большинства переводчиков, но давший в своем Уленшпигеле слишком грузный текст.<rs ref="Горнфельд, Аркадий Георгиевич" type="person"></rs><rs ref="Горнфельд, Аркадий Георгиевич" type="person"></rs><rs ref="Макаров, Николай Петрович" type="person"></rs></p>
<p>Но неважно, плохо или хорошо исправил я старые переводы или создал новый текст по их канве. Неужели Горнфельд ни во что не ставит покой и нравственные силы писателя, приехавшего к нему за 2000 верст для объяснений, чтобы загладить нелепую, досадную оплошность (свою и издательства). Неужели он хотел, чтобы мы стояли на радость мещан, как вцепившиеся друг другу в волосы торгаши? Как можно отделять «черную» повседневную работу писателя от его жизненной задачи? Из случайной безалаберности делать черный «литературный скандал» в духе мелкотравчатых «понедельничных» газет доброго старого времени?<rs ref="Горнфельд, Аркадий Георгиевич" type="person"></rs></p>
<p>Неужели я мог понадобиться Горнфельду, как пример литературного хищничества?<rs ref="Горнфельд, Аркадий Георгиевич" type="person"></rs></p>
<p>А теперь, когда извинения давно уже принесены, — отбросив всякое миндальничанье, я, русский поэт и литератор, подъявший за 20 лет гору самостоятельного труда, спрашиваю литературного критика Горнфельда, как мог он унизиться до своей фразы о «шубе»? Мой ложный шаг — следовало настоять о том, чтобы издательство своевременно договорилось с переводчиками — и вина Грнфельда, извратившего в печати весь мой писательский облик — несоизмеримы. Избранный им путь нецелесообразен и мелочен. В нем такое равнодушие к литератору и младшему современнику, такое пренебрежение к его труду, такое омертвение социальной и товарищеской связи, на которой держится литература, что становится страшно за писателя и человека.<rs ref="Горнфельд, Аркадий Георгиевич" type="person"></rs></p>
<p>Дурным порядкам и навыкам нужно свертывать шею, но это не значит, что писатели должны свертывать шею друг другу.</p>
</div2>
</div1>
</body>
</text>
</tei>
