<?xml version='1.0' encoding='UTF8'?>
<tei xmlns="http://www.tei-c.org/ns/1.0">
<teiheader>
<filedesc>
<titlestmt>
<title>Письма. 122. Е. И. Замятину, 2 марта 1928 г.</title>
<author>О.Э. Мандельштам</author>
</titlestmt>
<publicationstmt>
<p>АРТ-БИЗНЕС-ЦЕНТР МОСКВА 1993</p>
<biblstruct>
<biblscope n="" type="volume"></biblscope>
<biblscope n="" type="part"></biblscope>
</biblstruct></publicationstmt>
<sourcedesc>
<p>Издание подготовлено Мандельштамовским обществом</p>
</sourcedesc>
<respstmt>
<resp>Подготовка и разметка файлов - Алексей Литвинцев, Вероника Файнберг. Создание
          электронного ресурса - Тимофей Молчанов. Руководители проекта - Центр Digital Humanities,
          Мандельштамовское общество (НИУ ВШЭ).</resp>
</respstmt></filedesc>
<profiledesc>
<textdesc n="letter"></textdesc>
<textclass>
<catref target="Series([], Name: ID, dtype: object)" type="ID"></catref>
<catref target="Series([], Name: Источник, dtype: object)" type="Источник"></catref>
<catref target="Series([], Name: Жанр художественной литературы, dtype: object)" type="Жанр художественной литературы"></catref>
<catref target="Series([], Name: Уточнение жанра 1, dtype: object)" type="Уточнение жанра"></catref>
<catref target="Series([], Name: Метр, dtype: object)" type="Метр"></catref>
<catref target="Series([], Name: Длина строки, dtype: object)" type="Длина строки"></catref>
<catref target="Series([], Name: Клаузула, dtype: object)" type="Клаузула"></catref>
<catref target="Series([], Name: Уточнение клаузулы 1, dtype: object)" type="Уточнение клаузулы"></catref>
<catref target="Series([], Name: Классическая строфа, dtype: object)" type="Классическая строфа"></catref>
<catref target="Series([], Name: Рифма, dtype: object)" type="Рифма"></catref>
<catref target="Series([], Name: Схема рифмовки, dtype: object)" type="Схема рифмовки"></catref>
<catref target="Series([], Name: Метрическая формула, dtype: object)" type="Метрическая формула"></catref>
<catref target="Series([], Name: Дополнительные параметры, dtype: object)" type="Дополнительные параметры"></catref>
<catref target="Series([], Name: Число строк, dtype: int64)" type="Число строк"></catref>
<catref target="Series([], Name: Автор оригинала, dtype: object)" type="Автор оригинала"></catref>
<catref target="Series([], Name: Язык оригинала, dtype: object)" type="Язык оригинала"></catref>
</textclass></profiledesc>
</teiheader>
<text>
<body>
<div1 n="4" type="volume">
<div2 n="122" type="part">
<head>122.</head>
<head>Е. И. ЗАМЯТИНУ, </head>
<p>письмо Ваше получил </p>
<p> утром. Согласие мое сообщил Людмиле Николаевне. Я прочту две-три пьесы из «Пламенного Круга». Было бы очень желательно, чтобы все приглашенные поэты не ограничились репертуаром неизданных стихов, а прибавили к нему хоть что-нибудь из старых. В этом чтении всем известных, старых стихов, в повторении давно всем знакомого — единственное </p>
<p> участия поэтов в предполагаемом вечере. Кроме того, мне кажется, что совершенно необходимо пригласить В. А. Пяста — одного из самых близких по духу и поколенью к Ф‹едору› К‹узьмичу›, <rs ref="Пяст (Пестовский), Владимир Алексеевич" type="person"></rs></p>
<p> поэта. Короткая память в отношении к Пясту наш общий грех.<rs ref="Коробова П.(?)," type="person"></rs><rs ref="Пяст (Пестовский), Владимир Алексеевич" type="person"></rs></p>
<p>2/III/28</p>
</div2>
</div1>
</body>
</text>
</tei>
