<?xml version='1.0' encoding='UTF8'?>
<tei xmlns="http://www.tei-c.org/ns/1.0">
<teiheader>
<filedesc>
<titlestmt>
<title>Письма. 123. ‹П.› Коробовой, 25 июня 1928 г.</title>
<author>О.Э. Мандельштам</author>
</titlestmt>
<publicationstmt>
<p>АРТ-БИЗНЕС-ЦЕНТР МОСКВА 1993</p>
<biblstruct>
<biblscope n="" type="volume"></biblscope>
<biblscope n="" type="part"></biblscope>
</biblstruct></publicationstmt>
<sourcedesc>
<p>Издание подготовлено Мандельштамовским обществом</p>
</sourcedesc>
<respstmt>
<resp>Подготовка и разметка файлов - Алексей Литвинцев, Вероника Файнберг. Создание
          электронного ресурса - Тимофей Молчанов. Руководители проекта - Центр Digital Humanities,
          Мандельштамовское общество (НИУ ВШЭ).</resp>
</respstmt></filedesc>
<profiledesc>
<textdesc n="letter"></textdesc>
<textclass>
<catref target="Series([], Name: ID, dtype: object)" type="ID"></catref>
<catref target="Series([], Name: Источник, dtype: object)" type="Источник"></catref>
<catref target="Series([], Name: Жанр художественной литературы, dtype: object)" type="Жанр художественной литературы"></catref>
<catref target="Series([], Name: Уточнение жанра 1, dtype: object)" type="Уточнение жанра"></catref>
<catref target="Series([], Name: Метр, dtype: object)" type="Метр"></catref>
<catref target="Series([], Name: Длина строки, dtype: object)" type="Длина строки"></catref>
<catref target="Series([], Name: Клаузула, dtype: object)" type="Клаузула"></catref>
<catref target="Series([], Name: Уточнение клаузулы 1, dtype: object)" type="Уточнение клаузулы"></catref>
<catref target="Series([], Name: Классическая строфа, dtype: object)" type="Классическая строфа"></catref>
<catref target="Series([], Name: Рифма, dtype: object)" type="Рифма"></catref>
<catref target="Series([], Name: Схема рифмовки, dtype: object)" type="Схема рифмовки"></catref>
<catref target="Series([], Name: Метрическая формула, dtype: object)" type="Метрическая формула"></catref>
<catref target="Series([], Name: Дополнительные параметры, dtype: object)" type="Дополнительные параметры"></catref>
<catref target="Series([], Name: Число строк, dtype: int64)" type="Число строк"></catref>
<catref target="Series([], Name: Автор оригинала, dtype: object)" type="Автор оригинала"></catref>
<catref target="Series([], Name: Язык оригинала, dtype: object)" type="Язык оригинала"></catref>
</textclass></profiledesc>
</teiheader>
<text>
<body>
<div1 n="4" type="volume">
<div2 n="123" type="part">
<head>123.
‹П.› Коробовой,</head>
<p>Получил с оказией Ваше письмо и корректуру Егип‹етской› Марки. Как жаль, что Лидия Мойсеевна завезла мой адрес! Два месяца назад я написал в Лит-Худ: просил </p>
<p> выбросить из Егип‹етской› Марки конец: все, кроме самой Ег‹ипетской› М‹арки› и «Шума времени», который кончается словами «козьим молоком феодосийской луны» — от этих слов и до конца — </p>
<p> все выбросить. Никаких «Возвращений» и т. п. Включив эти мелочи в книжку, я допустил серьезнейшую </p>
<p>. Оставив эти мелочи, мы </p>
<p> книжку. Она стоит того, чтобы жить:</p>
<p> ее. Обратитесь к Груздеву, Слонимскому, уладьте технику этого дела: если оно связано с материальным ущербом — я все <rs ref="Груздев, Илья Александрович" type="person"></rs><rs ref="Слонимский, Михаил Леонидович" type="person"></rs></p>
<p>, </p>
<p>. (Прилагаю обязательство.)</p>
<p>Немедленно меня известите о том, что все в порядке. Я не сплю до тех пор спокойно и отрекусь от книжки, если она выйдет в ином виде. Ведь я просил об этом </p>
<p> (письмом в Лит-Худ на имя Варковицкой). Теперь еще не поздно.<rs ref="Варковицкая, Лидия Моисеевна" type="person"></rs></p>
<p>Я пробовал делать выброски из этих главок. Это </p>
<p>. В присланной Вами корректуре я их просто перечеркиваю — и только в таком виде могу подписать книгу к печати. Нельзя печатать </p>
<p> из перечеркнутого, но если будут напечатаны «Встреча в редакции» и «Авессалом» — мне остается повеситься. Но я уверен, что я напрасно волнуюсь. Все разрешается тем, что я признаю свою вину, готов </p>
<p> Гизу </p>
<p>(см. «обязательство»). Кроме того обращаю Ваше внимание на то, что в книге </p>
<p> заглавие </p>
<p>. После Ег‹ипетской› Марки </p>
<p> нужно сделать прокладку — белую страницу — и на ней: </p>
<p> — внутренний титул.</p>
<p>В Ег‹ипетской› М‹арке›, состоящей из фрагментов, пропущен целый ��яд «спусков». Они очень важны. Я их отмечаю. Обложку я просил бы поручить Митрохину.<rs ref="Митрохин, Дмитрий Исидорович" type="person"></rs></p>
<p>Прошу Вас передать мой привет Груздеву, Слонимскому и Лидии Мойсеевне, если она вернулась, а также благодарность за отличное «оформление» «Стихотворений». Прилагаю письмо к Д. Н. Ангерту. Это — крайняя мера. Вряд ли представится надобность его передавать. Я думаю, Вы и так все уладите. В этом письме я повторяю о <rs ref="Ангерт, Давид Николаевич" type="person"></rs><rs ref="Груздев, Илья Александрович" type="person"></rs><rs ref="Слонимский, Михаил Леонидович" type="person"></rs></p>
<p> Ег‹ипетской› Марки и, кроме того, говорю о своих счетах. Покажите это письмо Груздеву или Слонимскому.<rs ref="Груздев, Илья Александрович" type="person"></rs><rs ref="Слонимский, Михаил Леонидович" type="person"></rs></p>
<p>Прочтите его сами и передайте содержание моих финансовых вопросов т. Лихницкому. Покажите ему это письмо. Скажите, что я добиваюсь </p>
<p> в своих расчетах с Гизом. </p>
<p> </p>
<p> если что-нибудь должен. Прошу подвести </p>
<p>. Это скажите Лихницкому и Ангерту. Затем вот что: несколько недель назад юрисконсульт Гиза предложил мне вернуть деньги или неустойку по какому-то договору — между тем мы с Лихницким привели все расчеты в <rs ref="Ангерт, Давид Николаевич" type="person"></rs><rs ref="Лихницкий" type="person"></rs></p>
<p> и запротоколировали это. Бумага юрисконсульта до меня </p>
<p> затерялась в третьих руках, будучи послана не на мое имя — так что я не знаю, в чем дело. Очень прошу Измаил‹а› Михайловича навести справку и<rs ref="Измаил Михайлович" type="person"></rs></p>
<p>подтвердить то, что я в письме к Ангерту называю «незыблемостью нашего соглашения». Если, при соблюдении этого соглашения (пункты его, их всего <rs ref="Ангерт, Давид Николаевич" type="person"></rs></p>
<p> перечислены мной в письме к Ангерту), я все-таки остаюсь должен Гизу, прошу сообщить сколько и из какого расчета. «Звезде» просил бы передать, что для нее работаю, денег никаких от нее не жду; очень жалею, что опоздал. Вторая повесть в «Звезде» будет.<rs ref="Ангерт, Давид Николаевич" type="person"></rs></p>
<p>Адр‹ес›: Ялта. «Орлиное Гнездо».<rs ref="Ялта" type="geo_index"></rs></p>
<p>О. Э. Мандельштаму.</p>
</div2>
</div1>
</body>
</text>
</tei>
