<?xml version='1.0' encoding='UTF8'?>
<tei xmlns="http://www.tei-c.org/ns/1.0">
<teiheader>
<filedesc>
<titlestmt>
<title>Письма. 120. Е. Э. Мандельштаму, ‹1927 г.›</title>
<author>О.Э. Мандельштам</author>
</titlestmt>
<publicationstmt>
<p>АРТ-БИЗНЕС-ЦЕНТР МОСКВА 1993</p>
<biblstruct>
<biblscope n="" type="volume"></biblscope>
<biblscope n="" type="part"></biblscope>
</biblstruct></publicationstmt>
<sourcedesc>
<p>Издание подготовлено Мандельштамовским обществом</p>
</sourcedesc>
<respstmt>
<resp>Подготовка и разметка файлов - Алексей Литвинцев, Вероника Файнберг. Создание
          электронного ресурса - Тимофей Молчанов. Руководители проекта - Центр Digital Humanities,
          Мандельштамовское общество (НИУ ВШЭ).</resp>
</respstmt></filedesc>
<profiledesc>
<textdesc n="letter"></textdesc>
<textclass>
<catref target="Series([], Name: ID, dtype: object)" type="ID"></catref>
<catref target="Series([], Name: Источник, dtype: object)" type="Источник"></catref>
<catref target="Series([], Name: Жанр художественной литературы, dtype: object)" type="Жанр художественной литературы"></catref>
<catref target="Series([], Name: Уточнение жанра 1, dtype: object)" type="Уточнение жанра"></catref>
<catref target="Series([], Name: Метр, dtype: object)" type="Метр"></catref>
<catref target="Series([], Name: Длина строки, dtype: object)" type="Длина строки"></catref>
<catref target="Series([], Name: Клаузула, dtype: object)" type="Клаузула"></catref>
<catref target="Series([], Name: Уточнение клаузулы 1, dtype: object)" type="Уточнение клаузулы"></catref>
<catref target="Series([], Name: Классическая строфа, dtype: object)" type="Классическая строфа"></catref>
<catref target="Series([], Name: Рифма, dtype: object)" type="Рифма"></catref>
<catref target="Series([], Name: Схема рифмовки, dtype: object)" type="Схема рифмовки"></catref>
<catref target="Series([], Name: Метрическая формула, dtype: object)" type="Метрическая формула"></catref>
<catref target="Series([], Name: Дополнительные параметры, dtype: object)" type="Дополнительные параметры"></catref>
<catref target="Series([], Name: Число строк, dtype: int64)" type="Число строк"></catref>
<catref target="Series([], Name: Автор оригинала, dtype: object)" type="Автор оригинала"></catref>
<catref target="Series([], Name: Язык оригинала, dtype: object)" type="Язык оригинала"></catref>
</textclass></profiledesc>
</teiheader>
<text>
<body>
<div1 n="4" type="volume">
<div2 n="120" type="part">
<head>120.
Е. Э. МАНДЕЛЬШТАМУ, </head>
<p>Я выпросил у М‹арии› Н‹иколаевны› маминого Гоголя, которого мы выловили с Надей 2 года назад в папином скарбе и попросили ее сохранить. Если ты хочешь хранить эти книги у себя, я их тебе верну, но мне кажется, что я их, так сказать, «заслужил»: 1) как <rs ref="Гоголь, Николай Васильевич" type="person"></rs><rs ref="Гоголь, Николай Васильевич" type="person"></rs></p>
<p> и 2) так как я уже спас от гибели Пушкина и другие мамины книги и, если бы я вынул когда-то Гоголя, он лежал бы и сейчас у деда в корзине. Пока до свидания!<rs ref="Гоголь, Николай Васильевич" type="person"></rs><rs ref="Гоголь, Николай Васильевич" type="person"></rs><rs ref="Пушкин, Александр Сергеевич" type="person"></rs></p>
<p>Если дорожишь Гог‹олем› — немедленно верну.<rs ref="Гоголь, Николай Васильевич" type="person"></rs></p>
</div2>
</div1>
</body>
</text>
</tei>
