<?xml version='1.0' encoding='UTF8'?>
<tei xmlns="http://www.tei-c.org/ns/1.0">
<teiheader>
<filedesc>
<titlestmt>
<title>Письма. 133. В Федерацию объединений советских писателей, ‹февраль—март 1929 г.›</title>
<author>О.Э. Мандельштам</author>
</titlestmt>
<publicationstmt>
<p>АРТ-БИЗНЕС-ЦЕНТР МОСКВА 1993</p>
<biblstruct>
<biblscope n="" type="volume"></biblscope>
<biblscope n="" type="part"></biblscope>
</biblstruct></publicationstmt>
<sourcedesc>
<p>Издание подготовлено Мандельштамовским обществом</p>
</sourcedesc>
<respstmt>
<resp>Подготовка и разметка файлов - Алексей Литвинцев, Вероника Файнберг. Создание
          электронного ресурса - Тимофей Молчанов. Руководители проекта - Центр Digital Humanities,
          Мандельштамовское общество (НИУ ВШЭ).</resp>
</respstmt></filedesc>
<profiledesc>
<textdesc n="letter"></textdesc>
<textclass>
<catref target="Series([], Name: ID, dtype: object)" type="ID"></catref>
<catref target="Series([], Name: Источник, dtype: object)" type="Источник"></catref>
<catref target="Series([], Name: Жанр художественной литературы, dtype: object)" type="Жанр художественной литературы"></catref>
<catref target="Series([], Name: Уточнение жанра 1, dtype: object)" type="Уточнение жанра"></catref>
<catref target="Series([], Name: Метр, dtype: object)" type="Метр"></catref>
<catref target="Series([], Name: Длина строки, dtype: object)" type="Длина строки"></catref>
<catref target="Series([], Name: Клаузула, dtype: object)" type="Клаузула"></catref>
<catref target="Series([], Name: Уточнение клаузулы 1, dtype: object)" type="Уточнение клаузулы"></catref>
<catref target="Series([], Name: Классическая строфа, dtype: object)" type="Классическая строфа"></catref>
<catref target="Series([], Name: Рифма, dtype: object)" type="Рифма"></catref>
<catref target="Series([], Name: Схема рифмовки, dtype: object)" type="Схема рифмовки"></catref>
<catref target="Series([], Name: Метрическая формула, dtype: object)" type="Метрическая формула"></catref>
<catref target="Series([], Name: Дополнительные параметры, dtype: object)" type="Дополнительные параметры"></catref>
<catref target="Series([], Name: Число строк, dtype: int64)" type="Число строк"></catref>
<catref target="Series([], Name: Автор оригинала, dtype: object)" type="Автор оригинала"></catref>
<catref target="Series([], Name: Язык оригинала, dtype: object)" type="Язык оригинала"></catref>
</textclass></profiledesc>
</teiheader>
<text>
<body>
<div1 n="4" type="volume">
<div2 n="133" type="part">
<head>133.
В Федерацию объединений советских писателей, </head>
<p>‹…› Не думайте, товарищи, что я ограничусь вопросом о повышении гонорарных ставок для переводчиков-редакторов. Как ни важен этот вопрос, но он далеко не все. Но оплата задает тон всей работе. Оплата постыдно снижает качество. Оплата, самый ее способ, вызывает дикую спешку. Оплата отшибает от дела все талантливое, живое и нужное. Выходит так, что громадная культурная функция, как правило, выполняется калеками, недотепами, бездарными и случайными искателями заработка.</p>
<p>Хотя так называемые переводчики и зарегистрированы в писательских союзах, образуют даже специальные секции, к этим случайным группам случайных людей, нельзя апеллировать в таком важном деле. Соблюдая всю мягкость и осторожность, надо провести переквалификацию действующих работников, щадя их самолюбие, считаясь с</p>
<p>возможностями личных трагедий на почве судьбы этих работников, соблазненных издательствами, которые не постеснялись вовлечь их в невыгодную сделку, выставив на позорище перед обществом и читателями, в поисках дешевого мозга и дешевого труда.</p>
<p>Чтобы больше не возвращаться к вопросу о гонорарах, изображу вам выпукло и наглядно, во что выливается оплата переводческого труда. Возьмем среднюю ставку 35 рублей. Предположим, что переводчик получает наличными 20. Он работает не по конвейеру — том за томом. Сплошные перебои, безработица, поиски книжки, хлопоты, мытарства. Недоплаченные 15 рублей для него манна небесная. Из бюджета они выпадают. В них переводчик не верит. Но у него есть еще тяжелые производственные траты, в которых издательства, начиная с Гиза до последнего частника, с циничным упрямством отказываются участвовать. Из нищенского гонорара, похожего скорей на подачку, переводчик вынужден по букве договора оплачивать переписку на машинке (минимально 3 рубля с печатного листа). Значит, у него остается, считая расход на бумагу, а также ленту, которую его заставляют оплачивать машинистки, всего 16 наличных рублей. Но это еще не все. Никакой переписки на самом деле не бывает: на самом деле бывает диктовка, а диктовка стоит гораздо дороже — уже не 3, а 5-6 рублей с печатного листа. Таким образом «подачка» наличными ‹…› К самому переводу относятся как к пересыпанию зерна из мешка в мешок. Чтобы переводчик не утаил, не украл зерна при пересыпке текста, по методу лабазного контроля оплачивается с русского текста, а не с подлинника, и вот годами по этой ничтожной причине книги пухнут, болеют водянкой. Белые негры нагоняют «листаж», чтобы как-нибудь свести концы с концами. Вся трудовая атмосфера в данной области насквозь больная. Деморализация отчаянная. Как позорно, как больно видеть взрослого человека, семьянина, иногда с сединой в волосах, униженно лебезящего в редакторской приемной, домогаясь «работки». Не один, так другой. Дублеров сколько угодно. Переводчик — это попросту безработный. Вдумайтесь только, что означает выражение «дама-переводчица». Ведь только на базаре у нас еще говорят «мадам». Но вокруг иностранной книги кормятся сотни никому не ведомых полуграмотных женщин, имеющих заручку, знакомство, связи в издательствах. Переводят «дамы», домашние хозяйки, имевшие в детстве гувернантку-француженку, спекулянтки-негродержательницы, наконец, жены, родственницы, протеже влиятельных работников.</p>
<p>Перевод — один из самых трудных и ответственных видов литературной работы. По существу, это создание самостоятельного речевого строя на основе чужого материала. Переключение этого материала на русский строй требует громадного напряженного внимания и воли, богатой изобретательности, умственной свежести, филологического чутья, большой словарной клавиатуры, умения вчувствоваться в прозаический ритм, схватить рисунок фразы, передать ее ритм, движение, походку — все это при строжайшем самообуздании. Иначе — отсебятина. В самом акте перевода — изнурительная нервная разрядка. Эта работа изнуряет и сушит мозг больше, чем всякая другая. Хороший переводчик, если его не беречь, быстро изнашивается. Перевод — это в точном смысле слова вредный цех. Профессионалы, вынужденные, благодаря нищенской оплате, печь, как блины, без отдыха и передышки, книгу за книгой из года в год, нервно заболевают... Им грозят афазия, размагничивание речевых центров, расстройство речи, острая неврастения. Здесь нужна трудовая профилактика. Здесь нужно изучать и предупреждать профзаболевания‹...›</p>
</div2>
</div1>
</body>
</text>
</tei>
