<?xml version='1.0' encoding='UTF8'?>
<tei xmlns="http://www.tei-c.org/ns/1.0">
<teiheader>
<filedesc>
<titlestmt>
<title>Письма. 131. Э. В. Мандельштаму, ‹середина февраля 1929 г.›</title>
<author>О.Э. Мандельштам</author>
</titlestmt>
<publicationstmt>
<p>АРТ-БИЗНЕС-ЦЕНТР МОСКВА 1993</p>
<biblstruct>
<biblscope n="" type="volume"></biblscope>
<biblscope n="" type="part"></biblscope>
</biblstruct></publicationstmt>
<sourcedesc>
<p>Издание подготовлено Мандельштамовским обществом</p>
</sourcedesc>
<respstmt>
<resp>Подготовка и разметка файлов - Алексей Литвинцев, Вероника Файнберг. Создание
          электронного ресурса - Тимофей Молчанов. Руководители проекта - Центр Digital Humanities,
          Мандельштамовское общество (НИУ ВШЭ).</resp>
</respstmt></filedesc>
<profiledesc>
<textdesc n="letter"></textdesc>
<textclass>
<catref target="Series([], Name: ID, dtype: object)" type="ID"></catref>
<catref target="Series([], Name: Источник, dtype: object)" type="Источник"></catref>
<catref target="Series([], Name: Жанр художественной литературы, dtype: object)" type="Жанр художественной литературы"></catref>
<catref target="Series([], Name: Уточнение жанра 1, dtype: object)" type="Уточнение жанра"></catref>
<catref target="Series([], Name: Метр, dtype: object)" type="Метр"></catref>
<catref target="Series([], Name: Длина строки, dtype: object)" type="Длина строки"></catref>
<catref target="Series([], Name: Клаузула, dtype: object)" type="Клаузула"></catref>
<catref target="Series([], Name: Уточнение клаузулы 1, dtype: object)" type="Уточнение клаузулы"></catref>
<catref target="Series([], Name: Классическая строфа, dtype: object)" type="Классическая строфа"></catref>
<catref target="Series([], Name: Рифма, dtype: object)" type="Рифма"></catref>
<catref target="Series([], Name: Схема рифмовки, dtype: object)" type="Схема рифмовки"></catref>
<catref target="Series([], Name: Метрическая формула, dtype: object)" type="Метрическая формула"></catref>
<catref target="Series([], Name: Дополнительные параметры, dtype: object)" type="Дополнительные параметры"></catref>
<catref target="Series([], Name: Число строк, dtype: int64)" type="Число строк"></catref>
<catref target="Series([], Name: Автор оригинала, dtype: object)" type="Автор оригинала"></catref>
<catref target="Series([], Name: Язык оригинала, dtype: object)" type="Язык оригинала"></catref>
</textclass></profiledesc>
</teiheader>
<text>
<body>
<div1 n="4" type="volume">
<div2 n="131" type="part">
<head>131.</head>
<head>Э. В. МАНДЕЛЬШТАМУ, </head>
<p>За это время случилось столько событий, что не знаешь, о чем писать. Во-первых, я страшно по тебе тоскую и при первой возможности вырвусь в Петербург. Впрочем, как увидишь дальше, возможно, что мы тебя пригласим пожить в Киеве... История Надиной операции тебе, наверно, известна от Ливщица. Похоже, что здесь, в Киеве, положен конец застарелой медицинской ошибке. Как только мы приехали, даже еще в дороге начались обычные боли и температура. Я обратился к женщине-хирургу проф‹ессору› Гедройц. Это моя старая знакомая, случайно оказавшаяся в Киеве царскоселка, член «Цеха поэтов», в давние времена придворный хирург. Когда-то оперировала Вырубову. Теперь ей простили прошлое и сделали здесь профессором. Около месяца она продержала Надю в постели, подготовляя<rs ref="Киев" type="geo_index"></rs><rs ref="Петербург (Ленинград, Петрополь)" type="geo_index"></rs><rs ref="Вырубова (Танеева), Анна Александровна" type="person"></rs><rs ref="Гедройц, Вера Игнатьевна" type="person"></rs><rs ref="Лившиц, Бенедикт Константинович" type="person"></rs></p>
<p>к операции. Сразу сказала: аппендицит, но была уверена, </p>
<p> до того была уверена, что перед самой операцией предупредила меня: если очень далеко зашло, то отростка удалять не будем, а вскроем и зашьем. Не стоит повторять, что тебе уже известно. Скажу только, что Надя проявила такую редкую силу воли, такое спокойствие и самообладание, что красота была смотреть. Все в клинике ее полюбили. Редкая больная. Они только таких уважают. Сначала все шло хорошо. Потом, на 7-й день, вдруг сильный жар. Перепугались осложнений, но через три-четыре дня прошло. Видно, заразили гриппом. Девять дней назад Надя вернулась домой, проведя 17 дней в клинике. Всего, вместе с домашним лежанием, она пролежала 6 недель. Мне приходилось очень круто. Денег почти не было. Родители Нади люди совсем беспомощные и нищие. В квартире у них холод, запущенность, связей никаких. Мать очень плохая хозяйка. Каждая чашка бульона, какую я таскал в больницу, давалась мне с бою. У меня был постоянный пропуск в клинику, и так как я получил отдельную палату, то проводил там целые дни и даже ночевал, заменяя сестру и санитара. Самое трудное было подготовить Надино возвращение домой, вытопить печи, согреть комнаты, раздобыть на хозяйство, на прислугу. В сильнейший мороз я привез Надю. Она была такая слабенькая, еле ходила, но теперь ее не узнать. Силы прибывают. Жизненный подъем. Здоровый аппетит. Только шов еще побаливает. Мы с ней гуляем, немного, пешком, конечно. У нас довольно уютно. Обеспечены вперед недели на три, т. е. на весь период выздоровления, температура нормальная. В Киеве до самой операции мы работали над М‹айн-›Ридом, и за минуту до отъезда в клинику Надя сложила и упаковала сама рукопись. Лежа в постели, она помогала мне: составляла примечания, рылась в научных книгах, переводила. Вот это помощница! Настоящий человек!<rs ref="Киев" type="geo_index"></rs><rs ref="Рид, Томас Майн" type="person"></rs></p>
<p>Зиф, как тогда летом в Ялте, не хотел выслать денег. Но, мерзавцы, все же выслали. Это оказался последний гонорар. Договор, ты знаешь, расторгнут. Вернее, Ионов объявил его расторгнутым, попроси Лившица показать тебе копию письма, которое я отправил этому самодуру. Ты поймешь, что я затеял серьезную борьбу. Дело не в М‹айн-›Риде, которого мы, должно быть, бросим, но я — обвинитель. Я требую реорганизации всего дела и достойного применения своих знаний и способностей. Возможно, мы с Лившицем начнем судебный процесс, или же дело решится в общественном и профессиональном порядке. Скажу<rs ref="Ялта" type="geo_index"></rs><rs ref="Ионов (Бернштейн), Илья Ионович" type="person"></rs><rs ref="Лившиц, Бенедикт Константинович" type="person"></rs><rs ref="Лившиц, Бенедикт Константинович" type="person"></rs><rs ref="Рид, Томас Майн" type="person"></rs></p>
<p>только, что я глубоко спокоен, уверен в себе как никогда. Мне обеспечена поддержка лучшей части советской литературы. Я это знаю. Я первый поднимаю вопрос о безобразиях в переводном деле — вопрос громадной общественной важности, — и, поверь, я хорошо вооружен.</p>
<p>Но, милый папочка, все это уже потеряло для меня насущную остроту. Выяснилось, что можно бросить эту каторгу и перейти на живо�� человеческий труд. Сам не верю — но это так. Я приехал в Киев — чужой город. Маленькая русская газетка, и больше ничего. Ради 5 червонцев пришлось устроить вечер, и представь: есть друзья, есть какие-то корни, зацепки, есть преданные люди. Проживающий здесь писатель Бабель свел меня с громадной украинской кинофабрикой Вуфку. Он умолял меня бросить переводы и не глушить больше мысли и живой работы. Пользуясь интересом, который вызвал мой труд, и теплыми заметками в местных газетах, Бабель, очень влиятельный в кино человек, вызвался определить меня туда редактором-консультантом. Сегодня от него пришла записка: директор фабрики дал принципиальное согласие. Он уехал на два дня в Харьков. Вернется и оформит. Это будет очень легкая и чистая работа: выезжать на 2 — 3 часа ежедневно на фабрику, на Шулявку, в загородном трамвае и что-то писать, кажется, отзывы о сценариях в своем кабинете. Жалования рублей 300. Мы с Надей боимся верить такому счастью. Конечно, останемся в Киеве. Здесь чудесная весна и лето. В мае переедем на дачу, останемся в Киеве. Здесь чудесная весна и лето. В мае переедем на дачу, поближе к кинофабрике, может, в Святошино. Съездим в отпуск на лиманы, куда зовут на баснословную дешевку новые знакомые. Кроме того, по моей мысли, киевские литературные организации затеяли единственный на Украине русский журнал. Его должна разрешить центральная власть в Харькове. Не желая прослыть дельцом, я только издали направляю это дело; сегодня составил для них докладную записку, которую сам <rs ref="Киев" type="geo_index"></rs><rs ref="Украина" type="geo_index"></rs><rs ref="Харьков" type="geo_index"></rs><rs ref="Киев" type="geo_index"></rs><rs ref="Бабель, Исаак Эммануилович" type="person"></rs></p>
<p>. Киевский партийный центр поддерживает. На меня очень рассчитывают как на литерат‹урного› редактора: намечают рублей 200 в месяц. Вот, папочка, какие дела. Как видишь, я не боюсь житейских невзгод. А в Москву все-таки по делу Зифа съезжу на несколько дней: подать в суд, в Р. К. И. и поднять газетную кампанию.<rs ref="Киев" type="geo_index"></rs><rs ref="Москва" type="geo_index"></rs><rs ref="Москва" type="geo_index"></rs></p>
</div2>
</div1>
</body>
</text>
</tei>
