<?xml version='1.0' encoding='UTF8'?>
<tei xmlns="http://www.tei-c.org/ns/1.0">
<teiheader>
<filedesc>
<titlestmt>
<title>Письма. 136. В редакцию «Литературной газеты», ‹около 10 мая 1929 г.›</title>
<author>О.Э. Мандельштам</author>
</titlestmt>
<publicationstmt>
<p>АРТ-БИЗНЕС-ЦЕНТР МОСКВА 1993</p>
<biblstruct>
<biblscope n="" type="volume"></biblscope>
<biblscope n="" type="part"></biblscope>
</biblstruct></publicationstmt>
<sourcedesc>
<p>Издание подготовлено Мандельштамовским обществом</p>
</sourcedesc>
<respstmt>
<resp>Подготовка и разметка файлов - Алексей Литвинцев, Вероника Файнберг. Создание
          электронного ресурса - Тимофей Молчанов. Руководители проекта - Центр Digital Humanities,
          Мандельштамовское общество (НИУ ВШЭ).</resp>
</respstmt></filedesc>
<profiledesc>
<textdesc n="letter"></textdesc>
<textclass>
<catref target="Series([], Name: ID, dtype: object)" type="ID"></catref>
<catref target="Series([], Name: Источник, dtype: object)" type="Источник"></catref>
<catref target="Series([], Name: Жанр художественной литературы, dtype: object)" type="Жанр художественной литературы"></catref>
<catref target="Series([], Name: Уточнение жанра 1, dtype: object)" type="Уточнение жанра"></catref>
<catref target="Series([], Name: Метр, dtype: object)" type="Метр"></catref>
<catref target="Series([], Name: Длина строки, dtype: object)" type="Длина строки"></catref>
<catref target="Series([], Name: Клаузула, dtype: object)" type="Клаузула"></catref>
<catref target="Series([], Name: Уточнение клаузулы 1, dtype: object)" type="Уточнение клаузулы"></catref>
<catref target="Series([], Name: Классическая строфа, dtype: object)" type="Классическая строфа"></catref>
<catref target="Series([], Name: Рифма, dtype: object)" type="Рифма"></catref>
<catref target="Series([], Name: Схема рифмовки, dtype: object)" type="Схема рифмовки"></catref>
<catref target="Series([], Name: Метрическая формула, dtype: object)" type="Метрическая формула"></catref>
<catref target="Series([], Name: Дополнительные параметры, dtype: object)" type="Дополнительные параметры"></catref>
<catref target="Series([], Name: Число строк, dtype: int64)" type="Число строк"></catref>
<catref target="Series([], Name: Автор оригинала, dtype: object)" type="Автор оригинала"></catref>
<catref target="Series([], Name: Язык оригинала, dtype: object)" type="Язык оригинала"></catref>
</textclass></profiledesc>
</teiheader>
<text>
<body>
<div1 n="4" type="volume">
<div2 n="136" type="part">
<head>136.
В редакцию «ЛИТЕРАТУРНОЙ ГАЗЕТЫ», </head>
<p>...Третья подтасовка З‹аславского› в том, что ‹он› затушевывает </p>
<p> допускает удаление от подлинника.</p>
<p>Даже таким мастакам, как З‹аславский›, не позволено реценз‹ировать› книги путем пере‹ведения?› чужих писем в редакц‹ию› (кусками) на ‹свежий› картон.</p>
<p>Далее З‹аславский› выкрал из дела, утаив от читателя мое ответное письмо Г‹орнфельду› в «В‹ечерней› Москве». Это было ему нужно, чтобы создать иллюзию, будто я пойман З‹аславским›, и пойман с поличным.</p>
<p> </p>
<p>  </p>
<p> </p>
<p> и обязан все помнить.</p>
<p>«Возьмем за шиворот» и т. д.</p>
<p>Между тем в письме сказано, что я </p>
<p> известил Г(орнфельда) об использов‹ании› его ‹и› Карякинского текста, взял на себя моральную и материальную ответств‹енность› за дурную практику издат‹ельств›, настоял на поправке Зифа и т‹ак› далее.<rs ref="Карякин, Василий Никитович" type="person"></rs></p>
<p>Статья З‹аславского›, не приводящая ни единого нового факта, выкрадывающая из дела почти весь опублик‹ованный› материал и сплошь состоящая из передержек, подозрит‹ельна› отсутствием всякой целевой установки.</p>
<p>Но эта установка есть.</p>
<p>Позорный фельет‹он› З‹аславского› — это публ‹ичный› </p>
<p>, направленный против моей статьи в Известиях, открывающей кампанию по оздоровлению переводческ‹ого› дела. О статье брошено вскользь два слова: «собственно, ничего нового» и «вызвала некоторую полемику». Это сказано о статье, призывающей революционизировать все переводческое дело, всколыхнувшей всю изд‹ательскую› общественность, о статье, из которой уже сделаны Гизом </p>
<p>.</p>
<note>1  Слева на полях против этого абзаца — запись: ‹1 нрзб.› и обязан все помнить.
</note>
</div2>
</div1>
</body>
</text>
</tei>
