<?xml version='1.0' encoding='UTF8'?>
<tei xmlns="http://www.tei-c.org/ns/1.0">
<teiheader>
<filedesc>
<titlestmt>
<title>Письма. 138. В Исполнительное бюро Федерации объединений советских писателей, 14 мая 1929 г.</title>
<author>О.Э. Мандельштам</author>
</titlestmt>
<publicationstmt>
<p>АРТ-БИЗНЕС-ЦЕНТР МОСКВА 1993</p>
<biblstruct>
<biblscope n="" type="volume"></biblscope>
<biblscope n="" type="part"></biblscope>
</biblstruct></publicationstmt>
<sourcedesc>
<p>Издание подготовлено Мандельштамовским обществом</p>
</sourcedesc>
<respstmt>
<resp>Подготовка и разметка файлов - Алексей Литвинцев, Вероника Файнберг. Создание
          электронного ресурса - Тимофей Молчанов. Руководители проекта - Центр Digital Humanities,
          Мандельштамовское общество (НИУ ВШЭ).</resp>
</respstmt></filedesc>
<profiledesc>
<textdesc n="letter"></textdesc>
<textclass>
<catref target="Series([], Name: ID, dtype: object)" type="ID"></catref>
<catref target="Series([], Name: Источник, dtype: object)" type="Источник"></catref>
<catref target="Series([], Name: Жанр художественной литературы, dtype: object)" type="Жанр художественной литературы"></catref>
<catref target="Series([], Name: Уточнение жанра 1, dtype: object)" type="Уточнение жанра"></catref>
<catref target="Series([], Name: Метр, dtype: object)" type="Метр"></catref>
<catref target="Series([], Name: Длина строки, dtype: object)" type="Длина строки"></catref>
<catref target="Series([], Name: Клаузула, dtype: object)" type="Клаузула"></catref>
<catref target="Series([], Name: Уточнение клаузулы 1, dtype: object)" type="Уточнение клаузулы"></catref>
<catref target="Series([], Name: Классическая строфа, dtype: object)" type="Классическая строфа"></catref>
<catref target="Series([], Name: Рифма, dtype: object)" type="Рифма"></catref>
<catref target="Series([], Name: Схема рифмовки, dtype: object)" type="Схема рифмовки"></catref>
<catref target="Series([], Name: Метрическая формула, dtype: object)" type="Метрическая формула"></catref>
<catref target="Series([], Name: Дополнительные параметры, dtype: object)" type="Дополнительные параметры"></catref>
<catref target="Series([], Name: Число строк, dtype: int64)" type="Число строк"></catref>
<catref target="Series([], Name: Автор оригинала, dtype: object)" type="Автор оригинала"></catref>
<catref target="Series([], Name: Язык оригинала, dtype: object)" type="Язык оригинала"></catref>
</textclass></profiledesc>
</teiheader>
<text>
<body>
<div1 n="4" type="volume">
<div2 n="138" type="part">
<head>138.
В Исполнительное бюро Федерации объединений советских писателей, </head>
<p>В редакционном примечании к письмам в редакцию, помещенным в № 4 «Литературной Газеты», говорится, что «по просьбе редакции разбором дела займется конфликтная комиссия ФОСП, решение которой будет опубликовано в одном из ближайших номеров нашей газеты».</p>
<p>Я оспариваю право редакции «Литературной Газеты» давать дальнейшее направление тому «делу», которое поднял при ее содействии Заславский. С самого начала редакция «Литературной Газеты» вела себя как заинтересованная сторона. <rs ref="Заславский, Давид Иосифович" type="person"></rs></p>
<p> фельетон Заславского был напечатан без всякой проверки и без каких бы то ни было редакционных примечаний. Между тем мое письмо и письмо группы писателей редакция сочла нужным сопроводить оговоркой: «редакция оставляет на ответственности авторов писем допущенные в них </p>
<p>». Допуская подобное неравенство, газета фактически солидаризуется с Заславским и предрешает заключение конфликтной комиссии.</p>
<p>Кроме того, я заявляю, что случай с Уленшпигелем в издании ЗИФ`а не может служить предметом </p>
<p> в конфликтной комиссии. Этот случай составляет часть </p>
<p> практики издательств, выпускавших старые переводы без указания имен переводчиков в переработанном виде — с точно таким же титульным листом, с каким (учитывая поправку ЗИФ’а) вышел Уленшпигель. В эту ненормальную практику был вовлечен </p>
<p>. Вопрос о способе использования старых переводов должен быть обсужден Исполбюро Федерации с учетом всего богатого материала, имеющегося налицо. Лишь после того, как Исполбюро вынесет общее суждение по этому вопросу, дело, в котором конфликтующими сторонами являются — Заславский, поддерживаемый редакцией «Литературной Газеты», с одной стороны, и авторы писем в редакцию — с другой, — может быть передано на рассмотрение компетентного органа Федерации.<rs ref="Заславский, Давид Иосифович" type="person"></rs><rs ref="Заславский, Давид Иосифович" type="person"></rs></p>
</div2>
</div1>
</body>
</text>
</tei>
