<?xml version='1.0' encoding='UTF8'?>
<tei xmlns="http://www.tei-c.org/ns/1.0">
<teiheader>
<filedesc>
<titlestmt>
<title>Письма. 130. И. И. Ионову, ‹конец января — начало февраля 1929 г.›</title>
<author>О.Э. Мандельштам</author>
</titlestmt>
<publicationstmt>
<p>АРТ-БИЗНЕС-ЦЕНТР МОСКВА 1993</p>
<biblstruct>
<biblscope n="" type="volume"></biblscope>
<biblscope n="" type="part"></biblscope>
</biblstruct></publicationstmt>
<sourcedesc>
<p>Издание подготовлено Мандельштамовским обществом</p>
</sourcedesc>
<respstmt>
<resp>Подготовка и разметка файлов - Алексей Литвинцев, Вероника Файнберг. Создание
          электронного ресурса - Тимофей Молчанов. Руководители проекта - Центр Digital Humanities,
          Мандельштамовское общество (НИУ ВШЭ).</resp>
</respstmt></filedesc>
<profiledesc>
<textdesc n="letter"></textdesc>
<textclass>
<catref target="Series([], Name: ID, dtype: object)" type="ID"></catref>
<catref target="Series([], Name: Источник, dtype: object)" type="Источник"></catref>
<catref target="Series([], Name: Жанр художественной литературы, dtype: object)" type="Жанр художественной литературы"></catref>
<catref target="Series([], Name: Уточнение жанра 1, dtype: object)" type="Уточнение жанра"></catref>
<catref target="Series([], Name: Метр, dtype: object)" type="Метр"></catref>
<catref target="Series([], Name: Длина строки, dtype: object)" type="Длина строки"></catref>
<catref target="Series([], Name: Клаузула, dtype: object)" type="Клаузула"></catref>
<catref target="Series([], Name: Уточнение клаузулы 1, dtype: object)" type="Уточнение клаузулы"></catref>
<catref target="Series([], Name: Классическая строфа, dtype: object)" type="Классическая строфа"></catref>
<catref target="Series([], Name: Рифма, dtype: object)" type="Рифма"></catref>
<catref target="Series([], Name: Схема рифмовки, dtype: object)" type="Схема рифмовки"></catref>
<catref target="Series([], Name: Метрическая формула, dtype: object)" type="Метрическая формула"></catref>
<catref target="Series([], Name: Дополнительные параметры, dtype: object)" type="Дополнительные параметры"></catref>
<catref target="Series([], Name: Число строк, dtype: int64)" type="Число строк"></catref>
<catref target="Series([], Name: Автор оригинала, dtype: object)" type="Автор оригинала"></catref>
<catref target="Series([], Name: Язык оригинала, dtype: object)" type="Язык оригинала"></catref>
</textclass></profiledesc>
</teiheader>
<text>
<body>
<div1 n="4" type="volume">
<div2 n="130" type="part">
<head>130.
И. И. ИОНОВУ, </head>
<p>Только что я получил извещение, что вы, во-первых, объявили договор на Майн-Рида со мной и Лившицем расторгнутым, а во-вторых, заявили Лившицу, что работать с нами впредь вообще отказываетесь. Я не уполномочивал Лившица о чем бы то ни было вас просить и отнюдь не считаю, что вопрос о том или ином договоре может быть разрешен расторжением его в явочном порядке издательской стороной. Независимо от того, насколько этим затрагиваются мои и Лившица личные интересы, ваше выступление в той форме, как мне о нем передавал Лившиц, является грубейшим общественно-литературным промахом. Я пишу вам именно в этом плане.<rs ref="Лившиц, Бенедикт Константинович" type="person"></rs><rs ref="Лившиц, Бенедикт Константинович" type="person"></rs><rs ref="Рид, Томас Майн" type="person"></rs></p>
<p>Напоминаю вам, что переводчик тот же писатель и что, заявляя переводчику о нежелании с ним работать, закрывая перед ним двери крупнейшего, едва ли не монопольного советского художественного издательства, вы берете на себя тяжелейшую ответственность, точно такую же, как если бы вы принципиально закрыли Зиф или Госиздат тому или иному оригинальному автору. Для этого должны быть серьезнейшие основания. У вас их нет и быть не может.</p>
<p>Постановку переводного дела в Зифе и других издательствах нельзя назвать иначе, как вопиющим хроническим безобразием. Перевод заранее и заведомо считается халтурой. Издательства делают все от них зависящее, чтобы снизить качество продукции. Вместо того, чтобы озаботиться</p>
<p>подбором кадра квалифицированных переводчиков, использовать их по специальности и создать для их труда минимально благоприятную атмосферу, издательства — и в первую очередь Зиф — набирают переводчиков с бору по сосенке, превращая огромную отрасль производства не то в «собес», не то в хаотическое кустарничество на потребу рынку.</p>
<p>Специфическое отличие в профессиональном положении переводчика от оригинального автора сводится к тому, что переводчик — лицо пассивное, то есть вынужден ждать, пока ему предложат ту или иную работу. Он не торгует Бальзаком или Майн-Ридом, а предлагает свой труд вообще. Всякого рода разговоры о том, что переводчик в условиях нашего производства выбирает себе работу, являются миндальничанием и лицемерием. Даже пять-шесть (да и стольких-то не наберется) заслуженных и квалифицированных переводчиков-писателей, случайно затесавшихся ‹…›  Несмотря на безобразно низкую оплату труда и полное равнодушие издательства к качеству работы, несмотря на грозившую заново после каждой сделанной книги безработицу (в связи с нежеланием маклерствовать и самому доставать «новиночки» с Запада), моя переводческая деятельность сохраняла черты литературы на протяжении ряда лет исключительно благодаря высокой культурности А. Н. Горлина, крупнейшего специалиста по переводческому делу в нашей стране, сумевшего поднять переводческий отдел Ленинград-Гиза на должную высоту.<rs ref="Бальзак, Оноре де" type="person"></rs><rs ref="Горлин, Александр Николаевич" type="person"></rs><rs ref="Рид, Томас Майн" type="person"></rs></p>
<p>Уже в Ленинград-Гизе начинались халтурные тенденции издательств, параллельно с настоящей работой, уже там по инициативе некоторых товарищей, своеобразно экономивших копейку, делались предложения «приспособить» за пять или десять рублей к печати абсолютно безграмотные переводы классиков, вроде Альфонса Доде, и находились люди, выполнявшие подобные заказы.<rs ref="Доде, Альфонс" type="person"></rs><rs ref="Доде, Альфонс" type="person"></rs></p>
<p>После Ленинград-Гиза с Госиздатом лучший в стране переводческий аппарат захирел и был фактически разгромлен. Для старых опытных работников наступила безработица. Центр тяжести переводного дела временно переместился в «Прибой».</p>
<p>Халтура «Прибоя» в иностранной литературе была беспримерна. Нельзя найти достаточно резких слов, чтобы заклеймить отношение т. Шунявского и его сотрудников к литераторам-переводчикам и к самому производству. Объявлялись конкурсы на скаковой рекорд по переводу пятнадцатилистных книг в десять дней, гонорар цинично</p>
<p>задерживался вплоть до того, что ряд переводчиков вынужден был продать все свое имущество до последнего стула; с квалифицированными переводчиками велся рыночный торг, чтобы оттянуть у них копейку — с тенденцией снизить оплату за перевод, «не требующий редактуры», до двадцати пяти рублей с листа; в издательство, наконец, хлынула целая масса псевдо-переводчиков, никому не ведомых безграмотных дилетантов, готовых на все условия.</p>
<p>Несмотря на безобразную постановку дела в «Прибое», моя работа в нем удерживалась на той же высоте, что и в Ленотгизе. Упомяну хотя бы книгу Даудистеля «Жертва» или «Тартарена» Доде — работы во многих отношениях показательные. Между закрывшимся «Прибоем», омертвевшим Ленотгизом и Зифом протянулась полоса абсолютной безработицы. Так осуществлялось право специалиста на труд.<rs ref="Даудистель, Альберт" type="person"></rs><rs ref="Доде, Альфонс" type="person"></rs></p>
<p>В Зифе я впервые столкнулся с так называемой «массовой» работой, то есть с механизированным выпуском полных собраний сочинений иностранных авторов в до смешного маленькие «военные» сроки методом обработки или правки старых переводов, большей частью датированных самыми упадочными десятилетиями прошлого века. Это был модус производства. Нужно только удивляться, как это Зиф не заказал в месячный срок перевода и обработки Божественной Комедии Данта по сорок рублей с листа, с уплатой через месяц по представлению рукописи и с удержанием переписки. Впрочем, Рабле по сходной цене был кому-то заказан. К чести моей и Лившица нужно сказать, что мы не соблазнились Рабле и Дантом, а занялись несравненно более скромным и в условиях Зифа единственно здоровым делом — обработкой для юношества устаревших по форме авторов, но сохранивших крупное историческое значение, как Вальтер-Скотт, или научно-воспитательное, как Майн-Рид ‹…› Самые договора Зифа являлись хитроумными юридическими ловушками, во избежании ответственности издательства перед тружениками 90-х и 900-х годов из договорных формул тщательно вытравлялось самое имя переводчика, замененное казуистическим термином — «редактор-переводчик». Само издательство выродилось в бездушную, уродливую канцелярию, на что я неоднократно указывал т. Нарбуту. Редакционного сектора, по существу, не было. Пораньше получить рукопись и попозже за нее заплатить — к этому сводилось все. Законом было полезное и удобное для издательства, а литературная продукция рассматривалась как собачье мясо, из которого все равно<rs ref="Данте Алигьери" type="person"></rs><rs ref="Лившиц, Бенедикт Константинович" type="person"></rs><rs ref="Нарбут, Владимир Иванович" type="person"></rs><rs ref="Рабле, Франсуа" type="person"></rs><rs ref="Рид, Томас Майн" type="person"></rs><rs ref="Скотт, Вальтер" type="person"></rs><rs ref="Скотт, Вальтер" type="person"></rs></p>
<p>выйдет колбаса. Качество работы катастрофически снижалось. С одной стороны — террор квартальных планов, с другой — сопротивление никуда не годного сырья. Даже заикнуться о коренной ломке договора, то есть о заказе издательством новых переводов, и о том, чтобы растянуть годичный срок издания до трехгодичного, — было немыслимо. Вообще с нами разговаривали только через прилавок: «Поскорее, молодцы, поторапливайтесь». За каждый лист обработанного Вальтер-Скотта уплачивалось наличными по 36 рублей; я утверждаю, что за эти деньги можно получить, заказав «охотникам» новые переводы, лишь дрянь и галиматью, хуже сойкинской или сытинской, не поддающуюся даже правке. Издательство это знало и не могло не знать, но сознательно закрывало глаза и, спекулируя на литературном умении и опытности Мандельштама и Лившица, все же получало, по меньшей мере, удовлетворительные тексты, переделанные из старинки.<rs ref="Лившиц, Бенедикт Константинович" type="person"></rs><rs ref="Мандельштам, Евгений Эмильевич" type="person"></rs><rs ref="Скотт, Вальтер" type="person"></rs></p>
<p>Вы расторгли — точнее, выразили желание расторгнуть с нами договор на Майн-Рида, потому что мы якобы нарушили его, переводя с французского. Не мешало б вам еще до экспертизы, которая решит, является ли наш труд халтурным и не достойным Майн-Рида, заглянуть в самый договор, о котором идет речь, и сделать вывод, не ярчайшим ли образцом халтуры издательства является этот самый договор.<rs ref="Рид, Томас Майн" type="person"></rs></p>
<p>Издание Майн-Рида, автора с нулевым литературным значением, лишенным намека на самостоятельный стиль или форму, утопающего на каждом шагу в слащавости и банальной красивости, было задумано исключительно ради его жанровых, приключенческих достоинств, все выявление которых падало на обработчиков. Оно оправдывалос�� лишь богатством естествоведческого и этнографического материала и волевым жизненным подъемом, которые нужны нашей молодежи, пока у нас нет своего Майн-Рида. За переделку Эдгара По можно казнить без суда, но относиться с пиететом к тексту Майн-Рида может только дореформенный учитель чистописания. Позволю себе заметить, что мои и вообще современные представления о прозе, даже для юношества, несколько расходятся с Майн-Ридом.<rs ref="Рид, Томас Майн" type="person"></rs></p>
<p>Неужели же блестящие по точности, авторизованные французские переводы в руках Мандельштама и Лившица могли дать худший результат, чем случайная стряпня с английского? Кто этому поверит? Для опыта мною были заказаны переводы с английского переводчикам, рекомендованным Зифом. То, что они мне представили, и то, что мне<rs ref="Лившиц, Бенедикт Константинович" type="person"></rs><rs ref="Мандельштам, Евгений Эмильевич" type="person"></rs></p>
<p>пришлось потом обламывать с громадной потерей времени и труда, было убогим лепетом, полуграмотной канителью, кишащей нелепостями, и в результате правки было несомненно бледнее и беднее моего перевода с французского. Но это и есть то не вызывающее сомнений «сырье», из которого у нас изготовляются переводные книги: сначала полуголодный, пришибленный переводчик (точнее, деклассированный безработный интеллигент, ни в коем случае не литератор) полуграмотно перевирает подлинник, а потом «редактор» корпит над его стряпней и приводит ее в мало-мальски человеческий вид, уж, конечно, не заглядывая в подлинник, в лучшем случае сообразуясь с грамматикой и здравым смыслом. Я утверждаю, что так у нас выходят сотни книг, почти все; это называется «переводом с французского» или «переводом с английского» под редакцией «такого-то». Впрочем, имя редактора чаще всего опускается.</p>
<p>Возвращаюсь к нелепой структуре Майн-Ридовского договора. Издательство выплачивало пятьдесят пять рублей наличными с печатного листа. И этим обязательства его кончаются. Тираж издания неограниченный, астрономический. А вот список наших обязанностей: «редактора-обработчики», в понимании договора низведенные до подрядчиков, обязуются, во-первых, заказать и оплатить ‹…›<rs ref="Рид, Томас Майн" type="person"></rs></p>
</div2>
</div1>
</body>
</text>
</tei>
