<?xml version='1.0' encoding='UTF8'?>
<tei xmlns="http://www.tei-c.org/ns/1.0">
<teiheader>
<filedesc>
<titlestmt>
<title>Письма. 132. В Федерацию объединений советских писателей, ‹февраль—март 1929 г.›</title>
<author>О.Э. Мандельштам</author>
</titlestmt>
<publicationstmt>
<p>АРТ-БИЗНЕС-ЦЕНТР МОСКВА 1993</p>
<biblstruct>
<biblscope n="" type="volume"></biblscope>
<biblscope n="" type="part"></biblscope>
</biblstruct></publicationstmt>
<sourcedesc>
<p>Издание подготовлено Мандельштамовским обществом</p>
</sourcedesc>
<respstmt>
<resp>Подготовка и разметка файлов - Алексей Литвинцев, Вероника Файнберг. Создание
          электронного ресурса - Тимофей Молчанов. Руководители проекта - Центр Digital Humanities,
          Мандельштамовское общество (НИУ ВШЭ).</resp>
</respstmt></filedesc>
<profiledesc>
<textdesc n="letter"></textdesc>
<textclass>
<catref target="Series([], Name: ID, dtype: object)" type="ID"></catref>
<catref target="Series([], Name: Источник, dtype: object)" type="Источник"></catref>
<catref target="Series([], Name: Жанр художественной литературы, dtype: object)" type="Жанр художественной литературы"></catref>
<catref target="Series([], Name: Уточнение жанра 1, dtype: object)" type="Уточнение жанра"></catref>
<catref target="Series([], Name: Метр, dtype: object)" type="Метр"></catref>
<catref target="Series([], Name: Длина строки, dtype: object)" type="Длина строки"></catref>
<catref target="Series([], Name: Клаузула, dtype: object)" type="Клаузула"></catref>
<catref target="Series([], Name: Уточнение клаузулы 1, dtype: object)" type="Уточнение клаузулы"></catref>
<catref target="Series([], Name: Классическая строфа, dtype: object)" type="Классическая строфа"></catref>
<catref target="Series([], Name: Рифма, dtype: object)" type="Рифма"></catref>
<catref target="Series([], Name: Схема рифмовки, dtype: object)" type="Схема рифмовки"></catref>
<catref target="Series([], Name: Метрическая формула, dtype: object)" type="Метрическая формула"></catref>
<catref target="Series([], Name: Дополнительные параметры, dtype: object)" type="Дополнительные параметры"></catref>
<catref target="Series([], Name: Число строк, dtype: int64)" type="Число строк"></catref>
<catref target="Series([], Name: Автор оригинала, dtype: object)" type="Автор оригинала"></catref>
<catref target="Series([], Name: Язык оригинала, dtype: object)" type="Язык оригинала"></catref>
</textclass></profiledesc>
</teiheader>
<text>
<body>
<div1 n="4" type="volume">
<div2 n="132" type="part">
<head>132.
В Федерацию объединений советских писателей,</head>
<p>То, что случилось у меня и Лившица с Ильей Ионовичем Ионовым, я не могу назвать иначе как катастрофой. Выпад Ионова переворачивает все наши представления об уважении к писательскому труду: грубый окрик, град тяжелых безответственных обвинений, абсолютное презрение к личности и заслугам двух работников, которые отдали годы труда советской книге. Это была крутая домашняя расправа — в четырех стенах, без свидетелей, но с таким результатом, как ломка жизни, конец профессии, уничтожение в одну минуту писательской репутации. Ионов выдал мне и Лившицу волчий билет. После его декларации мне и Лившицу остается стать в очередь на Биржу Труда. Впрочем, Ионов разрешил Лившицу подать на него в суд или куда угодно, не считаясь с его положением. Разрешение излишне. Напрасно Ионов думает, что мы нуждаемся в подобной санкции ‹...›<rs ref="Ионов (Бернштейн), Илья Ионович" type="person"></rs><rs ref="Лившиц, Бенедикт Константинович" type="person"></rs></p>
</div2>
</div1>
</body>
</text>
</tei>
