<?xml version='1.0' encoding='UTF8'?>
<tei xmlns="http://www.tei-c.org/ns/1.0">
<teiheader>
<filedesc>
<titlestmt>
<title>Письма. 137. В редакцию «Литературной газеты», ‹около 10 мая 1929 г.›</title>
<author>О.Э. Мандельштам</author>
</titlestmt>
<publicationstmt>
<p>АРТ-БИЗНЕС-ЦЕНТР МОСКВА 1993</p>
<biblstruct>
<biblscope n="" type="volume"></biblscope>
<biblscope n="" type="part"></biblscope>
</biblstruct></publicationstmt>
<sourcedesc>
<p>Издание подготовлено Мандельштамовским обществом</p>
</sourcedesc>
<respstmt>
<resp>Подготовка и разметка файлов - Алексей Литвинцев, Вероника Файнберг. Создание
          электронного ресурса - Тимофей Молчанов. Руководители проекта - Центр Digital Humanities,
          Мандельштамовское общество (НИУ ВШЭ).</resp>
</respstmt></filedesc>
<profiledesc>
<textdesc n="letter"></textdesc>
<textclass>
<catref target="Series([], Name: ID, dtype: object)" type="ID"></catref>
<catref target="Series([], Name: Источник, dtype: object)" type="Источник"></catref>
<catref target="Series([], Name: Жанр художественной литературы, dtype: object)" type="Жанр художественной литературы"></catref>
<catref target="Series([], Name: Уточнение жанра 1, dtype: object)" type="Уточнение жанра"></catref>
<catref target="Series([], Name: Метр, dtype: object)" type="Метр"></catref>
<catref target="Series([], Name: Длина строки, dtype: object)" type="Длина строки"></catref>
<catref target="Series([], Name: Клаузула, dtype: object)" type="Клаузула"></catref>
<catref target="Series([], Name: Уточнение клаузулы 1, dtype: object)" type="Уточнение клаузулы"></catref>
<catref target="Series([], Name: Классическая строфа, dtype: object)" type="Классическая строфа"></catref>
<catref target="Series([], Name: Рифма, dtype: object)" type="Рифма"></catref>
<catref target="Series([], Name: Схема рифмовки, dtype: object)" type="Схема рифмовки"></catref>
<catref target="Series([], Name: Метрическая формула, dtype: object)" type="Метрическая формула"></catref>
<catref target="Series([], Name: Дополнительные параметры, dtype: object)" type="Дополнительные параметры"></catref>
<catref target="Series([], Name: Число строк, dtype: int64)" type="Число строк"></catref>
<catref target="Series([], Name: Автор оригинала, dtype: object)" type="Автор оригинала"></catref>
<catref target="Series([], Name: Язык оригинала, dtype: object)" type="Язык оригинала"></catref>
</textclass></profiledesc>
</teiheader>
<text>
<body>
<div1 n="4" type="volume">
<div2 n="137" type="part">
<head>137.
В редакцию «ЛИТЕРАТУРНОЙ ГАЗЕТЫ», </head>
<p>‹…›взять чужое письмо в редакцию, отрезать от него кусок, содержащий упоминания о документе, совершенно меняющем положение вещей, утаить само существование этого документа, хотя адрес его дается полностью, и построить свои обвинения вопреки оговорке, сделанной тут же автором письма, который решительно и недвусмысленно отказывается поддерживать обвинение в данной плоскости, — вот что сделал Заславский...<rs ref="Заславский, Давид Иосифович" type="person"></rs><rs ref="Заславский, Давид Иосифович" type="person"></rs></p>
<p>Может, такие приемы и годятся для «травли лиц в печати» по чьей-либо темной указке, но советский журналист, работающий на совесть, должен был устыдиться подобной сноровки...</p>
<p>[Мы клеймим поступок Заславского и выражаем недоумение по поводу того, ‹чей?› заказ он выполняет в своей статье, не приводя ни единого нового факта и лишь сталкивая извращенный и подтасованный материал с цитатой из статьи О. Мандельштама в Известиях.<rs ref="Заславский, Давид Иосифович" type="person"></rs></p>
<p>Право О. Мандельштама на почин в кампании по оздоровлению переводческого дела в нашем Союзе неоспоримо: он заслужил его многолетней и блестяще выполненной в самых тяжелых условиях работой, в которой «Уленшпигель» — лишь незначительное звено.</p>
<p>Нам совершенно непонятно утверждение З‹аславского›, что статья М‹андельштама›, «собственно говоря, не содержит ничего нового», т. к. она впервые на страницах нашей </p>
<p> намечает с должной силой и глубиной организационно-общественный и творческий подход к столь важному делу.]</p>
</div2>
</div1>
</body>
</text>
</tei>
