<?xml version='1.0' encoding='UTF8'?>
<tei xmlns="http://www.tei-c.org/ns/1.0">
<teiheader>
<filedesc>
<titlestmt>
<title>Письма. 145. В. М. Саянову, 24 августа 1929 г. </title>
<author>О.Э. Мандельштам</author>
</titlestmt>
<publicationstmt>
<p>АРТ-БИЗНЕС-ЦЕНТР МОСКВА 1993</p>
<biblstruct>
<biblscope n="" type="volume"></biblscope>
<biblscope n="" type="part"></biblscope>
</biblstruct></publicationstmt>
<sourcedesc>
<p>Издание подготовлено Мандельштамовским обществом</p>
</sourcedesc>
<respstmt>
<resp>Подготовка и разметка файлов - Алексей Литвинцев, Вероника Файнберг. Создание
          электронного ресурса - Тимофей Молчанов. Руководители проекта - Центр Digital Humanities,
          Мандельштамовское общество (НИУ ВШЭ).</resp>
</respstmt></filedesc>
<profiledesc>
<textdesc n="letter"></textdesc>
<textclass>
<catref target="Series([], Name: ID, dtype: object)" type="ID"></catref>
<catref target="Series([], Name: Источник, dtype: object)" type="Источник"></catref>
<catref target="Series([], Name: Жанр художественной литературы, dtype: object)" type="Жанр художественной литературы"></catref>
<catref target="Series([], Name: Уточнение жанра 1, dtype: object)" type="Уточнение жанра"></catref>
<catref target="Series([], Name: Метр, dtype: object)" type="Метр"></catref>
<catref target="Series([], Name: Длина строки, dtype: object)" type="Длина строки"></catref>
<catref target="Series([], Name: Клаузула, dtype: object)" type="Клаузула"></catref>
<catref target="Series([], Name: Уточнение клаузулы 1, dtype: object)" type="Уточнение клаузулы"></catref>
<catref target="Series([], Name: Классическая строфа, dtype: object)" type="Классическая строфа"></catref>
<catref target="Series([], Name: Рифма, dtype: object)" type="Рифма"></catref>
<catref target="Series([], Name: Схема рифмовки, dtype: object)" type="Схема рифмовки"></catref>
<catref target="Series([], Name: Метрическая формула, dtype: object)" type="Метрическая формула"></catref>
<catref target="Series([], Name: Дополнительные параметры, dtype: object)" type="Дополнительные параметры"></catref>
<catref target="Series([], Name: Число строк, dtype: int64)" type="Число строк"></catref>
<catref target="Series([], Name: Автор оригинала, dtype: object)" type="Автор оригинала"></catref>
<catref target="Series([], Name: Язык оригинала, dtype: object)" type="Язык оригинала"></catref>
</textclass></profiledesc>
</teiheader>
<text>
<body>
<div1 n="4" type="volume">
<div2 n="145" type="part">
<head>145.
В. М. САЯНОВУ, </head>
<p>Пишу вам в подкрепление телефонного звонка. «Московский Комсомолец» широко развертывает литературный отдел. Нам необходимо тесное сотрудничество с ленинградской молодежью. Вы знаете ее лучше, чем кто-либо. К вам настоятельная просьба: подбирайте материал и шлите его на адрес редакции. Я всецело полагаюсь на ваш выбор, и все, что вы возьмете у авторов, они могут считать принятым.<rs ref="Москва" type="geo_index"></rs><rs ref="Москва" type="geo_index"></rs></p>
<p>Если вас не затруднит, переговорите с Тихоновым. Ваши стихи и его нам необходимы, кроме того, необходима проза Тихонова. Ведя борьбу со всякого рода цеховщиной и варкой в собственном соку, мы сразу берем установку на культурный подъем. Комсомольский литературный молодняк нуждается в старших союзниках. Нельзя предоставлять его собственным силам. Я не представляю себе, чтобы вы не откликнулись немедленно на наш призыв.<rs ref="Тихонов, Николай Семенович" type="person"></rs></p>
<p>Еще одна просьба: вы отказались по телефону взять неблагодарное дело распределения денег. Гонорар можно высылать и непосредственно из Москвы. Но если б вы указали в Ленинграде человека, способного взять на себя материальную часть, мы бы перевели в его распоряжение сумму в отделение издательства «Рабочая Москва».<rs ref="Москва" type="geo_index"></rs><rs ref="Москва" type="geo_index"></rs><rs ref="Москва" type="geo_index"></rs><rs ref="Москва" type="geo_index"></rs></p>
<p>Собираюсь написать вам частное письмо.</p>
</div2>
</div1>
</body>
</text>
</tei>
