<?xml version='1.0' encoding='UTF8'?>
<tei xmlns="http://www.tei-c.org/ns/1.0">
<teiheader>
<filedesc>
<titlestmt>
<title>Письма. 141. В Московский губернский суд, 8 июня 1929 г.</title>
<author>О.Э. Мандельштам</author>
</titlestmt>
<publicationstmt>
<p>АРТ-БИЗНЕС-ЦЕНТР МОСКВА 1993</p>
<biblstruct>
<biblscope n="" type="volume"></biblscope>
<biblscope n="" type="part"></biblscope>
</biblstruct></publicationstmt>
<sourcedesc>
<p>Издание подготовлено Мандельштамовским обществом</p>
</sourcedesc>
<respstmt>
<resp>Подготовка и разметка файлов - Алексей Литвинцев, Вероника Файнберг. Создание
          электронного ресурса - Тимофей Молчанов. Руководители проекта - Центр Digital Humanities,
          Мандельштамовское общество (НИУ ВШЭ).</resp>
</respstmt></filedesc>
<profiledesc>
<textdesc n="letter"></textdesc>
<textclass>
<catref target="Series([], Name: ID, dtype: object)" type="ID"></catref>
<catref target="Series([], Name: Источник, dtype: object)" type="Источник"></catref>
<catref target="Series([], Name: Жанр художественной литературы, dtype: object)" type="Жанр художественной литературы"></catref>
<catref target="Series([], Name: Уточнение жанра 1, dtype: object)" type="Уточнение жанра"></catref>
<catref target="Series([], Name: Метр, dtype: object)" type="Метр"></catref>
<catref target="Series([], Name: Длина строки, dtype: object)" type="Длина строки"></catref>
<catref target="Series([], Name: Клаузула, dtype: object)" type="Клаузула"></catref>
<catref target="Series([], Name: Уточнение клаузулы 1, dtype: object)" type="Уточнение клаузулы"></catref>
<catref target="Series([], Name: Классическая строфа, dtype: object)" type="Классическая строфа"></catref>
<catref target="Series([], Name: Рифма, dtype: object)" type="Рифма"></catref>
<catref target="Series([], Name: Схема рифмовки, dtype: object)" type="Схема рифмовки"></catref>
<catref target="Series([], Name: Метрическая формула, dtype: object)" type="Метрическая формула"></catref>
<catref target="Series([], Name: Дополнительные параметры, dtype: object)" type="Дополнительные параметры"></catref>
<catref target="Series([], Name: Число строк, dtype: int64)" type="Число строк"></catref>
<catref target="Series([], Name: Автор оригинала, dtype: object)" type="Автор оригинала"></catref>
<catref target="Series([], Name: Язык оригинала, dtype: object)" type="Язык оригинала"></catref>
</textclass></profiledesc>
</teiheader>
<text>
<body>
<div1 n="4" type="volume">
<div2 n="141" type="part">
<head>141.
В МОСКОВСКИЙ ГУБЕРНСКИЙ СУД,</head>
<p>Совершенно исключительное значение для дела в связи с заявлением юрисконсульта ЗИФа имеют свидетельские показания тов. Шойхета Абрама Мойсеевича, проживающего Б. Грузинская ул., N 19, кв. 14, и Колесникова Леонида Иосифовича, находящегося в редакции «Вечерняя Москва», бывших — первого — пом. зав. редиздата ЗИФа, второго — штатного редактора ЗИФа. Эти свидетели могут подтвердить, что ЗИФу было известно, что я при своей редакторской работе при обработке «Уленшпигеля» пользовался переводом Карякина, тогда как ЗИФ теперь это отрицает. Поэтому прошу вызвать указанных свидетелей в суд, выдав мне повестки на руки.<rs ref="Карякин, Василий Никитович" type="person"></rs><rs ref="Колесников, Леонид Иосифович, " type="person"></rs><rs ref="Шойхет, Абрам Моисеевич," type="person"></rs></p>
<p>8 июня 1929 г.</p>
</div2>
</div1>
</body>
</text>
</tei>
