<?xml version='1.0' encoding='UTF8'?>
<tei xmlns="http://www.tei-c.org/ns/1.0">
<teiheader>
<filedesc>
<titlestmt>
<title>Письма. 147. В Центральную Контрольную Комиссию ВКП (б) (?) ‹конец 1929 — начало 1930 г.› </title>
<author>О.Э. Мандельштам</author>
</titlestmt>
<publicationstmt>
<p>АРТ-БИЗНЕС-ЦЕНТР МОСКВА 1993</p>
<biblstruct>
<biblscope n="" type="volume"></biblscope>
<biblscope n="" type="part"></biblscope>
</biblstruct></publicationstmt>
<sourcedesc>
<p>Издание подготовлено Мандельштамовским обществом</p>
</sourcedesc>
<respstmt>
<resp>Подготовка и разметка файлов - Алексей Литвинцев, Вероника Файнберг. Создание
          электронного ресурса - Тимофей Молчанов. Руководители проекта - Центр Digital Humanities,
          Мандельштамовское общество (НИУ ВШЭ).</resp>
</respstmt></filedesc>
<profiledesc>
<textdesc n="letter"></textdesc>
<textclass>
<catref target="Series([], Name: ID, dtype: object)" type="ID"></catref>
<catref target="Series([], Name: Источник, dtype: object)" type="Источник"></catref>
<catref target="Series([], Name: Жанр художественной литературы, dtype: object)" type="Жанр художественной литературы"></catref>
<catref target="Series([], Name: Уточнение жанра 1, dtype: object)" type="Уточнение жанра"></catref>
<catref target="Series([], Name: Метр, dtype: object)" type="Метр"></catref>
<catref target="Series([], Name: Длина строки, dtype: object)" type="Длина строки"></catref>
<catref target="Series([], Name: Клаузула, dtype: object)" type="Клаузула"></catref>
<catref target="Series([], Name: Уточнение клаузулы 1, dtype: object)" type="Уточнение клаузулы"></catref>
<catref target="Series([], Name: Классическая строфа, dtype: object)" type="Классическая строфа"></catref>
<catref target="Series([], Name: Рифма, dtype: object)" type="Рифма"></catref>
<catref target="Series([], Name: Схема рифмовки, dtype: object)" type="Схема рифмовки"></catref>
<catref target="Series([], Name: Метрическая формула, dtype: object)" type="Метрическая формула"></catref>
<catref target="Series([], Name: Дополнительные параметры, dtype: object)" type="Дополнительные параметры"></catref>
<catref target="Series([], Name: Число строк, dtype: int64)" type="Число строк"></catref>
<catref target="Series([], Name: Автор оригинала, dtype: object)" type="Автор оригинала"></catref>
<catref target="Series([], Name: Язык оригинала, dtype: object)" type="Язык оригинала"></catref>
</textclass></profiledesc>
</teiheader>
<text>
<body>
<div1 n="4" type="volume">
<div2 n="147" type="part">
<head>147.
В Центральную контрольную комиссию ВКП(б) (?),</head>
<p>Зажим самокритики «Литгазетой» вижу в следующем:</p>
<p>I. В ответ на выступление М‹андельштама› в «Изв‹естиях›», безусловно всколыхнувшее советскую общ‹ественность›, Канатчиков на первой полосе Л. Г. печатает статью, где говорится:<rs ref="Канатчиков, Семен Иванович" type="person"></rs></p>
<p>1) «В сущности в статье в Изв‹естиях› М‹андельштамом› не сказано ничего нового» (З‹аславский›);</p>
<p>2) извращается самая мысль статьи и снижается вся ее установка;</p>
<p>3) автор обливается грязью.</p>
<p>II. В закрытии страниц Литгазеты для письма 22-х ленингр‹адских› писателей и письма Ромма и Бенедиктова, напечатанного в «Комс‹омольской› Правде».<rs ref="Ромм, Александр Ильич" type="person"></rs></p>
<p>III. В замалчивании Л‹итературной› Г‹азетой› выступления писателя А‹к›сенова на последнем общем собрании Вс‹ероссийского› Союза Писателей. Вельса резкая речь Аксенова «о деле, порочащем ФОСП», не была передана по существу в отчете Л‹итературной› Г‹азеты› о данном собрании, хотя все остальные речи переданы по существу.<rs ref="Аксенов, Иван Александрович" type="person"></rs></p>
<p>Травлю со стороны Исполбюро и К‹онфликтной› К‹омиссии› усматриваю в том, что констатируя ‹…›</p>
</div2>
</div1>
</body>
</text>
</tei>
