<?xml version='1.0' encoding='UTF8'?>
<tei xmlns="http://www.tei-c.org/ns/1.0">
<teiheader>
<filedesc>
<titlestmt>
<title>Письма. 146. В Центральную Контрольную Комиссию ВКП (б) (?) ‹конец 1929 — начало 1930 г.›</title>
<author>О.Э. Мандельштам</author>
</titlestmt>
<publicationstmt>
<p>АРТ-БИЗНЕС-ЦЕНТР МОСКВА 1993</p>
<biblstruct>
<biblscope n="" type="volume"></biblscope>
<biblscope n="" type="part"></biblscope>
</biblstruct></publicationstmt>
<sourcedesc>
<p>Издание подготовлено Мандельштамовским обществом</p>
</sourcedesc>
<respstmt>
<resp>Подготовка и разметка файлов - Алексей Литвинцев, Вероника Файнберг. Создание
          электронного ресурса - Тимофей Молчанов. Руководители проекта - Центр Digital Humanities,
          Мандельштамовское общество (НИУ ВШЭ).</resp>
</respstmt></filedesc>
<profiledesc>
<textdesc n="letter"></textdesc>
<textclass>
<catref target="Series([], Name: ID, dtype: object)" type="ID"></catref>
<catref target="Series([], Name: Источник, dtype: object)" type="Источник"></catref>
<catref target="Series([], Name: Жанр художественной литературы, dtype: object)" type="Жанр художественной литературы"></catref>
<catref target="Series([], Name: Уточнение жанра 1, dtype: object)" type="Уточнение жанра"></catref>
<catref target="Series([], Name: Метр, dtype: object)" type="Метр"></catref>
<catref target="Series([], Name: Длина строки, dtype: object)" type="Длина строки"></catref>
<catref target="Series([], Name: Клаузула, dtype: object)" type="Клаузула"></catref>
<catref target="Series([], Name: Уточнение клаузулы 1, dtype: object)" type="Уточнение клаузулы"></catref>
<catref target="Series([], Name: Классическая строфа, dtype: object)" type="Классическая строфа"></catref>
<catref target="Series([], Name: Рифма, dtype: object)" type="Рифма"></catref>
<catref target="Series([], Name: Схема рифмовки, dtype: object)" type="Схема рифмовки"></catref>
<catref target="Series([], Name: Метрическая формула, dtype: object)" type="Метрическая формула"></catref>
<catref target="Series([], Name: Дополнительные параметры, dtype: object)" type="Дополнительные параметры"></catref>
<catref target="Series([], Name: Число строк, dtype: int64)" type="Число строк"></catref>
<catref target="Series([], Name: Автор оригинала, dtype: object)" type="Автор оригинала"></catref>
<catref target="Series([], Name: Язык оригинала, dtype: object)" type="Язык оригинала"></catref>
</textclass></profiledesc>
</teiheader>
<text>
<body>
<div1 n="4" type="volume">
<div2 n="146" type="part">
<head>146.
В Центральную контрольную комиссию ВКП(б) (?),</head>
<p>Федерацию обвиняю в том, что</p>
<p>1) </p>
<p> правом общ‹ественного› суда над писателем — инсценировала </p>
<p> который вели под видом К‹онфликтной› К‹омиссии› орг‹аны› ФОСПа [с нарушением самых элементарных гарантий, как то:</p>
<p>1) предв‹арительная› пров‹ерка› и точн‹ая› форм‹улировка› обвин‹ений›</p>
<p>2) вызов свид‹етелей›[, очная ставка, допрос]</p>
<p>3) сбор и оглашение материалов</p>
<p>4) соответствие пунктов решения пунктам обвинения и т. д.]</p>
<p>2) подменяла в течение самого процесса одно обв‹инение› — другим — от плагиата к халтуре, от халтуры к (негровладельчеству), от (негровладельчества) — к «моральной ответственности» за практику изд‹ательств› и т. д.</p>
<p>3) в минуту острой перегруппировки писательских сил выбила, подняв клеветн‹ическую› камп‹анию›, меня из литстроя, [играя в руку тем элементам, которым оказалась не по нутру моя (неожиданная)] заранее обесценила подготавлявшие‹ся› мною полит‹ические› выступления и заставила временно от них воздержаться. (Прошу допросить Л. Авербаха о моих с ним переговорах в апреле 1929 г.)<rs ref="Авербах, Леопольд Леонидович" type="person"></rs></p>
</div2>
</div1>
</body>
</text>
</tei>
