<?xml version='1.0' encoding='UTF8'?>
<tei xmlns="http://www.tei-c.org/ns/1.0">
<teiheader>
<filedesc>
<titlestmt>
<title>Письма. 149. Открытое письмо советским писателям, ‹начало 1930 г.›</title>
<author>О.Э. Мандельштам</author>
</titlestmt>
<publicationstmt>
<p>АРТ-БИЗНЕС-ЦЕНТР МОСКВА 1993</p>
<biblstruct>
<biblscope n="" type="volume"></biblscope>
<biblscope n="" type="part"></biblscope>
</biblstruct></publicationstmt>
<sourcedesc>
<p>Издание подготовлено Мандельштамовским обществом</p>
</sourcedesc>
<respstmt>
<resp>Подготовка и разметка файлов - Алексей Литвинцев, Вероника Файнберг. Создание
          электронного ресурса - Тимофей Молчанов. Руководители проекта - Центр Digital Humanities,
          Мандельштамовское общество (НИУ ВШЭ).</resp>
</respstmt></filedesc>
<profiledesc>
<textdesc n="letter"></textdesc>
<textclass>
<catref target="Series([], Name: ID, dtype: object)" type="ID"></catref>
<catref target="Series([], Name: Источник, dtype: object)" type="Источник"></catref>
<catref target="Series([], Name: Жанр художественной литературы, dtype: object)" type="Жанр художественной литературы"></catref>
<catref target="Series([], Name: Уточнение жанра 1, dtype: object)" type="Уточнение жанра"></catref>
<catref target="Series([], Name: Метр, dtype: object)" type="Метр"></catref>
<catref target="Series([], Name: Длина строки, dtype: object)" type="Длина строки"></catref>
<catref target="Series([], Name: Клаузула, dtype: object)" type="Клаузула"></catref>
<catref target="Series([], Name: Уточнение клаузулы 1, dtype: object)" type="Уточнение клаузулы"></catref>
<catref target="Series([], Name: Классическая строфа, dtype: object)" type="Классическая строфа"></catref>
<catref target="Series([], Name: Рифма, dtype: object)" type="Рифма"></catref>
<catref target="Series([], Name: Схема рифмовки, dtype: object)" type="Схема рифмовки"></catref>
<catref target="Series([], Name: Метрическая формула, dtype: object)" type="Метрическая формула"></catref>
<catref target="Series([], Name: Дополнительные параметры, dtype: object)" type="Дополнительные параметры"></catref>
<catref target="Series([], Name: Число строк, dtype: int64)" type="Число строк"></catref>
<catref target="Series([], Name: Автор оригинала, dtype: object)" type="Автор оригинала"></catref>
<catref target="Series([], Name: Язык оригинала, dtype: object)" type="Язык оригинала"></catref>
</textclass></profiledesc>
</teiheader>
<text>
<body>
<div1 n="4" type="volume">
<div2 n="149" type="part">
<head>149.
Открытое письмо советским писателям,</head>
<p>Я заявляю в лицо Федерации Советских писателей, что она запятнала себя гнуснейшим преследованием писателя, использовав для этой цели неслыханные средства, прибегла к обману и подтасовкам, замалчивала факты, фабриковала заведомо липовые документы, пользовалась услугами лжесвидетелей, с позорной трусостью покрывала и покрывает</p>
<p>своих аппаратчиков, замалчивала и покрывала своим авторитетом издательские безобразия, и на первую в СССР попытку писателя вмешаться в издательское дело ответила инсценировкой скандального уголовного процесса.</p>
<p>Писательская общественность, допуская превращение своих органов в застенок, где безнаказанно шельмуют работу и честь писателя, становится тем самым реальной угрозой для каждого писателя.</p>
<p>Я не принадлежу ни к одному из литературных объединений и не вхожу формально в ФОСП. Я никогда не прибегал к органам Федерации с просьбой рассудить меня с кем-либо и не давал никакого согласия на разбирательство моих гражданских дел в конфликтных комиссиях ФОСПа. Теперь я вижу, что доверять свою честь судебным и третейским органам ФОСПа было бы по меньшей мере опрометчиво. Сделавшись невольным клиентом этих судилищ, я убедился, что они отличаются такой малограмотностью, такой юридической и общественной бездарностью, такой подозрительной гибкостью и восприимчивостью ко всякого рода давлениям, что любой профессиональный суд, любую судебную инстанцию нашей несовершенной и строящейся страны следует предпочесть писательскому трибуналу.</p>
<p>Мне и в голову не приходит смотреть на писателя как на высшее существо и видеть в нем образец гражданских добродетелей, но никто не давал права писателю стоять ниже среднего уровня культуры и эпохи, никто не позволял ему оскорблять правосознание современника и глумиться над здравым смыслом.</p>
<p>Между тем со мной, например, поступили как с проституткой, долгие годы гулявшей по желтому билету и наконец-то пойманной за дебош. Проституция же заключалась в многолетнем труде, а дебош в хорошей и по закону исполненной работе. Разбойное нападение среди бела дня на страницах «Литгазеты» — обвинительный акт, шулер-фельетонист в роли прокурора, редактор запачканной газеты — председатель суда, лабазные молодцы из издательской лавки ЗИФа — услужливые свидетели, наемные стряпчие-крючкотворы из приказов того же ФОСПа — юридические закройщики незамысловатого суда.</p>
<p>Когда писатель требует, чтобы его судили сообразно с законами страны, с обычными нормами данной отрасли промышленности и теми условиями, в которых протекает труд его товарищей по профессии, когда писатель требует, чтобы ему ответили, почему он и вот эта, а не </p>
<p>другая работа заносится на черную доску, — Федерация бормочет: «Данный инцидент является следствием не частного, а общего явления, характеризующего положение в СССР...»</p>
<p>Когда издательство, внезапно меняя точку зрения на свой договор, начинает легонько по сигналу «Литгазеты» подталкивать своего сотрудника к скамье подсудимых, Федерация деликатно ему помогает.</p>
<p>Далее Федерация прибегает к бесчестнейшему трюку, подменивая уголовные обвинения литературной критикой по Горнфельду. Дело принимает вид фонарика с разноцветными стеклами: когда нужно — плагиат, когда нужно — халтура.<rs ref="Горнфельд, Аркадий Георгиевич" type="person"></rs></p>
<p>Когда Федерацию спрашивают, почему за плохие повести, не сверенные с действительностью, и за плохие стихи, развращающие вкус, она не судит своих членов, а за плохую, пусть ужасную обработку Уленшпигеля находит возможным судить «товарищеским» судом, Федерация лепечет что-то невнятное о «сверке с подлинником».</p>
<p>Мне известно, что на конфликтной комиссии от 21-го июня говорилось о позорном пятнышке на моих ризах и о том, что с меня за мое лирическое сладкогласие следует взыскать построже. Я слов не нахожу, чтобы заклеймить всю лицемерную гнусность этих ханжеских речей. Я, дорогие товарищи, не ангел в ризах, накрахмаленных Львовым-Рогачевским, но труженик, чернорабочий слова, переводчик. Какие там к черту ризы! Я чернорабочий, я издательский негр, но не вам клеймить меня плоским именем халтурщика, которое вы с такой легкостью выговариваете и которое означает не просто плохой работник, не просто обманщик и лентяй, но означает — холоп, батрак, наймит, работающий сдельщину на ненавистного хозяина и случайно оступившийся, не сумевший потрафить, перепутавший свой каторжный урок. Мой труд никогда не был рабьим трудом, и я с пеной у рта отстаиваю свое право на плохую работу, право на неудачу, право на срыв.<rs ref="Львов-Рогачевский (Рогачевский), Василий Львович" type="person"></rs></p>
<p>Матерщина — это детский лепет в сравнении с тем, что вытерпели стены Дома Герцена и пасторские седины Канатчикова. Зифовские молодцы не были вытолкнуты в шею, когда с их грязного языка слетело имя жены писателя в сочетании с абортом. Уличенные во лжи молодцы изворачивались под руководством старца Канатчикова:<rs ref="Канатчиков, Семен Иванович" type="person"></rs></p>
<p>Я чернорабочий и глыбы книг ворочал своими руками.</p>
<p>«...Халтура... скрывается от милиции... не прописывается...»</p>
<p>Стенографистки не было, в протокол не занесено, но свидетели были, были... Мне кажется, что целесообразнее доверить управление делами Федерации королю из свежей карточной колоды, нежели гражданину Канатчикову.<rs ref="Канатчиков, Семен Иванович" type="person"></rs></p>
<p>За несколько месяцев фельетон Заславского дал молодые побеги. Радуйтесь, советские писатели, Мандельштам не только литературный вор и плагиатор, но также маклер, жучок, посредник, ловкий проныра, затащивший к себе в трущобу Горнфельда и Карякина. Отпустив с миром ловких скупщиков краденого в их издательскую хазу, именуемую ЗИФом, Федерация выдает мне справку, что я не халтурщик. Я сохраню эту справку. Я бережно ее пронесу. Я буду заглядывать в нее каждый раз, когда, очнувшись от тошнотного угара, в котором как бред мелькают совесть, труд, письма в редакцию, суды, чиновничьи маски столоначальников из страшного и последнего департамента литературы — Заславские, Канатчиковы, Рогачевские с мочалкой, я найду в себе силы приняться за прерванный жизненный труд. И тогда неизменно мне представится одна картина — Заславский, Горнфельд и Канатчиков, склоненные над красным комочком — над сердцем Уленшпигеля — и над моим, писатели, сердцем.<rs ref="Горнфельд, Аркадий Георгиевич" type="person"></rs><rs ref="Заславский, Давид Иосифович" type="person"></rs><rs ref="Заславский, Давид Иосифович" type="person"></rs><rs ref="Канатчиков, Семен Иванович" type="person"></rs><rs ref="Канатчиков, Семен Иванович" type="person"></rs><rs ref="Карякин, Василий Никитович" type="person"></rs><rs ref="Мандельштам (Хазина), Надежда Яковлевна" type="person"></rs><rs ref="Мандельштам (Хазина), Надежда Яковлевна" type="person"></rs></p>
<p>Судопроизводство в руках ФОСПа я вынужден признать социально-опасным орудием. Ваша организация, присваивая себе функции настоящего суда с уголовной амплитудой, пренебрегает всеми нормами и гарантиями нормального процесса.</p>
<p>1) Тягчайшие обвинения предъявляются человеку публично, в печати, без всякого предварительного расследования — в форме бранного шулерского фельетона.</p>
<p>2) На основе этого фельетона человек путем оглашения в печати предается публичному суду без формулировки обвинения, без обвинительного акта, уже после разоблачения клеветника.</p>
<p>3) Абсурдное обвинение Исполбюро отменяет «дело» ценой полного игнорирования фельетона и характера предъявленных мне обвинений.</p>
<p>4) Несмотря на отмену дела Исполбюро, под каким-то казуистическим предлогом созывается судебная комиссия под председательством заинтересованной стороны, в задачи которой входит в чем угодно обвинить Мандельштама, чтобы спасти престиж Литгазеты.<rs ref="Мандельштам (Хазина), Надежда Яковлевна" type="person"></rs></p>
<p>5) Трибунал, именующий себя «конфликтной</p>
<p>комиссией», строится по методу: «Все, кроме подсудимого — полноценные прокуроры», фиксирует хулиганские поклепы специально вызванных работодателей, не замечает грубейших противоречий в их показаниях, отказывает в вызове свидетелей, не требует фактов, не формулирует обвинений и выносит юридически безграмотный инсинуирующий приговор.</p>
<p>6) Высший орган ФОСПа — Исполбюро — заслушав это решение, принимает его к сведенью, утверждает и запрещает печатать.</p>
<p>7) Из приговора не делают никаких общественных выводов относительно осужденного, не исключают его из организации и не сообщают о его деяниях прокурору.</p>
<p>(Для характеристики «общественной» установки Федерации: когда в «Прав��е» появился фельетон Заславского «Жучки и негры», комментирующий решение конфликтной комиссии ФОСПа от 21 июня, причем в фельетоне всеми словами утверждалось, что все переводческое дело в СССР построено на эксплуатации полуграмотных негров, которых нанимают за себя писатели с крупными именами, Федерация обошла этот фельетон полным молчанием и не сделала из него никаких общественных выводов.)<rs ref="Заславский, Давид Иосифович" type="person"></rs></p>
<p>8) В августе Федерация объявляет печатно о пересмотре дела ввиду наличия «формальных» к тому поводов, но в течение 5-ти месяцев от пересмотра уклоняется.</p>
<p>9) В декабре Федерация внезапно выделяет комиссию, именуемую уже не конфликтной, но «Комиссией для разбора обвинений, предъявленных Мандельштаму Литгазетой». Эта комиссия, так же как и первая, отказывается от всякой следственной процедуры, от формулировки обвинений, от оглашения материалов и от вызова свидетелей. Упоминая вскользь о травле и «о тягчайших обвинениях, лишенных всякого основания» (формулировка комиссии), комиссия признает помещение фельетона в Литгазете ошибкой, но на Мандельштама возлагает моральную ответственность за производственную практику советских издательств, о которой ни одним словом не упоминалось в фельетоне.<rs ref="Мандельштам (Хазина), Надежда Яковлевна" type="person"></rs></p>
<p>Все ваши постановления шиты гнилыми нитками, не сводят концов с концами, сами себе противоречат. В них нет настоящего товарищеского голоса, нет настоящего честного, прямого осуждения, ни рукопожатия, ни удара, ни оправдания — ничего этого в них нет. Ваши постановления — это настоящий блуд, приправленный кисленькой</p>
<p>размазней прописной морали. Мне стыдно за вас. Мне стыдно уличать старых людей в безграмотности и недобросовестности, мне стыдно за молодежь, которая не имеет мужества в нужный момент возвысить голос и сказать свое слово.</p>
<p>Какой извращенный иезуитизм, какую даже не чиновничью, а поповскую жестокость надо было иметь, чтобы после года дикой травли, пахнущей кровью, вырезав у человека год жизни с мясом и нервами, объявить его «морально ответственным» и даже словом не обмолвиться по существу дела.</p>
<p>Вы произносите в своем постановлении страшное слово «травля» — так, между прочим, как какой-то пустячок. Где травили, кто травил, когда, какими способами?.. Укажите виновников или молчите, или вы не смеете говорить о травле...</p>
<p>Мне стыдно, что я как нищий месяцами умолял вас о расследовании. Если это общественность, я бегу от нее как от чумы. Вы умеете не слышать, вы умеете не отвечать на прямые вопросы, вы умеете отводить заявления. Если собрать все, что я вам писал за эти месяцы, то получится настоящая книга — убийственная, позорная для нас всех. В историю советской литературы вы вписали главу, которая пахнет трупным разложением.</p>
<p>Я ухожу из Федерации Советских писателей, я запрещаю себе отныне быть писателем, потому что я морально ответственен за то, что делаете вы.</p>
<p>Спасибо, товарищи, за обезьяний процесс. А ну-ка поставим в дискуссионном порядке, кто из нас вор... Выходи, кто следующий!.. Но меня на этом вороньем празднике не будет.</p>
<p>Дорогие товарищи, в этом деле нет никакой розовой водички, никакой литературности, никаких тонких самолюбий, никаких изощренных цветочков писательской этики. Это тяжелое и трудное, громоздкое и страшное общесоветское дело, то, о чем мы ежедневно читаем в газетах — это злостный удар по работнику, это сворачиванье ему шеи — не на жизнь, а на смерть, где все средства хороши, где все пути дозволены: клевета, лжесвидетельство, крючкотворчество, фельетонная передержка, где все для безнаказанности содобрено разговорчиками о «писательской этике»; это одно из бесчисленных дел, когда неугодного работника снимают с поля деятельности бесчестными способами.</p>
<p>Для полноты картины я должен вас информировать о том, что «товарищеское» разбирательство в Федерации</p>
<p>было лишь мостиком к уголовному преследованию писателя, о чем было отлично известно ФОСПу. Издательство ЗИФ по сигналу «Литгазеты» привлекло меня соответчиком по гражданскому делу, причем само спровоцировало этот иск. В гражданских камерах Губсуда и Верховного Суда издательство всеми способами добивалось моего привлечения по 177 ст. Уг‹оловного› Код‹екса›, ссылаясь как на главный аргумент на статью Литгазеты и на решение ФОСПа от 21-го июня. На судах дело сорвалось, и поведение Литгазеты было заклеймено особым пунктом в решении Верх‹овного› Суда.</p>
<p>Итак, товарищи, дело, которое вы называете «претензией ЗИФа и Горнфельда к Мандельштаму» и которое вы сводите к фельетону Заславского, явилось травлей довольно крупного масштаба и от начала до конца делом рук самого ФОСПа.<rs ref="Горнфельд, Аркадий Георгиевич" type="person"></rs><rs ref="Заславский, Давид Иосифович" type="person"></rs><rs ref="Мандельштам (Хазина), Надежда Яковлевна" type="person"></rs></p>
<p>В данную минуту Федерация готова признать, что травля писателя Мандельштама нанесла объективный ущерб издательской реформе, которой добивался Мандельштам. Но Федерация стыдливо умалчивает о том, что травила Мандельштама она сама, а не кто-нибудь другой, и что преследования были прямым ответом на общественное выступление Мандельштама. Такого рода «увязка» травли с тем, что у нас называется самокритикой, является тягчайшим с советской точки зрения преступлением, но для Федерации Советских Писателей советский закон очевидно не писан, и никакой ответственности за свои позорные деяния она не чувствует и, надо думать, не понесет.<rs ref="Мандельштам (Хазина), Надежда Яковлевна" type="person"></rs></p>
<p>Злоупотребления так называемой юрисдикцией, то есть правом организации судить своих членов — граничит в данном случае с моральным убийством и с общественным вредительством. Предание меня суду Федерацией Писателей в тысячу раз серьезнее, чем самый фельетон. Именно это предание суду я считаю преступлением Федерации по отношению ко мне. Поведение всех моих товарищей — советских писателей — которые, скрестив руки, готовились к интересному зрелищу — как Мандельштам будет изворачиваться перед Федерацией по обвинению в краже и мошенничестве — и пальцем не шевельнули, чтобы предотвратить эту гнусную комедию, я считаю полным основанием для разрыва со всеми вами.<rs ref="Мандельштам (Хазина), Надежда Яковлевна" type="person"></rs><rs ref="Мандельштам (Хазина), Надежда Яковлевна" type="person"></rs></p>
<p>Для Мандельштама Федерация Советских Писателей оказалась полицейским участком, куда его потянули, как ‹…› никаких объяснений, настойчиво повторяя ‹…› Мандельштама публично обыскивали в Доме Герцена, и руки<rs ref="Мандельштам (Хазина), Надежда Яковлевна" type="person"></rs></p>
<p>всех советских писателей, в том числе и ваши, раз вы входите в Федерацию, шарили по его карманам.</p>
<p>Двадцать лет работы не застраховали меня от нападения организованного писательства. Я допускаю, чт ‹…› ‹иммунитет› для меня лично начинается с 40 лет работы. Но советское писательство остается по-прежнему организованным, а я, будучи только Мандельштамом, не располагаю аппаратом для самозащиты на второе двадцатилетие — до наступления предполагаемого ........тета, считаю благоразумным выключить себя ‹…› из организованной писательской общественности ‹…› <rs ref="Мандельштам (Хазина), Надежда Яковлевна" type="person"></rs></p>
</div2>
</div1>
</body>
</text>
</tei>
