<?xml version='1.0' encoding='UTF8'?>
<tei xmlns="http://www.tei-c.org/ns/1.0">
<teiheader>
<filedesc>
<titlestmt>
<title>Письма. 143. Ленинградским писателям, ‹11 июня 1929 г.› </title>
<author>О.Э. Мандельштам</author>
</titlestmt>
<publicationstmt>
<p>АРТ-БИЗНЕС-ЦЕНТР МОСКВА 1993</p>
<biblstruct>
<biblscope n="" type="volume"></biblscope>
<biblscope n="" type="part"></biblscope>
</biblstruct></publicationstmt>
<sourcedesc>
<p>Издание подготовлено Мандельштамовским обществом</p>
</sourcedesc>
<respstmt>
<resp>Подготовка и разметка файлов - Алексей Литвинцев, Вероника Файнберг. Создание
          электронного ресурса - Тимофей Молчанов. Руководители проекта - Центр Digital Humanities,
          Мандельштамовское общество (НИУ ВШЭ).</resp>
</respstmt></filedesc>
<profiledesc>
<textdesc n="letter"></textdesc>
<textclass>
<catref target="Series([], Name: ID, dtype: object)" type="ID"></catref>
<catref target="Series([], Name: Источник, dtype: object)" type="Источник"></catref>
<catref target="Series([], Name: Жанр художественной литературы, dtype: object)" type="Жанр художественной литературы"></catref>
<catref target="Series([], Name: Уточнение жанра 1, dtype: object)" type="Уточнение жанра"></catref>
<catref target="Series([], Name: Метр, dtype: object)" type="Метр"></catref>
<catref target="Series([], Name: Длина строки, dtype: object)" type="Длина строки"></catref>
<catref target="Series([], Name: Клаузула, dtype: object)" type="Клаузула"></catref>
<catref target="Series([], Name: Уточнение клаузулы 1, dtype: object)" type="Уточнение клаузулы"></catref>
<catref target="Series([], Name: Классическая строфа, dtype: object)" type="Классическая строфа"></catref>
<catref target="Series([], Name: Рифма, dtype: object)" type="Рифма"></catref>
<catref target="Series([], Name: Схема рифмовки, dtype: object)" type="Схема рифмовки"></catref>
<catref target="Series([], Name: Метрическая формула, dtype: object)" type="Метрическая формула"></catref>
<catref target="Series([], Name: Дополнительные параметры, dtype: object)" type="Дополнительные параметры"></catref>
<catref target="Series([], Name: Число строк, dtype: int64)" type="Число строк"></catref>
<catref target="Series([], Name: Автор оригинала, dtype: object)" type="Автор оригинала"></catref>
<catref target="Series([], Name: Язык оригинала, dtype: object)" type="Язык оригинала"></catref>
</textclass></profiledesc>
</teiheader>
<text>
<body>
<div1 n="4" type="volume">
<div2 n="143" type="part">
<head>143.
Ленинградским писателям, </head>
<p>Если теперь сразу собрать Исполбюро, я прошу ленинградцев потребовать </p>
<p> редакции «Литгазеты», которая </p>
<p> меня за 20 лет работы, за каторжный </p>
<p> труд переводчика, за </p>
<p> за попытку оздоровить преступно поставленное дело, — казнила пером </p>
<p> выбросила из жизни, из литературы, наказала варварским шемякиным судом.</p>
<p>Я требую —</p>
<p> «Литгазету» из рук захватчиков, которые прикрываются</p>
<p>ВАШИМИ</p>
<p>ИМЕНАМИ.</p>
<p>Федерация с ее комиссиями превращена в бюрократический застенок, где издеваются над честью писателя, над его трудом и над </p>
<p> — да, над советским делом, которое мне дорого.</p>
<p>Я призываю вас немедленно </p>
<p> объявить недоверие, резкое осуждение редакции «Литгазеты» и исполнительным органам Московской Федерации. После того, что со мной сделали, жить нельзя. Снимите с меня эту собачью медаль. Я требую следствия. Меня затравили как зверя. Слова здесь бессильны. Надо действовать. Нужен суд над <rs ref="Москва" type="geo_index"></rs><rs ref="Москва" type="geo_index"></rs></p>
<p> над теми, кто попустительствовал из трусости, из ложного самолюбия. К ответу их за палаческую работу, скрепленную ложью. Я жму руку вам всем.</p>
<p>Я жду.</p>
</div2>
</div1>
</body>
</text>
</tei>
