<?xml version='1.0' encoding='UTF8'?>
<tei xmlns="http://www.tei-c.org/ns/1.0">
<teiheader>
<filedesc>
<titlestmt>
<title>Письма. 148. Советским писателям, ‹начало 1930 г.›</title>
<author>О.Э. Мандельштам</author>
</titlestmt>
<publicationstmt>
<p>АРТ-БИЗНЕС-ЦЕНТР МОСКВА 1993</p>
<biblstruct>
<biblscope n="" type="volume"></biblscope>
<biblscope n="" type="part"></biblscope>
</biblstruct></publicationstmt>
<sourcedesc>
<p>Издание подготовлено Мандельштамовским обществом</p>
</sourcedesc>
<respstmt>
<resp>Подготовка и разметка файлов - Алексей Литвинцев, Вероника Файнберг. Создание
          электронного ресурса - Тимофей Молчанов. Руководители проекта - Центр Digital Humanities,
          Мандельштамовское общество (НИУ ВШЭ).</resp>
</respstmt></filedesc>
<profiledesc>
<textdesc n="letter"></textdesc>
<textclass>
<catref target="Series([], Name: ID, dtype: object)" type="ID"></catref>
<catref target="Series([], Name: Источник, dtype: object)" type="Источник"></catref>
<catref target="Series([], Name: Жанр художественной литературы, dtype: object)" type="Жанр художественной литературы"></catref>
<catref target="Series([], Name: Уточнение жанра 1, dtype: object)" type="Уточнение жанра"></catref>
<catref target="Series([], Name: Метр, dtype: object)" type="Метр"></catref>
<catref target="Series([], Name: Длина строки, dtype: object)" type="Длина строки"></catref>
<catref target="Series([], Name: Клаузула, dtype: object)" type="Клаузула"></catref>
<catref target="Series([], Name: Уточнение клаузулы 1, dtype: object)" type="Уточнение клаузулы"></catref>
<catref target="Series([], Name: Классическая строфа, dtype: object)" type="Классическая строфа"></catref>
<catref target="Series([], Name: Рифма, dtype: object)" type="Рифма"></catref>
<catref target="Series([], Name: Схема рифмовки, dtype: object)" type="Схема рифмовки"></catref>
<catref target="Series([], Name: Метрическая формула, dtype: object)" type="Метрическая формула"></catref>
<catref target="Series([], Name: Дополнительные параметры, dtype: object)" type="Дополнительные параметры"></catref>
<catref target="Series([], Name: Число строк, dtype: int64)" type="Число строк"></catref>
<catref target="Series([], Name: Автор оригинала, dtype: object)" type="Автор оригинала"></catref>
<catref target="Series([], Name: Язык оригинала, dtype: object)" type="Язык оригинала"></catref>
</textclass></profiledesc>
</teiheader>
<text>
<body>
<div1 n="4" type="volume">
<div2 n="148" type="part">
<head>148.
Советским писателям, </head>
<p>‹...› пройти мимо подобной гнусности. Неужели вы могли подумать, что я буду дальше разгуливать с этим пятном в вашей среде только потому, что зачинщики травли оставили меня в покое?</p>
<p>Если бы вы потрудились меня запросить, вы бы узнали о грязных махинациях издательства ЗИФ, о чиновниках-лжесвидетелях, исполнявших волю начальства, о том, как Федерация писателей, то есть вы сами, длительно и упорно подготовляла против меня уголовный процесс, покрывая негодяя Заславского, и получила пощечину от Губсуда и от Верховного Суда Республики; вы бы узнали о жалкой роли 15 писателей, тихонечко и «на всякий случай» отступившихся от этого чудовищного дела.<rs ref="Заславский, Давид Иосифович" type="person"></rs></p>
<p>Я удивляюсь, как вы терпели меня столько лет в своей среде. Очевидно, это было недоразумением. Я спрашиваю в упор: за кого вы меня принимали? Какая цена вашим рукопожатиям?</p>
<p>Теперь я с горечью оглядываюсь на весь свой жизненный путь. Собачий юбилей был мне наградой. Какой пример уважения к труду и к личности работника даете вы, писатели, нашей стране. Не в том беда, что вы надвое преломили мою жизнь, варварски разрушили мою работу, отравили мой воздух и мой хлеб, а в том, что вы умудрились этого не заметить.</p>
<p>Я договариваю за вас: я делаю то, что вы поленились или побоялись сделать. Больше вам не придется «защищать достоинство советской литературы от Мандельштама» (подлинное выражение из всесоюзной писательской грамоты, изготовленной в Доме Герцена) ‹...› </p>
</div2>
</div1>
</body>
</text>
</tei>
