<?xml version='1.0' encoding='UTF8'?>
<tei xmlns="http://www.tei-c.org/ns/1.0">
<teiheader>
<filedesc>
<titlestmt>
<title>Письма. 140. Н. Я. Мандельштам, ‹27 мая 1929 г.›</title>
<author>О.Э. Мандельштам</author>
</titlestmt>
<publicationstmt>
<p>АРТ-БИЗНЕС-ЦЕНТР МОСКВА 1993</p>
<biblstruct>
<biblscope n="" type="volume"></biblscope>
<biblscope n="" type="part"></biblscope>
</biblstruct></publicationstmt>
<sourcedesc>
<p>Издание подготовлено Мандельштамовским обществом</p>
</sourcedesc>
<respstmt>
<resp>Подготовка и разметка файлов - Алексей Литвинцев, Вероника Файнберг. Создание
          электронного ресурса - Тимофей Молчанов. Руководители проекта - Центр Digital Humanities,
          Мандельштамовское общество (НИУ ВШЭ).</resp>
</respstmt></filedesc>
<profiledesc>
<textdesc n="letter"></textdesc>
<textclass>
<catref target="Series([], Name: ID, dtype: object)" type="ID"></catref>
<catref target="Series([], Name: Источник, dtype: object)" type="Источник"></catref>
<catref target="Series([], Name: Жанр художественной литературы, dtype: object)" type="Жанр художественной литературы"></catref>
<catref target="Series([], Name: Уточнение жанра 1, dtype: object)" type="Уточнение жанра"></catref>
<catref target="Series([], Name: Метр, dtype: object)" type="Метр"></catref>
<catref target="Series([], Name: Длина строки, dtype: object)" type="Длина строки"></catref>
<catref target="Series([], Name: Клаузула, dtype: object)" type="Клаузула"></catref>
<catref target="Series([], Name: Уточнение клаузулы 1, dtype: object)" type="Уточнение клаузулы"></catref>
<catref target="Series([], Name: Классическая строфа, dtype: object)" type="Классическая строфа"></catref>
<catref target="Series([], Name: Рифма, dtype: object)" type="Рифма"></catref>
<catref target="Series([], Name: Схема рифмовки, dtype: object)" type="Схема рифмовки"></catref>
<catref target="Series([], Name: Метрическая формула, dtype: object)" type="Метрическая формула"></catref>
<catref target="Series([], Name: Дополнительные параметры, dtype: object)" type="Дополнительные параметры"></catref>
<catref target="Series([], Name: Число строк, dtype: int64)" type="Число строк"></catref>
<catref target="Series([], Name: Автор оригинала, dtype: object)" type="Автор оригинала"></catref>
<catref target="Series([], Name: Язык оригинала, dtype: object)" type="Язык оригинала"></catref>
</textclass></profiledesc>
</teiheader>
<text>
<body>
<div1 n="4" type="volume">
<div2 n="140" type="part">
<head>140.
Н. Я. МАНДЕЛЬШТАМ, </head>
<p>Передаю точно сегодняшние разговоры Зелинский двоеточие писатели не хотят разрыва Канатчиковым дальше постановления Исполбюро своих требованиях не пойдут Фадеев двоеточие Канатчиков оскорблен моим заявлением как председатель редактор газеты точка Фадееву он обещал не настаивать комиссии напечатать постановление после секретариата когда неизвестно точка словам Фадеева новое выступление писателей обострит положение Федерации точка вмешательство Комсомольской находит желательным точка выписка находится редактора Комсомольской который пожелал запросить товарищей Федерации порядке воздействия точка статья идет независимо всего очевидно среду точка выписку вернут телеграфирую завтра точно подробно информируй писателей воздержись всяких советов таком деле важна абсолютно свободная инициатива телеграфируй Страстной 6 Целую<rs ref="Москва" type="geo_index"></rs><rs ref="Зелинский, Корнелий Люцианович " type="person"></rs><rs ref="Канатчиков, Семен Иванович" type="person"></rs><rs ref="Фадеев, Александр Александрович" type="person"></rs><rs ref="Федин, Константин Александрович" type="person"></rs></p>
</div2>
</div1>
</body>
</text>
</tei>
