<?xml version='1.0' encoding='UTF8'?>
<tei xmlns="http://www.tei-c.org/ns/1.0">
<teiheader>
<filedesc>
<titlestmt>
<title>Письма. 155. Н. Я. Мандельштам, ‹14 марта 1930 г.›</title>
<author>О.Э. Мандельштам</author>
</titlestmt>
<publicationstmt>
<p>АРТ-БИЗНЕС-ЦЕНТР МОСКВА 1993</p>
<biblstruct>
<biblscope n="" type="volume"></biblscope>
<biblscope n="" type="part"></biblscope>
</biblstruct></publicationstmt>
<sourcedesc>
<p>Издание подготовлено Мандельштамовским обществом</p>
</sourcedesc>
<respstmt>
<resp>Подготовка и разметка файлов - Алексей Литвинцев, Вероника Файнберг. Создание
          электронного ресурса - Тимофей Молчанов. Руководители проекта - Центр Digital Humanities,
          Мандельштамовское общество (НИУ ВШЭ).</resp>
</respstmt></filedesc>
<profiledesc>
<textdesc n="letter"></textdesc>
<textclass>
<catref target="Series([], Name: ID, dtype: object)" type="ID"></catref>
<catref target="Series([], Name: Источник, dtype: object)" type="Источник"></catref>
<catref target="Series([], Name: Жанр художественной литературы, dtype: object)" type="Жанр художественной литературы"></catref>
<catref target="Series([], Name: Уточнение жанра 1, dtype: object)" type="Уточнение жанра"></catref>
<catref target="Series([], Name: Метр, dtype: object)" type="Метр"></catref>
<catref target="Series([], Name: Длина строки, dtype: object)" type="Длина строки"></catref>
<catref target="Series([], Name: Клаузула, dtype: object)" type="Клаузула"></catref>
<catref target="Series([], Name: Уточнение клаузулы 1, dtype: object)" type="Уточнение клаузулы"></catref>
<catref target="Series([], Name: Классическая строфа, dtype: object)" type="Классическая строфа"></catref>
<catref target="Series([], Name: Рифма, dtype: object)" type="Рифма"></catref>
<catref target="Series([], Name: Схема рифмовки, dtype: object)" type="Схема рифмовки"></catref>
<catref target="Series([], Name: Метрическая формула, dtype: object)" type="Метрическая формула"></catref>
<catref target="Series([], Name: Дополнительные параметры, dtype: object)" type="Дополнительные параметры"></catref>
<catref target="Series([], Name: Число строк, dtype: int64)" type="Число строк"></catref>
<catref target="Series([], Name: Автор оригинала, dtype: object)" type="Автор оригинала"></catref>
<catref target="Series([], Name: Язык оригинала, dtype: object)" type="Язык оригинала"></catref>
</textclass></profiledesc>
</teiheader>
<text>
<body>
<div1 n="4" type="volume">
<div2 n="155" type="part">
<head>155.
Н. Я. МАНДЕЛЬШТАМ, </head>
<p>Надик, я пошел в амбулаторию. Врач по внутренним нашел некоторое ослабление сердечной мышцы, — в сущности, сказал он, — «миокардит».</p>
<p>Некомпенсированных дефектов не нашел. Предписал санаторий — по соглаш‹ению› с невропатологом. Тут же направил к нервному врачу. Этот отнесся очень серьезно. Знает, кто я(?) «6 недель minimum спец‹иального› санатория» и направил к профессору-невропатологу для совещания с ним (после моего осмотра) о способах лечения. Завтра пойду к проф‹ессору›. «Потом, — сказал врач, — </p>
<p> для получения срочного санатория». Рассказал секр‹етарю› газеты. Он — «ничего — мы все сделаем». Я ни на что не жалуюсь. </p>
<p> не болит. Здоров. Честное слово, Надик — я здоров как всегда. Родная моя! Оставайся в Киеве! Там тебе лучше!<rs ref="Киев" type="geo_index"></rs></p>
<p>Может, родная, надо и вправду отдохнуть? </p>
<p>Родная моя! Оставайся в Киеве! Там тебе лучше!<rs ref="Киев" type="geo_index"></rs></p>
<p>Целую. </p>
</div2>
</div1>
</body>
</text>
</tei>
