<?xml version='1.0' encoding='UTF8'?>
<tei xmlns="http://www.tei-c.org/ns/1.0">
<teiheader>
<filedesc>
<titlestmt>
<title>Письма. 152. Н. Я. Мандельштам, 24 февраля 1930 г.</title>
<author>О.Э. Мандельштам</author>
</titlestmt>
<publicationstmt>
<p>АРТ-БИЗНЕС-ЦЕНТР МОСКВА 1993</p>
<biblstruct>
<biblscope n="" type="volume"></biblscope>
<biblscope n="" type="part"></biblscope>
</biblstruct></publicationstmt>
<sourcedesc>
<p>Издание подготовлено Мандельштамовским обществом</p>
</sourcedesc>
<respstmt>
<resp>Подготовка и разметка файлов - Алексей Литвинцев, Вероника Файнберг. Создание
          электронного ресурса - Тимофей Молчанов. Руководители проекта - Центр Digital Humanities,
          Мандельштамовское общество (НИУ ВШЭ).</resp>
</respstmt></filedesc>
<profiledesc>
<textdesc n="letter"></textdesc>
<textclass>
<catref target="Series([], Name: ID, dtype: object)" type="ID"></catref>
<catref target="Series([], Name: Источник, dtype: object)" type="Источник"></catref>
<catref target="Series([], Name: Жанр художественной литературы, dtype: object)" type="Жанр художественной литературы"></catref>
<catref target="Series([], Name: Уточнение жанра 1, dtype: object)" type="Уточнение жанра"></catref>
<catref target="Series([], Name: Метр, dtype: object)" type="Метр"></catref>
<catref target="Series([], Name: Длина строки, dtype: object)" type="Длина строки"></catref>
<catref target="Series([], Name: Клаузула, dtype: object)" type="Клаузула"></catref>
<catref target="Series([], Name: Уточнение клаузулы 1, dtype: object)" type="Уточнение клаузулы"></catref>
<catref target="Series([], Name: Классическая строфа, dtype: object)" type="Классическая строфа"></catref>
<catref target="Series([], Name: Рифма, dtype: object)" type="Рифма"></catref>
<catref target="Series([], Name: Схема рифмовки, dtype: object)" type="Схема рифмовки"></catref>
<catref target="Series([], Name: Метрическая формула, dtype: object)" type="Метрическая формула"></catref>
<catref target="Series([], Name: Дополнительные параметры, dtype: object)" type="Дополнительные параметры"></catref>
<catref target="Series([], Name: Число строк, dtype: int64)" type="Число строк"></catref>
<catref target="Series([], Name: Автор оригинала, dtype: object)" type="Автор оригинала"></catref>
<catref target="Series([], Name: Язык оригинала, dtype: object)" type="Язык оригинала"></catref>
</textclass></profiledesc>
</teiheader>
<text>
<body>
<div1 n="4" type="volume">
<div2 n="152" type="part">
<head>152.
Н. Я. МАНДЕЛЬШТАМ, </head>
<p>24/II/30</p>
<p>Родной мой птенец Надик маленький. Тяжко мне без тебя, но стыдно жаловаться. Ничего, родненькая. Вот главные новости. У моего Жени — процесса пока нет. Никаких злоупотреблений. Но травля и шельмование грандиозные. Пока — домашняя склока. Приехала из Москвы вторая комиссия — для углубленной ревизии. Вот, к примеру, обвинения: вводил в заблуждение правление о действительном положении вещей (ложь), маневрировал с отчетностью (ложь), подписался на заем в ½ размера оклада (правда) — и, наконец, «подтасовка кассы»: Григорьева и он взяли зарплату на 2 дня раньше срока. Пришла ревизия, и Григорьева по-мальчишески пыталась это скрыть, но он об этом заявил и взял на себя ответственность. Далее: подменял собой Бюро, зажимал сотрудников, ссорил Москву и Ленинград, недостаточно ревизовал агентуру (злоупотреблений нет — но говорят — <rs ref="Москва" type="geo_index"></rs><rs ref="Москва" type="geo_index"></rs><rs ref="Григорьева, Наталья Григорьевна" type="person"></rs></p>
<p>) — и это все. В заключении первой ревизии: «исключ‹ительная› бесхозяйств‹енность›», которая «неизбежно </p>
<p> была повлечь финанс‹овую› катастрофу». Исхода углубленной ревизии не знаю. На днях по телефону Наташа сказала — </p>
<p>, ничего агрессивного. Он </p>
<p> из Модпика. Без всяких средств. Хочет по врачебной линии, когда все выяснится. Пошел было в Совкино (его пригласили </p>
<p> начала травли — дружески — демонстративно) — но под чьим-то давлением сняли.</p>
<p>Таня уехала на работу по специальности в Ростов. Наташа работает (???) в Модпике (??) Это — характерно для склочной природы дела... Вся шайка писателей Женю предала, разбежалась... Слабо поддерживают лапповцы. Ячейка — дрожит за себя, пассивна...</p>
<p>Дед здоров. Я пока ничем ему не помог — буквально нечем. Комната пожирает всю зарплату. Как быть, Надик? как быт��?..</p>
<p>Ближайшая получка: 15 подотчетных — вычет (остаток старого) — 30 (долг и буфет) — Литфонд(?) — Что я сделаю с 90 рублями минус 60 за комнату (не считая недоплаты в 25 р., образовался «хвост»). Научи, Надик, посоветуй, как быть.</p>
<p>В газете положение улучшилось. Прилив «уважения». Начинают понимать, что дали мне маниловское задание невыполнимое. Хотят теперь, чтоб я учил и поднимал аппарат. Веду рабкор‹овский› кружок в «Веч‹ерней› Москве».<rs ref="Москва" type="geo_index"></rs><rs ref="Москва" type="geo_index"></rs></p>
<p>Дружу с рабочей молодежью. Как раз вчера после телегр‹аммы› отв‹етственный› секрет‹арь› наговорил мне комплиментов — они от меня ждут, чтоб я вклинивался в работу отделов и помогал им органически. Но товарищей в газете — нет. Бюрократизм и бездарность отчаянные. Сделал громадный монтаж о Кр‹асной› Армии (23 февр‹аля›). Это укрепило и очень сильно позиции. Показал, что </p>
<p>.</p>
<p>Юрасов уезжает 1-го. Твердо зовет с собой, т. е. вызвать с подъемными через месяц. Это абсолютно серьезно. Там большие возможности. Комс‹омолец› Востока в центре всей краевой полит‹ической› работы. Хлопок, Турксиб и т. д. Очень увлекательно. Но <rs ref="Москва" type="geo_index"></rs><rs ref="Юрасов" type="person"></rs></p>
<p> ли мы на это решиться? Тебе работа там тоже обеспечена. Помещение тоже. Но ведь мы не можем бросить стареньких! Ведь не можем, Надик? Научи же, как быть...</p>
<p>Теперь дело «Дрейфуса». <rs ref="Дрейфус, Альфред" type="person"></rs></p>
<p>Сразу по приезде — вызов на пленум комиссии. 4-х-часовый допрос, вернее, моя непрерывная речь. Был ужасно собой недоволен. Наутро: «Вы нам дали много ценных указаний, не волнуйтесь, не требуйте с себя невозможного. Мы это дело затягивать не собираемся». Дальше: дело разбито на сектора. Каждый следователь работает со мной отдельно. Был вызов по линии Фоспа. Допрос — 3 часа. След‹ователь› — женщина, старая партийка, редакт‹ор› «Мол‹одой› Гвардии». Тянула с меня формальные пункты обв‹инения›. Вытянула, как зубной врач, — 17 штук. Осталась недовольна. Велела сорганизовать себя дома и дослать почтой. Сделано. (У Березнера на комиссии прорвалось: «Имейте в виду, что фельетон был <rs ref="Березнер" type="person"></rs></p>
<p>».) Третьего дня 4-х-часовый допрос по Зифу. Метод: письменные ответы на месте — в строгих рамках вопроса. Терпенье — колоссальное. До чего я не умел до сих пор сказать главное! Любопытно: я не взял бумаг, послали меня домой, дождались (слетал на такси). Дважды списал твою копию протокола К‹онфликтной› К‹омиссии›. Важнейший документ. Третьего следователя отослали обратно: «очередь» — «вы нарасхват», — говорит Березнер.<rs ref="Березнер" type="person"></rs></p>
<p>Ну вот, моя родненькая, наиболее существенное. Нигде не бываю (зашел к Шифриным). Он говорил в Озете. <rs ref="Шифрин, Ниссон Абрамович" type="person"></rs></p>
<p> Но о чем? Хорошо бы в Сев‹ерный› Крым? Да, мой Надик? Зайду опять к Ниссону. Здесь Моргулис.<rs ref="Крым" type="geo_index"></rs><rs ref="Москва" type="geo_index"></rs><rs ref="Моргулис, Александр Осипович" type="person"></rs></p>
<p>Да, забыл: писателям не подаю руки: Асеев, Адуев, Лидин и т. д. Асеев <rs ref="Адуев, Николай Альфредович" type="person"></rs><rs ref="Асеев, Николай Николаевич" type="person"></rs><rs ref="Лидин, Владимир Германович" type="person"></rs></p>
<p>. Смутился. Долго расспрашивал: «Ну пока не подаем руки друг другу». Адуйка был неподражаем. Встретил Лившица у Жени — и повернулся спиной.<rs ref="Лившиц, Бенедикт Константинович" type="person"></rs></p>
<p>В Ленинграде ни с кем </p>
<p>. Письмо сейчас рассылать нельзя.</p>
<p>...Сейчас придет Шашкова (я пишу в редакции), и я тебе выправлю мандат на очерковые изыскания.<rs ref="Шашкова," type="person"></rs></p>
<p>Если хочешь поговорить со мной по телефону, телеграфируй (узнав переговорные часы), когда будешь на квартире у Иваницкого (у жены Длигача). Это всего удобнее.<rs ref="Москва" type="geo_index"></rs><rs ref="Длигач, Лев Миха" type="person"></rs><rs ref="Иваницкий" type="person"></rs></p>
<p>Не зайти ли мне в «Пионер» — поговорить о твоих делах?</p>
<p>Надик мой! Поскорее бы вместе быть. Подумай, как быть. Твой брат очень долго не сумеет вернуться в Киев. Ты это пойми. Надо принять решение. Иначе начнется развал: или мне отказаться от комнаты, а тебе надолго остаться в Киеве — или взять под Москвой 2 комнаты и тебе с мамой сюда приехать. Это надо сделать к 15 марту — не позже. Пиши мне, мой родненький. Целую твою маму. Господь вас храни.<rs ref="Киев" type="geo_index"></rs><rs ref="Москва" type="geo_index"></rs><rs ref="Москва" type="geo_index"></rs></p>
</div2>
</div1>
</body>
</text>
</tei>
