<?xml version='1.0' encoding='UTF8'?>
<tei xmlns="http://www.tei-c.org/ns/1.0">
<teiheader>
<filedesc>
<titlestmt>
<title>Письма. 167. Н. Я. Мандельштам,‹17—18 ноября 1931 г.›</title>
<author>О.Э. Мандельштам</author>
</titlestmt>
<publicationstmt>
<p>АРТ-БИЗНЕС-ЦЕНТР МОСКВА 1993</p>
<biblstruct>
<biblscope n="" type="volume"></biblscope>
<biblscope n="" type="part"></biblscope>
</biblstruct></publicationstmt>
<sourcedesc>
<p>Издание подготовлено Мандельштамовским обществом</p>
</sourcedesc>
<respstmt>
<resp>Подготовка и разметка файлов - Алексей Литвинцев, Вероника Файнберг. Создание
          электронного ресурса - Тимофей Молчанов. Руководители проекта - Центр Digital Humanities,
          Мандельштамовское общество (НИУ ВШЭ).</resp>
</respstmt></filedesc>
<profiledesc>
<textdesc n="letter"></textdesc>
<textclass>
<catref target="Series([], Name: ID, dtype: object)" type="ID"></catref>
<catref target="Series([], Name: Источник, dtype: object)" type="Источник"></catref>
<catref target="Series([], Name: Жанр художественной литературы, dtype: object)" type="Жанр художественной литературы"></catref>
<catref target="Series([], Name: Уточнение жанра 1, dtype: object)" type="Уточнение жанра"></catref>
<catref target="Series([], Name: Метр, dtype: object)" type="Метр"></catref>
<catref target="Series([], Name: Длина строки, dtype: object)" type="Длина строки"></catref>
<catref target="Series([], Name: Клаузула, dtype: object)" type="Клаузула"></catref>
<catref target="Series([], Name: Уточнение клаузулы 1, dtype: object)" type="Уточнение клаузулы"></catref>
<catref target="Series([], Name: Классическая строфа, dtype: object)" type="Классическая строфа"></catref>
<catref target="Series([], Name: Рифма, dtype: object)" type="Рифма"></catref>
<catref target="Series([], Name: Схема рифмовки, dtype: object)" type="Схема рифмовки"></catref>
<catref target="Series([], Name: Метрическая формула, dtype: object)" type="Метрическая формула"></catref>
<catref target="Series([], Name: Дополнительные параметры, dtype: object)" type="Дополнительные параметры"></catref>
<catref target="Series([], Name: Число строк, dtype: int64)" type="Число строк"></catref>
<catref target="Series([], Name: Автор оригинала, dtype: object)" type="Автор оригинала"></catref>
<catref target="Series([], Name: Язык оригинала, dtype: object)" type="Язык оригинала"></catref>
</textclass></profiledesc>
</teiheader>
<text>
<body>
<div1 n="4" type="volume">
<div2 n="167" type="part">
<head>167.
Н. Я. МАНДЕЛЬШТАМ, </head>
<p>Надинька, у меня небольшой грипп. Ничего не болит. Чувствую себя хорошо. tº=37,7. Решил денек полежать, чтобы скорей к тебе выбраться. Не вздумай, пожалуйста, обо мне беспокоиться.</p>
<p>Вчера заходил в бухгалт‹ерию› З.К.П. Деньги тебе приготовлены: в любой момент по бюллетеню можно получить. Д-р Рабинович больна, и придется без нее восстанавливать. О квартире тебе расскажет Евг‹ений› Як‹овлевич› (Колесникова не поймала еще Ляшкевича).<rs ref="Колесникова" type="person"></rs><rs ref="Ляшкевич, Дмитрий Ефимович" type="person"></rs><rs ref="Рабинович," type="person"></rs></p>
<p>Вчера, простившись с тобой, говорил с Делигенским. Он дал самый <rs ref="Делигенский," type="person"></rs><rs ref="Делигенский," type="person"></rs></p>
<p> о твоем состоянии.</p>
<p>Нануша родная моя, чем закончились сегодня исследования? Как температурка? Все все напиши. Не болит ли что? Не скучаешь ли?</p>
<p>Если верить вчерашней беседе, то через 3—4 дня тебя отсюда выпроваживают с аттестатом на утонченный организм. То, что я посылаю: сливки, компот — тебе позволено вчера Делиг‹енским›. Впрочем — переспроси сегодня.<rs ref="Делигенский," type="person"></rs></p>
<p>До скорой встречи, дружок мой.</p>
<p>Няня тебя целует.</p>
</div2>
</div1>
</body>
</text>
</tei>
