<?xml version='1.0' encoding='UTF8'?>
<tei xmlns="http://www.tei-c.org/ns/1.0">
<teiheader>
<filedesc>
<titlestmt>
<title>Письма. 169. И. М. Гронскому, ‹весна 1932 г.›</title>
<author>О.Э. Мандельштам</author>
</titlestmt>
<publicationstmt>
<p>АРТ-БИЗНЕС-ЦЕНТР МОСКВА 1993</p>
<biblstruct>
<biblscope n="" type="volume"></biblscope>
<biblscope n="" type="part"></biblscope>
</biblstruct></publicationstmt>
<sourcedesc>
<p>Издание подготовлено Мандельштамовским обществом</p>
</sourcedesc>
<respstmt>
<resp>Подготовка и разметка файлов - Алексей Литвинцев, Вероника Файнберг. Создание
          электронного ресурса - Тимофей Молчанов. Руководители проекта - Центр Digital Humanities,
          Мандельштамовское общество (НИУ ВШЭ).</resp>
</respstmt></filedesc>
<profiledesc>
<textdesc n="letter"></textdesc>
<textclass>
<catref target="Series([], Name: ID, dtype: object)" type="ID"></catref>
<catref target="Series([], Name: Источник, dtype: object)" type="Источник"></catref>
<catref target="Series([], Name: Жанр художественной литературы, dtype: object)" type="Жанр художественной литературы"></catref>
<catref target="Series([], Name: Уточнение жанра 1, dtype: object)" type="Уточнение жанра"></catref>
<catref target="Series([], Name: Метр, dtype: object)" type="Метр"></catref>
<catref target="Series([], Name: Длина строки, dtype: object)" type="Длина строки"></catref>
<catref target="Series([], Name: Клаузула, dtype: object)" type="Клаузула"></catref>
<catref target="Series([], Name: Уточнение клаузулы 1, dtype: object)" type="Уточнение клаузулы"></catref>
<catref target="Series([], Name: Классическая строфа, dtype: object)" type="Классическая строфа"></catref>
<catref target="Series([], Name: Рифма, dtype: object)" type="Рифма"></catref>
<catref target="Series([], Name: Схема рифмовки, dtype: object)" type="Схема рифмовки"></catref>
<catref target="Series([], Name: Метрическая формула, dtype: object)" type="Метрическая формула"></catref>
<catref target="Series([], Name: Дополнительные параметры, dtype: object)" type="Дополнительные параметры"></catref>
<catref target="Series([], Name: Число строк, dtype: int64)" type="Число строк"></catref>
<catref target="Series([], Name: Автор оригинала, dtype: object)" type="Автор оригинала"></catref>
<catref target="Series([], Name: Язык оригинала, dtype: object)" type="Язык оригинала"></catref>
</textclass></profiledesc>
</teiheader>
<text>
<body>
<div1 n="4" type="volume">
<div2 n="169" type="part">
<head>169.
И. М. ГРОНСКОМУ, </head>
<p>В течение последних лет литературные организации оказывают упорное сопротивление моему жилищному устройству.</p>
<p>1) С января 31-го года по январь 32-го, то есть в течение года, бездомного человека, не имеющего нигде никакой площади, держали на улице. За это время раздали сотни квартир и комнат, улучшая жилищные условия других писателей.</p>
<p>2) Несмотря на тяжелую болезнь жены, принимавшую в то время угрожающий для жизни оборот, в январе 31-го года отменили решение жилищной комиссии горкома писателей о предоставлении мне даже одной комнаты.</p>
<p>3) Когда это решение под давлением извне было восстановлено, упорно саботировали въезд в дом, так что физическое вселение удалось осуществить лишь благодаря энергичному вмешательству председателя горкома — т. Ляшкевича.<rs ref="Ляшкевич, Дмитрий Ефимович" type="person"></rs></p>
<p>4) Помещение мне отвели в сыром, негодном для жилья флигеле без кухни, питьевой кран в гниющей уборной, на стенах плесень, дощатые перегородки, ледяной пол и т. д.</p>
<p>5) Назначенной мне в этом флигеле комнаты я сразу не получил, а был временно вселен в каморку в 10 метров, где и провел всю зиму. Когда назначенная мне комната освободилась, она была по чьей-то инициативе опечатана, к ней приставили караул из дворника, и мне объявили, что я эту комнату не получу. Лишь благодаря вмешательству авторитетных организаций мне удалось переменить первоначальную каморку на соседнюю с ней, несколько более сухую и просторную комнату.</p>
<p>6) В ответ на мои многократные заявления, что жизнь кучей в одной комнате исключает всякую возможность работать, я был, наконец, на этих днях приглашен на заседание жилищно-хозяйственной тройки в составе Россовского, Павленко и Уткина, причем эта комиссия в моем присутствии вынесла постановление предоставить мне вторую сосе��нюю комнату в 10 метров. Однако это постановление было сейчас же вслед за этим взято обратно со ссылкой на «объективные причины»‹...›<rs ref="Павленко, Петр Андреевич" type="person"></rs><rs ref="Россовский, Михаил Андреевич" type="person"></rs><rs ref="Уткин, Иосиф Павлович" type="person"></rs></p>
</div2>
</div1>
</body>
</text>
</tei>
