<?xml version='1.0' encoding='UTF8'?>
<tei xmlns="http://www.tei-c.org/ns/1.0">
<teiheader>
<filedesc>
<titlestmt>
<title>Письма. 177. Э. В. Мандельштаму, ‹десятые числа апреля 1933 г.›</title>
<author>О.Э. Мандельштам</author>
</titlestmt>
<publicationstmt>
<p>АРТ-БИЗНЕС-ЦЕНТР МОСКВА 1993</p>
<biblstruct>
<biblscope n="" type="volume"></biblscope>
<biblscope n="" type="part"></biblscope>
</biblstruct></publicationstmt>
<sourcedesc>
<p>Издание подготовлено Мандельштамовским обществом</p>
</sourcedesc>
<respstmt>
<resp>Подготовка и разметка файлов - Алексей Литвинцев, Вероника Файнберг. Создание
          электронного ресурса - Тимофей Молчанов. Руководители проекта - Центр Digital Humanities,
          Мандельштамовское общество (НИУ ВШЭ).</resp>
</respstmt></filedesc>
<profiledesc>
<textdesc n="letter"></textdesc>
<textclass>
<catref target="Series([], Name: ID, dtype: object)" type="ID"></catref>
<catref target="Series([], Name: Источник, dtype: object)" type="Источник"></catref>
<catref target="Series([], Name: Жанр художественной литературы, dtype: object)" type="Жанр художественной литературы"></catref>
<catref target="Series([], Name: Уточнение жанра 1, dtype: object)" type="Уточнение жанра"></catref>
<catref target="Series([], Name: Метр, dtype: object)" type="Метр"></catref>
<catref target="Series([], Name: Длина строки, dtype: object)" type="Длина строки"></catref>
<catref target="Series([], Name: Клаузула, dtype: object)" type="Клаузула"></catref>
<catref target="Series([], Name: Уточнение клаузулы 1, dtype: object)" type="Уточнение клаузулы"></catref>
<catref target="Series([], Name: Классическая строфа, dtype: object)" type="Классическая строфа"></catref>
<catref target="Series([], Name: Рифма, dtype: object)" type="Рифма"></catref>
<catref target="Series([], Name: Схема рифмовки, dtype: object)" type="Схема рифмовки"></catref>
<catref target="Series([], Name: Метрическая формула, dtype: object)" type="Метрическая формула"></catref>
<catref target="Series([], Name: Дополнительные параметры, dtype: object)" type="Дополнительные параметры"></catref>
<catref target="Series([], Name: Число строк, dtype: int64)" type="Число строк"></catref>
<catref target="Series([], Name: Автор оригинала, dtype: object)" type="Автор оригинала"></catref>
<catref target="Series([], Name: Язык оригинала, dtype: object)" type="Язык оригинала"></catref>
</textclass></profiledesc>
</teiheader>
<text>
<body>
<div1 n="4" type="volume">
<div2 n="177" type="part">
<head>177.
Э. В. МАНДЕЛЬШТАМУ, </head>
<p>Груздев пишет, что ты слишком рано встал и простудился. Прошу тебя и умоляю: береги себя, не выходи в переходную весеннюю погоду. Уж как-нибудь проскучай две недели в комнате, а потом выходи только на прогулку и не придумывай себе никаких дел. Следующий платеж по моим векселям на твое имя состоится в начале мая. 350 р., переданные тебе Груздевым, опоздали на целых 13 дней. Нужно учесть, что и следующие деньги могут на несколько дней опоздать. А потому не вкладывай свои средства ни в какие предприятия, кроме своего личного питания и своих других нужд. Хотя ты окружен домашними врачами и мне смешно давать тебе медицинские советы, но, насколько я слышал, тебе полезна молочная диета и вредно мясо. Ты должен иметь каждый день 1 — 2 кружки молока (литр), молочную кашу, немножко творогу или сметаны и каждую шестидневку покупать для себя 1 ф‹унт› масла. Утром хорошо было бы регулярно 2 яйца, коммерческого сахару по 15 р. сейчас сколько угодно в магазинах. На это должно уходить в день 10 — 12 р. и они должны уходить именно на это. Хоть раз в жизни научись тратить на себя так же твердо, как это делается для детей. Эти 12 рублей в день я тебе гарантирую до самого переезда к нам в Москву в квартиру — но не могу же я специально поселиться у вас для того, чтобы присматривать за твоим режимом. Я уверен, что Таня и Женя сумеют это сделать лучше, чем я. Мы с Шурой решительно возражаем против весеннего дома отдыха для тебя. На эту тему я подробно писал Жене. Летом ты поживешь на писательской<rs ref="Москва" type="geo_index"></rs><rs ref="Москва" type="geo_index"></rs><rs ref="Груздев, Илья Александрович" type="person"></rs></p>
<p>даче в Голицыно и не один, но при тебе все время будет кто-нибудь из нас в течение месяца. Наша квартира почти готова. Дом выстроен. Заканчивается внутренняя отделка. Въезд назначается примерно 1 июня. Это прелестная миниатюрная солнечная квартирка из двух комнат на 5 этаже с газовой плитой и с ванной. Мы дадим тебе максимальные удобства. Надя уступит тебе свою комнату. Избавившись от надоедливых посетителей, которые лезут ко мне на Тверской бульвар, — я смогу уделять тебе гораздо больше времени, чем прошлым летом. Лишь бы ты восстановил свои силы к тому времени: ты слишком избалован своим здоровьем. У тебя замечательно сильный организм, редчайшее в наше время здоровье — здоровье Льва Толстого, но в твоем возрасте нельзя злоупотреблять такими дарами природы. Ты должен научиться бояться за свое здоровье и сознательно себя беречь.<rs ref="Голицыно" type="geo_index"></rs><rs ref="Москва" type="geo_index"></rs><rs ref="Москва" type="geo_index"></rs><rs ref="Москва" type="geo_index"></rs><rs ref="Толстой, Лев Николаевич" type="person"></rs></p>
<p>Теперь о нас самих. Сегодня мы уезжаем на несколько недель — до переезда в квартиру, — в городок Старый Крым около Феодосии — в гости к нашим друзьям, у которых там дом, но, разумеется, на свое хозяйство (все, даже хлеб, везем с собой из Москвы). Для нас это последняя возможность отдыха. Через 6 недель по ряду причин это будет уже невозможно, и очень надолго. Для меня эта поездка имеет также рабочий смысл: запасы кончились и бездельничать надоело. Мне предстоит большой рабочий год. Пожинать лавры скучно и не всегда выгодно.<rs ref="Москва" type="geo_index"></rs><rs ref="Старый Крым" type="geo_index"></rs><rs ref="Феодосия" type="geo_index"></rs><rs ref="Москва" type="geo_index"></rs><rs ref="Москва" type="geo_index"></rs></p>
<p>Дорогой мой папочка, покажи это письмо Жене и Тане, скажи им, </p>
<p>. Из Крыма я думаю проехать <rs ref="Москва" type="geo_index"></rs></p>
<p>. Адр‹ес›: Феодосия, Старый Крым, ул. Либкнехта, 40, Нине Николаевне Грин, для Мандельштамов.<rs ref="Старый Крым" type="geo_index"></rs><rs ref="Феодосия" type="geo_index"></rs><rs ref="Москва" type="geo_index"></rs><rs ref="Григорьева, Татьяна Григорьевна" type="person"></rs><rs ref="Грин, Нина Николаевна," type="person"></rs><rs ref="Мандельштам, Александр Эмильевич" type="person"></rs></p>
<p>Обещаю писать хоть по нескольку слов, но через день. Прошу отвечать тем же.</p>
</div2>
</div1>
</body>
</text>
</tei>
