<?xml version='1.0' encoding='UTF8'?>
<tei xmlns="http://www.tei-c.org/ns/1.0">
<teiheader>
<filedesc>
<titlestmt>
<title>Письма. 172. Э. В. Мандельштаму, ‹конец декабря 1932 г.›</title>
<author>О.Э. Мандельштам</author>
</titlestmt>
<publicationstmt>
<p>АРТ-БИЗНЕС-ЦЕНТР МОСКВА 1993</p>
<biblstruct>
<biblscope n="" type="volume"></biblscope>
<biblscope n="" type="part"></biblscope>
</biblstruct></publicationstmt>
<sourcedesc>
<p>Издание подготовлено Мандельштамовским обществом</p>
</sourcedesc>
<respstmt>
<resp>Подготовка и разметка файлов - Алексей Литвинцев, Вероника Файнберг. Создание
          электронного ресурса - Тимофей Молчанов. Руководители проекта - Центр Digital Humanities,
          Мандельштамовское общество (НИУ ВШЭ).</resp>
</respstmt></filedesc>
<profiledesc>
<textdesc n="letter"></textdesc>
<textclass>
<catref target="Series([], Name: ID, dtype: object)" type="ID"></catref>
<catref target="Series([], Name: Источник, dtype: object)" type="Источник"></catref>
<catref target="Series([], Name: Жанр художественной литературы, dtype: object)" type="Жанр художественной литературы"></catref>
<catref target="Series([], Name: Уточнение жанра 1, dtype: object)" type="Уточнение жанра"></catref>
<catref target="Series([], Name: Метр, dtype: object)" type="Метр"></catref>
<catref target="Series([], Name: Длина строки, dtype: object)" type="Длина строки"></catref>
<catref target="Series([], Name: Клаузула, dtype: object)" type="Клаузула"></catref>
<catref target="Series([], Name: Уточнение клаузулы 1, dtype: object)" type="Уточнение клаузулы"></catref>
<catref target="Series([], Name: Классическая строфа, dtype: object)" type="Классическая строфа"></catref>
<catref target="Series([], Name: Рифма, dtype: object)" type="Рифма"></catref>
<catref target="Series([], Name: Схема рифмовки, dtype: object)" type="Схема рифмовки"></catref>
<catref target="Series([], Name: Метрическая формула, dtype: object)" type="Метрическая формула"></catref>
<catref target="Series([], Name: Дополнительные параметры, dtype: object)" type="Дополнительные параметры"></catref>
<catref target="Series([], Name: Число строк, dtype: int64)" type="Число строк"></catref>
<catref target="Series([], Name: Автор оригинала, dtype: object)" type="Автор оригинала"></catref>
<catref target="Series([], Name: Язык оригинала, dtype: object)" type="Язык оригинала"></catref>
</textclass></profiledesc>
</teiheader>
<text>
<body>
<div1 n="4" type="volume">
<div2 n="172" type="part">
<head>172.
Э. В. МАНДЕЛЬШТАМУ, </head>
<p>Прежде всего спасибо за твое замечательное письмо или послание, которое мне дал Шура. Не так давно жил я в Узком с поэтом Сельвинским и говорю ему: получил от отца замечательное письмо, в котором он призывает меня к социалистической перестройке, — и в нем есть места большой силы. А Сельвинский отвечает: если когда-нибудь это будет напечатано, то обратится в слишком сильное оружие<rs ref="Узкое" type="geo_index"></rs><rs ref="Сельвинский, Илья (Карл) Львович" type="person"></rs></p>
<p>против вас самих. Я все более убеждаюсь, что между нами очень много общего именно в интеллектуальном отношении, чего я не понимал, когда был мальчишкой. Это доходит до смешного: я, например, копаюсь сейчас в естественных науках — в биологии, в теории жизни, т. е. повторяю в известном смысле этапы развития своего отца. Кто бы мог это подумать?</p>
<p>Это письмо я пишу на подмосковной станции Переделкино, из дома отдыха Огиза, где осенью жил Шура. До этого мы месяц провели в Узком и лишь неделю между тем и другим домом на Тверском бульваре. Нам бы не хотелось возвращаться в Дом Герцена. Сейчас мы книжки сложили в сундук и пустили жить у себя Клычкова. Кирпичную полку Надиной постройки разобрали, о чем я очень жалею.<rs ref="Переделкино" type="geo_index"></rs><rs ref="Узкое" type="geo_index"></rs><rs ref="Москва" type="geo_index"></rs><rs ref="Москва" type="geo_index"></rs><rs ref="Москва" type="geo_index"></rs><rs ref="Клычков (Лешенков), Сергей Антонович" type="person"></rs></p>
<p>Постройка нового дома неожиданно остановилась. Снаружи все готово: кирпичные стены, окна, а внутри провал: ни потолков, ни перегородок, — ничего. Теперь говорят, что въедем в апреле, в мае. Нам отвели квартиру не в надстройке, а в совершенно новом лучшем здании, но на пятом этаже. Общая площадь — 48 метров — 2 комнаты (33 метра), кухня, ванна и т. д. При этом из нас выжали еще одну дополнительную тысячу, которую пришлось внести из гонор��ров ГИХЛа.</p>
<p>9 января кончается наш срок в Переделкине. Сильно пошатнувшееся было в Москве Надино здоровье: резкая худоба, температура, слабость — сейчас восстановилось. Она прибавила 15 ф‹унтов› веса, тяготеет к лыжам и конькам. Все это далось нам нелегко — с неизбежной помощью сверху — иначе не получили бы ничего, ни Узкого, ни Переделкина. Каждый шаг мой по-прежнему затруднен, и искусственная изоляция продолжается. В декабре я имел два публичных выступления, которые организация вынуждена была мне дать, чтобы прекратить нежелательные толки. Эти выступления тщательно оберегались от наплыва широкой публики, но прошли с блеском и силой, которых не предвидели устроители. Результат — обо всем этом ни слова в печати. Все отчеты сняты, стенограммы спрятаны, и лишь несколько вещей напечатаны в Литгазете, без всяких комментариев. Вот уже полгода, как я продал мои книги в ГИХЛ, получаю за них деньги, но к печатному станку не подвигается. Да еще непосредственно после моей читки ко мне обратился некий импресарио, монопольно устраивающий литературные вечера, с предложением моего вечера в Политехническом музее и повторением в Ленинграде. Этот субъект должен был зайти на следующий день, но смылся, и<rs ref="Москва" type="geo_index"></rs><rs ref="Переделкино" type="geo_index"></rs><rs ref="Узкое" type="geo_index"></rs><rs ref="Москва" type="geo_index"></rs></p>
<p>больше о нем ни слуху ни духу. Тем не менее я твердо решил приехать в Ленинград в январе с Надей. Чтобы всех вас повидать и вообще, т‹ак› ск‹азать›, на побывку на родину, без всяких деловых видов. Должен тебе сказать, что все это время мы довольно серьезно помогали Шуре. О более широких планах, если мне позволено их иметь, я расскажу тебе лично, когда приеду. Вот что еще — нельзя ли нам снять на месяц комнату в Ленинграде, по возможности в центре? Очень прошу узнать и поискать, если можно. Деньги вышлю телеграфом, как только комната найдется (получаю в начале января). Из этой же получки вышлю тебе.</p>
<p>Целую дорогого папу и всех родных.</p>
<p>Как Татя и Юрка? Напишите.</p>
</div2>
</div1>
</body>
</text>
</tei>
