<?xml version='1.0' encoding='UTF8'?>
<tei xmlns="http://www.tei-c.org/ns/1.0">
<teiheader>
<filedesc>
<titlestmt>
<title>Письма. 178. Э. В. Мандельштаму, ‹около 20 мая 1933 г.›</title>
<author>О.Э. Мандельштам</author>
</titlestmt>
<publicationstmt>
<p>АРТ-БИЗНЕС-ЦЕНТР МОСКВА 1993</p>
<biblstruct>
<biblscope n="" type="volume"></biblscope>
<biblscope n="" type="part"></biblscope>
</biblstruct></publicationstmt>
<sourcedesc>
<p>Издание подготовлено Мандельштамовским обществом</p>
</sourcedesc>
<respstmt>
<resp>Подготовка и разметка файлов - Алексей Литвинцев, Вероника Файнберг. Создание
          электронного ресурса - Тимофей Молчанов. Руководители проекта - Центр Digital Humanities,
          Мандельштамовское общество (НИУ ВШЭ).</resp>
</respstmt></filedesc>
<profiledesc>
<textdesc n="letter"></textdesc>
<textclass>
<catref target="Series([], Name: ID, dtype: object)" type="ID"></catref>
<catref target="Series([], Name: Источник, dtype: object)" type="Источник"></catref>
<catref target="Series([], Name: Жанр художественной литературы, dtype: object)" type="Жанр художественной литературы"></catref>
<catref target="Series([], Name: Уточнение жанра 1, dtype: object)" type="Уточнение жанра"></catref>
<catref target="Series([], Name: Метр, dtype: object)" type="Метр"></catref>
<catref target="Series([], Name: Длина строки, dtype: object)" type="Длина строки"></catref>
<catref target="Series([], Name: Клаузула, dtype: object)" type="Клаузула"></catref>
<catref target="Series([], Name: Уточнение клаузулы 1, dtype: object)" type="Уточнение клаузулы"></catref>
<catref target="Series([], Name: Классическая строфа, dtype: object)" type="Классическая строфа"></catref>
<catref target="Series([], Name: Рифма, dtype: object)" type="Рифма"></catref>
<catref target="Series([], Name: Схема рифмовки, dtype: object)" type="Схема рифмовки"></catref>
<catref target="Series([], Name: Метрическая формула, dtype: object)" type="Метрическая формула"></catref>
<catref target="Series([], Name: Дополнительные параметры, dtype: object)" type="Дополнительные параметры"></catref>
<catref target="Series([], Name: Число строк, dtype: int64)" type="Число строк"></catref>
<catref target="Series([], Name: Автор оригинала, dtype: object)" type="Автор оригинала"></catref>
<catref target="Series([], Name: Язык оригинала, dtype: object)" type="Язык оригинала"></catref>
</textclass></profiledesc>
</teiheader>
<text>
<body>
<div1 n="4" type="volume">
<div2 n="178" type="part">
<head>178.
Э. В. МАНДЕЛЬШТАМУ, </head>
<p>Дорогой папочка! Получил телеграмму от Шуры, что ты хочешь приехать в Москву. Очень встревожен этим. Квартира, как сейчас говорят, будет готова в июле. Мы возвращаемся 17 июня в Москву на Тверской бульвар. В деньгах летом мы будем очень и очень стеснены. Дом отдыха тебе я устрою по приезде — лично и в кредит. Но мне кажется, что<rs ref="Москва" type="geo_index"></rs><rs ref="Москва" type="geo_index"></rs><rs ref="Москва" type="geo_index"></rs><rs ref="Москва" type="geo_index"></rs><rs ref="Москва" type="geo_index"></rs></p>
<p>первое время ты сам предпочтешь пожить с нами на квартире. Следующий месяц я смогу тебе предоставить не больше 150 р. Поэтому прошу тебя тратить только на еду для себя и больше ни на что. Все необходимые для тебя вещи, кроме этих 150 р., я возьму для тебя в Москве, в нашем распределителе. Ни в коем случае не покупай ничего из одежды. Если ты приедешь, скажем, к концу мая в Москву, а мы вернемся 17 июня, — то мы очутимся с тобой втроем в одной комнате, а это значит, что я не смогу работать, а от этого зависит наше общее благополучие. Требуй от Шуры точных сведений, когда будет готова квартира. Ведь ему ближе узнать, чем мне. Если ты раздумаешь сейчас ехать в Москву, попроси <rs ref="Москва" type="geo_index"></rs><rs ref="Москва" type="geo_index"></rs></p>
<p> (ее телефон в телефонной книжке; она живет против Казанского собора и зовут ее Лидия Моисеевна), чтобы она пошла с тобой вместе к </p>
<p> в Ленгорком Писателей с прилагаемыми бумагами. Такие же точно бумаги я на всякий случай посылаю в Москву, чтобы ты получил обеды. Во всяком случае — ни в коем случае не приезжай в Москву, пока Шура тебя не вызовет телеграммой и не сообщит, что обеды устроены.<rs ref="Москва" type="geo_index"></rs><rs ref="Москва" type="geo_index"></rs></p>
</div2>
</div1>
</body>
</text>
</tei>
