<?xml version='1.0' encoding='UTF8'?>
<tei xmlns="http://www.tei-c.org/ns/1.0">
<teiheader>
<filedesc>
<titlestmt>
<title>Письма. 174. Е. Э. Мандельштаму и Т. Г. Григорьевой, ‹середина апреля 1933 г.›</title>
<author>О.Э. Мандельштам</author>
</titlestmt>
<publicationstmt>
<p>АРТ-БИЗНЕС-ЦЕНТР МОСКВА 1993</p>
<biblstruct>
<biblscope n="" type="volume"></biblscope>
<biblscope n="" type="part"></biblscope>
</biblstruct></publicationstmt>
<sourcedesc>
<p>Издание подготовлено Мандельштамовским обществом</p>
</sourcedesc>
<respstmt>
<resp>Подготовка и разметка файлов - Алексей Литвинцев, Вероника Файнберг. Создание
          электронного ресурса - Тимофей Молчанов. Руководители проекта - Центр Digital Humanities,
          Мандельштамовское общество (НИУ ВШЭ).</resp>
</respstmt></filedesc>
<profiledesc>
<textdesc n="letter"></textdesc>
<textclass>
<catref target="Series([], Name: ID, dtype: object)" type="ID"></catref>
<catref target="Series([], Name: Источник, dtype: object)" type="Источник"></catref>
<catref target="Series([], Name: Жанр художественной литературы, dtype: object)" type="Жанр художественной литературы"></catref>
<catref target="Series([], Name: Уточнение жанра 1, dtype: object)" type="Уточнение жанра"></catref>
<catref target="Series([], Name: Метр, dtype: object)" type="Метр"></catref>
<catref target="Series([], Name: Длина строки, dtype: object)" type="Длина строки"></catref>
<catref target="Series([], Name: Клаузула, dtype: object)" type="Клаузула"></catref>
<catref target="Series([], Name: Уточнение клаузулы 1, dtype: object)" type="Уточнение клаузулы"></catref>
<catref target="Series([], Name: Классическая строфа, dtype: object)" type="Классическая строфа"></catref>
<catref target="Series([], Name: Рифма, dtype: object)" type="Рифма"></catref>
<catref target="Series([], Name: Схема рифмовки, dtype: object)" type="Схема рифмовки"></catref>
<catref target="Series([], Name: Метрическая формула, dtype: object)" type="Метрическая формула"></catref>
<catref target="Series([], Name: Дополнительные параметры, dtype: object)" type="Дополнительные параметры"></catref>
<catref target="Series([], Name: Число строк, dtype: int64)" type="Число строк"></catref>
<catref target="Series([], Name: Автор оригинала, dtype: object)" type="Автор оригинала"></catref>
<catref target="Series([], Name: Язык оригинала, dtype: object)" type="Язык оригинала"></catref>
</textclass></profiledesc>
</teiheader>
<text>
<body>
<div1 n="4" type="volume">
<div2 n="174" type="part">
<head>174.
Е. Э. МАНДЕЛЬШТАМУ И Т. Г. ГРИГОРЬЕВОЙ,</head>
<p>Устроить в дом отдыха за несколько дней — даже в самый плохой — немыслимо. Женя как врач должен это понимать. К тому же непосредственно мне доступные писательские дома поставлены так небрежно и плохо, что о них в данном случае не может быть и речи. Мы с Надей дожидались Узкого ровно три месяца и попали в него благодаря исключительному стечению обстоятельств, причем Оргкомитет фактически отказался помочь. Скорее поможет Ленинградский Оргкомитет в Петергофе. Поговори от моего имени со Свириным и телеграфируй, если это подходит. Я приму все меры для устройства папы в более подходящий дом, в чем мне обещал помочь здешний Горком. Для этого им нужно медицинское удостоверение (хотя бы частное) и точное указание, чего мы хотим. Сильно сомневаюсь в успехе этих хлопот, потому что все сведется к одному из массовых домов Наркомздрава, которые по всему своему укладу для папы не подходят.<rs ref="Петергоф (Петродворец)" type="geo_index"></rs><rs ref="Узкое" type="geo_index"></rs><rs ref="Свирин, Николай Григорьевич" type="person"></rs></p>
<p>Какой же мой реальный план? Если не удастся Гизовский дом Переделкино, который очень хорош и подходящ, — то все-таки Голицыно, и вот почему. Дом на 20 человек, 1½ часа от Москвы. Близко от станции. Там крошечные комнатки и нет никаких общих помещений, где можно<rs ref="Голицыно" type="geo_index"></rs><rs ref="Москва" type="geo_index"></rs><rs ref="Переделкино" type="geo_index"></rs><rs ref="Москва" type="geo_index"></rs><rs ref="Москва" type="geo_index"></rs></p>
<p>сидеть. Керосиновые лампы, холодная уборная, отвратительный и скудный беспорядочный стол. Почему же все-таки Голицыно? Во-первых, потому что оно маленькое и в нем домашняя обстановка, тихо сравнительно. Во-вторых, — летом недостатки компенсируются солнцем, воздухом. Но в Голицыне одному отцу жить нельзя, придется с ним поехать или жить с ним по очереди. А все питание наладить там на свои средства: молоко, яйца, масло, крупы, варить каши и т. д. (там это можно). Все это имеет смысл только <rs ref="Голицыно" type="geo_index"></rs></p>
<p> Кроме того, с 1-го июня по самую позднюю осень я беру отца к себе на квартиру. Прошу вас, дорогие мои, поухаживать за отцом еще 6 недель. Как вам ни тяжело, но вы сможете это сделать, т. е. деньги я даю и буду впредь давать. Поберегите его, как ребенка. Главное, чтобы все деньги, какие я могу дать, шли только на него, несмотря на разруху и т. д. Давайте думать только о нем. Мне кажется, что 10 р. в день обеспечат его молочной диетой, сахаром и т. д. Только чтобы он сам не ходил на базар и не хозяйничал. </p>
<p> Не заставляйте его бродяжничать, </p>
<p> (ведь </p>
<p> же!)</p>
<p>Сейчас же отвечайте. Пишите, </p>
<p> и т. д.</p>
<p>У нас все благополучно.</p>
<p>Детей целую.</p>
<p>Наташе привет!</p>
</div2>
</div1>
</body>
</text>
</tei>
