<?xml version='1.0' encoding='UTF8'?>
<tei xmlns="http://www.tei-c.org/ns/1.0">
<teiheader>
<filedesc>
<titlestmt>
<title>Письма. 173. М. С. Шагинян, 5 апреля 1933 г.</title>
<author>О.Э. Мандельштам</author>
</titlestmt>
<publicationstmt>
<p>АРТ-БИЗНЕС-ЦЕНТР МОСКВА 1993</p>
<biblstruct>
<biblscope n="" type="volume"></biblscope>
<biblscope n="" type="part"></biblscope>
</biblstruct></publicationstmt>
<sourcedesc>
<p>Издание подготовлено Мандельштамовским обществом</p>
</sourcedesc>
<respstmt>
<resp>Подготовка и разметка файлов - Алексей Литвинцев, Вероника Файнберг. Создание
          электронного ресурса - Тимофей Молчанов. Руководители проекта - Центр Digital Humanities,
          Мандельштамовское общество (НИУ ВШЭ).</resp>
</respstmt></filedesc>
<profiledesc>
<textdesc n="letter"></textdesc>
<textclass>
<catref target="Series([], Name: ID, dtype: object)" type="ID"></catref>
<catref target="Series([], Name: Источник, dtype: object)" type="Источник"></catref>
<catref target="Series([], Name: Жанр художественной литературы, dtype: object)" type="Жанр художественной литературы"></catref>
<catref target="Series([], Name: Уточнение жанра 1, dtype: object)" type="Уточнение жанра"></catref>
<catref target="Series([], Name: Метр, dtype: object)" type="Метр"></catref>
<catref target="Series([], Name: Длина строки, dtype: object)" type="Длина строки"></catref>
<catref target="Series([], Name: Клаузула, dtype: object)" type="Клаузула"></catref>
<catref target="Series([], Name: Уточнение клаузулы 1, dtype: object)" type="Уточнение клаузулы"></catref>
<catref target="Series([], Name: Классическая строфа, dtype: object)" type="Классическая строфа"></catref>
<catref target="Series([], Name: Рифма, dtype: object)" type="Рифма"></catref>
<catref target="Series([], Name: Схема рифмовки, dtype: object)" type="Схема рифмовки"></catref>
<catref target="Series([], Name: Метрическая формула, dtype: object)" type="Метрическая формула"></catref>
<catref target="Series([], Name: Дополнительные параметры, dtype: object)" type="Дополнительные параметры"></catref>
<catref target="Series([], Name: Число строк, dtype: int64)" type="Число строк"></catref>
<catref target="Series([], Name: Автор оригинала, dtype: object)" type="Автор оригинала"></catref>
<catref target="Series([], Name: Язык оригинала, dtype: object)" type="Язык оригинала"></catref>
</textclass></profiledesc>
</teiheader>
<text>
<body>
<div1 n="4" type="volume">
<div2 n="173" type="part">
<head>173.
М. С. ШАГИНЯН, </head>
<p>Эта вещь, которую я вам посылаю и хочу, чтобы вы прочли, еще не напечатана (будет в «Звезде» и в Ленингр‹адском› изд‹ательстве›); но случилось так, что эта вещь — эта рукопись — уже работает и дышит, как живой человек, отвечает, как живая за живых, и вместе с ними борется. Помните, в Эривани я брал у вас томик Гете, и читали статейку в ЗКП, где я поклонился и от вас и от себя «живой» природе? Тематика наших беглых встреч с вами и даже через Якова Самсоновича, который умеет и любит слушать, для вас — всегда была защитой действительности от мертвых ее определителей. Вы всегда бранили меня за то, что я не слышу музыки материализма, или диалектики, или все равно как называется.<rs ref="Гете, Иоганн Вольфганг" type="person"></rs><rs ref="Ленин (Ульянов), Владимир Ильич" type="person"></rs></p>
<p>Эти же разговоры продолжаются в моем «Путешествии». Материальный мир — действительность — не есть нечто данное, но рождается вместе с нами. Для того чтобы данность стала действительностью, нужно ее в буквальном смысле слова воскресить. Это-то и есть наука, это-то и есть искусство.</p>
<p>Дружба с героем моей полуповести — она-то и помогла мне эту воскрешающую работу проделать. Самое личное из наших качеств помогло мне сделать такой прыжок в объективность, который мне даже не снился. Кто я? Мнимый враг действительности, мнимый отщепенец. Можно дуть на молоко, но дуть на бытие немножко смешновато. Но для того чтобы действовать, нужно бытие густое и тяжелое, как хорошие сливки, — бытие Аристотеля и Ламарка, бытие Гегеля, бытие Ленина.<rs ref="Аристотель" type="person"></rs><rs ref="Гегель, Георг Вильгельм Фридрих" type="person"></rs><rs ref="Ламарк, Жан Батист" type="person"></rs><rs ref="Ленин (Ульянов), Владимир Ильич" type="person"></rs></p>
<p>Каково же бывает, когда человек, враждующий с постылым меловым молоком полуреальности, объявляется врагом действительности как таковой? Так случилось с моим другом — Борисом Сергевичем Кузиным — московским зоологом и ревнителем биологии. Личностью его пропитана и моя новенькая проза, и весь последний период моей работы. Ему и только ему я обязан тем, что внес в литературу период т‹ак› н‹азываемого› «зрелого Мандельштама».<rs ref="Кузин, Борис Сергеевич" type="person"></rs><rs ref="Мандельштам, Александр Эмильевич" type="person"></rs></p>
<p>Из прилагаемой рукописи — лучше, чем из разговора со мной, вы поймете, почему этот человек неизбежно должен был лишиться внешней свободы, как и то, почему эта свобода неизбежно должна быть ему возвращена. Замечу в скобках, как скучное и само собой разумеющееся, что каждый шаг жизни Бориса Сергеевича мне известен, что круг его деятельности и интересов только по домашним признакам и научной специфике разн‹и›тся от моего. У меня всегда было о нем дурное предчувствие, но там, где другой сказал бы о нем «плохо кончил», я хочу сказать — как бы внешне ни обернулось для него — он сейчас начинает и начинает хорошо. У меня отняли моего собеседника, мое второе «я», человека, которого я мог и имел время убеждать, что в революции есть и ‹энтелехия›, и виталистическое буйство, и роскошь живой природы.</p>
<p>Я переставил шахматы с литературного поля на биологическое, чтобы игра шла честнее. Он меня по-настоящему будоражил, революционизировал, я с ним учился понимать, какую уйму живой природы, воскресшей материи поглотили все великие воинствующие системы науки, поэзии, музыки. Мы раздирали идеалистические системы на тончайшие материальные волоконца и вместе смеялись над наивными, грубо-идеалистическими пузырями вульгарного материализма. Большинство наших писателей думают, что идеология — это дрожжи, которые завернуты в пакетик и без которых никак нельзя. Им бы хоть сотую долю Энгельсовой бурности и познавательной страсти молодого марксизма. У нас между наукой и поэзией пошлейшее<rs ref="Энгельс, Фридрих" type="person"></rs></p>
<p>разделение труда. (Хороша была смычка у Леонова в «Скутаревском».) Полное отсутствие взаимного интереса и любострастия, какие-то спецы, ведущие переписку из этажа в этаж.<rs ref="Леонов, Леонид Максимович" type="person"></rs></p>
<p>Мариетта Сергеевна! Я хочу, чтобы вы верили, что я не враждебен к рукам, которые держат Бориса Сергеевича, потому что эти руки делают и жестокое и живое дело.</p>
<p>Но Борис-то Сергеевич не спец, и поэтому-то сама внешняя свобода, если наша власть сочтет возможным ему ее вернуть, — окажется лишь крошечным придатком к той огромной внутренней свободе, которую уже дала ему наша эпоха и наша страна.</p>
<p>Простите, что писано не моей рукой: не умею; диктовал жене.</p>
</div2>
</div1>
</body>
</text>
</tei>
