<?xml version='1.0' encoding='UTF8'?>
<tei xmlns="http://www.tei-c.org/ns/1.0">
<teiheader>
<filedesc>
<titlestmt>
<title>Письма. 186. Н. Я. Мандельштам, ‹25—26 мая 1935 г.›</title>
<author>О.Э. Мандельштам</author>
</titlestmt>
<publicationstmt>
<p>АРТ-БИЗНЕС-ЦЕНТР МОСКВА 1993</p>
<biblstruct>
<biblscope n="" type="volume"></biblscope>
<biblscope n="" type="part"></biblscope>
</biblstruct></publicationstmt>
<sourcedesc>
<p>Издание подготовлено Мандельштамовским обществом</p>
</sourcedesc>
<respstmt>
<resp>Подготовка и разметка файлов - Алексей Литвинцев, Вероника Файнберг. Создание
          электронного ресурса - Тимофей Молчанов. Руководители проекта - Центр Digital Humanities,
          Мандельштамовское общество (НИУ ВШЭ).</resp>
</respstmt></filedesc>
<profiledesc>
<textdesc n="letter"></textdesc>
<textclass>
<catref target="Series([], Name: ID, dtype: object)" type="ID"></catref>
<catref target="Series([], Name: Источник, dtype: object)" type="Источник"></catref>
<catref target="Series([], Name: Жанр художественной литературы, dtype: object)" type="Жанр художественной литературы"></catref>
<catref target="Series([], Name: Уточнение жанра 1, dtype: object)" type="Уточнение жанра"></catref>
<catref target="Series([], Name: Метр, dtype: object)" type="Метр"></catref>
<catref target="Series([], Name: Длина строки, dtype: object)" type="Длина строки"></catref>
<catref target="Series([], Name: Клаузула, dtype: object)" type="Клаузула"></catref>
<catref target="Series([], Name: Уточнение клаузулы 1, dtype: object)" type="Уточнение клаузулы"></catref>
<catref target="Series([], Name: Классическая строфа, dtype: object)" type="Классическая строфа"></catref>
<catref target="Series([], Name: Рифма, dtype: object)" type="Рифма"></catref>
<catref target="Series([], Name: Схема рифмовки, dtype: object)" type="Схема рифмовки"></catref>
<catref target="Series([], Name: Метрическая формула, dtype: object)" type="Метрическая формула"></catref>
<catref target="Series([], Name: Дополнительные параметры, dtype: object)" type="Дополнительные параметры"></catref>
<catref target="Series([], Name: Число строк, dtype: int64)" type="Число строк"></catref>
<catref target="Series([], Name: Автор оригинала, dtype: object)" type="Автор оригинала"></catref>
<catref target="Series([], Name: Язык оригинала, dtype: object)" type="Язык оригинала"></catref>
</textclass></profiledesc>
</teiheader>
<text>
<body>
<div1 n="4" type="volume">
<div2 n="186" type="part">
<head>186.
Н. Я. МАНДЕЛЬШТАМ, </head>
<p>Только что говорил с тобой. 8½  вечера. Вот тебе 4 чистовика вещей, сделанных без тебя. Как это грустно. «Стрижка детей» вчера. Нынче купался. Клопы завелись. И третьего дня в ванну ходил. Вот. Все у меня складно. Вчера по телефону взывал к Стоичеву. Все не знаю, брать ли службу. Неудобно бросать. И занят сочинением. И мало дадут. Ай радио запущено! Помоги. Дай материалы: <rs ref="Стоичев (Стойчев), Стефан Николаевич," type="person"></rs></p>
<p> (Молодость Гете).<rs ref="Гете, Иоганн Вольфганг" type="person"></rs></p>
<p>Сейчас иду в кино. Но совершенно жеребенок.</p>
<p>Надик, поиздевайся над Ахматовой по телефону. Так еще не ехал никто. Или: митрополит — он же и еврей, боящийся <rs ref="Ахматова (Горенко), Анна Андреевна" type="person"></rs></p>
<p>.</p>
<p>Целую тебя, родная.</p>
<p>Надик! Я уже очень, очень скучаю. Так хочу, чтоб приехала — не сказать.</p>
</div2>
</div1>
</body>
</text>
</tei>
