<?xml version='1.0' encoding='UTF8'?>
<tei xmlns="http://www.tei-c.org/ns/1.0">
<teiheader>
<filedesc>
<titlestmt>
<title>Письма. 180. Э. В. Мандельштаму, ‹середина ноября 1933 г.›</title>
<author>О.Э. Мандельштам</author>
</titlestmt>
<publicationstmt>
<p>АРТ-БИЗНЕС-ЦЕНТР МОСКВА 1993</p>
<biblstruct>
<biblscope n="" type="volume"></biblscope>
<biblscope n="" type="part"></biblscope>
</biblstruct></publicationstmt>
<sourcedesc>
<p>Издание подготовлено Мандельштамовским обществом</p>
</sourcedesc>
<respstmt>
<resp>Подготовка и разметка файлов - Алексей Литвинцев, Вероника Файнберг. Создание
          электронного ресурса - Тимофей Молчанов. Руководители проекта - Центр Digital Humanities,
          Мандельштамовское общество (НИУ ВШЭ).</resp>
</respstmt></filedesc>
<profiledesc>
<textdesc n="letter"></textdesc>
<textclass>
<catref target="Series([], Name: ID, dtype: object)" type="ID"></catref>
<catref target="Series([], Name: Источник, dtype: object)" type="Источник"></catref>
<catref target="Series([], Name: Жанр художественной литературы, dtype: object)" type="Жанр художественной литературы"></catref>
<catref target="Series([], Name: Уточнение жанра 1, dtype: object)" type="Уточнение жанра"></catref>
<catref target="Series([], Name: Метр, dtype: object)" type="Метр"></catref>
<catref target="Series([], Name: Длина строки, dtype: object)" type="Длина строки"></catref>
<catref target="Series([], Name: Клаузула, dtype: object)" type="Клаузула"></catref>
<catref target="Series([], Name: Уточнение клаузулы 1, dtype: object)" type="Уточнение клаузулы"></catref>
<catref target="Series([], Name: Классическая строфа, dtype: object)" type="Классическая строфа"></catref>
<catref target="Series([], Name: Рифма, dtype: object)" type="Рифма"></catref>
<catref target="Series([], Name: Схема рифмовки, dtype: object)" type="Схема рифмовки"></catref>
<catref target="Series([], Name: Метрическая формула, dtype: object)" type="Метрическая формула"></catref>
<catref target="Series([], Name: Дополнительные параметры, dtype: object)" type="Дополнительные параметры"></catref>
<catref target="Series([], Name: Число строк, dtype: int64)" type="Число строк"></catref>
<catref target="Series([], Name: Автор оригинала, dtype: object)" type="Автор оригинала"></catref>
<catref target="Series([], Name: Язык оригинала, dtype: object)" type="Язык оригинала"></catref>
</textclass></profiledesc>
</teiheader>
<text>
<body>
<div1 n="4" type="volume">
<div2 n="180" type="part">
<head>180.
Э. В. МАНДЕЛЬШТАМУ, </head>
<p>В начале декабря мы переезжаем на свою квартиру в две комнаты. Приглашаем тебя надолго в гости, а если понравится, то и навсегда. Худо, что Надя опять хворает. Женя тебе расскажет. Приехала из Киева Вера Яковлевна, будет жить с нами, ухаживать за дочкой. Живем последние дни ничего... Спасает паек. Наде предписан покой, режим, работать ей нельзя, а работала она не щадя сил, и<rs ref="Киев" type="geo_index"></rs></p>
<p>надорвалась. Сейчас у меня одна мысль: помочь ей — всем, чем сумею.</p>
<p>Собирался я в Ленинград — да теперь из-за Нади уже не поеду. А тебя ждем крепко. Прости за молчание. Кошки скребут на сердце, как подумаю, что ты ждешь от меня хоть слова, болеешь и ничего не получаешь. Вот заставлю себя хоть по открытке через день тебе писать, переломаю свою натуру... Сам я здоров, тряхнул стариной, начал снова писать... Дал себе большую передышку от суеты и возни (спасибо Наде). Сейчас — долг мой снова взяться за житейский труд — для тебя и для Нади.</p>
<p>Милый деда! Жду с нетерпением нашей встречи, квартира — я думаю, уже реальность, — и мы возобновим старую детскосельскую жизнь. Целую вас, милый деда.</p>
</div2>
</div1>
</body>
</text>
</tei>
