<?xml version='1.0' encoding='UTF8'?>
<tei xmlns="http://www.tei-c.org/ns/1.0">
<teiheader>
<filedesc>
<titlestmt>
<title>Письма. 181. В. Д. Бонч-Бруевичу, 21 марта 1934 г.</title>
<author>О.Э. Мандельштам</author>
</titlestmt>
<publicationstmt>
<p>АРТ-БИЗНЕС-ЦЕНТР МОСКВА 1993</p>
<biblstruct>
<biblscope n="" type="volume"></biblscope>
<biblscope n="" type="part"></biblscope>
</biblstruct></publicationstmt>
<sourcedesc>
<p>Издание подготовлено Мандельштамовским обществом</p>
</sourcedesc>
<respstmt>
<resp>Подготовка и разметка файлов - Алексей Литвинцев, Вероника Файнберг. Создание
          электронного ресурса - Тимофей Молчанов. Руководители проекта - Центр Digital Humanities,
          Мандельштамовское общество (НИУ ВШЭ).</resp>
</respstmt></filedesc>
<profiledesc>
<textdesc n="letter"></textdesc>
<textclass>
<catref target="Series([], Name: ID, dtype: object)" type="ID"></catref>
<catref target="Series([], Name: Источник, dtype: object)" type="Источник"></catref>
<catref target="Series([], Name: Жанр художественной литературы, dtype: object)" type="Жанр художественной литературы"></catref>
<catref target="Series([], Name: Уточнение жанра 1, dtype: object)" type="Уточнение жанра"></catref>
<catref target="Series([], Name: Метр, dtype: object)" type="Метр"></catref>
<catref target="Series([], Name: Длина строки, dtype: object)" type="Длина строки"></catref>
<catref target="Series([], Name: Клаузула, dtype: object)" type="Клаузула"></catref>
<catref target="Series([], Name: Уточнение клаузулы 1, dtype: object)" type="Уточнение клаузулы"></catref>
<catref target="Series([], Name: Классическая строфа, dtype: object)" type="Классическая строфа"></catref>
<catref target="Series([], Name: Рифма, dtype: object)" type="Рифма"></catref>
<catref target="Series([], Name: Схема рифмовки, dtype: object)" type="Схема рифмовки"></catref>
<catref target="Series([], Name: Метрическая формула, dtype: object)" type="Метрическая формула"></catref>
<catref target="Series([], Name: Дополнительные параметры, dtype: object)" type="Дополнительные параметры"></catref>
<catref target="Series([], Name: Число строк, dtype: int64)" type="Число строк"></catref>
<catref target="Series([], Name: Автор оригинала, dtype: object)" type="Автор оригинала"></catref>
<catref target="Series([], Name: Язык оригинала, dtype: object)" type="Язык оригинала"></catref>
</textclass></profiledesc>
</teiheader>
<text>
<body>
<div1 n="4" type="volume">
<div2 n="181" type="part">
<head>181.
В. Д. БОНЧ-БРУЕВИЧУ, </head>
<p>Поскольку наш телефонный разговор вышел из обычных деловых границ, я считаю необходимым заявить, что в этом были повинны исключительно вы. Назначать за мои рукописи любую цену — ваше право. Мое дело — согласиться или отказаться. Между тем вы почему-то сочли нужным сообщить мне развернутую мотивировку вашего неуважения к моим трудам. Таким образом покупку писательского архива вы превратили в карикатуру на посмертную оценку. Безо всякого повода с моей стороны вы заговорили со мной так, как если бы я принес на утильпункт никому не нужное барахло, скупаемое с неизвестной целью. Все это прозвучало тем более дико, что Литературный музей обнаружил в данном случае самую простую и наивную неосведомленность.</p>
<p>Мне как писателю, конечно, неприятно, что ошибки, подобные этой, могут подорвать авторитет Литературного музея Наркомпроса, но ваш способ заставлять выслушивать вами же приглашенное лицо совершенно ненужные ему домыслы и откровенности — вызывает во мне справедливое негодование.</p>
</div2>
</div1>
</body>
</text>
</tei>
