<?xml version='1.0' encoding='UTF8'?>
<tei xmlns="http://www.tei-c.org/ns/1.0">
<teiheader>
<filedesc>
<titlestmt>
<title>Письма. 191. Э. В. Мандельштаму, ‹середина июля 1935 г.›</title>
<author>О.Э. Мандельштам</author>
</titlestmt>
<publicationstmt>
<p>АРТ-БИЗНЕС-ЦЕНТР МОСКВА 1993</p>
<biblstruct>
<biblscope n="" type="volume"></biblscope>
<biblscope n="" type="part"></biblscope>
</biblstruct></publicationstmt>
<sourcedesc>
<p>Издание подготовлено Мандельштамовским обществом</p>
</sourcedesc>
<respstmt>
<resp>Подготовка и разметка файлов - Алексей Литвинцев, Вероника Файнберг. Создание
          электронного ресурса - Тимофей Молчанов. Руководители проекта - Центр Digital Humanities,
          Мандельштамовское общество (НИУ ВШЭ).</resp>
</respstmt></filedesc>
<profiledesc>
<textdesc n="letter"></textdesc>
<textclass>
<catref target="Series([], Name: ID, dtype: object)" type="ID"></catref>
<catref target="Series([], Name: Источник, dtype: object)" type="Источник"></catref>
<catref target="Series([], Name: Жанр художественной литературы, dtype: object)" type="Жанр художественной литературы"></catref>
<catref target="Series([], Name: Уточнение жанра 1, dtype: object)" type="Уточнение жанра"></catref>
<catref target="Series([], Name: Метр, dtype: object)" type="Метр"></catref>
<catref target="Series([], Name: Длина строки, dtype: object)" type="Длина строки"></catref>
<catref target="Series([], Name: Клаузула, dtype: object)" type="Клаузула"></catref>
<catref target="Series([], Name: Уточнение клаузулы 1, dtype: object)" type="Уточнение клаузулы"></catref>
<catref target="Series([], Name: Классическая строфа, dtype: object)" type="Классическая строфа"></catref>
<catref target="Series([], Name: Рифма, dtype: object)" type="Рифма"></catref>
<catref target="Series([], Name: Схема рифмовки, dtype: object)" type="Схема рифмовки"></catref>
<catref target="Series([], Name: Метрическая формула, dtype: object)" type="Метрическая формула"></catref>
<catref target="Series([], Name: Дополнительные параметры, dtype: object)" type="Дополнительные параметры"></catref>
<catref target="Series([], Name: Число строк, dtype: int64)" type="Число строк"></catref>
<catref target="Series([], Name: Автор оригинала, dtype: object)" type="Автор оригинала"></catref>
<catref target="Series([], Name: Язык оригинала, dtype: object)" type="Язык оригинала"></catref>
</textclass></profiledesc>
</teiheader>
<text>
<body>
<div1 n="4" type="volume">
<div2 n="191" type="part">
<head>191.
Э. В. МАНДЕЛЬШТАМУ, </head>
<p>Скучаю по тебе. Хочу как можно скорей тебя видеть. Ты не смотри, что я не пишу: думаю о тебе каждый день. Хочешь верь — хочешь нет... Да что толку от такого беспутного сына? Лучше не думай об отце да пиши ему...</p>
<p> Надя тогда в Москву собирается. Комната у меня большая, хорошая. Вообще тебе понравится мой воронежский образ жизни.<rs ref="Москва" type="geo_index"></rs><rs ref="Москва" type="geo_index"></rs></p>
<p>Все очень ладно — и быт, и содержание жизни. Я занимаюсь литературной консультацией. Веду работу с здешней молодежью. Участвую в разных совещаниях, вижу много людей и стараюсь им помочь.</p>
<p>На днях вместе с группой делегатов и редактором областной газеты я ездил за 12 часов в совхоз на открытие деревенского театра.</p>
<p>Предстоит еще поездка в большой колхоз и знакомство с одним из воронежских заводов.</p>
<p>Никаких лишений нет и в помине. Мы ходим обедать в отличную столовую газеты «Коммуна». Надя делает перевод для Москвы, а я готовлюсь писать прозу на новом материале.<rs ref="Москва" type="geo_index"></rs><rs ref="Москва" type="geo_index"></rs></p>
<p>Впервые за много лет я не чувствую себя отщепенцем, </p>
<p> и мне по-настоящему хорошо.</p>
<p>Надя сейчас не хворает, но очень худа. Ей нужен глубокий отдых, а она много работает. Необходимо ее разгрузить — у меня же заработок пока всего 300 р. </p>
<p>Временем располагаю свободно. Пользуюсь им пока </p>
<p>. Еще не организовался. Хочу массу вещей видеть и теоретически работать, учиться... Совсем как и ты... Мы с тобой молодые, нам бы в Вуз поступить.</p>
<p>Пиши. Целуй детей, Таню, Наташу, Мар‹ию› Ник‹олаевну›.</p>
<p>Скоро начну посылать тебе деньги. Как только расширю работу.</p>
<p>Милый деда! Приезжайте к Осе в январе. Мы с Вами увидимся, когда вы будете проезжать через Москву. Я буду радоваться, что вы с Осей. Целую вас, милый деда. Жде�� вас,<rs ref="Москва" type="geo_index"></rs><rs ref="Москва" type="geo_index"></rs></p>
<p>По дороге поживете в Москве — повидаетесь со мной и с младшими сыновьями. Что у вас?<rs ref="Москва" type="geo_index"></rs><rs ref="Москва" type="geo_index"></rs></p>
<p>Как Таня, Юрка? Привет всем.</p>
<p>Поцелуйте от меня Марью Николаевну. И детей. И Таню с Наташей.</p>
</div2>
</div1>
</body>
</text>
</tei>
