<?xml version='1.0' encoding='UTF8'?>
<tei xmlns="http://www.tei-c.org/ns/1.0">
<teiheader>
<filedesc>
<titlestmt>
<title>Письма. 196. Н. Я. Мандельштам, [26 декабря 1935 г.]</title>
<author>О.Э. Мандельштам</author>
</titlestmt>
<publicationstmt>
<p>АРТ-БИЗНЕС-ЦЕНТР МОСКВА 1993</p>
<biblstruct>
<biblscope n="" type="volume"></biblscope>
<biblscope n="" type="part"></biblscope>
</biblstruct></publicationstmt>
<sourcedesc>
<p>Издание подготовлено Мандельштамовским обществом</p>
</sourcedesc>
<respstmt>
<resp>Подготовка и разметка файлов - Алексей Литвинцев, Вероника Файнберг. Создание
          электронного ресурса - Тимофей Молчанов. Руководители проекта - Центр Digital Humanities,
          Мандельштамовское общество (НИУ ВШЭ).</resp>
</respstmt></filedesc>
<profiledesc>
<textdesc n="letter"></textdesc>
<textclass>
<catref target="Series([], Name: ID, dtype: object)" type="ID"></catref>
<catref target="Series([], Name: Источник, dtype: object)" type="Источник"></catref>
<catref target="Series([], Name: Жанр художественной литературы, dtype: object)" type="Жанр художественной литературы"></catref>
<catref target="Series([], Name: Уточнение жанра 1, dtype: object)" type="Уточнение жанра"></catref>
<catref target="Series([], Name: Метр, dtype: object)" type="Метр"></catref>
<catref target="Series([], Name: Длина строки, dtype: object)" type="Длина строки"></catref>
<catref target="Series([], Name: Клаузула, dtype: object)" type="Клаузула"></catref>
<catref target="Series([], Name: Уточнение клаузулы 1, dtype: object)" type="Уточнение клаузулы"></catref>
<catref target="Series([], Name: Классическая строфа, dtype: object)" type="Классическая строфа"></catref>
<catref target="Series([], Name: Рифма, dtype: object)" type="Рифма"></catref>
<catref target="Series([], Name: Схема рифмовки, dtype: object)" type="Схема рифмовки"></catref>
<catref target="Series([], Name: Метрическая формула, dtype: object)" type="Метрическая формула"></catref>
<catref target="Series([], Name: Дополнительные параметры, dtype: object)" type="Дополнительные параметры"></catref>
<catref target="Series([], Name: Число строк, dtype: int64)" type="Число строк"></catref>
<catref target="Series([], Name: Автор оригинала, dtype: object)" type="Автор оригинала"></catref>
<catref target="Series([], Name: Язык оригинала, dtype: object)" type="Язык оригинала"></catref>
</textclass></profiledesc>
</teiheader>
<text>
<body>
<div1 n="4" type="volume">
<div2 n="196" type="part">
<head>196.
Н. Я. МАНДЕЛЬШТАМ, </head>
<p>Родная Надинька! Прости за грубый отвратительный разговор по телефону. Я чего-то требовал от тебя. Петушился. Вот причина: одно мне важно — когда тебя увижу. Ты сразу говори: надеюсь приехать тогда-то. Если этого не слышу, то сам не свой становлюсь.</p>
<p>Надюша, никого ни о чем не проси. </p>
<p> Но постарайся узнать, как отвечает Союз, т. е. Ц.К. партии, на мои стихи, на письмо. Для этого достаточно разговора с Щербаковым. <rs ref="Щербаков, Александр Сергеевич" type="person"></rs></p>
<p>Больше ничего не надо. Я не хочу, чтобы ты сделалась искательницей работы. Не морочит ли тебя Детгиз? Куда девалось предложение Эфроса? В крайнем случае встретимся в Воронеже к 20-му январю. За Воронеж мы ведь спокойны. А жаль! Здесь вдвоем — зимний рай, красота неописанная. Слушай, как я сюда ехал: ты на вокзал, я — в театр. Сказал дельную «режиссерскую речь». Актеры ко мне начали тяготеть. Режиссеры всерьез у меня спрашивали. 2 — 3 дня держался на посту. Потом расклеился. Произошел обычный старинный «столбняк» на улице. Меня подхватил заслуженный комик и доставил в театр. Вольф при мне звонит Генкину: «У нас работает такой-то; его здоровье внушает <rs ref="Волга" type="geo_index"></rs><rs ref="Вольф, Сергей Оскарович" type="person"></rs><rs ref="Вольф, Сергей Оскарович" type="person"></rs><rs ref="Генкин, Максим Исаевич" type="person"></rs><rs ref="Эфрос, Абрам Маркович" type="person"></rs></p>
<p> серьезные опасения... мы должны и т. д.» Это Вольф-то... Дальше я бродил тенью, но вполне благополучно. Дал консультацию в Радиоком‹итете›. Получил 100 р. у Горячева, а 50 — прибавил Вольф. За полчаса до поезда ко мне приехала машина с заместителем директора и управляющим. Машину они взяли в Н.К.В.Д., и шофер был военный. Усадили в вагон. Несли чемодан. Трогательная забота. В вагоне было скверно, т. е. гадко. Без плацкарт. Проводник взял в свое купе. В Мичуринске телеграмма тебе и сразу переса��ка. Тамбов в 2 часа ночи. Трескучий мороз. Сказочно спокойный, с виду губернский город. Меня везут куда-то бесконечно на дровнях (это здесь извозчики) — и привозят в палаццо, напоминающее особняк Кшесинской, увеличенный в 10 раз и охраняемый стариком с ружьем и в тулупе. По мраморным лестницам ведут в подвал и сажают в теплую (холодноватую) ванну. Тут же нянюшка забирает белье в стирку, поят чаем и укладывают в огромном кабинете. Здесь живут бригадиры и трактористы, испортившие сердце, 2-3 летчика, учителя. В общем — неплохо. Ежедневно сосновая ванна и 2 вида электризации через день: «франклин» и<rs ref="Волга" type="geo_index"></rs><rs ref="Мичуринск" type="geo_index"></rs><rs ref="Тамбов" type="geo_index"></rs><rs ref="Вольф, Сергей Оскарович" type="person"></rs><rs ref="Вольф, Сергей Оскарович" type="person"></rs><rs ref="Горячев, Николай Михайлович" type="person"></rs><rs ref="Кшесинская, Матильда Феликсовна" type="person"></rs></p>
<p>электр‹изация› позвоночника. Директор позволяет мне привередничать (с помещением). Пока — вдвоем в пустой палате на 10 чел‹овек›. Это счастье временное. Комплекты — ужасны. 5 чел‹овек› — это привилегия (без вентиляции, но с зеркальными окнами). (В моей палате окно растворяется.) Наутро я снял в двух шагах, полминуты ходу, чудесную комнату — с коровой, диваном, чехлами, граммофонной трубой и кактусами. Живем на высоком берегу реки Цны. Она широка или кажется широкой, как Волга. Переходит в чернильные синие леса. Мягкость и гармония русской зимы доставляют глубокое наслажденье. Очень настоящие места. До центра — 10 м. автобусиком. Каланчи, одичавшие монастыри, толстые женщины с усами.<rs ref="Волга" type="geo_index"></rs><rs ref="Волга" type="geo_index"></rs><rs ref="Вольф, Сергей Оскарович" type="person"></rs></p>
<p>У меня было письмо от Горячева к директору музтехникума Реентовичу. Сегодня после завтрака поехал в город. Два старика (скрипка и рояль) сыграли мне ужасную сонату местного композитора, назначенную к исполнению в Воронеже. Они плакали. Жаловались. Реентович — заслуж‹енный› артист. Явился и Сметанин — живой композитор области. Знает меня. Сговорились на вечер. Сейчас еду к ним. Письмо пишу из <rs ref="Горячев, Николай Михайлович" type="person"></rs><rs ref="Реентович, Марк Наумович" type="person"></rs><rs ref="Сметанин, Григорий Александрович" type="person"></rs></p>
<p>, куда еще не переехал.</p>
<p>Надик, скучаю по тебе безумно. Сделай какую-нибудь глупость и приезжай ко мне. Надик, я так тебя люблю, что нельзя сказать. У меня нет твоей карточки. Где ты, родная? Скорей ко мне. Ау, детка?</p>
<p>Надик, люблю тебя. Отвечай.</p>
<p>Скажи, можно ли тебе звонить утром в </p>
<p>Адр‹ес›: Тамбов, Набережная, 9, Нервный санаторий. Тел‹ефон›: 1-55.<rs ref="Тамбов" type="geo_index"></rs></p>
</div2>
</div1>
</body>
</text>
</tei>
