<?xml version='1.0' encoding='UTF8'?>
<tei xmlns="http://www.tei-c.org/ns/1.0">
<teiheader>
<filedesc>
<titlestmt>
<title>Письма. 195. С. Б. Рудакову, 17 декабря 1935 г.</title>
<author>О.Э. Мандельштам</author>
</titlestmt>
<publicationstmt>
<p>АРТ-БИЗНЕС-ЦЕНТР МОСКВА 1993</p>
<biblstruct>
<biblscope n="" type="volume"></biblscope>
<biblscope n="" type="part"></biblscope>
</biblstruct></publicationstmt>
<sourcedesc>
<p>Издание подготовлено Мандельштамовским обществом</p>
</sourcedesc>
<respstmt>
<resp>Подготовка и разметка файлов - Алексей Литвинцев, Вероника Файнберг. Создание
          электронного ресурса - Тимофей Молчанов. Руководители проекта - Центр Digital Humanities,
          Мандельштамовское общество (НИУ ВШЭ).</resp>
</respstmt></filedesc>
<profiledesc>
<textdesc n="letter"></textdesc>
<textclass>
<catref target="Series([], Name: ID, dtype: object)" type="ID"></catref>
<catref target="Series([], Name: Источник, dtype: object)" type="Источник"></catref>
<catref target="Series([], Name: Жанр художественной литературы, dtype: object)" type="Жанр художественной литературы"></catref>
<catref target="Series([], Name: Уточнение жанра 1, dtype: object)" type="Уточнение жанра"></catref>
<catref target="Series([], Name: Метр, dtype: object)" type="Метр"></catref>
<catref target="Series([], Name: Длина строки, dtype: object)" type="Длина строки"></catref>
<catref target="Series([], Name: Клаузула, dtype: object)" type="Клаузула"></catref>
<catref target="Series([], Name: Уточнение клаузулы 1, dtype: object)" type="Уточнение клаузулы"></catref>
<catref target="Series([], Name: Классическая строфа, dtype: object)" type="Классическая строфа"></catref>
<catref target="Series([], Name: Рифма, dtype: object)" type="Рифма"></catref>
<catref target="Series([], Name: Схема рифмовки, dtype: object)" type="Схема рифмовки"></catref>
<catref target="Series([], Name: Метрическая формула, dtype: object)" type="Метрическая формула"></catref>
<catref target="Series([], Name: Дополнительные параметры, dtype: object)" type="Дополнительные параметры"></catref>
<catref target="Series([], Name: Число строк, dtype: int64)" type="Число строк"></catref>
<catref target="Series([], Name: Автор оригинала, dtype: object)" type="Автор оригинала"></catref>
<catref target="Series([], Name: Язык оригинала, dtype: object)" type="Язык оригинала"></catref>
</textclass></profiledesc>
</teiheader>
<text>
<body>
<div1 n="4" type="volume">
<div2 n="195" type="part">
<head>195.
С. Б. РУДАКОВУ, </head>
<p>что сказать о себе? Устал очень. Настроение твердое, хорошее. Сдружился с Театром. Кое-что там делаю (не канцелярия).</p>
<p>Затеял ехать на месяц в санаторий (областной). Денежно театр все оборудовал, будто я старый работник. Поеду, кажется, 20-го. В нервный в Тамбове не хочу. Выбрал Липецк общий. Лишь бы отдельную комнату дали. С Союзом Писателей и через Союз (начиная с Воронежа) начал большой разговор. Сказал свое слово. Они отвечают. Это очень важно и весело, хорошо. Завтра получаю 3-годичный паспорт. Получил письмецо от Эйхенбаума, который остановился в Москве у нас.<rs ref="Воронеж" type="geo_index"></rs><rs ref="Липецк" type="geo_index"></rs><rs ref="Москва" type="geo_index"></rs><rs ref="Тамбов" type="geo_index"></rs><rs ref="Тамбов" type="geo_index"></rs><rs ref="Москва" type="geo_index"></rs><rs ref="Москва" type="geo_index"></rs><rs ref="Эйхенбаум, Борис Михайлович" type="person"></rs></p>
<p>Надя везет в Москву все воронежские стихи.<rs ref="Москва" type="geo_index"></rs><rs ref="Москва" type="geo_index"></rs></p>
<p>Концерт был хороший. Виолончель — Цомык. Играл на Страдивариусе. Скажите врачам, чтобы наушники радио у вас устроили. Это для выздоравливающих полезно. А я похлопочу в Радио-К‹омите›те.<rs ref="Москва" type="geo_index"></rs><rs ref="Страдивариус (Страдивари), Антонио" type="person"></rs><rs ref="Цомык, Герц Давыдович" type="person"></rs></p>
<p>Если у вас другого отдыха не предвидится — не хотите ли «ко мне» в санаторий. Это вам можно. Окрепнуть надо. Пишите Л‹ине› Сам‹ойловне› Там вместе 2 недели — поработаем.<rs ref="Тамбов" type="geo_index"></rs></p>
<p>Ид‹е›я?</p>
</div2>
</div1>
</body>
</text>
</tei>
