<?xml version='1.0' encoding='UTF8'?>
<tei xmlns="http://www.tei-c.org/ns/1.0">
<teiheader>
<filedesc>
<titlestmt>
<title>Письма. 197. Н. Я. Мандельштам, [21 декабря 1935 г.]</title>
<author>О.Э. Мандельштам</author>
</titlestmt>
<publicationstmt>
<p>АРТ-БИЗНЕС-ЦЕНТР МОСКВА 1993</p>
<biblstruct>
<biblscope n="" type="volume"></biblscope>
<biblscope n="" type="part"></biblscope>
</biblstruct></publicationstmt>
<sourcedesc>
<p>Издание подготовлено Мандельштамовским обществом</p>
</sourcedesc>
<respstmt>
<resp>Подготовка и разметка файлов - Алексей Литвинцев, Вероника Файнберг. Создание
          электронного ресурса - Тимофей Молчанов. Руководители проекта - Центр Digital Humanities,
          Мандельштамовское общество (НИУ ВШЭ).</resp>
</respstmt></filedesc>
<profiledesc>
<textdesc n="letter"></textdesc>
<textclass>
<catref target="Series([], Name: ID, dtype: object)" type="ID"></catref>
<catref target="Series([], Name: Источник, dtype: object)" type="Источник"></catref>
<catref target="Series([], Name: Жанр художественной литературы, dtype: object)" type="Жанр художественной литературы"></catref>
<catref target="Series([], Name: Уточнение жанра 1, dtype: object)" type="Уточнение жанра"></catref>
<catref target="Series([], Name: Метр, dtype: object)" type="Метр"></catref>
<catref target="Series([], Name: Длина строки, dtype: object)" type="Длина строки"></catref>
<catref target="Series([], Name: Клаузула, dtype: object)" type="Клаузула"></catref>
<catref target="Series([], Name: Уточнение клаузулы 1, dtype: object)" type="Уточнение клаузулы"></catref>
<catref target="Series([], Name: Классическая строфа, dtype: object)" type="Классическая строфа"></catref>
<catref target="Series([], Name: Рифма, dtype: object)" type="Рифма"></catref>
<catref target="Series([], Name: Схема рифмовки, dtype: object)" type="Схема рифмовки"></catref>
<catref target="Series([], Name: Метрическая формула, dtype: object)" type="Метрическая формула"></catref>
<catref target="Series([], Name: Дополнительные параметры, dtype: object)" type="Дополнительные параметры"></catref>
<catref target="Series([], Name: Число строк, dtype: int64)" type="Число строк"></catref>
<catref target="Series([], Name: Автор оригинала, dtype: object)" type="Автор оригинала"></catref>
<catref target="Series([], Name: Язык оригинала, dtype: object)" type="Язык оригинала"></catref>
</textclass></profiledesc>
</teiheader>
<text>
<body>
<div1 n="4" type="volume">
<div2 n="197" type="part">
<head>197.
Н. Я. МАНДЕЛЬШТАМ, </head>
<p>Вчера я чуть было не решил возвращаться в Воронеж. Кормят хуже, чем в маленькой дешевой столовой. Скучно.— И все-таки за 4 дня я прибавил кило и хорошо отдохнул. Надо терпеть. Главное — это остановка невероятного движения, в котором я находился. Переход к «статике».<rs ref="Воронеж" type="geo_index"></rs><rs ref="Москва" type="geo_index"></rs></p>
<p>Консультация состоялась. Директор (не врач) и два доктора. Тема: «как вам сделать лучше» и «как бы вам не сделать хуже», — приняв во внимание, что «мы очень мало можем, но все-таки и т. д.» Сделают рентген сердца и легких. Хотят вызвать консультанта из города. А насчет «справки» жмутся.* Понаблюдаем... дней через десять... сразу неудобно...</p>
<p>Старая история! Думаю, что надо уехать отсюда к 5-му январю, когда начинается официальный срок моей путевки, сговорившись о получении обратно денег с вычетом прожитого. Если у тебя к 5-му что-нибудь выяснится, хорошо бы бросить это неуклюжее место. Получил второе письмецо. Спасибо! Пиши каждый день. Если будут новости — телеграфируй. Имей в виду — тамб‹овский› санаторий — лишь полумера. Лучше Воронежа (без тебя) — и только.<rs ref="Воронеж" type="geo_index"></rs><rs ref="Москва" type="geo_index"></rs></p>
<p>Температура у меня по-прежнему немного подпрыгивает. Мерил вчера вечером: 37,2. Возбудимость сердца велика. Пульс иногда ускоряется. При этом я вполне бодр, хочется гулять. Но встречи с людьми волнуют. Разговоры утомляют. Чтение — тоже. Надо ставить вопрос серьезно, — вплоть до особого заявления в Н.К. В.Д. о необходимости лечения в полноценной обстановке. Воронеж больше <rs ref="Воронеж" type="geo_index"></rs><rs ref="Москва" type="geo_index"></rs></p>
<p> возиться со мной. Они сделали </p>
<p>...</p>
<p>Я думаю, после свидания с Щербаковым не затягивай пребывания в Москве. Положение слишком простое. «Да» и «нет» обнажены. Если будет «нет», продержимся в домашней обстанов��е. Я вернусь в театр (очень дружеский, берегущий, неутомляющий) и на мое <rs ref="Москва" type="geo_index"></rs><rs ref="Москва" type="geo_index"></rs><rs ref="Щербаков, Александр Сергеевич" type="person"></rs></p>
<p> радио (чуть-чуть), а ты возьмешь работку. Главное — быть нам вместе. Твое возвращение для меня огромное, ничем не измеримое счастье.</p>
<p>А пока, моя деточка — до свидания!</p>
<p>Я отпросился с мертвого часа в красный уголок. Написал письмецо и снесу его на почту.</p>
<p>До свидания, дружок. Целую Шуру и Шурика и В‹еру› Я‹ковлевну›. </p>
<p>P.S. Невзирая на все нытье — я здесь лучше, чем в Воронеже.<rs ref="Воронеж" type="geo_index"></rs><rs ref="Москва" type="geo_index"></rs></p>
<p>Наш тел‹ефон›: Тамбов, 1-55.<rs ref="Тамбов" type="geo_index"></rs></p>
<p>* Понаблюдаем … дней через десять … сразу неудобно…  </p>
<note>* Понаблюдаем … дней через десять … сразу неудобно…  
</note>
</div2>
</div1>
</body>
</text>
</tei>
