<?xml version='1.0' encoding='UTF8'?>
<tei xmlns="http://www.tei-c.org/ns/1.0">
<teiheader>
<filedesc>
<titlestmt>
<title>Письма. 194. С. Б. Рудакову, ‹не позднее 4 декабря 1935 г.›</title>
<author>О.Э. Мандельштам</author>
</titlestmt>
<publicationstmt>
<p>АРТ-БИЗНЕС-ЦЕНТР МОСКВА 1993</p>
<biblstruct>
<biblscope n="" type="volume"></biblscope>
<biblscope n="" type="part"></biblscope>
</biblstruct></publicationstmt>
<sourcedesc>
<p>Издание подготовлено Мандельштамовским обществом</p>
</sourcedesc>
<respstmt>
<resp>Подготовка и разметка файлов - Алексей Литвинцев, Вероника Файнберг. Создание
          электронного ресурса - Тимофей Молчанов. Руководители проекта - Центр Digital Humanities,
          Мандельштамовское общество (НИУ ВШЭ).</resp>
</respstmt></filedesc>
<profiledesc>
<textdesc n="letter"></textdesc>
<textclass>
<catref target="Series([], Name: ID, dtype: object)" type="ID"></catref>
<catref target="Series([], Name: Источник, dtype: object)" type="Источник"></catref>
<catref target="Series([], Name: Жанр художественной литературы, dtype: object)" type="Жанр художественной литературы"></catref>
<catref target="Series([], Name: Уточнение жанра 1, dtype: object)" type="Уточнение жанра"></catref>
<catref target="Series([], Name: Метр, dtype: object)" type="Метр"></catref>
<catref target="Series([], Name: Длина строки, dtype: object)" type="Длина строки"></catref>
<catref target="Series([], Name: Клаузула, dtype: object)" type="Клаузула"></catref>
<catref target="Series([], Name: Уточнение клаузулы 1, dtype: object)" type="Уточнение клаузулы"></catref>
<catref target="Series([], Name: Классическая строфа, dtype: object)" type="Классическая строфа"></catref>
<catref target="Series([], Name: Рифма, dtype: object)" type="Рифма"></catref>
<catref target="Series([], Name: Схема рифмовки, dtype: object)" type="Схема рифмовки"></catref>
<catref target="Series([], Name: Метрическая формула, dtype: object)" type="Метрическая формула"></catref>
<catref target="Series([], Name: Дополнительные параметры, dtype: object)" type="Дополнительные параметры"></catref>
<catref target="Series([], Name: Число строк, dtype: int64)" type="Число строк"></catref>
<catref target="Series([], Name: Автор оригинала, dtype: object)" type="Автор оригинала"></catref>
<catref target="Series([], Name: Язык оригинала, dtype: object)" type="Язык оригинала"></catref>
</textclass></profiledesc>
</teiheader>
<text>
<body>
<div1 n="4" type="volume">
<div2 n="194" type="part">
<head>194.
С. Б. РУДАКОВУ, </head>
<p>разговор с Линой Самойловной вчера не состоялся из-за порчи линии. Перенесли на сегодня. Вчера предупреждение </p>
<p> дано. Сегодня добьемся обязательно хоть</p>
<p>срочным — лишь бы линия работала. Колли принес замечательные фотографии. Вы — здорово вышли в двух видах.<rs ref="Колли, Николай Григорьевич" type="person"></rs></p>
<p>Скучаю! Сердечно приветствую</p>
<p>Что нужно? Чего хочется?</p>
<p>Сообщайте желания!</p>
<p>Сегодня попробуем дозвониться, если исправят линию. Письма — подробные — успокоительные — я написала и Лине Самойловне и Алле Борисовне. Завтра опять напишу, чтобы они не волновались. Колли принес фотографии — чудные. Что вам прислать из еды? Скажите Стефану и Богомолову. Я с ними по утрам разговариваю. Есть ли еще одеколон или вышел?<rs ref="Алла Борисовна" type="person"></rs><rs ref="Богомолов, Леонид Иванович" type="person"></rs><rs ref="Колли, Николай Григорьевич" type="person"></rs><rs ref="Стефан (Стефен), Александр Иванович" type="person"></rs></p>
</div2>
</div1>
</body>
</text>
</tei>
