<?xml version='1.0' encoding='UTF8'?>
<tei xmlns="http://www.tei-c.org/ns/1.0">
<teiheader>
<filedesc>
<titlestmt>
<title>Письма. 198. Н. Я. Мандельштам, [28 декабря 1935 г. ]</title>
<author>О.Э. Мандельштам</author>
</titlestmt>
<publicationstmt>
<p>АРТ-БИЗНЕС-ЦЕНТР МОСКВА 1993</p>
<biblstruct>
<biblscope n="" type="volume"></biblscope>
<biblscope n="" type="part"></biblscope>
</biblstruct></publicationstmt>
<sourcedesc>
<p>Издание подготовлено Мандельштамовским обществом</p>
</sourcedesc>
<respstmt>
<resp>Подготовка и разметка файлов - Алексей Литвинцев, Вероника Файнберг. Создание
          электронного ресурса - Тимофей Молчанов. Руководители проекта - Центр Digital Humanities,
          Мандельштамовское общество (НИУ ВШЭ).</resp>
</respstmt></filedesc>
<profiledesc>
<textdesc n="letter"></textdesc>
<textclass>
<catref target="Series([], Name: ID, dtype: object)" type="ID"></catref>
<catref target="Series([], Name: Источник, dtype: object)" type="Источник"></catref>
<catref target="Series([], Name: Жанр художественной литературы, dtype: object)" type="Жанр художественной литературы"></catref>
<catref target="Series([], Name: Уточнение жанра 1, dtype: object)" type="Уточнение жанра"></catref>
<catref target="Series([], Name: Метр, dtype: object)" type="Метр"></catref>
<catref target="Series([], Name: Длина строки, dtype: object)" type="Длина строки"></catref>
<catref target="Series([], Name: Клаузула, dtype: object)" type="Клаузула"></catref>
<catref target="Series([], Name: Уточнение клаузулы 1, dtype: object)" type="Уточнение клаузулы"></catref>
<catref target="Series([], Name: Классическая строфа, dtype: object)" type="Классическая строфа"></catref>
<catref target="Series([], Name: Рифма, dtype: object)" type="Рифма"></catref>
<catref target="Series([], Name: Схема рифмовки, dtype: object)" type="Схема рифмовки"></catref>
<catref target="Series([], Name: Метрическая формула, dtype: object)" type="Метрическая формула"></catref>
<catref target="Series([], Name: Дополнительные параметры, dtype: object)" type="Дополнительные параметры"></catref>
<catref target="Series([], Name: Число строк, dtype: int64)" type="Число строк"></catref>
<catref target="Series([], Name: Автор оригинала, dtype: object)" type="Автор оригинала"></catref>
<catref target="Series([], Name: Язык оригинала, dtype: object)" type="Язык оригинала"></catref>
</textclass></profiledesc>
</teiheader>
<text>
<body>
<div1 n="4" type="volume">
<div2 n="198" type="part">
<head>198.
Н. Я. МАНДЕЛЬШТАМ, </head>
<p>Получил твое письмо №3. Скажи, тебе не холодно в шубке? У вас тоже мороз? Выходи в маминой: обе одинаково уродливы, т. е. мамина шуба и твоя (маме не показывай).</p>
<p>Если Щербаков тебя не примет? Может это быть? А?</p>
<p>Дни идут хорошо. Привыкаю. Сегодня был голубой мороз. Я достал Пушкина. Это у меня редкость. За него, знаешь, никогда почти не хватаюсь.<rs ref="Пушкин, Александр Сергеевич" type="person"></rs></p>
<p>Рентген вчера состоялся. Сердце — возрастная норма. Никаких, говорят, аномалий. В легких — уплотнение желез. Спрашивали: не перенес ли </p>
<p> гриппа или воспаления?</p>
<p>Внимательны очень. Самое серьезное наблюдение. Слушают, стукают каждый день. Диету дали особую. Ванны ежедневно. Электричество тоже. Скучно мне, дружок, без тебя — слов не найду. Ты обо мне брось тревожиться. Я капризник. И все. А ты-то как живешь? Ты себя, радость моя, береги. И пиши мне каждый, каждый день. И позвони разок.</p>
<p>Надик, до свиданья.</p>
<p>Можно ли мне написать Лупполу 20 строк «о Мопассане и франц‹узской›  метафоре и дураке-редакторе»Теоретически? А?<rs ref="Луппол, Иван Капитонович" type="person"></rs><rs ref="Мопассан, Анри Рене Альбер Ги де" type="person"></rs></p>
<p>Вишневскому привет.<rs ref="Вишневский, Всеволод Витальевич" type="person"></rs></p>
</div2>
</div1>
</body>
</text>
</tei>
