<?xml version='1.0' encoding='UTF8'?>
<tei xmlns="http://www.tei-c.org/ns/1.0">
<teiheader>
<filedesc>
<titlestmt>
<title>Письма. 202. Н. Я. Мандельштам, ‹3 января 1936 г.›</title>
<author>О.Э. Мандельштам</author>
</titlestmt>
<publicationstmt>
<p>АРТ-БИЗНЕС-ЦЕНТР МОСКВА 1993</p>
<biblstruct>
<biblscope n="" type="volume"></biblscope>
<biblscope n="" type="part"></biblscope>
</biblstruct></publicationstmt>
<sourcedesc>
<p>Издание подготовлено Мандельштамовским обществом</p>
</sourcedesc>
<respstmt>
<resp>Подготовка и разметка файлов - Алексей Литвинцев, Вероника Файнберг. Создание
          электронного ресурса - Тимофей Молчанов. Руководители проекта - Центр Digital Humanities,
          Мандельштамовское общество (НИУ ВШЭ).</resp>
</respstmt></filedesc>
<profiledesc>
<textdesc n="letter"></textdesc>
<textclass>
<catref target="Series([], Name: ID, dtype: object)" type="ID"></catref>
<catref target="Series([], Name: Источник, dtype: object)" type="Источник"></catref>
<catref target="Series([], Name: Жанр художественной литературы, dtype: object)" type="Жанр художественной литературы"></catref>
<catref target="Series([], Name: Уточнение жанра 1, dtype: object)" type="Уточнение жанра"></catref>
<catref target="Series([], Name: Метр, dtype: object)" type="Метр"></catref>
<catref target="Series([], Name: Длина строки, dtype: object)" type="Длина строки"></catref>
<catref target="Series([], Name: Клаузула, dtype: object)" type="Клаузула"></catref>
<catref target="Series([], Name: Уточнение клаузулы 1, dtype: object)" type="Уточнение клаузулы"></catref>
<catref target="Series([], Name: Классическая строфа, dtype: object)" type="Классическая строфа"></catref>
<catref target="Series([], Name: Рифма, dtype: object)" type="Рифма"></catref>
<catref target="Series([], Name: Схема рифмовки, dtype: object)" type="Схема рифмовки"></catref>
<catref target="Series([], Name: Метрическая формула, dtype: object)" type="Метрическая формула"></catref>
<catref target="Series([], Name: Дополнительные параметры, dtype: object)" type="Дополнительные параметры"></catref>
<catref target="Series([], Name: Число строк, dtype: int64)" type="Число строк"></catref>
<catref target="Series([], Name: Автор оригинала, dtype: object)" type="Автор оригинала"></catref>
<catref target="Series([], Name: Язык оригинала, dtype: object)" type="Язык оригинала"></catref>
</textclass></profiledesc>
</teiheader>
<text>
<body>
<div1 n="4" type="volume">
<div2 n="202" type="part">
<head>202.</head>
<head>Н. Я. МАНДЕЛЬШТАМ, </head>
<p>3 янв‹аря›</p>
<p>Спасибо за звоночек. Д‹а ведь?›</p>
<p> проще простого успоко‹ить меня›</p>
<p>. Что со мной? Что бо‹лит›? Ничего не болит. Кишечник здоров, как никогда. Катар горла прошел. Как настроение? Неровное. Санаторий вызвал депрессию. Ожиданье обострено. Обстановка не переваривается. Ассоциации протекают болезненно (как и обычно без тебя). Физическое самочувствие? От ходьбы сердцебиение (не сразу; иногда приступ ускорения пульса, с которым справляюсь, сознательно борюсь и побеждаю). Вчера съездил на вокзал с письмом — освежился, купил Кр‹асную› Новь с дрянными стихами доброго Зенкевича и Талмудом Зощенки. Температуру мерил 2 раза наугад: 37,2 как вылитые. Очевидно — это норма. Сон — хороший, когда не мешают. Ночью самовольно перебрался в пустую комнату на пятерых. Закрепил ее за собой. Гораздо лучше. Днем подремываю. Могу уехать в <rs ref="Зенкевич, Михаил Александрович" type="person"></rs><rs ref="Зощенко, Михаил Михайлович" type="person"></rs></p>
<p> день </p>
<p> с возвратом денег (заверение главврача, сегодня).</p>
<p>Я все же думаю выехать пятого. В Воронеже как-то ближе к тебе. И перемена будет полезна. Дальше. Вес — 66 кило, и ни с места. Слабостью я называю «комнатную легкость в теле» — и только. Внешний вид — довольно дрянной. Вот, Надик мой, <rs ref="Воронеж" type="geo_index"></rs></p>
<p> правда.</p>
<p>Надик, надо все время помнить, что письмо мое в воронежский Союз бесконечно обязывает, что это не</p>
<p> </p>
<p> </p>
<p>литература. После этого письма разрыва с партией большевиков у меня быть не может при любом ответе, при молчании даже, даже при ухудшении ситуации. Никакой обиды. Никакого брюзжания. Партия не нянька и не доктор. Для автора </p>
<p>письма всякое ее решение обязательно. Мне кажется, ты еще не сделала достаточных выводов из данного моего шага и не научилась продолжать его в будущее. Сейчас, что бы ни было, я </p>
<p> свободен. Воронежа мне очень жалко, но я боюсь, что мое дальнейшее там пребывание окажется вредным <rs ref="Воронеж" type="geo_index"></rs></p>
<p> для меня. Пятого утром я тебе позвоню. Еще о Старом Крыме: чтоб не было уходом, бегством, «цинцинатством». Я не Плиний Младший и не Волошин. Объясни это кому нужно. Еще вопрос на первый взгляд мелкий: свобода передвижений <rs ref="Старый Крым" type="geo_index"></rs><rs ref="Волошин (Кириенко-Волошин), Максимилиан Александрович" type="person"></rs><rs ref="Плиний Младший" type="person"></rs></p>
<p>. Без нее — будет ужасно. Выясни обязательно.</p>
<p>Ну вот, Надик, целую тебя несчетно и радуюсь и горжусь своей женой. Надик мой, до свиданья.</p>
<note>1 В подлиннике дефект: не поддаются восстановлению приблизительно два слова. 
2 Далее, возможно, было еще одно слово. 
</note>
</div2>
</div1>
</body>
</text>
</tei>
