<?xml version='1.0' encoding='UTF8'?>
<tei xmlns="http://www.tei-c.org/ns/1.0">
<teiheader>
<filedesc>
<titlestmt>
<title>Письма. 207. Э. В. Мандельштаму, 12 декабря 1936 г.</title>
<author>О.Э. Мандельштам</author>
</titlestmt>
<publicationstmt>
<p>АРТ-БИЗНЕС-ЦЕНТР МОСКВА 1993</p>
<biblstruct>
<biblscope n="" type="volume"></biblscope>
<biblscope n="" type="part"></biblscope>
</biblstruct></publicationstmt>
<sourcedesc>
<p>Издание подготовлено Мандельштамовским обществом</p>
</sourcedesc>
<respstmt>
<resp>Подготовка и разметка файлов - Алексей Литвинцев, Вероника Файнберг. Создание
          электронного ресурса - Тимофей Молчанов. Руководители проекта - Центр Digital Humanities,
          Мандельштамовское общество (НИУ ВШЭ).</resp>
</respstmt></filedesc>
<profiledesc>
<textdesc n="letter"></textdesc>
<textclass>
<catref target="Series([], Name: ID, dtype: object)" type="ID"></catref>
<catref target="Series([], Name: Источник, dtype: object)" type="Источник"></catref>
<catref target="Series([], Name: Жанр художественной литературы, dtype: object)" type="Жанр художественной литературы"></catref>
<catref target="Series([], Name: Уточнение жанра 1, dtype: object)" type="Уточнение жанра"></catref>
<catref target="Series([], Name: Метр, dtype: object)" type="Метр"></catref>
<catref target="Series([], Name: Длина строки, dtype: object)" type="Длина строки"></catref>
<catref target="Series([], Name: Клаузула, dtype: object)" type="Клаузула"></catref>
<catref target="Series([], Name: Уточнение клаузулы 1, dtype: object)" type="Уточнение клаузулы"></catref>
<catref target="Series([], Name: Классическая строфа, dtype: object)" type="Классическая строфа"></catref>
<catref target="Series([], Name: Рифма, dtype: object)" type="Рифма"></catref>
<catref target="Series([], Name: Схема рифмовки, dtype: object)" type="Схема рифмовки"></catref>
<catref target="Series([], Name: Метрическая формула, dtype: object)" type="Метрическая формула"></catref>
<catref target="Series([], Name: Дополнительные параметры, dtype: object)" type="Дополнительные параметры"></catref>
<catref target="Series([], Name: Число строк, dtype: int64)" type="Число строк"></catref>
<catref target="Series([], Name: Автор оригинала, dtype: object)" type="Автор оригинала"></catref>
<catref target="Series([], Name: Язык оригинала, dtype: object)" type="Язык оригинала"></catref>
</textclass></profiledesc>
</teiheader>
<text>
<body>
<div1 n="4" type="volume">
<div2 n="207" type="part">
<head>207.
Э. В. МАНДЕЛЬШТАМУ, </head>
<p>Давно я так не радовался, как получив твою записочку, радовался твоему почерку, твоим словам. Кому другому — а тебе я не хочу жаловаться: мы с тобой старики и понимаем оба, как мало человеку нужно и в чем вообще суть. Больше всего на свете хочу тебя видеть, зову к себе. Но зимой дорога трудная. Боюсь, ты простудишься. Весной — другое дело. Благодари Таню за ее посылку. Все вещи подошли. Я знаю, что они были подобраны с хорошим чувством, как привет... Как твои глаза? Бережешь ли их? Нам с тобой без глаз худо. Я всегда люблю тебе хвастать (старая привычка). И сейчас не могу себя сдержать: во-первых, я пишу стихи. Очень упорно. Сильно и здорово. Знаю им цену, никого не спрашивая; во-вторых, научился читать по-испански (книги взял здесь в университете). Но довольно хвастовства.</p>
<p>Положение наше просто дрянь. Здоровье такое, что в 45 лет я узнаю приметы 85-летнего возраста. Я очень бодрый старик. Недалеко от дома с палочкой и женой могу еще</p>
<p>ходить. Так хочу очутиться в твоей комнате с зеленым диваном и нашим шкапчиком.</p>
<p>Но скорее ты приедешь ко мне, чем я к тебе. Целую тебя, мой дорогой отец. Обещаю часто писать. Жду твоего письма.</p>
<p>Милой Тане, Наташе, племяннице моей — очень гордой и хорошей девчушке, труженику Юрке и М‹арии› Н‹иколаевне› сердечный привет.</p>
<p>Милый дедушка! Целую вас, родной. Скучаю. Хочу видеть. Поблагодарите за меня Таню. Это очень мило с ее стороны.</p>
<p>Ул. 27 февраля, № 50, кв. 1.</p>
</div2>
</div1>
</body>
</text>
</tei>
