<?xml version='1.0' encoding='UTF8'?>
<tei xmlns="http://www.tei-c.org/ns/1.0">
<teiheader>
<filedesc>
<titlestmt>
<title>Письма. 204. Б. Л. Пастернаку, 28 апреля 1936 г.</title>
<author>О.Э. Мандельштам</author>
</titlestmt>
<publicationstmt>
<p>АРТ-БИЗНЕС-ЦЕНТР МОСКВА 1993</p>
<biblstruct>
<biblscope n="" type="volume"></biblscope>
<biblscope n="" type="part"></biblscope>
</biblstruct></publicationstmt>
<sourcedesc>
<p>Издание подготовлено Мандельштамовским обществом</p>
</sourcedesc>
<respstmt>
<resp>Подготовка и разметка файлов - Алексей Литвинцев, Вероника Файнберг. Создание
          электронного ресурса - Тимофей Молчанов. Руководители проекта - Центр Digital Humanities,
          Мандельштамовское общество (НИУ ВШЭ).</resp>
</respstmt></filedesc>
<profiledesc>
<textdesc n="letter"></textdesc>
<textclass>
<catref target="Series([], Name: ID, dtype: object)" type="ID"></catref>
<catref target="Series([], Name: Источник, dtype: object)" type="Источник"></catref>
<catref target="Series([], Name: Жанр художественной литературы, dtype: object)" type="Жанр художественной литературы"></catref>
<catref target="Series([], Name: Уточнение жанра 1, dtype: object)" type="Уточнение жанра"></catref>
<catref target="Series([], Name: Метр, dtype: object)" type="Метр"></catref>
<catref target="Series([], Name: Длина строки, dtype: object)" type="Длина строки"></catref>
<catref target="Series([], Name: Клаузула, dtype: object)" type="Клаузула"></catref>
<catref target="Series([], Name: Уточнение клаузулы 1, dtype: object)" type="Уточнение клаузулы"></catref>
<catref target="Series([], Name: Классическая строфа, dtype: object)" type="Классическая строфа"></catref>
<catref target="Series([], Name: Рифма, dtype: object)" type="Рифма"></catref>
<catref target="Series([], Name: Схема рифмовки, dtype: object)" type="Схема рифмовки"></catref>
<catref target="Series([], Name: Метрическая формула, dtype: object)" type="Метрическая формула"></catref>
<catref target="Series([], Name: Дополнительные параметры, dtype: object)" type="Дополнительные параметры"></catref>
<catref target="Series([], Name: Число строк, dtype: int64)" type="Число строк"></catref>
<catref target="Series([], Name: Автор оригинала, dtype: object)" type="Автор оригинала"></catref>
<catref target="Series([], Name: Язык оригинала, dtype: object)" type="Язык оригинала"></catref>
</textclass></profiledesc>
</teiheader>
<text>
<body>
<div1 n="4" type="volume">
<div2 n="204" type="part">
<head>204.
Б. Л. ПАСТЕРНАКУ, </head>
<p>Спасибо, что обо мне вспомнили и подали голос. Это для меня ценнее всякой реальной помощи, то есть — </p>
<p>. Я действительно очень болен, и вряд ли что-либо может мне помочь: примерно с декабря неуклонно слабею, и сейчас уже трудно выходить из комнаты. Тем, что моя «вторая жизнь» еще длится, я всецело обязан моему единственному и неоценимому другу — моей жене. Как бы ни развивалась дальше моя физическая болезнь — я хотел бы сохранить сознание. Должен вам сказать, что временами оно тускнеет, и меня это пугает. Вынужденное пребывание в Воронеже, в силу болезни превратившемся для меня в <rs ref="Воронеж" type="geo_index"></rs></p>
<p> может оказаться в этом смысле роковым. Одной из наиболее для меня тягостных мыслей является то, что я не увижу вас никогда. Не приходит ли вам в голову, что вы могли бы ко мне приехать? Мне кажется, это самое большое и единственно важное, что вы могли бы для меня сделать.</p>
</div2>
</div1>
</body>
</text>
</tei>
