<?xml version='1.0' encoding='UTF8'?>
<tei xmlns="http://www.tei-c.org/ns/1.0">
<teiheader>
<filedesc>
<titlestmt>
<title>Письма. 209. Н. С. Тихонову, 31 декабря 1936 г.</title>
<author>О.Э. Мандельштам</author>
</titlestmt>
<publicationstmt>
<p>АРТ-БИЗНЕС-ЦЕНТР МОСКВА 1993</p>
<biblstruct>
<biblscope n="" type="volume"></biblscope>
<biblscope n="" type="part"></biblscope>
</biblstruct></publicationstmt>
<sourcedesc>
<p>Издание подготовлено Мандельштамовским обществом</p>
</sourcedesc>
<respstmt>
<resp>Подготовка и разметка файлов - Алексей Литвинцев, Вероника Файнберг. Создание
          электронного ресурса - Тимофей Молчанов. Руководители проекта - Центр Digital Humanities,
          Мандельштамовское общество (НИУ ВШЭ).</resp>
</respstmt></filedesc>
<profiledesc>
<textdesc n="letter"></textdesc>
<textclass>
<catref target="Series([], Name: ID, dtype: object)" type="ID"></catref>
<catref target="Series([], Name: Источник, dtype: object)" type="Источник"></catref>
<catref target="Series([], Name: Жанр художественной литературы, dtype: object)" type="Жанр художественной литературы"></catref>
<catref target="Series([], Name: Уточнение жанра 1, dtype: object)" type="Уточнение жанра"></catref>
<catref target="Series([], Name: Метр, dtype: object)" type="Метр"></catref>
<catref target="Series([], Name: Длина строки, dtype: object)" type="Длина строки"></catref>
<catref target="Series([], Name: Клаузула, dtype: object)" type="Клаузула"></catref>
<catref target="Series([], Name: Уточнение клаузулы 1, dtype: object)" type="Уточнение клаузулы"></catref>
<catref target="Series([], Name: Классическая строфа, dtype: object)" type="Классическая строфа"></catref>
<catref target="Series([], Name: Рифма, dtype: object)" type="Рифма"></catref>
<catref target="Series([], Name: Схема рифмовки, dtype: object)" type="Схема рифмовки"></catref>
<catref target="Series([], Name: Метрическая формула, dtype: object)" type="Метрическая формула"></catref>
<catref target="Series([], Name: Дополнительные параметры, dtype: object)" type="Дополнительные параметры"></catref>
<catref target="Series([], Name: Число строк, dtype: int64)" type="Число строк"></catref>
<catref target="Series([], Name: Автор оригинала, dtype: object)" type="Автор оригинала"></catref>
<catref target="Series([], Name: Язык оригинала, dtype: object)" type="Язык оригинала"></catref>
</textclass></profiledesc>
</teiheader>
<text>
<body>
<div1 n="4" type="volume">
<div2 n="209" type="part">
<head>209.
Н. С. ТИХОНОВУ, </head>
<p>С Новым годом!</p>
<p>Посылаю Вам еще две новых пьесы. Одна из них Кащеев Кот. В этой вещи я очень скромными средствами при помощи буквы «щ» и еще кое-чего сделал материально кусок</p>
<p>золота. Язык русский на чудеса способен, лишь бы ему стих повиновался, учился у него и смело с ним боролся.</p>
<p>Как любой язык чтит борьбу с ним поэта, и каким холодом платит он за равнодушие и ничтожное ему подчинение! Стишок мой в числе других когда-нибудь напечатают, и он будет принадлежать народу советской страны, перед которым я в бесконечном долгу. Вам, делегату VIII-го съезда (я слушал по радио ваше прекрасное мужественное приветствие съезду), я сообщаю: я тяжко болен, заброшен всеми и нищ. На днях я еще раз сообщу об этом в наше НКВД и сообщу, если понадобится, правительству. Здесь, в Воронеже, я живу как в лесу, что люди, что деревья — толк один. Я буквально физически погибаю. Чего я жду от Вас? Добейтесь до разрешения общего вопроса, что может затянуться, — немедленной конкретной помощи — не частной — ну ее к черту — но скромной организованной советской поддержки. Имейте в виду, что служить я не могу, потому что стал не в шутку инвалидом. Не могу также переводить, потому что очень ослабел, и даже работа над своим стихом, которую я не могу отложить, стоит мне многих припадков.<rs ref="Воронеж" type="geo_index"></rs></p>
<p>Избавьте меня от бродяжничества (я еле держусь на ногах), избавьте от неприкрытого нищенства. Телеграфируйте мне о получении этого письма, примите самые решительные меры, потому что нет имени тому, что происходит со мной в Воронеже. Дальше так продолжаться не может.<rs ref="Воронеж" type="geo_index"></rs></p>
<p>Адрес: Воронеж, ул. 27 февраля, д. 50, кв. 1. <rs ref="Воронеж" type="geo_index"></rs></p>
</div2>
</div1>
</body>
</text>
</tei>
