<?xml version='1.0' encoding='UTF8'?>
<tei xmlns="http://www.tei-c.org/ns/1.0">
<teiheader>
<filedesc>
<titlestmt>
<title>Письма. 200. Н. Я. Мандельштам, 1 января 1936 г.</title>
<author>О.Э. Мандельштам</author>
</titlestmt>
<publicationstmt>
<p>АРТ-БИЗНЕС-ЦЕНТР МОСКВА 1993</p>
<biblstruct>
<biblscope n="" type="volume"></biblscope>
<biblscope n="" type="part"></biblscope>
</biblstruct></publicationstmt>
<sourcedesc>
<p>Издание подготовлено Мандельштамовским обществом</p>
</sourcedesc>
<respstmt>
<resp>Подготовка и разметка файлов - Алексей Литвинцев, Вероника Файнберг. Создание
          электронного ресурса - Тимофей Молчанов. Руководители проекта - Центр Digital Humanities,
          Мандельштамовское общество (НИУ ВШЭ).</resp>
</respstmt></filedesc>
<profiledesc>
<textdesc n="prose"></textdesc>
<textclass>
<catref target="Series([], Name: ID, dtype: object)" type="ID"></catref>
<catref target="Series([], Name: Источник, dtype: object)" type="Источник"></catref>
<catref target="Series([], Name: Жанр художественной литературы, dtype: object)" type="Жанр художественной литературы"></catref>
<catref target="Series([], Name: Уточнение жанра 1, dtype: object)" type="Уточнение жанра"></catref>
<catref target="Series([], Name: Метр, dtype: object)" type="Метр"></catref>
<catref target="Series([], Name: Длина строки, dtype: object)" type="Длина строки"></catref>
<catref target="Series([], Name: Клаузула, dtype: object)" type="Клаузула"></catref>
<catref target="Series([], Name: Уточнение клаузулы 1, dtype: object)" type="Уточнение клаузулы"></catref>
<catref target="Series([], Name: Классическая строфа, dtype: object)" type="Классическая строфа"></catref>
<catref target="Series([], Name: Рифма, dtype: object)" type="Рифма"></catref>
<catref target="Series([], Name: Схема рифмовки, dtype: object)" type="Схема рифмовки"></catref>
<catref target="Series([], Name: Метрическая формула, dtype: object)" type="Метрическая формула"></catref>
<catref target="Series([], Name: Дополнительные параметры, dtype: object)" type="Дополнительные параметры"></catref>
<catref target="Series([], Name: Число строк, dtype: int64)" type="Число строк"></catref>
<catref target="Series([], Name: Автор оригинала, dtype: object)" type="Автор оригинала"></catref>
<catref target="Series([], Name: Язык оригинала, dtype: object)" type="Язык оригинала"></catref>
</textclass></profiledesc>
</teiheader>
<text>
<body>
<div1 n="4" type="volume">
<div2 n="200" type="part">
<head>200.
Н. Я. МАНДЕЛЬШТАМ, </head>
<p>С Новым годом, ангел мой! За наше несчастное счастье, за что-то новое, что будет, за вечно старое, что моложе нас! Да здравствует моя Надинька, жена моя, мой вечный друг! С Новым годом, дитя!</p>
<p>А я, дурной, два дня тебе не писал: третьего дня на радостях от телефона, а вчера от бестолочи.</p>
<p>У нас вчера ночью гремел военный оркестр и были разные игры: Чехов в больничном халате, удочки с кольцами. <rs ref="Чехов, Антон Павлович" type="person"></rs></p>
<p>Я тут брожу с одним пареньком. Он тракторист. Способный, открытый, но думает, что во Франции Советы и что Францию переименовали в Париж. Я его кроою, а он ко мне привязался, большевиком меня зовет.‹…›<rs ref="Париж" type="geo_index"></rs><rs ref="Франция" type="geo_index"></rs></p>
<p>Здесь так плохо, что очень многие уезжают до срока. Неизбалованные работники районов. Все за счет организаций. Чай без сахара. Шум. Врачи — вроде почтовых чиновников.</p>
<p>Главный мне вчера сказал: вам нужно заведение закрытого типа, где лечат средние формы легких психопатий (там-де комнаты на одного и двух). Честное слово, он так сказал! — послушав меня две минуты. За 10 первых дней я прибавил 600 гр‹аммов› веса (для младенца недурно). За месяц здесь многие теряют в весе. Похоже на школу-пансион из Диккенса. Другой врач говорит: «Вес для невротиков неважен». Да, еще: гл‹авный› врач меня спросил: в каких клиниках я был до Тамбова. Завтра я должен оформить с директором продажу путевки. Выезжаю 5-го или даже раньше. С блаженством! Эти дни вроде дурного сна. Какой-то штрафной батальон... Денег мне в В‹оронеже› до 20-го хватит. 15-го жалованье в Театре. 15-го же вернусь на работу.<rs ref="Тамбов" type="geo_index"></rs><rs ref="Диккенс, Чарлз" type="person"></rs></p>
<p>Физически я здоров (думаю, что </p>
<p>физически). Надо лишь окрепнуть. Я лишь могу заболеть, если </p>
<p> не будет устранена.</p>
<p>Д‹…› у меня нет ‹…›</p>
<p> </p>
<p>Стоичев мне сказал, что письмо переслано 20-го дек‹абря›. Подобедов утверждал, что — с какой-то припиской об отношении Обл‹астного› отд‹еления› Союза к моей деятельности («уж плохого мы не напишем»).<rs ref="Подобедов, Максим Михайлович" type="person"></rs><rs ref="Стоичев (Стойчев), Стефан Николаевич," type="person"></rs></p>
<p>Где письмо? Кем получено? Выясни точнейшим образом. Если оно затерто — передай копию: 1) Марченко, 2) в Секцию Поэтов и 3) в Ц.К. партии. Вообще это </p>
<p> сделать. О стихах: что такое «принципиально» Надо конкретно об </p>
<p> стихах. Почему давала без отбора? Я </p>
<p> Наушников. Марченко прав. Вспомни и скажи ему. Я требую ответа на стихи <rs ref="Марченко Д. А." type="person"></rs></p>
<p>. Они — целое. Качество же иным снится, иными — делается. ‹В› Тамбов — пиши и <rs ref="Тамбов" type="geo_index"></rs></p>
<p>. Обо всем кратко. Поговорим из Воронежа. Друг, до свиданья.<rs ref="Воронеж" type="geo_index"></rs></p>
<note>1 Нижняя половина листа (приблизительно семь строк) оторвана.  2 Нижняя половина листа (приблизительно пять строк) оторвана.</note>
</div2>
</div1>
</body>
</text>
</tei>
