<?xml version='1.0' encoding='UTF8'?>
<tei xmlns="http://www.tei-c.org/ns/1.0">
<teiheader>
<filedesc>
<titlestmt>
<title>Письма. 219. Н. С. Тихонову, ‹середина марта 1937 г.›</title>
<author>О.Э. Мандельштам</author>
</titlestmt>
<publicationstmt>
<p>АРТ-БИЗНЕС-ЦЕНТР МОСКВА 1993</p>
<biblstruct>
<biblscope n="" type="volume"></biblscope>
<biblscope n="" type="part"></biblscope>
</biblstruct></publicationstmt>
<sourcedesc>
<p>Издание подготовлено Мандельштамовским обществом</p>
</sourcedesc>
<respstmt>
<resp>Подготовка и разметка файлов - Алексей Литвинцев, Вероника Файнберг. Создание
          электронного ресурса - Тимофей Молчанов. Руководители проекта - Центр Digital Humanities,
          Мандельштамовское общество (НИУ ВШЭ).</resp>
</respstmt></filedesc>
<profiledesc>
<textdesc n="letter"></textdesc>
<textclass>
<catref target="Series([], Name: ID, dtype: object)" type="ID"></catref>
<catref target="Series([], Name: Источник, dtype: object)" type="Источник"></catref>
<catref target="Series([], Name: Жанр художественной литературы, dtype: object)" type="Жанр художественной литературы"></catref>
<catref target="Series([], Name: Уточнение жанра 1, dtype: object)" type="Уточнение жанра"></catref>
<catref target="Series([], Name: Метр, dtype: object)" type="Метр"></catref>
<catref target="Series([], Name: Длина строки, dtype: object)" type="Длина строки"></catref>
<catref target="Series([], Name: Клаузула, dtype: object)" type="Клаузула"></catref>
<catref target="Series([], Name: Уточнение клаузулы 1, dtype: object)" type="Уточнение клаузулы"></catref>
<catref target="Series([], Name: Классическая строфа, dtype: object)" type="Классическая строфа"></catref>
<catref target="Series([], Name: Рифма, dtype: object)" type="Рифма"></catref>
<catref target="Series([], Name: Схема рифмовки, dtype: object)" type="Схема рифмовки"></catref>
<catref target="Series([], Name: Метрическая формула, dtype: object)" type="Метрическая формула"></catref>
<catref target="Series([], Name: Дополнительные параметры, dtype: object)" type="Дополнительные параметры"></catref>
<catref target="Series([], Name: Число строк, dtype: int64)" type="Число строк"></catref>
<catref target="Series([], Name: Автор оригинала, dtype: object)" type="Автор оригинала"></catref>
<catref target="Series([], Name: Язык оригинала, dtype: object)" type="Язык оригинала"></catref>
</textclass></profiledesc>
</teiheader>
<text>
<body>
<div1 n="4" type="volume">
<div2 n="219" type="part">
<head>219.
Н. С. ТИХОНОВУ, </head>
<p>Скрывать от Вас мое положение было бы нехорошо и неестественно. Все попытки мои и моей жены наладить способ жизни без частной поддержки ни к чему не привели. Никакой работы </p>
<p>получить не можем. Кроме того: я по-прежнему болен и к работе, службе не способен. Когда я писал Вам о крайней нежелательности частной поддержки, я надеялся на постановку вопроса в другой плоскости. Не перестаю надеяться до сих пор.</p>
<p>Жить не на что. Даже простых знакомых в Воронеже у меня почти нет. Абсолютная нужда толкает на обращение к незнакомым, что совершенно недопустимо и бесполезно. Все местные учреждения для меня закрыты, кроме больницы, — но лишь с того момента, когда я окончательно свалюсь. Этот момент еще не наступил: я держусь на ногах, временами пишу стихи и живу на случайную помощь людей, которая каждый раз является неожиданностью и добывается путем судорожного усилия. Сейчас я оглядываюсь кругом: помощи ждать неоткуда. Это — за два месяца до истечения моего трехлетнего срока, когда в буквальном, не переносном смысле решится вопрос о моей жизни.<rs ref="Воронеж" type="geo_index"></rs></p>
<p>На этот раз я прошу Вас лично помочь мне деньгами. С огромной радостью я верну Вам этот долг, если когда-нибудь будет принята к печати моя новая книга стихов.</p>
<p>Пока что мое физическое «я» оказывается ненужным и неудобным приложением к моей работе. Между тем без него обойтись нельзя.</p>
<p>На днях я отослал Ставскому несколько стихотворений с просьбой об отклике и оценке их Союзом Советских Писателей.<rs ref="Ставский (Кирпичников), Владимир Петрович" type="person"></rs></p>
<p>В эту посылку вошли совершенно неизвестные Вам стихи.</p>
<p>В напряженном ожидании вашего ответа — жму Вашу руку.</p>
<p>Воронеж, ул. 27 февраля, д. 50, кв. 1.<rs ref="Воронеж" type="geo_index"></rs></p>
</div2>
</div1>
</body>
</text>
</tei>
