<?xml version='1.0' encoding='UTF8'?>
<tei xmlns="http://www.tei-c.org/ns/1.0">
<teiheader>
<filedesc>
<titlestmt>
<title>Письма. 213. Е. Э. Мандельштаму, ‹январь 1937 г.›</title>
<author>О.Э. Мандельштам</author>
</titlestmt>
<publicationstmt>
<p>АРТ-БИЗНЕС-ЦЕНТР МОСКВА 1993</p>
<biblstruct>
<biblscope n="" type="volume"></biblscope>
<biblscope n="" type="part"></biblscope>
</biblstruct></publicationstmt>
<sourcedesc>
<p>Издание подготовлено Мандельштамовским обществом</p>
</sourcedesc>
<respstmt>
<resp>Подготовка и разметка файлов - Алексей Литвинцев, Вероника Файнберг. Создание
          электронного ресурса - Тимофей Молчанов. Руководители проекта - Центр Digital Humanities,
          Мандельштамовское общество (НИУ ВШЭ).</resp>
</respstmt></filedesc>
<profiledesc>
<textdesc n="letter"></textdesc>
<textclass>
<catref target="Series([], Name: ID, dtype: object)" type="ID"></catref>
<catref target="Series([], Name: Источник, dtype: object)" type="Источник"></catref>
<catref target="Series([], Name: Жанр художественной литературы, dtype: object)" type="Жанр художественной литературы"></catref>
<catref target="Series([], Name: Уточнение жанра 1, dtype: object)" type="Уточнение жанра"></catref>
<catref target="Series([], Name: Метр, dtype: object)" type="Метр"></catref>
<catref target="Series([], Name: Длина строки, dtype: object)" type="Длина строки"></catref>
<catref target="Series([], Name: Клаузула, dtype: object)" type="Клаузула"></catref>
<catref target="Series([], Name: Уточнение клаузулы 1, dtype: object)" type="Уточнение клаузулы"></catref>
<catref target="Series([], Name: Классическая строфа, dtype: object)" type="Классическая строфа"></catref>
<catref target="Series([], Name: Рифма, dtype: object)" type="Рифма"></catref>
<catref target="Series([], Name: Схема рифмовки, dtype: object)" type="Схема рифмовки"></catref>
<catref target="Series([], Name: Метрическая формула, dtype: object)" type="Метрическая формула"></catref>
<catref target="Series([], Name: Дополнительные параметры, dtype: object)" type="Дополнительные параметры"></catref>
<catref target="Series([], Name: Число строк, dtype: int64)" type="Число строк"></catref>
<catref target="Series([], Name: Автор оригинала, dtype: object)" type="Автор оригинала"></catref>
<catref target="Series([], Name: Язык оригинала, dtype: object)" type="Язык оригинала"></catref>
</textclass></profiledesc>
</teiheader>
<text>
<body>
<div1 n="4" type="volume">
<div2 n="213" type="part">
<head>213.
Е. Э. МАНДЕЛЬШТАМУ, </head>
<p>Слушай, Женя: дело не в том, пришлешь ты эти деньги или нет. Такой вид помощи, такое безбрежное равнодушие становится чудовищным. Ты скажи: тебе просто плевать на</p>
<p>меня? Так что ли?</p>
<p>Далеко он, не видно брата... «Наглядности» нет. Поставишь свечечку за 60 р. на три месяца и еще умиляешься своему благородству.</p>
<p>На меня — нет у тебя. Значит, я для тебя лишний. Давай скажем просто: моя жизнь для тебя </p>
<p> того, чтобы систематически урезывать </p>
<p> бюджет, бюджет всей своей семьи на 10%, а то и меньше. Против фактов не пойдешь. Разные бывают братья. Но очень редко, очень редко любовь к своей семье (понимая под ней </p>
<p> жену и детей и себя самого) выражается в форме такой малодушной и </p>
<p> судороги, такого зажмуриванья глаз. Пока я скажу тебе: ты ведешь себя как скверный мальчишка, надеющийся избежать ответственности. Вряд ли я заставлю тебя спасти меня от голода и болезней.* (Ты ведь сам болен и тяжело работаешь: жалею тебя), но знай, что ты перешел границу </p>
<p> небрежности.</p>
<p>Я рад, что ты не испытал и не испытываешь и сотой доли того, что суждено мне. (А как бы я тебе помогал! Здорово! Сам знаешь. Я бы </p>
<p> такой помощью). Но ты человек трезвый и найдешь себе оправдание. Тяжко иметь брата-врача. Прощай доктор.</p>
<p>P.S. Не посоветуешь ли ты мне </p>
<p>нищенство? Этот месяц мы живем на 100 р. на двоих.</p>
</div2>
</div1>
</body>
</text>
</tei>
