<?xml version='1.0' encoding='UTF8'?>
<tei xmlns="http://www.tei-c.org/ns/1.0">
<teiheader>
<filedesc>
<titlestmt>
<title>Письма. 216. В неустановленный адрес, ‹начало 1937 г.›</title>
<author>О.Э. Мандельштам</author>
</titlestmt>
<publicationstmt>
<p>АРТ-БИЗНЕС-ЦЕНТР МОСКВА 1993</p>
<biblstruct>
<biblscope n="" type="volume"></biblscope>
<biblscope n="" type="part"></biblscope>
</biblstruct></publicationstmt>
<sourcedesc>
<p>Издание подготовлено Мандельштамовским обществом</p>
</sourcedesc>
<respstmt>
<resp>Подготовка и разметка файлов - Алексей Литвинцев, Вероника Файнберг. Создание
          электронного ресурса - Тимофей Молчанов. Руководители проекта - Центр Digital Humanities,
          Мандельштамовское общество (НИУ ВШЭ).</resp>
</respstmt></filedesc>
<profiledesc>
<textdesc n="letter"></textdesc>
<textclass>
<catref target="Series([], Name: ID, dtype: object)" type="ID"></catref>
<catref target="Series([], Name: Источник, dtype: object)" type="Источник"></catref>
<catref target="Series([], Name: Жанр художественной литературы, dtype: object)" type="Жанр художественной литературы"></catref>
<catref target="Series([], Name: Уточнение жанра 1, dtype: object)" type="Уточнение жанра"></catref>
<catref target="Series([], Name: Метр, dtype: object)" type="Метр"></catref>
<catref target="Series([], Name: Длина строки, dtype: object)" type="Длина строки"></catref>
<catref target="Series([], Name: Клаузула, dtype: object)" type="Клаузула"></catref>
<catref target="Series([], Name: Уточнение клаузулы 1, dtype: object)" type="Уточнение клаузулы"></catref>
<catref target="Series([], Name: Классическая строфа, dtype: object)" type="Классическая строфа"></catref>
<catref target="Series([], Name: Рифма, dtype: object)" type="Рифма"></catref>
<catref target="Series([], Name: Схема рифмовки, dtype: object)" type="Схема рифмовки"></catref>
<catref target="Series([], Name: Метрическая формула, dtype: object)" type="Метрическая формула"></catref>
<catref target="Series([], Name: Дополнительные параметры, dtype: object)" type="Дополнительные параметры"></catref>
<catref target="Series([], Name: Число строк, dtype: int64)" type="Число строк"></catref>
<catref target="Series([], Name: Автор оригинала, dtype: object)" type="Автор оригинала"></catref>
<catref target="Series([], Name: Язык оригинала, dtype: object)" type="Язык оригинала"></catref>
</textclass></profiledesc>
</teiheader>
<text>
<body>
<div1 n="4" type="volume">
<div2 n="216" type="part">
<head>216.
В НЕУСТАНОВЛЕННЫЙ АДРЕС, </head>
<head>‹1›</head>
<head>‹2›</head>
<head>‹3›</head>
<head>‹4›</head>
<p>‹…›</p>
<p>Я тяжко и неизлечимо болен и лишен всякой возможности лечиться. Мне нечего есть. Я живу в нищете. Все общественные организации, в том числе ‹Союз Писателей,› держат меня под абсолютным бойкотом.</p>
<p>Вся эта картина сложилась за последние несколько месяцев, причем вся моя воронежская деятельность не дает к</p>
<p>этому ни малейшего повода. Все, что мне открыто, — это возможность после многомесячной волокиты получать рублей двадцать ежемесячной собесной пенсии как бродяге без всякого трудового стажа. С‹оюз› Пис‹ателей› заявляет (в лице проф. Литерат‹уры› Стоичева) «Пусть Манд‹ельштам› осуществляет свои труд‹овые› права где угодно и как угодно помимо Союза Писателей. Обл‹астной› же Н.К.В.Д. советует обращаться в Союз Писателей.<rs ref="Мандельштам, Евгений Эмильевич" type="person"></rs><rs ref="Стоичев (Стойчев), Стефан Николаевич," type="person"></rs></p>
<p>‹…›</p>
<p>‹...›заявил моей жене:</p>
<p>«Пусть М‹андельштам› осуществляет свои трудовые права и право на лечение где ему угодно и как ему угодно. Ставский нам запретил вмешиваться в дела не членов Союза и, в частности, начинающих...» Как ссыльный я, конечно, членом Союза Сов‹етских› Пис‹ателей› быть не могу. (Правление Союза Пис‹ателей› (Москва) ни на какие письма и заявления не отвечает.) Н.К.В.Д. в течение целого года не отвечает ни на одно мое заявление.<rs ref="Ставский (Кирпичников), Владимир Петрович" type="person"></rs></p>
<p>Все мною описанное представляется мне какой-то чепухой или дурным сном, до такой степени это не похоже на закон Советского Союза и лишено здравого смысла. Я не понимаю, почем‹у моя›</p>
<p> адмвысылка в конце третьего и последнего ‹года› перерастает в осуждение на голод и ‹бездом›ность. Не понимаю, почему моя [новая] ‹работа› не создает мне искупительного стажа, но только бьет по мне.</p>
<p>Но система невмешательства в мое положение превратила уже меня в полунищего и в полубродягу и мне стыдно ходить по улицам с провожатой (один я ходить не могу), т. к. меня узнают прохожие. И я прошу вас прекратить этит позор.</p>
<p>‹...›литературный стаж, мне было отказано Обл. С.С.П. по соглашению с Правлением С.С.П. в какой бы то ни было материальной поддержке и было предложено лечиться в общем порядке, что явилось невыполнимым,</p>
<p> </p>
<p>поскольку общий порядок осуществляется через посредство того или иного частного модуса, а такового никто не мог и не может мне указать.</p>
<p>Я продолжал работать и в первую половину 36 г., падая от слабости на улице и подбираемый прохожими. Сотрудники различных культурных учреждений гор. Воронежа были свидетелями целого ряда со мной припадков, полуобморочных состояний, остановок сердечной деятельности и т. д. Ни одна организация ничем мне не помогла. Медицинская помощь выразилась лишь во впрыскиваньи камфары в самые острые минуты. Городская амбулатория в обычном порядке направила меня как признанного инвалида на освидетельствованье, а по месту моей службы — Вор‹онежский› гор‹одской› Театр снял меня 1 августа с работы ввиду того, что я практически уже несколько месяцев не мог работать.<rs ref="Воронеж" type="geo_index"></rs></p>
<p>С осени 36 г. мое положение в Воронеже резко изменилось в худшую сторону. Вот точная характеристика этого положения: независимо от того, здоров я или болен, никакой, абсолютно никакой работы в Воронеже получить я не могу. В равной мере <rs ref="Воронеж" type="geo_index"></rs></p>
<p>в Воронеже не может получить и моя жена, проживающая вместе со мной.<rs ref="Воронеж" type="geo_index"></rs></p>
<p>‹...›</p>
<p>‹...›Нормальным состоянием для меня является тяжелая одышка, мучительно затрудненное дыхание и неустойчивость пульса при всяком напряжении или усилии, начиная от просто ходьбы.</p>
<p>В благоустроенном советском городе — в Воронеже, на глазах у множества пассивных свидетелей я выпадаю из всяких социальных рамок и фактически являюсь уже не адм. высланным гражданином, хотя бы потерявшим работоспособность, но человеком-призраком, гибель которого санкционирована всеобщей пассивностью.<rs ref="Воронеж" type="geo_index"></rs></p>
<p>Я должен вас предупредить, что в случае моего пассивного отношения к этой ситуации она разрешится опять-таки механической перевозкой меня в больницу, но уже в состоянии, близком к агонии. Нужно называть вещи своими именами.</p>
<p>‹...›</p>
<note>1 Здесь и в следующих двух строчках в угловых скобках дается предположительное чтение утраченного текста (край листа оборван).
</note>
</div2>
</div1>
</body>
</text>
</tei>
