<?xml version='1.0' encoding='UTF8'?>
<tei xmlns="http://www.tei-c.org/ns/1.0">
<teiheader>
<filedesc>
<titlestmt>
<title>Письма. 223. К. И. Чуковскому, ‹около 17 апреля 1937 г.›</title>
<author>О.Э. Мандельштам</author>
</titlestmt>
<publicationstmt>
<p>АРТ-БИЗНЕС-ЦЕНТР МОСКВА 1993</p>
<biblstruct>
<biblscope n="" type="volume"></biblscope>
<biblscope n="" type="part"></biblscope>
</biblstruct></publicationstmt>
<sourcedesc>
<p>Издание подготовлено Мандельштамовским обществом</p>
</sourcedesc>
<respstmt>
<resp>Подготовка и разметка файлов - Алексей Литвинцев, Вероника Файнберг. Создание
          электронного ресурса - Тимофей Молчанов. Руководители проекта - Центр Digital Humanities,
          Мандельштамовское общество (НИУ ВШЭ).</resp>
</respstmt></filedesc>
<profiledesc>
<textdesc n="letter"></textdesc>
<textclass>
<catref target="Series([], Name: ID, dtype: object)" type="ID"></catref>
<catref target="Series([], Name: Источник, dtype: object)" type="Источник"></catref>
<catref target="Series([], Name: Жанр художественной литературы, dtype: object)" type="Жанр художественной литературы"></catref>
<catref target="Series([], Name: Уточнение жанра 1, dtype: object)" type="Уточнение жанра"></catref>
<catref target="Series([], Name: Метр, dtype: object)" type="Метр"></catref>
<catref target="Series([], Name: Длина строки, dtype: object)" type="Длина строки"></catref>
<catref target="Series([], Name: Клаузула, dtype: object)" type="Клаузула"></catref>
<catref target="Series([], Name: Уточнение клаузулы 1, dtype: object)" type="Уточнение клаузулы"></catref>
<catref target="Series([], Name: Классическая строфа, dtype: object)" type="Классическая строфа"></catref>
<catref target="Series([], Name: Рифма, dtype: object)" type="Рифма"></catref>
<catref target="Series([], Name: Схема рифмовки, dtype: object)" type="Схема рифмовки"></catref>
<catref target="Series([], Name: Метрическая формула, dtype: object)" type="Метрическая формула"></catref>
<catref target="Series([], Name: Дополнительные параметры, dtype: object)" type="Дополнительные параметры"></catref>
<catref target="Series([], Name: Число строк, dtype: int64)" type="Число строк"></catref>
<catref target="Series([], Name: Автор оригинала, dtype: object)" type="Автор оригинала"></catref>
<catref target="Series([], Name: Язык оригинала, dtype: object)" type="Язык оригинала"></catref>
</textclass></profiledesc>
</teiheader>
<text>
<body>
<div1 n="4" type="volume">
<div2 n="223" type="part">
<head>223.
К. И. ЧУКОВСКОМУ, </head>
<p>То, что со мной делается, — дольше продолжаться не может. Ни у меня, ни у моей жены нет больше сил длить этот ужас. Больше того, созрело твердое решение все это любыми средствами прекратить. Это не является «временным проживанием в Воронеже», «адм‹инистративной› высылкой» и т. д.<rs ref="Воронеж" type="geo_index"></rs></p>
<p>Это вот что: человек, прошедший через тягчайший психоз (точнее, изнурительное и острое сумасшествие), — сразу же после этой болезни, после покушения на самоубийство, физически искалеченный, — стал на работу. Я сказал — правы меня осудившие. Нашел во всем исторический смысл. Хорошо. Я работал очертя голову. Меня за это били. Отталкивали. Создали нравственную пытку. Я все-таки работал. Отказался от самолюбия. Считал чудом, что меня допускают работать. Считал чудом всю нашу жизнь. Через 1½ года я стал инвалидом. К тому времени у меня безо всякой новой вины отняли все: право на жизнь, на труд, на лечение. Я поставлен в положение собаки, пса...</p>
<p>Я — тень. Меня нет. У меня есть только одно право — умереть. Меня и жену толкают на самоубийство. В Союз Писателей — не обращайтесь, бесполезно. Они умоют руки. Есть один только человек в мире, к которому по этому делу можно и должно обратиться. Ему пишут только тогда, когда считают своим долгом это сделать. Я — за себя не поручитель, себе не оценщик. Не о моем письме речь. Если вы хотите спасти меня от неотвратимой гибели — спасти двух человек — пишите. Уговорите других написать. Смешно думать, что это может «ударить» по тем, кто это сделает. Другого выхода нет. Это единственный </p>
<p> выход. Но поймите: мы отказываемся растягивать свою агонию. Каждый раз, отпуская жену, я «нервно» заболеваю. И страшно глядеть на нее — смотреть, как она больна. Подумайте: </p>
<p> она ездит? На чем держится жизнь? Нового приговора к сс��лке я не выполню. Не могу.</p>
<p>Болезнь. Я не могу минуты остаться «один». Сейчас ко мне приехала мать жены — старушка. Если меня бросят одного — то поместят в сумасшедший дом.</p>
</div2>
</div1>
</body>
</text>
</tei>
