<?xml version='1.0' encoding='UTF8'?>
<tei xmlns="http://www.tei-c.org/ns/1.0">
<teiheader>
<filedesc>
<titlestmt>
<title>Письма. 222. Е. Я. Хазину, 10 апреля 1937 г.</title>
<author>О.Э. Мандельштам</author>
</titlestmt>
<publicationstmt>
<p>АРТ-БИЗНЕС-ЦЕНТР МОСКВА 1993</p>
<biblstruct>
<biblscope n="" type="volume"></biblscope>
<biblscope n="" type="part"></biblscope>
</biblstruct></publicationstmt>
<sourcedesc>
<p>Издание подготовлено Мандельштамовским обществом</p>
</sourcedesc>
<respstmt>
<resp>Подготовка и разметка файлов - Алексей Литвинцев, Вероника Файнберг. Создание
          электронного ресурса - Тимофей Молчанов. Руководители проекта - Центр Digital Humanities,
          Мандельштамовское общество (НИУ ВШЭ).</resp>
</respstmt></filedesc>
<profiledesc>
<textdesc n="letter"></textdesc>
<textclass>
<catref target="Series([], Name: ID, dtype: object)" type="ID"></catref>
<catref target="Series([], Name: Источник, dtype: object)" type="Источник"></catref>
<catref target="Series([], Name: Жанр художественной литературы, dtype: object)" type="Жанр художественной литературы"></catref>
<catref target="Series([], Name: Уточнение жанра 1, dtype: object)" type="Уточнение жанра"></catref>
<catref target="Series([], Name: Метр, dtype: object)" type="Метр"></catref>
<catref target="Series([], Name: Длина строки, dtype: object)" type="Длина строки"></catref>
<catref target="Series([], Name: Клаузула, dtype: object)" type="Клаузула"></catref>
<catref target="Series([], Name: Уточнение клаузулы 1, dtype: object)" type="Уточнение клаузулы"></catref>
<catref target="Series([], Name: Классическая строфа, dtype: object)" type="Классическая строфа"></catref>
<catref target="Series([], Name: Рифма, dtype: object)" type="Рифма"></catref>
<catref target="Series([], Name: Схема рифмовки, dtype: object)" type="Схема рифмовки"></catref>
<catref target="Series([], Name: Метрическая формула, dtype: object)" type="Метрическая формула"></catref>
<catref target="Series([], Name: Дополнительные параметры, dtype: object)" type="Дополнительные параметры"></catref>
<catref target="Series([], Name: Число строк, dtype: int64)" type="Число строк"></catref>
<catref target="Series([], Name: Автор оригинала, dtype: object)" type="Автор оригинала"></catref>
<catref target="Series([], Name: Язык оригинала, dtype: object)" type="Язык оригинала"></catref>
</textclass></profiledesc>
</teiheader>
<text>
<body>
<div1 n="4" type="volume">
<div2 n="222" type="part">
<head>222.
Е. Я. ХАЗИНУ, </head>
<p>Еще раз вам сообщаю, что Надя больна. Ежедневная температура 37,6-9, очень резкое исхудание. Кроме того, ежедневно по нескольку часов резкие боли в области печени, принуждающие лежать.</p>
<p>Как это ни странно, врачу Надя не показывалась. Чуть ей лучше — забывает. А большей частью нет 20 рублей на профессора, а в амбулаторию ходить не стоит: мы знаем, как там внимательны.</p>
<p>До последнего дня Надя температуру от меня скрывала или неправильно объясняла.</p>
<p>Денег у нас на 2 — 3 дня еще есть. Т. е. попросту 25 рублей. Какое же тут лечение? 10 р. в день на двоих — это минимум, </p>
<p> всякую диету, режим, платного врача и т. д. Что же делать?</p>
<p>Завтра я думаю свести Надю к профессору. Что же касается до Москвы — страшно ее отпускать. Боюсь, как бы не расхворалась, не слегла и мы бы не очутились отрезаны друг от друга. Прежде всего я выясню, <rs ref="Москва" type="geo_index"></rs><rs ref="Москва" type="geo_index"></rs></p>
<p> с Надей и что ей </p>
<p> требуется, и срочно вам сообщу — без всяких «скидок» на наше положение. А пока что сообщаю одно: больничная клиническая помощь в Воронеже <rs ref="Воронеж" type="geo_index"></rs><rs ref="Москва" type="geo_index"></rs></p>
<p> (кроме хирургической). Больницы (терапевтические) переполнены. Как мне говорил пр‹офессор› Герке — иногда<rs ref="Герке, " type="person"></rs></p>
<p>дают в день до 12 </p>
<p> острейшим больным (восп‹аление› легких и т. д.) и </p>
<p> приема. Лежат в коридорах. Индивид‹уальный› уход — минимальный. Значит — или дома, в воронежск‹ой› комнате — или отправить куда-нибудь на серьезное настоящее лечение. Я прошу вас немедленно поговорить с кем-нибудь из Надиных подруг, нельзя ли </p>
<p>, забыв обо мне, серьезно ей помочь. Сделайте это не дожидаясь диагноза. Состояние так или иначе очень плохое. Образ жизни исключает всякие шансы на поправку. Виды на будущее — скорее </p>
<p>. Не лишнее вам сообщить, что на днях получил письмо от «Знамени», письмо вполне товарищеское, но с отклонением стихов. Это весьма отрадно. Потому что явилось просветом в беспредельной покинутости. </p>
<p> Поговорить </p>
<p>о ней.</p>
<p>В Воронеже мы начисто изолированы. С 13 числа средства на жизнь, т. е. чай, хлеб, кашу, яичницу — иссякают. Занять не у кого. Надо думать только о Наде. Я готов, как вам уже говорил по телефону, расстаться с ней на какой угодно срок ради подлинного ее лечения, но не ради деловой поездки, <rs ref="Воронеж" type="geo_index"></rs><rs ref="Москва" type="geo_index"></rs></p>
<p>. Т. к. Надя похожа сейчас на свою тень. И я </p>
<p>. Прошу вас поговорить с кем-нибудь из авторитетных людей. И дать мне телеграмму, получив это письмо. Я знаю, вы и в Москве беспомощны. <rs ref="Москва" type="geo_index"></rs><rs ref="Москва" type="geo_index"></rs></p>
<p>И этим все сказано.</p>
<p>На Надю же сейчас нельзя возлагать никакого бремени. Ее активность сама собою прекращается.</p>
<p>Жду вашего ответа: предварительной ориентировочной телеграммы.</p>
<p>P.S. </p>
<p>Еще </p>
<p> я просил Шуру ускорить Надин отъезд и выезд В‹еры› Як‹ковлевны›. Но после этого узнал о </p>
<p> повышении температуры — и в связи с общей слабостью Нади понял, что ехать ей </p>
<p>.</p>
<p>Эта </p>
<p>не должна снижать в ваших глазах серьезности моих сообщений. Здоровье Нади, вернее, ее болезнь весьма и весьма запущена, потому что все кажется: ничего нельзя сделать (она же </p>
<p>и делает?!). Но сейчас надо сделать для нее буквально невозможное.</p>
</div2>
</div1>
</body>
</text>
</tei>
