<?xml version='1.0' encoding='UTF8'?>
<tei xmlns="http://www.tei-c.org/ns/1.0">
<teiheader>
<filedesc>
<titlestmt>
<title>Письма. 229. Н. Я. Мандельштам, ‹30 апреля 1937 г.› </title>
<author>О.Э. Мандельштам</author>
</titlestmt>
<publicationstmt>
<p>АРТ-БИЗНЕС-ЦЕНТР МОСКВА 1993</p>
<biblstruct>
<biblscope n="" type="volume"></biblscope>
<biblscope n="" type="part"></biblscope>
</biblstruct></publicationstmt>
<sourcedesc>
<p>Издание подготовлено Мандельштамовским обществом</p>
</sourcedesc>
<respstmt>
<resp>Подготовка и разметка файлов - Алексей Литвинцев, Вероника Файнберг. Создание
          электронного ресурса - Тимофей Молчанов. Руководители проекта - Центр Digital Humanities,
          Мандельштамовское общество (НИУ ВШЭ).</resp>
</respstmt></filedesc>
<profiledesc>
<textdesc n="letter"></textdesc>
<textclass>
<catref target="Series([], Name: ID, dtype: object)" type="ID"></catref>
<catref target="Series([], Name: Источник, dtype: object)" type="Источник"></catref>
<catref target="Series([], Name: Жанр художественной литературы, dtype: object)" type="Жанр художественной литературы"></catref>
<catref target="Series([], Name: Уточнение жанра 1, dtype: object)" type="Уточнение жанра"></catref>
<catref target="Series([], Name: Метр, dtype: object)" type="Метр"></catref>
<catref target="Series([], Name: Длина строки, dtype: object)" type="Длина строки"></catref>
<catref target="Series([], Name: Клаузула, dtype: object)" type="Клаузула"></catref>
<catref target="Series([], Name: Уточнение клаузулы 1, dtype: object)" type="Уточнение клаузулы"></catref>
<catref target="Series([], Name: Классическая строфа, dtype: object)" type="Классическая строфа"></catref>
<catref target="Series([], Name: Рифма, dtype: object)" type="Рифма"></catref>
<catref target="Series([], Name: Схема рифмовки, dtype: object)" type="Схема рифмовки"></catref>
<catref target="Series([], Name: Метрическая формула, dtype: object)" type="Метрическая формула"></catref>
<catref target="Series([], Name: Дополнительные параметры, dtype: object)" type="Дополнительные параметры"></catref>
<catref target="Series([], Name: Число строк, dtype: int64)" type="Число строк"></catref>
<catref target="Series([], Name: Автор оригинала, dtype: object)" type="Автор оригинала"></catref>
<catref target="Series([], Name: Язык оригинала, dtype: object)" type="Язык оригинала"></catref>
</textclass></profiledesc>
</teiheader>
<text>
<body>
<div1 n="4" type="volume">
<div2 n="229" type="part">
<head>229.
Н. Я. МАНДЕЛЬШТАМ, </head>
<p>Посылаю выписку и заявление для передачи Ставскому.<rs ref="Ставский (Кирпичников), Владимир Петрович" type="person"></rs></p>
<p>Я здоров и спокоен. Ты приедешь, как только сделаешь все необходимое. Думаю, что дольше 5-го оставаться не надо. В крайнем случае приедешь без денег. Не все ли равно? Лишь бы маму отправить.</p>
<p>Заявление свое в Союз Сов‹етских› Пис‹ателей› я считаю крайне важным.</p>
<p>Но если Ставский найдет, что не стоит подымать вопроса по вздорному поводу — я соглашусь. Я — не склочник. Во всяком случае — покажи ему.<rs ref="Ставский (Кирпичников), Владимир Петрович" type="person"></rs><rs ref="Ставский (Кирпичников), Владимир Петрович" type="person"></rs></p>
<p>Важно то, что </p>
<p>этого в Воронеже оставаться <rs ref="Воронеж" type="geo_index"></rs></p>
<p> невозможно. Это — объясни.</p>
<p>Целую тебя, мой родненький. Спешу отправить.</p>
</div2>
</div1>
</body>
</text>
</tei>
