<?xml version='1.0' encoding='UTF8'?>
<tei xmlns="http://www.tei-c.org/ns/1.0">
<teiheader>
<filedesc>
<titlestmt>
<title>Письма. 227. Н. Я. Мандельштам, 26 апреля ‹1937 г.›</title>
<author>О.Э. Мандельштам</author>
</titlestmt>
<publicationstmt>
<p>АРТ-БИЗНЕС-ЦЕНТР МОСКВА 1993</p>
<biblstruct>
<biblscope n="" type="volume"></biblscope>
<biblscope n="" type="part"></biblscope>
</biblstruct></publicationstmt>
<sourcedesc>
<p>Издание подготовлено Мандельштамовским обществом</p>
</sourcedesc>
<respstmt>
<resp>Подготовка и разметка файлов - Алексей Литвинцев, Вероника Файнберг. Создание
          электронного ресурса - Тимофей Молчанов. Руководители проекта - Центр Digital Humanities,
          Мандельштамовское общество (НИУ ВШЭ).</resp>
</respstmt></filedesc>
<profiledesc>
<textdesc n="letter"></textdesc>
<textclass>
<catref target="Series([], Name: ID, dtype: object)" type="ID"></catref>
<catref target="Series([], Name: Источник, dtype: object)" type="Источник"></catref>
<catref target="Series([], Name: Жанр художественной литературы, dtype: object)" type="Жанр художественной литературы"></catref>
<catref target="Series([], Name: Уточнение жанра 1, dtype: object)" type="Уточнение жанра"></catref>
<catref target="Series([], Name: Метр, dtype: object)" type="Метр"></catref>
<catref target="Series([], Name: Длина строки, dtype: object)" type="Длина строки"></catref>
<catref target="Series([], Name: Клаузула, dtype: object)" type="Клаузула"></catref>
<catref target="Series([], Name: Уточнение клаузулы 1, dtype: object)" type="Уточнение клаузулы"></catref>
<catref target="Series([], Name: Классическая строфа, dtype: object)" type="Классическая строфа"></catref>
<catref target="Series([], Name: Рифма, dtype: object)" type="Рифма"></catref>
<catref target="Series([], Name: Схема рифмовки, dtype: object)" type="Схема рифмовки"></catref>
<catref target="Series([], Name: Метрическая формула, dtype: object)" type="Метрическая формула"></catref>
<catref target="Series([], Name: Дополнительные параметры, dtype: object)" type="Дополнительные параметры"></catref>
<catref target="Series([], Name: Число строк, dtype: int64)" type="Число строк"></catref>
<catref target="Series([], Name: Автор оригинала, dtype: object)" type="Автор оригинала"></catref>
<catref target="Series([], Name: Язык оригинала, dtype: object)" type="Язык оригинала"></catref>
</textclass></profiledesc>
</teiheader>
<text>
<body>
<div1 n="4" type="volume">
<div2 n="227" type="part">
<head>227.
Н. Я. МАНДЕЛЬШТАМ, </head>
<p>Мои новости: утром купаться ходил. От петуха раму вставили. Мама уступила мне заварку чая и обещала не трогать электр‹ическую› машинку, которая в великой опасности: трещит и пахнет разноцветным жареным. Подметку мне армянин гвоздиками подбил. Держится. Не верь, когда хвалят гладкие стишки. Хвалитель у них мелкий. Сады у нас зеленеют. Очень хорош — через задворки — соседний. Я там много брожу. Вообще стал сильный ходок. Небольшие маршруты гуляю один. Внешность — послекурортная. С деньгами: осталось 40 р. Долгов нет. Пел‹агее› Гер‹асимовне› дал вперед 30 р. Девочка Рая пришла с жалобной запиской. Ей — 5 р. Из 4 телефонов — 3 срочные. Утром — всегда срочно. Вот почему мало денег. Да еще прачке 5 р. Да сапожнику 4 р. Да, признаюсь, у Эмминой мамы взял вначале 15 р.— так и не отдал. Вот это плохо.<rs ref="Герштейн, Эмма Григорьевна" type="person"></rs><rs ref="Пелагея Герасимовна," type="person"></rs></p>
<p>Надик, ты кроме дел в Москве живи. Смотри картины. Все, что я хочу видеть, — ты смотри. Даже в театр для курьеза пойди. Не скучай. Так или иначе, чтоб приехала освеженная. Ты что написала: «здесь» и зачеркнула? Кто, что — здесь, т. е. в Москве?<rs ref="Москва" type="geo_index"></rs><rs ref="Москва" type="geo_index"></rs></p>
<p>Вчера снова водил маму в концерт. Она сидела в ложе бенуара и была горда. Удивлялась, что дали легко контрамарку. Последние дни она совсем спокойна и уютна.</p>
<p>Извел бутылку одеколона (с мамой вместе). Ячмень в сухом виде остался. Глаза здоровые (если без очков). Теперь нет пыли. А то висели над степью космические тучи. Мама сегодня чинила брюки. Интересно и безобразно. Прошу тебя ничем не обольщаться. За подарки спасибо. Целую мою родненькую. И жду ее -</p>
<p>Мама кричит: «Вы мне надоели!» и рвется одна опускать письмо. Я стремлюсь за ней.</p>
<p>Шурика целую. Ему подарок чтоб — от меня. Спроси его наедине. Он скаж��т — что.</p>
</div2>
</div1>
</body>
</text>
</tei>
