<?xml version='1.0' encoding='UTF8'?>
<tei xmlns="http://www.tei-c.org/ns/1.0">
<teiheader>
<filedesc>
<titlestmt>
<title>Письма. 228. Н. Я. Мандельштам, 28 апреля ‹1937 г.›</title>
<author>О.Э. Мандельштам</author>
</titlestmt>
<publicationstmt>
<p>АРТ-БИЗНЕС-ЦЕНТР МОСКВА 1993</p>
<biblstruct>
<biblscope n="" type="volume"></biblscope>
<biblscope n="" type="part"></biblscope>
</biblstruct></publicationstmt>
<sourcedesc>
<p>Издание подготовлено Мандельштамовским обществом</p>
</sourcedesc>
<respstmt>
<resp>Подготовка и разметка файлов - Алексей Литвинцев, Вероника Файнберг. Создание
          электронного ресурса - Тимофей Молчанов. Руководители проекта - Центр Digital Humanities,
          Мандельштамовское общество (НИУ ВШЭ).</resp>
</respstmt></filedesc>
<profiledesc>
<textdesc n="letter"></textdesc>
<textclass>
<catref target="Series([], Name: ID, dtype: object)" type="ID"></catref>
<catref target="Series([], Name: Источник, dtype: object)" type="Источник"></catref>
<catref target="Series([], Name: Жанр художественной литературы, dtype: object)" type="Жанр художественной литературы"></catref>
<catref target="Series([], Name: Уточнение жанра 1, dtype: object)" type="Уточнение жанра"></catref>
<catref target="Series([], Name: Метр, dtype: object)" type="Метр"></catref>
<catref target="Series([], Name: Длина строки, dtype: object)" type="Длина строки"></catref>
<catref target="Series([], Name: Клаузула, dtype: object)" type="Клаузула"></catref>
<catref target="Series([], Name: Уточнение клаузулы 1, dtype: object)" type="Уточнение клаузулы"></catref>
<catref target="Series([], Name: Классическая строфа, dtype: object)" type="Классическая строфа"></catref>
<catref target="Series([], Name: Рифма, dtype: object)" type="Рифма"></catref>
<catref target="Series([], Name: Схема рифмовки, dtype: object)" type="Схема рифмовки"></catref>
<catref target="Series([], Name: Метрическая формула, dtype: object)" type="Метрическая формула"></catref>
<catref target="Series([], Name: Дополнительные параметры, dtype: object)" type="Дополнительные параметры"></catref>
<catref target="Series([], Name: Число строк, dtype: int64)" type="Число строк"></catref>
<catref target="Series([], Name: Автор оригинала, dtype: object)" type="Автор оригинала"></catref>
<catref target="Series([], Name: Язык оригинала, dtype: object)" type="Язык оригинала"></catref>
</textclass></profiledesc>
</teiheader>
<text>
<body>
<div1 n="4" type="volume">
<div2 n="228" type="part">
<head>228.
Н. Я. МАНДЕЛЬШТАМ, </head>
<p>Что письмо это тебе скажет? Его утром принесут или вечером найдешь? Так доброго утра, ангел мой, и покойной ночи и целую тебя сонную, уставшую или вымытую, свеженькую, деловитую, вдохновенно убегающую по таким хитрым, умным, хорошим людям. Я завидую всем, кто тебя видит. Ты моя Москва и Рим и маленький Давид. Я тебя наизусть знаю, и ты всегда новая, и всегда слышу тебя, радость. Ау? Надинька!<rs ref="Москва" type="geo_index"></rs><rs ref="Москва" type="geo_index"></rs></p>
<p>А у нас тишь да гладь. И только я тихо киплю. Мне весело. Я жду тебя. Я ничего не хочу, кроме тебя.</p>
<p>Я тебе петуха-красавца покажу, который восклицает 300 раз от 4 до 6 утра. И котенок Пушок всюду бегает. И вербочки зеленые.</p>
<p>Подметка чуть отстает уже на гвоздиках. Но дня 3 прохожу. Долгов у нас нет. Мы не растратчики. Только телефон много съел. Продержимся до 2-го мая. Вчера я гулял с Наташей в парке. Очень далеко забрались, дальше того павильона. Оттого подметка отвалилась.</p>
<p>Я видел на улице «дядю Леню», который воскрес и задыхаясь бегает. Я ему давал медиц‹инские› советы, как товарищ по болезни.</p>
<p>На самом же деле я сейчас на редкость здоров и готов к жизни. Мы ее начнем, куда бы и где бы ни бросила судьба. Сейчас я буду сильнее стихов. Довольно им помыкать нами. Давай-ка взбунтуемся! Тогда-то стихи запляшут по нашей дудке, и пусть их никто не смеет хвалить. Целую твои умные ясные глаза, твой старенький молоденький лобик. Мама временами остроумна. Ей начинает нравиться наша жизнь. Какой ужас! Надик, приезжай к нам и не отпустим маму. Целую детку мою и жду.</p>
<p>Ты не обидишься, что лобик стареньким назвал?</p>
</div2>
</div1>
</body>
</text>
</tei>
