<?xml version='1.0' encoding='UTF8'?>
<tei xmlns="http://www.tei-c.org/ns/1.0">
<teiheader>
<filedesc>
<titlestmt>
<title>Письма. 221. В. Я. Хазиной, ‹начало апреля 1937 г.›</title>
<author>О.Э. Мандельштам</author>
</titlestmt>
<publicationstmt>
<p>АРТ-БИЗНЕС-ЦЕНТР МОСКВА 1993</p>
<biblstruct>
<biblscope n="" type="volume"></biblscope>
<biblscope n="" type="part"></biblscope>
</biblstruct></publicationstmt>
<sourcedesc>
<p>Издание подготовлено Мандельштамовским обществом</p>
</sourcedesc>
<respstmt>
<resp>Подготовка и разметка файлов - Алексей Литвинцев, Вероника Файнберг. Создание
          электронного ресурса - Тимофей Молчанов. Руководители проекта - Центр Digital Humanities,
          Мандельштамовское общество (НИУ ВШЭ).</resp>
</respstmt></filedesc>
<profiledesc>
<textdesc n="letter"></textdesc>
<textclass>
<catref target="Series([], Name: ID, dtype: object)" type="ID"></catref>
<catref target="Series([], Name: Источник, dtype: object)" type="Источник"></catref>
<catref target="Series([], Name: Жанр художественной литературы, dtype: object)" type="Жанр художественной литературы"></catref>
<catref target="Series([], Name: Уточнение жанра 1, dtype: object)" type="Уточнение жанра"></catref>
<catref target="Series([], Name: Метр, dtype: object)" type="Метр"></catref>
<catref target="Series([], Name: Длина строки, dtype: object)" type="Длина строки"></catref>
<catref target="Series([], Name: Клаузула, dtype: object)" type="Клаузула"></catref>
<catref target="Series([], Name: Уточнение клаузулы 1, dtype: object)" type="Уточнение клаузулы"></catref>
<catref target="Series([], Name: Классическая строфа, dtype: object)" type="Классическая строфа"></catref>
<catref target="Series([], Name: Рифма, dtype: object)" type="Рифма"></catref>
<catref target="Series([], Name: Схема рифмовки, dtype: object)" type="Схема рифмовки"></catref>
<catref target="Series([], Name: Метрическая формула, dtype: object)" type="Метрическая формула"></catref>
<catref target="Series([], Name: Дополнительные параметры, dtype: object)" type="Дополнительные параметры"></catref>
<catref target="Series([], Name: Число строк, dtype: int64)" type="Число строк"></catref>
<catref target="Series([], Name: Автор оригинала, dtype: object)" type="Автор оригинала"></catref>
<catref target="Series([], Name: Язык оригинала, dtype: object)" type="Язык оригинала"></catref>
</textclass></profiledesc>
</teiheader>
<text>
<body>
<div1 n="4" type="volume">
<div2 n="221" type="part">
<head>221.
В. Я. ХАЗИНОЙ, </head>
<p>Обращаюсь к вам с большой просьбой: приезжайте, поживите со мной. Дайте возможность Наденьке спокойно съездить по неотложным делам. Ехать ей придется на этот раз надолго. Почему я вас об этом прошу? Сейчас объясню.</p>
<p>Как только уезжает Надя, у меня начинается мучительное </p>
<p> заболевание. Оно сводится к следующему: за последние годы у меня развилось астматическое состояние. </p>
<p>Но при Наде это протекает мирно. Стоит ей уехать — я начинаю буквально задыхаться. Субъективно это невыносимо: ощущение конца. Каждая минута тянется вечностью. Один не могу сделать шага. Привыкнуть нельзя. В прошлый отъезд (7 дней) со дня на день делалось хуже. Остаться со мной некому. Успокаивают меня только </p>
<p> люди. А у нас и чужих знакомых почти нет. В прошлый раз я перенес это как острую болезнь. Дошел накануне Надиного приезда до того, что хотел явиться в любую больницу. Цеплялся за людей. Сидел часами в чужих местах (в учреждении, среди рабочего дня) — лишь бы быть около кого-нибудь.</p>
<p>Я тогда заклялся, что больше этого не перенесу. Потом остается глубокий след.</p>
<p>Это заболевание имеет много глубоких причин. Что делать? Вся надежда на ваш приезд. В остальном — я совершенно нормальный человек. Поверьте, что я не буду вам в тягость и вы даже не догадаетесь, не поверите мне, какую услугу вы оказываете мне и Наде.</p>
<p>Побыть со мной придется </p>
<p> две недели. Бытовые условия будут хорошие. Уютнейшая комната. Славная хозяйка. Лестницы нет. Все близко. Телефон рядом. Центр. Весна в Воронеже чудесная. Мы даже за город с вами поедем.<rs ref="Москва" type="geo_index"></rs></p>
<p>А без вас — болезнь и невыносимое по остроте и физическое и психическое состояние.</p>
<p>Я прошу вас не замалчивать моего письма. Прошу ответить на него немедленно телеграммой. Письмо покажит�� Евг‹ению› Як‹овлевичу› и Шуре. Они вам помогут выехать. Крепко верю в ваше желание нам помочь.</p>
</div2>
</div1>
</body>
</text>
</tei>
