<?xml version='1.0' encoding='UTF8'?>
<tei xmlns="http://www.tei-c.org/ns/1.0">
<teiheader>
<filedesc>
<titlestmt>
<title>Письма. 225. Н. Я. Мандельштам, 19 апреля ‹1937 г.›</title>
<author>О.Э. Мандельштам</author>
</titlestmt>
<publicationstmt>
<p>АРТ-БИЗНЕС-ЦЕНТР МОСКВА 1993</p>
<biblstruct>
<biblscope n="" type="volume"></biblscope>
<biblscope n="" type="part"></biblscope>
</biblstruct></publicationstmt>
<sourcedesc>
<p>Издание подготовлено Мандельштамовским обществом</p>
</sourcedesc>
<respstmt>
<resp>Подготовка и разметка файлов - Алексей Литвинцев, Вероника Файнберг. Создание
          электронного ресурса - Тимофей Молчанов. Руководители проекта - Центр Digital Humanities,
          Мандельштамовское общество (НИУ ВШЭ).</resp>
</respstmt></filedesc>
<profiledesc>
<textdesc n="letter"></textdesc>
<textclass>
<catref target="Series([], Name: ID, dtype: object)" type="ID"></catref>
<catref target="Series([], Name: Источник, dtype: object)" type="Источник"></catref>
<catref target="Series([], Name: Жанр художественной литературы, dtype: object)" type="Жанр художественной литературы"></catref>
<catref target="Series([], Name: Уточнение жанра 1, dtype: object)" type="Уточнение жанра"></catref>
<catref target="Series([], Name: Метр, dtype: object)" type="Метр"></catref>
<catref target="Series([], Name: Длина строки, dtype: object)" type="Длина строки"></catref>
<catref target="Series([], Name: Клаузула, dtype: object)" type="Клаузула"></catref>
<catref target="Series([], Name: Уточнение клаузулы 1, dtype: object)" type="Уточнение клаузулы"></catref>
<catref target="Series([], Name: Классическая строфа, dtype: object)" type="Классическая строфа"></catref>
<catref target="Series([], Name: Рифма, dtype: object)" type="Рифма"></catref>
<catref target="Series([], Name: Схема рифмовки, dtype: object)" type="Схема рифмовки"></catref>
<catref target="Series([], Name: Метрическая формула, dtype: object)" type="Метрическая формула"></catref>
<catref target="Series([], Name: Дополнительные параметры, dtype: object)" type="Дополнительные параметры"></catref>
<catref target="Series([], Name: Число строк, dtype: int64)" type="Число строк"></catref>
<catref target="Series([], Name: Автор оригинала, dtype: object)" type="Автор оригинала"></catref>
<catref target="Series([], Name: Язык оригинала, dtype: object)" type="Язык оригинала"></catref>
</textclass></profiledesc>
</teiheader>
<text>
<body>
<div1 n="4" type="volume">
<div2 n="225" type="part">
<head>225.
Н. Я. МАНДЕЛЬШТАМ, </head>
<p>Утром получили твое вокзальное письмо. Почтальон невероятно громко постучал в окно. Потом кошка прогнала Тому. Утром мама говорила о врожденности характеров детей. Вчера история семьи Корнгольдов. Вчера мы оба, понадеявшись друг на друга, вышли в лавку без денег: дошли и вернулись. Бабушка погасила свет выключателем. Я нечаянно исправил.</p>
<p>Вчера мы с мамой пошли в Дом Красной Армии. Я омолодился там в роскошной парикмахерской за 2 р. 50 к. Концерт оказался бесплатным, по особым пропускам. Я взял два: себе и маме. Но пришла Наташа — и ей не дали пропуска. И мама ушла домой (уступив свой Наташе) очень неохотно: так ей понравился Дом Красной Армии. Себастьян плясал как сириец, нубиец и фригиец плюс еврей. А играли очень хорошо.<rs ref="Москва" type="geo_index"></rs><rs ref="Москва" type="geo_index"></rs><rs ref="Себастьян" type="person"></rs></p>
<p>Сейчас заказал с утра срочный телефон Жени на 12 ночи с предупр‹еждением›. И то не наверное. Надик, ты живи у нас дома, а то устанешь по гостям. Я буду стараться звонить по утрам от 8½ до 9. Если это невозможно — телеграфируй. Дедушке скажи, что я хочу его видеть. Пусть он мне напишет. Болезнь быть без тебя протекает довольно мирно (благодаря маме), но все-таки болезнь. Считаю дни и минуты до возвращения твоего. Если обстоятельства на это укажут, зайди в «Знамя». А то и нет? Буду писать каждое утро. А ты телеграфируй, если звонок не удастся. Зайди к врачу. </p>
<p> Целую тебя, моя родная.</p>
<p>Родной мой, люблю тебя и так хочу быть с тобой. Ау? Надинька! Дай лобик, солнышко мое!</p>
</div2>
</div1>
</body>
</text>
</tei>
