<?xml version='1.0' encoding='UTF8'?>
<tei xmlns="http://www.tei-c.org/ns/1.0">
<teiheader>
<filedesc>
<titlestmt>
<title>Письма. 226. Н. Я. Мандельштам, 22 апреля 1937 г.</title>
<author>О.Э. Мандельштам</author>
</titlestmt>
<publicationstmt>
<p>АРТ-БИЗНЕС-ЦЕНТР МОСКВА 1993</p>
<biblstruct>
<biblscope n="" type="volume"></biblscope>
<biblscope n="" type="part"></biblscope>
</biblstruct></publicationstmt>
<sourcedesc>
<p>Издание подготовлено Мандельштамовским обществом</p>
</sourcedesc>
<respstmt>
<resp>Подготовка и разметка файлов - Алексей Литвинцев, Вероника Файнберг. Создание
          электронного ресурса - Тимофей Молчанов. Руководители проекта - Центр Digital Humanities,
          Мандельштамовское общество (НИУ ВШЭ).</resp>
</respstmt></filedesc>
<profiledesc>
<textdesc n="letter"></textdesc>
<textclass>
<catref target="Series([], Name: ID, dtype: object)" type="ID"></catref>
<catref target="Series([], Name: Источник, dtype: object)" type="Источник"></catref>
<catref target="Series([], Name: Жанр художественной литературы, dtype: object)" type="Жанр художественной литературы"></catref>
<catref target="Series([], Name: Уточнение жанра 1, dtype: object)" type="Уточнение жанра"></catref>
<catref target="Series([], Name: Метр, dtype: object)" type="Метр"></catref>
<catref target="Series([], Name: Длина строки, dtype: object)" type="Длина строки"></catref>
<catref target="Series([], Name: Клаузула, dtype: object)" type="Клаузула"></catref>
<catref target="Series([], Name: Уточнение клаузулы 1, dtype: object)" type="Уточнение клаузулы"></catref>
<catref target="Series([], Name: Классическая строфа, dtype: object)" type="Классическая строфа"></catref>
<catref target="Series([], Name: Рифма, dtype: object)" type="Рифма"></catref>
<catref target="Series([], Name: Схема рифмовки, dtype: object)" type="Схема рифмовки"></catref>
<catref target="Series([], Name: Метрическая формула, dtype: object)" type="Метрическая формула"></catref>
<catref target="Series([], Name: Дополнительные параметры, dtype: object)" type="Дополнительные параметры"></catref>
<catref target="Series([], Name: Число строк, dtype: int64)" type="Число строк"></catref>
<catref target="Series([], Name: Автор оригинала, dtype: object)" type="Автор оригинала"></catref>
<catref target="Series([], Name: Язык оригинала, dtype: object)" type="Язык оригинала"></catref>
</textclass></profiledesc>
</teiheader>
<text>
<body>
<div1 n="4" type="volume">
<div2 n="226" type="part">
<head>226.
Н. Я. МАНДЕЛЬШТАМ, </head>
<p>Это второе мое письмо. Я, конечно, дурак — не так ли? — но я не понимаю, чего ты ждешь в Москве. Ну и пусть не понимаю. А если ты сидишь в Москве, значит, нужно. Этот раз твой отъезд переношу трудно, но спокойнее. Мама твоя очень помогает — всем своим существом, вплоть до раздражающих моментов. Все это отрезвляет и прикрепляет к жизни. Мы не ссоримся. Я очень молчалив и ничего не могу поделать, хотя знаю, что ей это неприятно. Много времени на воздухе. Хожу один возле дома. Стихи мои, наверное, гораздо хуже прежних. Ты не скрывай. Беда не велика. Перескочим через них. Будем жить — так и стихи будут. Здоровье мое хорошо, если бы не одышка. Но это настолько серьезно, что я могу <rs ref="Москва" type="geo_index"></rs><rs ref="Москва" type="geo_index"></rs></p>
<p> с тобой и при тебе. Вторая поездка меня очень смущает. А при тебе и одышка гораздо легче. Впрочем, от воздуха облегчение несомненное. Читать почти не могу. Всякая книга неприятна. И читать могу только при тебе. Вопрос ясен: можем ли мы быть вместе? Остальное, по-моему, неважно. Никто не заходит. И Наташа была всего 2 раза.</p>
<p>Снова я равнодушен ко всему, кроме твоего приезда. Выясни свою болезнь. Как можно тщательнее. Неделя кажется мне огромным сроком. Писем твоих нет. Голос твой звучит так, будто из недели выйдут две и т. д.</p>
<p>Не считай моего письма упадочным. Просто ты уехала и я притих. Все, что мы с тобой говорили, правильно. Мы совсем не слабые люди. И в очень трудную минуту сумеем поступить так, как нужно. Не рассчитывай на телефон. Москвы почти не дают. Каждый звонок — случайность. В случае заминки — телеграфируй несколько слов. Шуре скажи: «То, что он <rs ref="Москва" type="geo_index"></rs><rs ref="Москва" type="geo_index"></rs></p>
<p> ответил на мое письмо — непоправимо — может больше не тревожиться». Обязательно точно передай.</p>
<p>Ну до свиданья, мой родной друг. Жду тебя. Люблю тебя.</p>
</div2>
</div1>
</body>
</text>
</tei>
