<?xml version='1.0' encoding='UTF8'?>
<tei xmlns="http://www.tei-c.org/ns/1.0">
<teiheader>
<filedesc>
<titlestmt>
<title>Письма. 230. В Секретариат Союза советских писателей, ‹около 30 апреля 1937 г.›</title>
<author>О.Э. Мандельштам</author>
</titlestmt>
<publicationstmt>
<p>АРТ-БИЗНЕС-ЦЕНТР МОСКВА 1993</p>
<biblstruct>
<biblscope n="" type="volume"></biblscope>
<biblscope n="" type="part"></biblscope>
</biblstruct></publicationstmt>
<sourcedesc>
<p>Издание подготовлено Мандельштамовским обществом</p>
</sourcedesc>
<respstmt>
<resp>Подготовка и разметка файлов - Алексей Литвинцев, Вероника Файнберг. Создание
          электронного ресурса - Тимофей Молчанов. Руководители проекта - Центр Digital Humanities,
          Мандельштамовское общество (НИУ ВШЭ).</resp>
</respstmt></filedesc>
<profiledesc>
<textdesc n="letter"></textdesc>
<textclass>
<catref target="Series([], Name: ID, dtype: object)" type="ID"></catref>
<catref target="Series([], Name: Источник, dtype: object)" type="Источник"></catref>
<catref target="Series([], Name: Жанр художественной литературы, dtype: object)" type="Жанр художественной литературы"></catref>
<catref target="Series([], Name: Уточнение жанра 1, dtype: object)" type="Уточнение жанра"></catref>
<catref target="Series([], Name: Метр, dtype: object)" type="Метр"></catref>
<catref target="Series([], Name: Длина строки, dtype: object)" type="Длина строки"></catref>
<catref target="Series([], Name: Клаузула, dtype: object)" type="Клаузула"></catref>
<catref target="Series([], Name: Уточнение клаузулы 1, dtype: object)" type="Уточнение клаузулы"></catref>
<catref target="Series([], Name: Классическая строфа, dtype: object)" type="Классическая строфа"></catref>
<catref target="Series([], Name: Рифма, dtype: object)" type="Рифма"></catref>
<catref target="Series([], Name: Схема рифмовки, dtype: object)" type="Схема рифмовки"></catref>
<catref target="Series([], Name: Метрическая формула, dtype: object)" type="Метрическая формула"></catref>
<catref target="Series([], Name: Дополнительные параметры, dtype: object)" type="Дополнительные параметры"></catref>
<catref target="Series([], Name: Число строк, dtype: int64)" type="Число строк"></catref>
<catref target="Series([], Name: Автор оригинала, dtype: object)" type="Автор оригинала"></catref>
<catref target="Series([], Name: Язык оригинала, dtype: object)" type="Язык оригинала"></catref>
</textclass></profiledesc>
</teiheader>
<text>
<body>
<div1 n="4" type="volume">
<div2 n="230" type="part">
<head>230.
В СЕКРЕТАРИАТ СОЮЗА СОВЕТСКИХ ПИСАТЕЛЕЙ,</head>
<p>Прошу Союз Советских Писателей расследовать и проверить позорящие меня высказывания воронежского областного отделения Союза.</p>
<p>Вопреки утверждениям Обл‹астного› Отд‹еления› Союза, моя воронежская деятельность никогда не была </p>
<p> Обл‹астным› Отд‹елением›, но лишь голословно опорочена </p>
<p>. При первом же контакте с Союзом я со всей беспощадностью охарактеризовал свое политическое </p>
<p>, а не «ошибку», приведшее меня к адмвысылке.</p>
<p>За весь короткий период моего контакта с Союзом (с октября 34 г.— по август 35 г.) и до последних дней я настойчиво добивался в Союзе и через Союз советского партийного руководства своей работой, но получал его лишь урывками, при постоянной уклончивости руководителей обл‹астного› отделения.</p>
<p>Последние 1½ года Союз </p>
<p> отказывается рассматривать мою работу и входить со мной в переговоры.</p>
<p>Если как художник (поэт) я могу оказать «влияние» на окружающих — то в этом нет моей вины, а между тем это </p>
<p>, что мне ставится обл‹астным› отд‹елением› в вину и кладется в основу убийственных политических обвинений, выводимых из моей </p>
<p> деятельности поэта и литработника.</p>
<p>Располагая моим заявлением к минскому пленуму, содержащим ряд серьезных политических высказываний — Союз, который это заявление принял и переслал в Москву, до сих пор не объявил его двурушническим, что является признаком непоследовательности.<rs ref="Москва" type="geo_index"></rs><rs ref="Москва" type="geo_index"></rs></p>
<p>Принципиальное устранение меня от общения с Союзом никогда не имело места. Летом 35 года мне было заявлено: «Мы вас не считаем врагом, ни в чем не упрекаем, но не знаем, как относится к вам писательский центр, а потому воздерживаемся от дальнейшего ��отрудничества». </p>
<p> Союз рекомендовал меня (протоколом правления) на работу в городской театр.</p>
<p>Считаю нужным прибавить, что моя работа по другим линиям (театр, радиокомитет) не вызвала никаких общественных осуждений и была неоднократно и серьезно использована после соотв‹етствующей› политической проверки. Пресеклась она моей болезнью.</p>
<p>Называя три фамилии (Стефан, Айч, Мандельштам), автор статьи от имени Союза предоставляет читателю и заинтересованным организациям самим разбираться: кто из трех троцкист. <rs ref="Мандельштам (Хазина), Надежда Яковлевна" type="person"></rs><rs ref="Стефан (Стефен), Александр Иванович" type="person"></rs></p>
<p> человека не дифференцированы, но названы: «троцкисты и другие классово-враждебные элементы».</p>
<p>Я считаю такой метод разоблачения недопустимым.</p>
<p>В результате меня позорят не за мою прошлую вину, а за то положительное, что я пытался сделать после, чтобы искупить ее и возродить себя к новой работе.</p>
<p>Фактически мне инкриминируется то, что я хотел себя поставить под контроль советской писательской организации.</p>
<p>Выписка из статьи О. Кретовой в газете «Коммуна» от 23 апреля 37 года (отчет о пленуме Областного отделения Союза Советских Писателей и статья о задачах литературы):<rs ref="Кретова, Ольга Капитоновна" type="person"></rs></p>
<p>«...За последние годы в организацию (воронежское обл‹астное› отд‹еление› союза сов‹етских› писателей)</p>
<p>пытались проникнуть и оказать свое влияние троцкисты и другие классово-враждебные люди (Стефан, Айч, О. Мандельштам), но были разоблачены. *<rs ref="Мандельштам (Хазина), Надежда Яковлевна" type="person"></rs><rs ref="Стефан (Стефен), Александр Иванович" type="person"></rs></p>
<p>Совсем другим было отношение Союза к людям, имевшим ошибки в прошлом, но исправляющим эти ошибки честной работой (воронежские писатели Завадовский и Песков)...»<rs ref="Завадовский, Леонид Николаевич" type="person"></rs><rs ref="Песков, Борис Глебович" type="person"></rs></p>
</div2>
</div1>
</body>
</text>
</tei>
