<?xml version='1.0' encoding='UTF8'?>
<tei xmlns="http://www.tei-c.org/ns/1.0">
<teiheader>
<filedesc>
<titlestmt>
<title>Письма. 233. Н. Я. Мандельштам, 2 мая ‹1937 г.›</title>
<author>О.Э. Мандельштам</author>
</titlestmt>
<publicationstmt>
<p>АРТ-БИЗНЕС-ЦЕНТР МОСКВА 1993</p>
<biblstruct>
<biblscope n="" type="volume"></biblscope>
<biblscope n="" type="part"></biblscope>
</biblstruct></publicationstmt>
<sourcedesc>
<p>Издание подготовлено Мандельштамовским обществом</p>
</sourcedesc>
<respstmt>
<resp>Подготовка и разметка файлов - Алексей Литвинцев, Вероника Файнберг. Создание
          электронного ресурса - Тимофей Молчанов. Руководители проекта - Центр Digital Humanities,
          Мандельштамовское общество (НИУ ВШЭ).</resp>
</respstmt></filedesc>
<profiledesc>
<textdesc n="letter"></textdesc>
<textclass>
<catref target="Series([], Name: ID, dtype: object)" type="ID"></catref>
<catref target="Series([], Name: Источник, dtype: object)" type="Источник"></catref>
<catref target="Series([], Name: Жанр художественной литературы, dtype: object)" type="Жанр художественной литературы"></catref>
<catref target="Series([], Name: Уточнение жанра 1, dtype: object)" type="Уточнение жанра"></catref>
<catref target="Series([], Name: Метр, dtype: object)" type="Метр"></catref>
<catref target="Series([], Name: Длина строки, dtype: object)" type="Длина строки"></catref>
<catref target="Series([], Name: Клаузула, dtype: object)" type="Клаузула"></catref>
<catref target="Series([], Name: Уточнение клаузулы 1, dtype: object)" type="Уточнение клаузулы"></catref>
<catref target="Series([], Name: Классическая строфа, dtype: object)" type="Классическая строфа"></catref>
<catref target="Series([], Name: Рифма, dtype: object)" type="Рифма"></catref>
<catref target="Series([], Name: Схема рифмовки, dtype: object)" type="Схема рифмовки"></catref>
<catref target="Series([], Name: Метрическая формула, dtype: object)" type="Метрическая формула"></catref>
<catref target="Series([], Name: Дополнительные параметры, dtype: object)" type="Дополнительные параметры"></catref>
<catref target="Series([], Name: Число строк, dtype: int64)" type="Число строк"></catref>
<catref target="Series([], Name: Автор оригинала, dtype: object)" type="Автор оригинала"></catref>
<catref target="Series([], Name: Язык оригинала, dtype: object)" type="Язык оригинала"></catref>
</textclass></profiledesc>
</teiheader>
<text>
<body>
<div1 n="4" type="volume">
<div2 n="233" type="part">
<head>233.
Н. Я. МАНДЕЛЬШТАМ, </head>
<p>Прости, что пишу на обороте твоих списков. Сохрани листки и привези. Для общезначимости пришлось приписать Наташе старшего брата и сестру, а также постулировать характер будущего мужа. Но то, что я ее уговариваю выйти замуж, — это вполне реально.</p>
<p>Как видишь, я занимаюсь вздором и далек от мрачных мыслей. Впрочем, день на день не похож. Сегодня утром мы с мамой пошли искать туфли на улицу Сити (Syty Strit)? Так? Я купил страшные синие — 25 р. К ним я хотел купить зеленые носки (при коричневых брюках), но мама не позволила. При этом старик-приказчик поговорил со мной о музыке (концертный знакомец).</p>
<p>Неужели нашлись любители на «Солдата»? Я хочу поблагодарить лично этих добряков. У нас испортился штепсель от машинки, и Адр‹иан› Фед‹орович› приделал к ней сложную висюльку, которая тоже портится. Но свет вообще отсыхает, и я пишу при лампе и свече.<rs ref="Адриан Федорович" type="person"></rs></p>
<p>Родненькая, прости, что я болтаю, когда ты накануне напряженья и т. д. Мне кажется, что мы должны перестать </p>
<p>. Эта способность у нас иссякла. Все что угодно, кроме ожиданья. Нам с тобой ничего не страшно. (Свет зажегся.) Мы вместе бесконечно, и это до такой степени растет, так грозно растет и так явно, что не боится </p>
<p>. Целую тебя, мой вечный и ясный друг. Увижу тебя скоро, увижу и обниму.</p>
</div2>
</div1>
</body>
</text>
</tei>
