<?xml version='1.0' encoding='UTF8'?>
<tei xmlns="http://www.tei-c.org/ns/1.0">
<teiheader>
<filedesc>
<titlestmt>
<title>Письма. 236. Н. Я. Мандельштам, 7 мая ‹1937 г.›</title>
<author>О.Э. Мандельштам</author>
</titlestmt>
<publicationstmt>
<p>АРТ-БИЗНЕС-ЦЕНТР МОСКВА 1993</p>
<biblstruct>
<biblscope n="" type="volume"></biblscope>
<biblscope n="" type="part"></biblscope>
</biblstruct></publicationstmt>
<sourcedesc>
<p>Издание подготовлено Мандельштамовским обществом</p>
</sourcedesc>
<respstmt>
<resp>Подготовка и разметка файлов - Алексей Литвинцев, Вероника Файнберг. Создание
          электронного ресурса - Тимофей Молчанов. Руководители проекта - Центр Digital Humanities,
          Мандельштамовское общество (НИУ ВШЭ).</resp>
</respstmt></filedesc>
<profiledesc>
<textdesc n="letter"></textdesc>
<textclass>
<catref target="Series([], Name: ID, dtype: object)" type="ID"></catref>
<catref target="Series([], Name: Источник, dtype: object)" type="Источник"></catref>
<catref target="Series([], Name: Жанр художественной литературы, dtype: object)" type="Жанр художественной литературы"></catref>
<catref target="Series([], Name: Уточнение жанра 1, dtype: object)" type="Уточнение жанра"></catref>
<catref target="Series([], Name: Метр, dtype: object)" type="Метр"></catref>
<catref target="Series([], Name: Длина строки, dtype: object)" type="Длина строки"></catref>
<catref target="Series([], Name: Клаузула, dtype: object)" type="Клаузула"></catref>
<catref target="Series([], Name: Уточнение клаузулы 1, dtype: object)" type="Уточнение клаузулы"></catref>
<catref target="Series([], Name: Классическая строфа, dtype: object)" type="Классическая строфа"></catref>
<catref target="Series([], Name: Рифма, dtype: object)" type="Рифма"></catref>
<catref target="Series([], Name: Схема рифмовки, dtype: object)" type="Схема рифмовки"></catref>
<catref target="Series([], Name: Метрическая формула, dtype: object)" type="Метрическая формула"></catref>
<catref target="Series([], Name: Дополнительные параметры, dtype: object)" type="Дополнительные параметры"></catref>
<catref target="Series([], Name: Число строк, dtype: int64)" type="Число строк"></catref>
<catref target="Series([], Name: Автор оригинала, dtype: object)" type="Автор оригинала"></catref>
<catref target="Series([], Name: Язык оригинала, dtype: object)" type="Язык оригинала"></catref>
</textclass></profiledesc>
</teiheader>
<text>
<body>
<div1 n="4" type="volume">
<div2 n="236" type="part">
<head>236.
Н. Я. МАНДЕЛЬШТАМ, </head>
<p>Вчера пришло твое письмо от 4-го, сегодня от 2-го. Детка, да тебе там делать нечего. У тебя Москва пустая? Куда ты тычешься? Как время тянешь?<rs ref="Москва" type="geo_index"></rs><rs ref="Москва" type="geo_index"></rs></p>
<p>А я совсем скис. И стихи побросал. И места себе не нахожу. Телефон взяли сегодня вечером под радио, а то бы услышал голос твой. Не хочу новостей. Хочу Надин голос. Последние дни я почти свободно выхожу один, изумляя воронежцев своей одинокой фигурой. Вчера раскачался даже к Наташе. Только в трамвае №3 чуть-чуть испугался. На сватовские стихи Наташа говорит, что они «что-то знакомое — вроде Лермонтова», т. е. вторичны, литература. Маленький парк ценит. А «Железо» — это и есть железо. Она работает сейчас по 10 часов и почти не заходит. Мы с мамой абсолютно одни. Мы да кошка с сыном. Мама разучилась со мной ссориться. Царапина от куриной лапы почти исчезла. Мама постирала мне синюю рубашку и твое бельишко. На персов я только облизываюсь. Ничему хорошему не верю. Так лучше. А твоя звездочка — чу-чу — очень как хороша. Все больше. Надик, привези мою прозу. Если будем жить — выучи меня англичанам. 75 р. пришли сегодня. Прошлый раз телеграфист пил у нас чай. Надик, от письма легче: начинаю болтать и улыбаться.<rs ref="Лермонтов, Михаил Юрьевич" type="person"></rs></p>
<p>Я жду тебя — моя жена, моя дочка, мой друг. Скорей, скорей.</p>
<p>Сейчас пойду </p>
<p> опущу письмо около «Коммуны».</p>
</div2>
</div1>
</body>
</text>
</tei>
