<?xml version='1.0' encoding='UTF8'?>
<tei xmlns="http://www.tei-c.org/ns/1.0">
<teiheader>
<filedesc>
<titlestmt>
<title>Письма. 238. В. П. Ставскому, ‹июнь 1937 г.›</title>
<author>О.Э. Мандельштам</author>
</titlestmt>
<publicationstmt>
<p>АРТ-БИЗНЕС-ЦЕНТР МОСКВА 1993</p>
<biblstruct>
<biblscope n="" type="volume"></biblscope>
<biblscope n="" type="part"></biblscope>
</biblstruct></publicationstmt>
<sourcedesc>
<p>Издание подготовлено Мандельштамовским обществом</p>
</sourcedesc>
<respstmt>
<resp>Подготовка и разметка файлов - Алексей Литвинцев, Вероника Файнберг. Создание
          электронного ресурса - Тимофей Молчанов. Руководители проекта - Центр Digital Humanities,
          Мандельштамовское общество (НИУ ВШЭ).</resp>
</respstmt></filedesc>
<profiledesc>
<textdesc n="letter"></textdesc>
<textclass>
<catref target="Series([], Name: ID, dtype: object)" type="ID"></catref>
<catref target="Series([], Name: Источник, dtype: object)" type="Источник"></catref>
<catref target="Series([], Name: Жанр художественной литературы, dtype: object)" type="Жанр художественной литературы"></catref>
<catref target="Series([], Name: Уточнение жанра 1, dtype: object)" type="Уточнение жанра"></catref>
<catref target="Series([], Name: Метр, dtype: object)" type="Метр"></catref>
<catref target="Series([], Name: Длина строки, dtype: object)" type="Длина строки"></catref>
<catref target="Series([], Name: Клаузула, dtype: object)" type="Клаузула"></catref>
<catref target="Series([], Name: Уточнение клаузулы 1, dtype: object)" type="Уточнение клаузулы"></catref>
<catref target="Series([], Name: Классическая строфа, dtype: object)" type="Классическая строфа"></catref>
<catref target="Series([], Name: Рифма, dtype: object)" type="Рифма"></catref>
<catref target="Series([], Name: Схема рифмовки, dtype: object)" type="Схема рифмовки"></catref>
<catref target="Series([], Name: Метрическая формула, dtype: object)" type="Метрическая формула"></catref>
<catref target="Series([], Name: Дополнительные параметры, dtype: object)" type="Дополнительные параметры"></catref>
<catref target="Series([], Name: Число строк, dtype: int64)" type="Число строк"></catref>
<catref target="Series([], Name: Автор оригинала, dtype: object)" type="Автор оригинала"></catref>
<catref target="Series([], Name: Язык оригинала, dtype: object)" type="Язык оригинала"></catref>
</textclass></profiledesc>
</teiheader>
<text>
<body>
<div1 n="4" type="volume">
<div2 n="238" type="part">
<head>238.
В. П. СТАВСКОМУ, </head>
<p>Вынужден вам сообщить, что на запрос о моем здоровьи вы получили от аппарата Литфонда </p>
<p> сведения.</p>
<p>Характеристика: «средне-тяжелый хронический больной» не передает состояния. По существу это значит </p>
<p> — и только.</p>
<p>Эти сведения резко противоречат письменным справкам </p>
<p> врачей от Литфонда и районной городской амбулатории.</p>
<p>Прилагаю подлинные документы и ставлю вопрос: хочу жить и работать; стоит ли сделать минимум реального для моего восстановления?</p>
<p>Если не теперь — то когда?</p>
<p>P.S.</p>
<p>Фактически по медицинской линии Литфонда произошло следующее: меня обследовали (в течение трех недель), причем врачи нашли </p>
<p> больным и — постановили воздержаться от лечебной помощи.</p>
<p>Даже ряд исследований, предписанных проф‹ессором› Роменковой (терапевт), не был произведен. Окончательный диагноз не поставлен. Меры к лечению не указаны. В лечебной помощи отказано.<rs ref="Роменкова," type="person"></rs></p>
</div2>
</div1>
</body>
</text>
</tei>
