<?xml version='1.0' encoding='UTF8'?>
<tei xmlns="http://www.tei-c.org/ns/1.0">
<teiheader>
<filedesc>
<titlestmt>
<title>Письма. 235. Н. Я. Мандельштам, 4 мая ‹1937 г.›</title>
<author>О.Э. Мандельштам</author>
</titlestmt>
<publicationstmt>
<p>АРТ-БИЗНЕС-ЦЕНТР МОСКВА 1993</p>
<biblstruct>
<biblscope n="" type="volume"></biblscope>
<biblscope n="" type="part"></biblscope>
</biblstruct></publicationstmt>
<sourcedesc>
<p>Издание подготовлено Мандельштамовским обществом</p>
</sourcedesc>
<respstmt>
<resp>Подготовка и разметка файлов - Алексей Литвинцев, Вероника Файнберг. Создание
          электронного ресурса - Тимофей Молчанов. Руководители проекта - Центр Digital Humanities,
          Мандельштамовское общество (НИУ ВШЭ).</resp>
</respstmt></filedesc>
<profiledesc>
<textdesc n="letter"></textdesc>
<textclass>
<catref target="Series([], Name: ID, dtype: object)" type="ID"></catref>
<catref target="Series([], Name: Источник, dtype: object)" type="Источник"></catref>
<catref target="Series([], Name: Жанр художественной литературы, dtype: object)" type="Жанр художественной литературы"></catref>
<catref target="Series([], Name: Уточнение жанра 1, dtype: object)" type="Уточнение жанра"></catref>
<catref target="Series([], Name: Метр, dtype: object)" type="Метр"></catref>
<catref target="Series([], Name: Длина строки, dtype: object)" type="Длина строки"></catref>
<catref target="Series([], Name: Клаузула, dtype: object)" type="Клаузула"></catref>
<catref target="Series([], Name: Уточнение клаузулы 1, dtype: object)" type="Уточнение клаузулы"></catref>
<catref target="Series([], Name: Классическая строфа, dtype: object)" type="Классическая строфа"></catref>
<catref target="Series([], Name: Рифма, dtype: object)" type="Рифма"></catref>
<catref target="Series([], Name: Схема рифмовки, dtype: object)" type="Схема рифмовки"></catref>
<catref target="Series([], Name: Метрическая формула, dtype: object)" type="Метрическая формула"></catref>
<catref target="Series([], Name: Дополнительные параметры, dtype: object)" type="Дополнительные параметры"></catref>
<catref target="Series([], Name: Число строк, dtype: int64)" type="Число строк"></catref>
<catref target="Series([], Name: Автор оригинала, dtype: object)" type="Автор оригинала"></catref>
<catref target="Series([], Name: Язык оригинала, dtype: object)" type="Язык оригинала"></catref>
</textclass></profiledesc>
</teiheader>
<text>
<body>
<div1 n="4" type="volume">
<div2 n="235" type="part">
<head>235.
Н. Я. МАНДЕЛЬШТАМ, </head>
<p>Только пришел домой и сочинил безделицу. Ее прилагаю. Горько и пусто мне сочинять без тебя. Мама — равнодушна к «Квакушам», «Наташу» хвалит, «Черемуху» промолчала.</p>
<p>Дней 10 назад я поссорился с нашей хозяйкой [я кричал о петухе в пространство: она приняла пафос на свой счет] (очень деликатно, но все же она говорила кислые слова) из-за петуха. Все это забыто. Деликатность удивительная. Денег не брала. Терпенье сверх меры.</p>
<p>По поводу же нападенья курицы на маму. Никакой царапины серьезной нет. Шрам заживает. Черт знает какой вздор пишу. Гоголь такого не выдумает.<rs ref="Гоголь, Николай Васильевич" type="person"></rs></p>
<p>Солнышко мое, если тебя неудача постигнет, умоляю тебя, приезжай веселая. Помни, что нам с тобой отчаиваться стыдно. Кто его знает, что будет? Что-нибудь... Переживем... Вот как, дитя мое.</p>
<p>И еще умоляю, если задержишься: не отказывай себе. Не балуй нас. Целую тебя, мою родную.</p>
</div2>
</div1>
</body>
</text>
</tei>
