<?xml version='1.0' encoding='UTF8'?>
<tei xmlns="http://www.tei-c.org/ns/1.0">
<teiheader>
<filedesc>
<titlestmt>
<title>Письма. 245. Э. В. Мандельштаму, [16 апреля 1938 г.]</title>
<author>О.Э. Мандельштам</author>
</titlestmt>
<publicationstmt>
<p>АРТ-БИЗНЕС-ЦЕНТР МОСКВА 1993</p>
<biblstruct>
<biblscope n="" type="volume"></biblscope>
<biblscope n="" type="part"></biblscope>
</biblstruct></publicationstmt>
<sourcedesc>
<p>Издание подготовлено Мандельштамовским обществом</p>
</sourcedesc>
<respstmt>
<resp>Подготовка и разметка файлов - Алексей Литвинцев, Вероника Файнберг. Создание
          электронного ресурса - Тимофей Молчанов. Руководители проекта - Центр Digital Humanities,
          Мандельштамовское общество (НИУ ВШЭ).</resp>
</respstmt></filedesc>
<profiledesc>
<textdesc n="letter"></textdesc>
<textclass>
<catref target="Series([], Name: ID, dtype: object)" type="ID"></catref>
<catref target="Series([], Name: Источник, dtype: object)" type="Источник"></catref>
<catref target="Series([], Name: Жанр художественной литературы, dtype: object)" type="Жанр художественной литературы"></catref>
<catref target="Series([], Name: Уточнение жанра 1, dtype: object)" type="Уточнение жанра"></catref>
<catref target="Series([], Name: Метр, dtype: object)" type="Метр"></catref>
<catref target="Series([], Name: Длина строки, dtype: object)" type="Длина строки"></catref>
<catref target="Series([], Name: Клаузула, dtype: object)" type="Клаузула"></catref>
<catref target="Series([], Name: Уточнение клаузулы 1, dtype: object)" type="Уточнение клаузулы"></catref>
<catref target="Series([], Name: Классическая строфа, dtype: object)" type="Классическая строфа"></catref>
<catref target="Series([], Name: Рифма, dtype: object)" type="Рифма"></catref>
<catref target="Series([], Name: Схема рифмовки, dtype: object)" type="Схема рифмовки"></catref>
<catref target="Series([], Name: Метрическая формула, dtype: object)" type="Метрическая формула"></catref>
<catref target="Series([], Name: Дополнительные параметры, dtype: object)" type="Дополнительные параметры"></catref>
<catref target="Series([], Name: Число строк, dtype: int64)" type="Число строк"></catref>
<catref target="Series([], Name: Автор оригинала, dtype: object)" type="Автор оригинала"></catref>
<catref target="Series([], Name: Язык оригинала, dtype: object)" type="Язык оригинала"></catref>
</textclass></profiledesc>
</teiheader>
<text>
<body>
<div1 n="4" type="volume">
<div2 n="245" type="part">
<head>245.
Э. В. МАНДЕЛЬШТАМУ, </head>
<p>Мы с Надей уже второй месяц в доме отдыха. На два месяца. Уедем отсюда в начале мая. Отправил сюда Союз Писателей (Литфонд). Перед отъездом я пытался получить работу, и ничего пока не вышло. Куда мы отсюда поедем — неизвестно. Но надо думать, что после такого внимания, после такой заботы о нас, придет и работа. Здесь очень простое, скромное и глухое место. 4½ часа по Казанской дороге. Потом 24 километра на лошадях. Мы приехали, еще снег лежал. Нас поместили в отдельный домик, где никто, кроме нас, не живет. А в главном доме такой шум, такой рев, пенье, топот и пляска, что мы бы не могли там выдержать: чуть-чуть не бросили и не вернулись в Москву. Так или иначе, мы получили глубокий отдых, покой на 2 месяца. Этого отдыха осталось еще 3 недели. Мое здоровье лучше. Только одышка да глаза ослабели. И очень тяжело без подходящего общества. Читаю мало: утомляюсь быстро от книг, и очки неудачные.<rs ref="Москва" type="geo_index"></rs><rs ref="Москва" type="geo_index"></rs></p>
<p>Надино здоровье неважно. У нее болезнь печени или желудка и что-то вроде сердечной астмы. Последняя новость — часто задыхается, и все боли в животе. Много лежит. Придется ее исследовать в Москве.<rs ref="Москва" type="geo_index"></rs><rs ref="Москва" type="geo_index"></rs></p>
<p>У нас сейчас нет нигде никакого дома, и все дальнейшее зависит от Союза Писателей. Уже целый год Союз не может решить принципиально: что делать с моими новыми стихами и на какие средства нам жить. Если я получу работу, мы поселимся на даче и будем жить семьей. </p>
<p> а еще возьмем Надину сестру Аню. Она очень больна. Квартиру в Москве мы теряем. Но главное: работа и быть вместе.<rs ref="Москва" type="geo_index"></rs><rs ref="Москва" type="geo_index"></rs></p>
<p>Крепко целую тебя. Горячо хочу видеть.</p>
<p>Жду немедленного ответа о твоем здоровье, самочувствии.</p>
<p>Остро тревожусь за тебя. Если не ответишь сразу — буду телеграфировать.</p>
<p>пиши о себе.</p>
<p>Лучше всего дай телеграмму: как здоровье.</p>
<p>Адрес мой: Ст. Кривандино Ленинской Ж. Д., пансионат Саматиха. Отвечай, сообщи о себе в тот же день.</p>
<p>Целую Вас... Пишите...</p>
</div2>
</div1>
</body>
</text>
</tei>
