<?xml version='1.0' encoding='UTF8'?>
<tei xmlns="http://www.tei-c.org/ns/1.0">
<teiheader>
<filedesc>
<titlestmt>
<title>Коллективные письма. В Московский горком писателей, 25 сентябри 1933 г.</title>
<author>О.Э. Мандельштам</author>
</titlestmt>
<publicationstmt>
<p>АРТ-БИЗНЕС-ЦЕНТР МОСКВА 1993</p>
<biblstruct>
<biblscope n="" type="volume"></biblscope>
<biblscope n="" type="part"></biblscope>
</biblstruct></publicationstmt>
<sourcedesc>
<p>Издание подготовлено Мандельштамовским обществом</p>
</sourcedesc>
<respstmt>
<resp>Подготовка и разметка файлов - Алексей Литвинцев, Вероника Файнберг. Создание
          электронного ресурса - Тимофей Молчанов. Руководители проекта - Центр Digital Humanities,
          Мандельштамовское общество (НИУ ВШЭ).</resp>
</respstmt></filedesc>
<profiledesc>
<textdesc n="letter"></textdesc>
<textclass>
<catref target="Series([], Name: ID, dtype: object)" type="ID"></catref>
<catref target="Series([], Name: Источник, dtype: object)" type="Источник"></catref>
<catref target="Series([], Name: Жанр художественной литературы, dtype: object)" type="Жанр художественной литературы"></catref>
<catref target="Series([], Name: Уточнение жанра 1, dtype: object)" type="Уточнение жанра"></catref>
<catref target="Series([], Name: Метр, dtype: object)" type="Метр"></catref>
<catref target="Series([], Name: Длина строки, dtype: object)" type="Длина строки"></catref>
<catref target="Series([], Name: Клаузула, dtype: object)" type="Клаузула"></catref>
<catref target="Series([], Name: Уточнение клаузулы 1, dtype: object)" type="Уточнение клаузулы"></catref>
<catref target="Series([], Name: Классическая строфа, dtype: object)" type="Классическая строфа"></catref>
<catref target="Series([], Name: Рифма, dtype: object)" type="Рифма"></catref>
<catref target="Series([], Name: Схема рифмовки, dtype: object)" type="Схема рифмовки"></catref>
<catref target="Series([], Name: Метрическая формула, dtype: object)" type="Метрическая формула"></catref>
<catref target="Series([], Name: Дополнительные параметры, dtype: object)" type="Дополнительные параметры"></catref>
<catref target="Series([], Name: Число строк, dtype: int64)" type="Число строк"></catref>
<catref target="Series([], Name: Автор оригинала, dtype: object)" type="Автор оригинала"></catref>
<catref target="Series([], Name: Язык оригинала, dtype: object)" type="Язык оригинала"></catref>
</textclass></profiledesc>
</teiheader>
<text>
<body>
<div1 n="4" type="volume">
<div2 n="248" type="part">
<head>248.
В Московский Горком писателей, </head>
<p>Просим принять в члены Горкома поэтессу В. А. Меркурьеву. Тов. Меркурьева родилась в 1876 г., и у нее имеется 30-летний стаж лирической работы. Несомненное дарование т. Меркурьевой было в свое время оценено рядом крупных поэтов прошлого. Поэзия М‹еркурьев›ой всецело принадлежит переходному до-Блоковскому периоду русской лирики, кот‹орый› подготовил символизм. Она является одним из тех немногих, оставшихся в тени, поэтов, кот‹орые› по мере сил способствовали подъему русской лирики после глухого реакционного периода 90-х годов.</p>
<p>Будучи связана условно-символической литературной манерой, т. М‹еркурье›ва все же сумела дать ряд выдающихся по мастерству лирических пьес, в которых найден своеобразный и здоровый язык для передачи сильных и зрелых переживаний.</p>
<p>Отрыв т. Меркурьевой от текущей литературы объясняется рядом биографических обстоятельств: до 1917-го г. проживала в г. Владикавказе, занималась педагогической</p>
<p>деятельностью в качестве учительницы. С 20-го года снова вернулась во Владикавказ, где и находилась по 33-й г. Мы полагаем, что принятие т. М‹еркурьев›ой в члены Горкома явится бесспорно положительным культурным актом по отношению к профессионально работающему даровитому поэту и поможет т. М‹еркурье›вой, поскольку она, несмотря на исключительно тяжелые материальные условия, не прекращает работу, развить наиболее ценные стороны своего дарованья.</p>
</div2>
</div1>
</body>
</text>
</tei>
