<?xml version='1.0' encoding='UTF8'?>
<tei xmlns="http://www.tei-c.org/ns/1.0">
<teiheader>
<filedesc>
<titlestmt>
<title>Письма. 246. А. Э. Мандельштаму и Н. Я. Мандельштам, [30 ноября 1938 г.]</title>
<author>О.Э. Мандельштам</author>
</titlestmt>
<publicationstmt>
<p>АРТ-БИЗНЕС-ЦЕНТР МОСКВА 1993</p>
<biblstruct>
<biblscope n="" type="volume"></biblscope>
<biblscope n="" type="part"></biblscope>
</biblstruct></publicationstmt>
<sourcedesc>
<p>Издание подготовлено Мандельштамовским обществом</p>
</sourcedesc>
<respstmt>
<resp>Подготовка и разметка файлов - Алексей Литвинцев, Вероника Файнберг. Создание
          электронного ресурса - Тимофей Молчанов. Руководители проекта - Центр Digital Humanities,
          Мандельштамовское общество (НИУ ВШЭ).</resp>
</respstmt></filedesc>
<profiledesc>
<textdesc n="letter"></textdesc>
<textclass>
<catref target="Series([], Name: ID, dtype: object)" type="ID"></catref>
<catref target="Series([], Name: Источник, dtype: object)" type="Источник"></catref>
<catref target="Series([], Name: Жанр художественной литературы, dtype: object)" type="Жанр художественной литературы"></catref>
<catref target="Series([], Name: Уточнение жанра 1, dtype: object)" type="Уточнение жанра"></catref>
<catref target="Series([], Name: Метр, dtype: object)" type="Метр"></catref>
<catref target="Series([], Name: Длина строки, dtype: object)" type="Длина строки"></catref>
<catref target="Series([], Name: Клаузула, dtype: object)" type="Клаузула"></catref>
<catref target="Series([], Name: Уточнение клаузулы 1, dtype: object)" type="Уточнение клаузулы"></catref>
<catref target="Series([], Name: Классическая строфа, dtype: object)" type="Классическая строфа"></catref>
<catref target="Series([], Name: Рифма, dtype: object)" type="Рифма"></catref>
<catref target="Series([], Name: Схема рифмовки, dtype: object)" type="Схема рифмовки"></catref>
<catref target="Series([], Name: Метрическая формула, dtype: object)" type="Метрическая формула"></catref>
<catref target="Series([], Name: Дополнительные параметры, dtype: object)" type="Дополнительные параметры"></catref>
<catref target="Series([], Name: Число строк, dtype: int64)" type="Число строк"></catref>
<catref target="Series([], Name: Автор оригинала, dtype: object)" type="Автор оригинала"></catref>
<catref target="Series([], Name: Язык оригинала, dtype: object)" type="Язык оригинала"></catref>
</textclass></profiledesc>
</teiheader>
<text>
<body>
<div1 n="4" type="volume">
<div2 n="246" type="part">
<head>246.
А. Э. МАНДЕЛЬШТАМУ И Н. Я. МАНДЕЛЬШТАМ,</head>
<p>Я нахожусь — Владивосток, СВИТЛ, 11-й барак. Получил 5 лет за к. р. д. по решению ОСО. Из Москвы, из Бутырок этап выехал 9 сентября, приехали 12 октября. Здоровье очень слабое, истощен до крайности, исхудал, неузнаваем почти, но посылать вещи, продукты и деньги не знаю, есть ли смысл. Попробуйте все-таки. Очень мерзну без вещей.<rs ref="Владивосток" type="geo_index"></rs><rs ref="Москва" type="geo_index"></rs><rs ref="Москва" type="geo_index"></rs></p>
<p>Родная Надинька, не знаю, жива ли ты, голубка моя. Ты, Шура, напиши о Наде мне сейчас же. Здесь транзитный пункт. В Колыму меня не взяли. Возможна зимовка.<rs ref="Колыма" type="geo_index"></rs></p>
<p>Родные мои, целую вас.</p>
<p>Шурочка, пишу еще. Последние дни я ходил на работу, и это подняло настроение.</p>
<p>Из лагеря нашего как транзитного отправляют в постоянные. Я, очевидно, попал в «отсев», и надо готовиться к зимовке.</p>
<p>И я прошу: пошлите мне радиограмму и деньги телеграфом.</p>
</div2>
</div1>
</body>
</text>
</tei>
