<?xml version='1.0' encoding='UTF8'?>
<tei xmlns="http://www.tei-c.org/ns/1.0">
<teiheader>
<filedesc>
<titlestmt>
<title>Пивные</title>
<author>О.Э. Мандельштам</author>
</titlestmt>
<publicationstmt>
<p>АРТ-БИЗНЕС-ЦЕНТР МОСКВА 1993</p>
<biblstruct>
<biblscope n="" type="volume"></biblscope>
<biblscope n="" type="part"></biblscope>
</biblstruct></publicationstmt>
<sourcedesc>
<p>Издание подготовлено Мандельштамовским обществом</p>
</sourcedesc>
<respstmt>
<resp>Подготовка и разметка файлов - Алексей Литвинцев, Вероника Файнберг. Создание
          электронного ресурса - Тимофей Молчанов. Руководители проекта - Центр Digital Humanities,
          Мандельштамовское общество (НИУ ВШЭ).</resp>
</respstmt></filedesc>
<profiledesc>
<textdesc n="prose"></textdesc>
<textclass>
<catref target="Series([], Name: ID, dtype: object)" type="ID"></catref>
<catref target="Series([], Name: Источник, dtype: object)" type="Источник"></catref>
<catref target="Series([], Name: Жанр художественной литературы, dtype: object)" type="Жанр художественной литературы"></catref>
<catref target="Series([], Name: Уточнение жанра 1, dtype: object)" type="Уточнение жанра"></catref>
<catref target="Series([], Name: Метр, dtype: object)" type="Метр"></catref>
<catref target="Series([], Name: Длина строки, dtype: object)" type="Длина строки"></catref>
<catref target="Series([], Name: Клаузула, dtype: object)" type="Клаузула"></catref>
<catref target="Series([], Name: Уточнение клаузулы 1, dtype: object)" type="Уточнение клаузулы"></catref>
<catref target="Series([], Name: Классическая строфа, dtype: object)" type="Классическая строфа"></catref>
<catref target="Series([], Name: Рифма, dtype: object)" type="Рифма"></catref>
<catref target="Series([], Name: Схема рифмовки, dtype: object)" type="Схема рифмовки"></catref>
<catref target="Series([], Name: Метрическая формула, dtype: object)" type="Метрическая формула"></catref>
<catref target="Series([], Name: Дополнительные параметры, dtype: object)" type="Дополнительные параметры"></catref>
<catref target="Series([], Name: Число строк, dtype: int64)" type="Число строк"></catref>
<catref target="Series([], Name: Автор оригинала, dtype: object)" type="Автор оригинала"></catref>
<catref target="Series([], Name: Язык оригинала, dtype: object)" type="Язык оригинала"></catref>
</textclass></profiledesc>
</teiheader>
<text>
<body>
<div1 n="4" type="volume">
<div2 n="20" type="part">
<head>ПРОЗА</head>
<head>204.
ПИВНЫЕ</head>
<p>Сухопарый сгорбленный старик, с козлиным лицом и оловянными бляхами глаз, неверной походкой, нагибаясь и покачиваясь, вылез из маленькой стеклянной дверцы отдельного кабинета и невидящим глазом окинул пивную. При его входе все стихло. Головы повернулись. Завсегдатаи объясняли новичкам: 30 лет поет, всю программу знает. Вслед за ним вышел хор и аккомпанемент. Два гармониста в скрипучих сапогах и русских рубахах, — просто парни с ярмарки, — уселись на скамье, усердно качаясь, растягивали и собирали свою жалобную пищалку. По бокам, по двое в профиль к публике окаменели певцы. Старик управлял хором. Подвижное хитрое лицо подмигивало, глаза щурились, указательный палец выразительно вытягивался, голова нервно качалась.</p>
<p>Это была его привилегия — козлиная выразительность. Остальные не шелохнулись.</p>
<p>Свой репертуар, свои привычки, свой давний обычай каменной выразительности. Маленький ресторанчик, не для публики из городского центра, а для окраин, для подмастерий и мелких дельцов. Во всех городах, во всех странах вас зовут по-особому. И крепко держатся ваши обычаи.</p>
<p>Посетители хорохорятся, грудь колесом, за свои деньги. — Эй, дайте бумаги. — Вам для чего, для дела, или между собой посчитаться? — «Между собой посчитаться» — это главный нерв пивной, ее настоящая деловая душа. Здесь не любят начинать дел. Здесь любят их кончать. Это не биржа, а «дом отдыха» и последний акт трубных и сухаревских сделок. В пивную приходят «обдумать дело» и между собой посчитаться.</p>
<p>Ряд мелких судебных процессов за последнее время указывает на пивную, как на место, где созревала мысль о преступлении, происходил сговор, обсуждались подробности.</p>
<p>Сюда мещанин, запутавшийся, подавленный лицемерием и несчастьями, ревностью, банкротством приходит набираться храбрости «на поступок».</p>
<p>Восклицания певцов, самоуверенные пьяные голоса, чад, звон, угар, — все это взвинчивает слабую тщедушную волю, и смотришь, под низким упрямым лбом уже созрела мысль: или вернуться домой, шатаясь, с вымышленным <rs ref="Москва" type="geo_index"></rs></p>
<p>расказом о грабителях, или разжалобить кредиторов потоплением в Чистых Прудах, или выкрасть из суда с помощью «верного человека» неприятное дело. Между седыми столиками, как зверек, шныряют плутня и взятка.<rs ref="Москва" type="geo_index"></rs></p>
<p>В грузинском духане с того столика, где остановятся музыканты, должен обязательно встать гость и проплясать лезгинку. Такой обычай.</p>
<p>Но русский хор не вмешивается в домашнюю жизнь историка. Хочешь слушай, хочешь нет. Он каменный — никаких интимностей, никаких предложений, спел и ушел в стеклянную дверь: допивать остатки пива.</p>
<p>Где сейчас лубки, куда перешли они со стен московских трактиров? Где машина «орган»? Это вывелось; все больше ресторанов, все меньше трактиров, все чаще стакан вместо «пары чая». Только пивные еще придерживаются старых обычаев, но уже и в них часто каменные лица хора сменяются бойким актерским заигрыванием, и вместо «Не даром поэты...» — полугусарский, полуопереточный репертуар.</p>
</div2>
</div1>
</body>
</text>
</tei>
