<?xml version='1.0' encoding='UTF8'?>
<tei xmlns="http://www.tei-c.org/ns/1.0">
<teiheader>
<filedesc>
<titlestmt>
<title>«Среди лесов, унылых и заброшенных...»</title>
<author>О.Э. Мандельштам</author>
</titlestmt>
<publicationstmt>
<p>АРТ-БИЗНЕС-ЦЕНТР МОСКВА 1993</p>
<biblstruct>
<biblscope n="" type="volume"></biblscope>
<biblscope n="" type="part"></biblscope>
</biblstruct></publicationstmt>
<sourcedesc>
<p>Издание подготовлено Мандельштамовским обществом</p>
</sourcedesc>
<respstmt>
<resp>Подготовка и разметка файлов - Алексей Литвинцев, Вероника Файнберг. Создание
          электронного ресурса - Тимофей Молчанов. Руководители проекта - Центр Digital Humanities,
          Мандельштамовское общество (НИУ ВШЭ).</resp>
</respstmt></filedesc>
<profiledesc>
<textdesc n="poem"></textdesc>
<textclass>
<catref target="1_001" type="ID"></catref>
<catref target="О.Э. Мандельштам. Собрание сочинений в 4-х т. -- М.: Терра, 1991" type="Источник"></catref>
<catref target="стихотворение" type="Жанр художественной литературы"></catref>
<catref target="nan" type="Уточнение жанра"></catref>
<catref target="Я" type="Метр"></catref>
<catref target="регулярная" type="Длина строки"></catref>
<catref target="регулярная" type="Клаузула"></catref>
<catref target="дддм" type="Уточнение клаузулы"></catref>
<catref target="nan" type="Классическая строфа"></catref>
<catref target="сложная" type="Рифма"></catref>
<catref target="ааах" type="Схема рифмовки"></catref>
<catref target="Я5ддд+Я2м. Я6д" type="Метрическая формула"></catref>
<catref target="белая строка" type="Дополнительные параметры"></catref>
<catref target="20" type="Число строк"></catref>
<catref target="nan" type="Автор оригинала"></catref>
<catref target="nan" type="Язык оригинала"></catref>
</textclass></profiledesc>
</teiheader>
<text>
<body>
<div1 n="1" type="volume">
<div2 n="" type="part">
<head>Стихи 1906‑1921</head>
<head>1.</head>
<lg type="quatrain">
<l n="1">Среди лесов, унылых и заброшенных,</l>
<l n="2">Пусть остается хлеб в полях нескошенным!</l>
<l n="3">Мы ждем гостей незваных и непрошенных,</l>
<l n="4">Мы ждем гостей!</l>
</lg>
<lg type="quatrain">
<l n="5">Пускай гниют колосья перезрелые!</l>
<l n="6">Они придут на нивы пожелтелые,</l>
<l n="7">И не сносить вам, честные и смелые,</l>
<l n="8">Своих голов!</l>
</lg>
<lg type="quatrain">
<l n="9">Они растопчут нивы золотистые,</l>
<l n="10">Они разроют кладбище тенистое,</l>
<l n="11">Потом развяжет их уста нечистые</l>
<l n="12">Кровавый хмель!</l>
</lg>
<lg type="quatrain">
<l n="13">Они ворвутся в избы почернелые,</l>
<l n="14">Зажгут пожар — хмельные, озверелые...</l>
<l n="15">Не остановят их седины старца белые,</l>
<l n="16">Ни детский плач!</l>
</lg>
<lg type="quatrain">
<l n="17">Среди лесов, унылых и заброшенных,</l>
<l n="18">Мы оставляем хлеб в полях нескошенным.</l>
<l n="19">Мы ждем гостей незваных и непрошенных,</l>
<l n="20">Своих детей!</l>
</lg>
<date when="1906">‹1906›</date>
</div2>
</div1>
</body>
</text>
</tei>
