<?xml version='1.0' encoding='UTF8'?>
<tei xmlns="http://www.tei-c.org/ns/1.0">
<teiheader>
<filedesc>
<titlestmt>
<title>«В непринужденности творящего обмена...»</title>
<author>О.Э. Мандельштам</author>
</titlestmt>
<publicationstmt>
<p>АРТ-БИЗНЕС-ЦЕНТР МОСКВА 1993</p>
<biblstruct>
<biblscope n="" type="volume"></biblscope>
<biblscope n="" type="part"></biblscope>
</biblstruct></publicationstmt>
<sourcedesc>
<p>Издание подготовлено Мандельштамовским обществом</p>
</sourcedesc>
<respstmt>
<resp>Подготовка и разметка файлов - Алексей Литвинцев, Вероника Файнберг. Создание
          электронного ресурса - Тимофей Молчанов. Руководители проекта - Центр Digital Humanities,
          Мандельштамовское общество (НИУ ВШЭ).</resp>
</respstmt></filedesc>
<profiledesc>
<textdesc n="poem"></textdesc>
<textclass>
<catref target="1_004" type="ID"></catref>
<catref target="О.Э. Мандельштам. Собрание сочинений в 4-х т. -- М.: Терра, 1991" type="Источник"></catref>
<catref target="стихотворение" type="Жанр художественной литературы"></catref>
<catref target="nan" type="Уточнение жанра"></catref>
<catref target="Я" type="Метр"></catref>
<catref target="6" type="Длина строки"></catref>
<catref target="регулярная" type="Клаузула"></catref>
<catref target="жжмм" type="Уточнение клаузулы"></catref>
<catref target="александрийский стих" type="Классическая строфа"></catref>
<catref target="парная" type="Рифма"></catref>
<catref target="аа" type="Схема рифмовки"></catref>
<catref target="Я6жжмм" type="Метрическая формула"></catref>
<catref target="nan" type="Дополнительные параметры"></catref>
<catref target="6" type="Число строк"></catref>
<catref target="nan" type="Автор оригинала"></catref>
<catref target="nan" type="Язык оригинала"></catref>
</textclass></profiledesc>
</teiheader>
<text>
<body>
<div1 n="1" type="volume">
<div2 n="4" type="part">
<head>4.</head>
<lg type="sestet">
<l n="1">В непринужденности творящего обмена</l>
<l n="2">Суровость Тютчева — с ребячеством Верлена —<rs ref="Верлен, Поль" type="person"></rs></l>
<l n="3">Скажите — кто бы мог искусно сочетать,</l>
<l n="4">Соединению придав свою печать?</l>
<l n="5">А русскому стиху так свойственно величье,</l>
<l n="6">Где вешний поцелуй и щебетанье птичье!</l>
</lg>
<date when="1908">‹1908›</date>
</div2>
</div1>
</body>
</text>
</tei>
