<?xml version='1.0' encoding='UTF8'?>
<tei xmlns="http://www.tei-c.org/ns/1.0">
<teiheader>
<filedesc>
<titlestmt>
<title>«О, красавица Сайма, ты лодку мою колыхала...»</title>
<author>О.Э. Мандельштам</author>
</titlestmt>
<publicationstmt>
<p>АРТ-БИЗНЕС-ЦЕНТР МОСКВА 1993</p>
<biblstruct>
<biblscope n="" type="volume"></biblscope>
<biblscope n="" type="part"></biblscope>
</biblstruct></publicationstmt>
<sourcedesc>
<p>Издание подготовлено Мандельштамовским обществом</p>
</sourcedesc>
<respstmt>
<resp>Подготовка и разметка файлов - Алексей Литвинцев, Вероника Файнберг. Создание
          электронного ресурса - Тимофей Молчанов. Руководители проекта - Центр Digital Humanities,
          Мандельштамовское общество (НИУ ВШЭ).</resp>
</respstmt></filedesc>
<profiledesc>
<textdesc n="poem"></textdesc>
<textclass>
<catref target="1_003" type="ID"></catref>
<catref target="О.Э. Мандельштам. Собрание сочинений в 4-х т. -- М.: Терра, 1991" type="Источник"></catref>
<catref target="стихотворение" type="Жанр художественной литературы"></catref>
<catref target="nan" type="Уточнение жанра"></catref>
<catref target="Ан" type="Метр"></catref>
<catref target="5" type="Длина строки"></catref>
<catref target="nan" type="Клаузула"></catref>
<catref target="ж" type="Уточнение клаузулы"></catref>
<catref target="nan" type="Классическая строфа"></catref>
<catref target="перекрестная" type="Рифма"></catref>
<catref target="абаб" type="Схема рифмовки"></catref>
<catref target="Ан5ж" type="Метрическая формула"></catref>
<catref target="nan" type="Дополнительные параметры"></catref>
<catref target="16" type="Число строк"></catref>
<catref target="nan" type="Автор оригинала"></catref>
<catref target="nan" type="Язык оригинала"></catref>
</textclass></profiledesc>
</teiheader>
<text>
<body>
<div1 n="1" type="volume">
<div2 n="3" type="part">
<head>3.</head>
<lg type="16_line">
<l n="1">О, красавица Сайма, ты лодку мою колыхала,<rs ref="Сайма" type="geo_index"></rs></l>
<l n="2">Колыхала мой челн, челн подвижный, игривый и острый.</l>
<l n="3">В водном плеске душа колыбельную негу слыхала,</l>
<l n="4">И поодаль стояли пустынные скалы, как сестры.</l>
<l n="5">Отовсюду звучала старинная песнь — Калевала:</l>
<l n="6">Песнь железа и камня о скорбном порыве Титана.<rs ref="Титан" type="myth_index"></rs></l>
<l n="7">И песчаная отмель — добыча вечернего вала, —</l>
<l n="8">Как невеста, белела на пурпуре водного стана.</l>
<l n="9">Как от пьяного солнца бесшумные падали стрелы</l>
<l n="10">И на дно опускались и тихое дно зажигали,</l>
<l n="11">Как с небесного древа клонилось, как плод перезрелый,</l>
<l n="12">Слишком яркое солнце — и первые звезды мигали,</l>
<l n="13">Я причалил и вышел на берег седой и кудрявый;</l>
<l n="14">Я не знаю, как долго, не знаю, кому я молился...</l>
<l n="15">Неоглядная Сайма струилась потоками лавы,<rs ref="Сайма" type="geo_index"></rs></l>
<l n="16">Белый пар над водою тихонько вставал и клубился.</l>
</lg>
<date when="1908-04-19">‹Около 19 апреля 1908, Париж›</date>
<rs ref="Париж" type="geo_index"></rs>
</div2>
</div1>
</body>
</text>
</tei>
