<?xml version='1.0' encoding='UTF8'?>
<tei xmlns="http://www.tei-c.org/ns/1.0">
<teiheader>
<filedesc>
<titlestmt>
<title>«Тянется лесом дороженька пыльная...»</title>
<author>О.Э. Мандельштам</author>
</titlestmt>
<publicationstmt>
<p>АРТ-БИЗНЕС-ЦЕНТР МОСКВА 1993</p>
<biblstruct>
<biblscope n="" type="volume"></biblscope>
<biblscope n="" type="part"></biblscope>
</biblstruct></publicationstmt>
<sourcedesc>
<p>Издание подготовлено Мандельштамовским обществом</p>
</sourcedesc>
<respstmt>
<resp>Подготовка и разметка файлов - Алексей Литвинцев, Вероника Файнберг. Создание
          электронного ресурса - Тимофей Молчанов. Руководители проекта - Центр Digital Humanities,
          Мандельштамовское общество (НИУ ВШЭ).</resp>
</respstmt></filedesc>
<profiledesc>
<textdesc n="poem"></textdesc>
<textclass>
<catref target="1_002" type="ID"></catref>
<catref target="О.Э. Мандельштам. Собрание сочинений в 4-х т. -- М.: Терра, 1991" type="Источник"></catref>
<catref target="стихотворение" type="Жанр художественной литературы"></catref>
<catref target="nan" type="Уточнение жанра"></catref>
<catref target="Д" type="Метр"></catref>
<catref target="регулярная" type="Длина строки"></catref>
<catref target="регулярная" type="Клаузула"></catref>
<catref target="дмддм" type="Уточнение клаузулы"></catref>
<catref target="nan" type="Классическая строфа"></catref>
<catref target="затянутая" type="Рифма"></catref>
<catref target="абааб" type="Схема рифмовки"></catref>
<catref target="Д4д+Д3м" type="Метрическая формула"></catref>
<catref target="nan" type="Дополнительные параметры"></catref>
<catref target="30" type="Число строк"></catref>
<catref target="nan" type="Автор оригинала"></catref>
<catref target="nan" type="Язык оригинала"></catref>
</textclass></profiledesc>
</teiheader>
<text>
<body>
<div1 n="1" type="volume">
<div2 n="2" type="part">
<head>2.</head>
<lg type="quintet">
<l n="1">Тянется лесом дороженька пыльная,</l>
<l n="2">Тихо и пусто вокруг.</l>
<l n="3">Родина, выплакав слезы обильные,</l>
<l n="4">Спит, и во сне, как рабыня бессильная,</l>
<l n="5">Ждет неизведанных мук.</l>
</lg>
<lg type="quintet">
<l n="6">Вот задрожали березы плакучие</l>
<l n="7">И встрепенулися вдруг,</l>
<l n="8">Тени легли на дорогу сыпучую:</l>
<l n="9">Что-то ползет, надвигается тучею,</l>
<l n="10">Что-то наводит испуг...</l>
</lg>
<lg type="quintet">
<l n="11">С гордой осанкою, с лицами сытыми...</l>
<l n="12">Ноги торчат в стременах.</l>
<l n="13">Серую пыль поднимают копытами</l>
<l n="14">И колеи оставляют изрытыми...</l>
<l n="15">Все на холеных конях.</l>
</lg>
<lg type="quintet">
<l n="16">Нет им конца. Заостренными пиками</l>
<l n="17">В солнечном свете пестрят.</l>
<l n="18">Воздух наполнили песней и криками,</l>
<l n="19">И огоньками звериными, дикими</l>
<l n="20">Черные очи горят...</l>
</lg>
<lg type="quintet">
<l n="21">Прочь! Не тревожьте поддельным веселием</l>
<l n="22">Мертвого, рабского сна.</l>
<l n="23">Скоро порадуют вас новоселием,</l>
<l n="24">Хлебом и солью, крестьянским изделием...</l>
<l n="25">Крепче нажать стремена!</l>
</lg>
<lg type="quintet">
<l n="26">Скоро столкнется с звериными силами</l>
<l n="27">Дело великой любви!</l>
<l n="28">Скоро покроется поле могилами,</l>
<l n="29">Синие пики обнимутся с вилами</l>
<l n="30">И обагрятся в крови!</l>
</lg>
<date when="1906">‹1906›</date>
</div2>
</div1>
</body>
</text>
</tei>
