<?xml version='1.0' encoding='UTF8'?>
<tei xmlns="http://www.tei-c.org/ns/1.0">
<teiheader>
<filedesc>
<titlestmt>
<title>«Мой тихий сон, мой сон ежеминутный...»</title>
<author>О.Э. Мандельштам</author>
</titlestmt>
<publicationstmt>
<p>АРТ-БИЗНЕС-ЦЕНТР МОСКВА 1993</p>
<biblstruct>
<biblscope n="" type="volume"></biblscope>
<biblscope n="" type="part"></biblscope>
</biblstruct></publicationstmt>
<sourcedesc>
<p>Издание подготовлено Мандельштамовским обществом</p>
</sourcedesc>
<respstmt>
<resp>Подготовка и разметка файлов - Алексей Литвинцев, Вероника Файнберг. Создание
          электронного ресурса - Тимофей Молчанов. Руководители проекта - Центр Digital Humanities,
          Мандельштамовское общество (НИУ ВШЭ).</resp>
</respstmt></filedesc>
<profiledesc>
<textdesc n="poem"></textdesc>
<textclass>
<catref target="1_005" type="ID"></catref>
<catref target="О.Э. Мандельштам. Собрание сочинений в 4-х т. -- М.: Терра, 1991" type="Источник"></catref>
<catref target="стихотворение" type="Жанр художественной литературы"></catref>
<catref target="nan" type="Уточнение жанра"></catref>
<catref target="Я" type="Метр"></catref>
<catref target="5" type="Длина строки"></catref>
<catref target="регулярная" type="Клаузула"></catref>
<catref target="жм" type="Уточнение клаузулы"></catref>
<catref target="nan" type="Классическая строфа"></catref>
<catref target="перекрестная" type="Рифма"></catref>
<catref target="абаб" type="Схема рифмовки"></catref>
<catref target="Я5жм" type="Метрическая формула"></catref>
<catref target="nan" type="Дополнительные параметры"></catref>
<catref target="12" type="Число строк"></catref>
<catref target="nan" type="Автор оригинала"></catref>
<catref target="nan" type="Язык оригинала"></catref>
</textclass></profiledesc>
</teiheader>
<text>
<body>
<div1 n="1" type="volume">
<div2 n="5" type="part">
<head>5.</head>
<lg type="quatrain">
<l n="1">Мой тихий сон, мой сон ежеминутный —</l>
<l n="2">Невидимый завороженный лес,</l>
<l n="3">Где носится какой-то шорох смутный,</l>
<l n="4">Как дивный шелест шелковых завес?</l>
</lg>
<lg type="quatrain">
<l n="5">В безумных встречах и туманных спорах,</l>
<l n="6">На перекрестке удивленных глаз</l>
<l n="7">Невидимый и непонятный шорох</l>
<l n="8">Под пеплом вспыхнул и уже погас.</l>
</lg>
<lg type="quatrain">
<l n="9">И как туманом одевает лица,</l>
<l n="10">И слово замирает на устах,</l>
<l n="11">И кажется — испуганная птица</l>
<l n="12">Метнулась в вечереющих кустах.</l>
</lg>
<date when="1908">1908 (1909?)</date>
<date when="1909">1908 (1909?)</date>
</div2>
</div1>
</body>
</text>
</tei>
