<?xml version='1.0' encoding='UTF8'?>
<tei xmlns="http://www.tei-c.org/ns/1.0">
<teiheader>
<filedesc>
<titlestmt>
<title>Пилигрим</title>
<author>О.Э. Мандельштам</author>
</titlestmt>
<publicationstmt>
<p>АРТ-БИЗНЕС-ЦЕНТР МОСКВА 1993</p>
<biblstruct>
<biblscope n="" type="volume"></biblscope>
<biblscope n="" type="part"></biblscope>
</biblstruct></publicationstmt>
<sourcedesc>
<p>Издание подготовлено Мандельштамовским обществом</p>
</sourcedesc>
<respstmt>
<resp>Подготовка и разметка файлов - Алексей Литвинцев, Вероника Файнберг. Создание
          электронного ресурса - Тимофей Молчанов. Руководители проекта - Центр Digital Humanities,
          Мандельштамовское общество (НИУ ВШЭ).</resp>
</respstmt></filedesc>
<profiledesc>
<textdesc n="poem"></textdesc>
<textclass>
<catref target="1_014" type="ID"></catref>
<catref target="О.Э. Мандельштам. Собрание сочинений в 4-х т. -- М.: Терра, 1991" type="Источник"></catref>
<catref target="стихотворение" type="Жанр художественной литературы"></catref>
<catref target="nan" type="Уточнение жанра"></catref>
<catref target="тонический : логаэд 2*2*1*1" type="Метр"></catref>
<catref target="3" type="Длина строки"></catref>
<catref target="nan" type="Клаузула"></catref>
<catref target="ж" type="Уточнение клаузулы"></catref>
<catref target="nan" type="Классическая строфа"></catref>
<catref target="парная" type="Рифма"></catref>
<catref target="аа" type="Схема рифмовки"></catref>
<catref target="Л3ж" type="Метрическая формула"></catref>
<catref target="nan" type="Дополнительные параметры"></catref>
<catref target="8" type="Число строк"></catref>
<catref target="nan" type="Автор оригинала"></catref>
<catref target="nan" type="Язык оригинала"></catref>
</textclass></profiledesc>
</teiheader>
<text>
<body>
<div1 n="1" type="volume">
<div2 n="14" type="part">
<head>14.
Пилигрим</head>
<lg type="couplet">
<l n="1">Слишком легким плащом одетый,</l>
<l n="2">Повторяю свои обеты.</l>
</lg>
<lg type="couplet">
<l n="3">Ветер треплет края одежды —</l>
<l n="4">Не оставить ли нам надежды?</l>
</lg>
<lg type="couplet">
<l n="5">Плащ холодный — пускай скитальцы</l>
<l n="6">Безотчетно сжимают пальцы.</l>
</lg>
<lg type="couplet">
<l n="7">Ветер веет неутомимо,</l>
<l n="8">Веет вечно и веет мимо.</l>
</lg>
<date from="1909-06" to="1909-08">‹Лето 1909?›</date>
</div2>
</div1>
</body>
</text>
</tei>
