<?xml version='1.0' encoding='UTF8'?>
<tei xmlns="http://www.tei-c.org/ns/1.0">
<teiheader>
<filedesc>
<titlestmt>
<title>«На бледно-голубой эмали...»</title>
<author>О.Э. Мандельштам</author>
</titlestmt>
<publicationstmt>
<p>АРТ-БИЗНЕС-ЦЕНТР МОСКВА 1993</p>
<biblstruct>
<biblscope n="" type="volume"></biblscope>
<biblscope n="" type="part"></biblscope>
</biblstruct></publicationstmt>
<sourcedesc>
<p>Издание подготовлено Мандельштамовским обществом</p>
</sourcedesc>
<respstmt>
<resp>Подготовка и разметка файлов - Алексей Литвинцев, Вероника Файнберг. Создание
          электронного ресурса - Тимофей Молчанов. Руководители проекта - Центр Digital Humanities,
          Мандельштамовское общество (НИУ ВШЭ).</resp>
</respstmt></filedesc>
<profiledesc>
<textdesc n="poem"></textdesc>
<textclass>
<catref target="1_010" type="ID"></catref>
<catref target="О.Э. Мандельштам. Собрание сочинений в 4-х т. -- М.: Терра, 1991" type="Источник"></catref>
<catref target="стихотворение" type="Жанр художественной литературы"></catref>
<catref target="nan" type="Уточнение жанра"></catref>
<catref target="Я" type="Метр"></catref>
<catref target="4" type="Длина строки"></catref>
<catref target="nan" type="Клаузула"></catref>
<catref target="ж" type="Уточнение клаузулы"></catref>
<catref target="nan" type="Классическая строфа"></catref>
<catref target="перекрестная" type="Рифма"></catref>
<catref target="абаб" type="Схема рифмовки"></catref>
<catref target="Я4ж" type="Метрическая формула"></catref>
<catref target="nan" type="Дополнительные параметры"></catref>
<catref target="12" type="Число строк"></catref>
<catref target="nan" type="Автор оригинала"></catref>
<catref target="nan" type="Язык оригинала"></catref>
</textclass></profiledesc>
</teiheader>
<text>
<body>
<div1 n="1" type="volume">
<div2 n="10" type="part">
<head>10.</head>
<lg type="quatrain">
<l n="1">На бледно-голубой эмали,</l>
<l n="2">Какая мыслима в апреле,</l>
<l n="3">Березы ветви поднимали</l>
<l n="4">И незаметно вечерели.</l>
</lg>
<lg type="quatrain">
<l n="5">Узор отточенный и мелкий,</l>
<l n="6">Застыла тоненькая сетка,</l>
<l n="7">Как на фарфоровой тарелке</l>
<l n="8">Рисунок, вычерченный метко, —</l>
</lg>
<lg type="quatrain">
<l n="9">Когда его художник милый</l>
<l n="10">Выводит на стеклянной тверди,</l>
<l n="11">В сознании минутной силы,</l>
<l n="12">В забвении печальной смерти.</l>
</lg>
<date when="1909-04">‹Апрель?› 1909</date>
</div2>
</div1>
</body>
</text>
</tei>
