<?xml version='1.0' encoding='UTF8'?>
<tei xmlns="http://www.tei-c.org/ns/1.0">
<teiheader>
<filedesc>
<titlestmt>
<title>«Истончается тонкий тлен...»</title>
<author>О.Э. Мандельштам</author>
</titlestmt>
<publicationstmt>
<p>АРТ-БИЗНЕС-ЦЕНТР МОСКВА 1993</p>
<biblstruct>
<biblscope n="" type="volume"></biblscope>
<biblscope n="" type="part"></biblscope>
</biblstruct></publicationstmt>
<sourcedesc>
<p>Издание подготовлено Мандельштамовским обществом</p>
</sourcedesc>
<respstmt>
<resp>Подготовка и разметка файлов - Алексей Литвинцев, Вероника Файнберг. Создание
          электронного ресурса - Тимофей Молчанов. Руководители проекта - Центр Digital Humanities,
          Мандельштамовское общество (НИУ ВШЭ).</resp>
</respstmt></filedesc>
<profiledesc>
<textdesc n="poem"></textdesc>
<textclass>
<catref target="1_016" type="ID"></catref>
<catref target="О.Э. Мандельштам. Собрание сочинений в 4-х т. -- М.: Терра, 1991" type="Источник"></catref>
<catref target="стихотворение" type="Жанр художественной литературы"></catref>
<catref target="nan" type="Уточнение жанра"></catref>
<catref target="тонический : Дк" type="Метр"></catref>
<catref target="3" type="Длина строки"></catref>
<catref target="nan" type="Клаузула"></catref>
<catref target="м" type="Уточнение клаузулы"></catref>
<catref target="nan" type="Классическая строфа"></catref>
<catref target="парная" type="Рифма"></catref>
<catref target="аа" type="Схема рифмовки"></catref>
<catref target="Дк3м" type="Метрическая формула"></catref>
<catref target="nan" type="Дополнительные параметры"></catref>
<catref target="12" type="Число строк"></catref>
<catref target="nan" type="Автор оригинала"></catref>
<catref target="nan" type="Язык оригинала"></catref>
</textclass></profiledesc>
</teiheader>
<text>
<body>
<div1 n="1" type="volume">
<div2 n="16" type="part">
<head>16.</head>
<lg type="couplet">
<l n="1">Истончается тонкий тлен —</l>
<l n="2">Фиолетовый гобелен.</l>
</lg>
<lg type="couplet">
<l n="3">К нам — на воды и на леса —</l>
<l n="4">Опускаются небеса.</l>
</lg>
<lg type="couplet">
<l n="5">Нерешительная рука</l>
<l n="6">Эти вывела облака,</l>
</lg>
<lg type="couplet">
<l n="7">И печальный встречает взор</l>
<l n="8">Отуманенный их узор.</l>
</lg>
<lg type="couplet">
<l n="9">Недоволен стою и тих,</l>
<l n="10">Я, создатель миров моих, —</l>
</lg>
<lg type="couplet">
<l n="11">Где искусственны небеса</l>
<l n="12">И хрустальная спит роса.</l>
</lg>
<date to="1909-08-13">‹Не позднее 13 августа› 1909</date>
</div2>
</div1>
</body>
</text>
</tei>
