<?xml version='1.0' encoding='UTF8'?>
<tei xmlns="http://www.tei-c.org/ns/1.0">
<teiheader>
<filedesc>
<titlestmt>
<title>«В просторах сумеречной залы...»</title>
<author>О.Э. Мандельштам</author>
</titlestmt>
<publicationstmt>
<p>АРТ-БИЗНЕС-ЦЕНТР МОСКВА 1993</p>
<biblstruct>
<biblscope n="" type="volume"></biblscope>
<biblscope n="" type="part"></biblscope>
</biblstruct></publicationstmt>
<sourcedesc>
<p>Издание подготовлено Мандельштамовским обществом</p>
</sourcedesc>
<respstmt>
<resp>Подготовка и разметка файлов - Алексей Литвинцев, Вероника Файнберг. Создание
          электронного ресурса - Тимофей Молчанов. Руководители проекта - Центр Digital Humanities,
          Мандельштамовское общество (НИУ ВШЭ).</resp>
</respstmt></filedesc>
<profiledesc>
<textdesc n="poem"></textdesc>
<textclass>
<catref target="1_019" type="ID"></catref>
<catref target="О.Э. Мандельштам. Собрание сочинений в 4-х т. -- М.: Терра, 1991" type="Источник"></catref>
<catref target="стихотворение" type="Жанр художественной литературы"></catref>
<catref target="nan" type="Уточнение жанра"></catref>
<catref target="Я" type="Метр"></catref>
<catref target="4" type="Длина строки"></catref>
<catref target="вольная" type="Клаузула"></catref>
<catref target="ж, м" type="Уточнение клаузулы"></catref>
<catref target="nan" type="Классическая строфа"></catref>
<catref target="охватная" type="Рифма"></catref>
<catref target="абба" type="Схема рифмовки"></catref>
<catref target="Я4ж,м" type="Метрическая формула"></catref>
<catref target="nan" type="Дополнительные параметры"></catref>
<catref target="12" type="Число строк"></catref>
<catref target="nan" type="Автор оригинала"></catref>
<catref target="nan" type="Язык оригинала"></catref>
</textclass></profiledesc>
</teiheader>
<text>
<body>
<div1 n="1" type="volume">
<div2 n="19" type="part">
<head>19.</head>
<lg type="quatrain">
<l n="1">В просторах сумеречной залы</l>
<l n="2">Почтительная тишина.</l>
<l n="3">Как в ожидании вина,</l>
<l n="4">Пустые зыблются кристаллы;</l>
</lg>
<lg type="quatrain">
<l n="5">Окровавленными в лучах,</l>
<l n="6">Вытягивая безнадежно</l>
<l n="7">Уста, открывшиеся нежно</l>
<l n="8">На целомудренных стеблях:</l>
</lg>
<lg type="quatrain">
<l n="9">Смотрите: мы упоены</l>
<l n="10">Вином, которого не влили.</l>
<l n="11">Что может быть слабее лилий</l>
<l n="12">И сладостнее тишины?</l>
</lg>
<date to="1909-08-13">‹Не позднее 13 августа› 1909</date>
</div2>
</div1>
</body>
</text>
</tei>
