<?xml version='1.0' encoding='UTF8'?>
<tei xmlns="http://www.tei-c.org/ns/1.0">
<teiheader>
<filedesc>
<titlestmt>
<title>«Есть целомудренные чары...»</title>
<author>О.Э. Мандельштам</author>
</titlestmt>
<publicationstmt>
<p>АРТ-БИЗНЕС-ЦЕНТР МОСКВА 1993</p>
<biblstruct>
<biblscope n="" type="volume"></biblscope>
<biblscope n="" type="part"></biblscope>
</biblstruct></publicationstmt>
<sourcedesc>
<p>Издание подготовлено Мандельштамовским обществом</p>
</sourcedesc>
<respstmt>
<resp>Подготовка и разметка файлов - Алексей Литвинцев, Вероника Файнберг. Создание
          электронного ресурса - Тимофей Молчанов. Руководители проекта - Центр Digital Humanities,
          Мандельштамовское общество (НИУ ВШЭ).</resp>
</respstmt></filedesc>
<profiledesc>
<textdesc n="poem"></textdesc>
<textclass>
<catref target="1_011" type="ID"></catref>
<catref target="О.Э. Мандельштам. Собрание сочинений в 4-х т. -- М.: Терра, 1991" type="Источник"></catref>
<catref target="стихотворение" type="Жанр художественной литературы"></catref>
<catref target="nan" type="Уточнение жанра"></catref>
<catref target="Я" type="Метр"></catref>
<catref target="4" type="Длина строки"></catref>
<catref target="вольная" type="Клаузула"></catref>
<catref target="ж, м" type="Уточнение клаузулы"></catref>
<catref target="nan" type="Классическая строфа"></catref>
<catref target="охватная" type="Рифма"></catref>
<catref target="абба" type="Схема рифмовки"></catref>
<catref target="Я4ж,м" type="Метрическая формула"></catref>
<catref target="nan" type="Дополнительные параметры"></catref>
<catref target="16" type="Число строк"></catref>
<catref target="nan" type="Автор оригинала"></catref>
<catref target="nan" type="Язык оригинала"></catref>
</textclass></profiledesc>
</teiheader>
<text>
<body>
<div1 n="1" type="volume">
<div2 n="11" type="part">
<head>11.</head>
<lg type="quatrain">
<l n="1">Есть целомудренные чары —</l>
<l n="2">Высокий лад, глубокий мир,</l>
<l n="3">Далеко от эфирных лир</l>
<l n="4">Мной установленные лары.</l>
</lg>
<lg type="quatrain">
<l n="5">У тщательно обмытых ниш</l>
<l n="6">В часы внимательных закатов</l>
<l n="7">Я слушаю моих пенатов</l>
<l n="8">Всегда восторженную тишь.</l>
</lg>
<lg type="quatrain">
<l n="9">Какой игрушечный удел,</l>
<l n="10">Какие робкие законы</l>
<l n="11">Приказывает торс точеный</l>
<l n="12">И холод этих хрупких тел!</l>
</lg>
<lg type="quatrain">
<l n="13">Иных богов не надо славить:</l>
<l n="14">Они как равные с тобой,</l>
<l n="15">И, осторожною рукой,</l>
<l n="16">Позволено их переставить.</l>
</lg>
<date when="1909">1909</date>
</div2>
</div1>
</body>
</text>
</tei>
