<?xml version='1.0' encoding='UTF8'?>
<tei xmlns="http://www.tei-c.org/ns/1.0">
<teiheader>
<filedesc>
<titlestmt>
<title>«Музыка твоих шагов...»</title>
<author>О.Э. Мандельштам</author>
</titlestmt>
<publicationstmt>
<p>АРТ-БИЗНЕС-ЦЕНТР МОСКВА 1993</p>
<biblstruct>
<biblscope n="" type="volume"></biblscope>
<biblscope n="" type="part"></biblscope>
</biblstruct></publicationstmt>
<sourcedesc>
<p>Издание подготовлено Мандельштамовским обществом</p>
</sourcedesc>
<respstmt>
<resp>Подготовка и разметка файлов - Алексей Литвинцев, Вероника Файнберг. Создание
          электронного ресурса - Тимофей Молчанов. Руководители проекта - Центр Digital Humanities,
          Мандельштамовское общество (НИУ ВШЭ).</resp>
</respstmt></filedesc>
<profiledesc>
<textdesc n="poem"></textdesc>
<textclass>
<catref target="1_017" type="ID"></catref>
<catref target="О.Э. Мандельштам. Собрание сочинений в 4-х т. -- М.: Терра, 1991" type="Источник"></catref>
<catref target="стихотворение" type="Жанр художественной литературы"></catref>
<catref target="nan" type="Уточнение жанра"></catref>
<catref target="Х" type="Метр"></catref>
<catref target="4" type="Длина строки"></catref>
<catref target="nan" type="Клаузула"></catref>
<catref target="м" type="Уточнение клаузулы"></catref>
<catref target="nan" type="Классическая строфа"></catref>
<catref target="парная" type="Рифма"></catref>
<catref target="аа" type="Схема рифмовки"></catref>
<catref target="Х4м" type="Метрическая формула"></catref>
<catref target="nan" type="Дополнительные параметры"></catref>
<catref target="14" type="Число строк"></catref>
<catref target="nan" type="Автор оригинала"></catref>
<catref target="nan" type="Язык оригинала"></catref>
</textclass></profiledesc>
</teiheader>
<text>
<body>
<div1 n="1" type="volume">
<div2 n="17" type="part">
<head>17.</head>
<lg type="couplet">
<l n="1">Музыка твоих шагов</l>
<l n="2">В тишине лесных снегов,</l>
</lg>
<lg type="couplet">
<l n="3">И, как медленная тень,</l>
<l n="4">Ты сошла в морозный день.</l>
</lg>
<lg type="couplet">
<l n="5">Глубока, как ночь, зима,</l>
<l n="6">Снег висит как бахрома.</l>
</lg>
<lg type="couplet">
<l n="7">Ворон на своем суку</l>
<l n="8">Много видел на веку.</l>
</lg>
<lg type="couplet">
<l n="9">А встающая волна</l>
<l n="10">Набегающего сна</l>
</lg>
<lg type="couplet">
<l n="11">Вдохновенно разобьет</l>
<l n="12">Молодой и тонкий лед,</l>
</lg>
<lg type="couplet">
<l n="13">Тонкий лед моей души —</l>
<l n="14">Созревающий в тиши.</l>
</lg>
<date when="1909">‹1909?›</date>
</div2>
</div1>
</body>
</text>
</tei>
