<?xml version='1.0' encoding='UTF8'?>
<tei xmlns="http://www.tei-c.org/ns/1.0">
<teiheader>
<filedesc>
<titlestmt>
<title>«Дано мне тело — что мне делать с ним...»</title>
<author>О.Э. Мандельштам</author>
</titlestmt>
<publicationstmt>
<p>АРТ-БИЗНЕС-ЦЕНТР МОСКВА 1993</p>
<biblstruct>
<biblscope n="" type="volume"></biblscope>
<biblscope n="" type="part"></biblscope>
</biblstruct></publicationstmt>
<sourcedesc>
<p>Издание подготовлено Мандельштамовским обществом</p>
</sourcedesc>
<respstmt>
<resp>Подготовка и разметка файлов - Алексей Литвинцев, Вероника Файнберг. Создание
          электронного ресурса - Тимофей Молчанов. Руководители проекта - Центр Digital Humanities,
          Мандельштамовское общество (НИУ ВШЭ).</resp>
</respstmt></filedesc>
<profiledesc>
<textdesc n="poem"></textdesc>
<textclass>
<catref target="1_015" type="ID"></catref>
<catref target="О.Э. Мандельштам. Собрание сочинений в 4-х т. -- М.: Терра, 1991" type="Источник"></catref>
<catref target="стихотворение" type="Жанр художественной литературы"></catref>
<catref target="nan" type="Уточнение жанра"></catref>
<catref target="Я" type="Метр"></catref>
<catref target="5" type="Длина строки"></catref>
<catref target="nan" type="Клаузула"></catref>
<catref target="м" type="Уточнение клаузулы"></catref>
<catref target="nan" type="Классическая строфа"></catref>
<catref target="парная" type="Рифма"></catref>
<catref target="аа" type="Схема рифмовки"></catref>
<catref target="Я5м" type="Метрическая формула"></catref>
<catref target="nan" type="Дополнительные параметры"></catref>
<catref target="12" type="Число строк"></catref>
<catref target="nan" type="Автор оригинала"></catref>
<catref target="nan" type="Язык оригинала"></catref>
</textclass></profiledesc>
</teiheader>
<text>
<body>
<div1 n="1" type="volume">
<div2 n="15" type="part">
<head>15.</head>
<lg type="couplet">
<l n="1">Дано мне тело — что мне делать с ним,</l>
<l n="2">Таким единым и таким моим?</l>
</lg>
<lg type="couplet">
<l n="3">За радость тихую дышать и жить</l>
<l n="4">Кого, скажите, мне благодарить?</l>
</lg>
<lg type="couplet">
<l n="5">Я и садовник, я же и цветок,</l>
<l n="6">В темнице мира я не одинок.</l>
</lg>
<lg type="couplet">
<l n="7">На стекла вечности уже легло</l>
<l n="8">Мое дыхание, мое тепло.</l>
</lg>
<lg type="couplet">
<l n="9">Запечатлеется на нем узор,</l>
<l n="10">Неузнаваемый с недавних пор.</l>
</lg>
<lg type="couplet">
<l n="11">Пускай мгновения стекает муть —</l>
<l n="12">Узора милого не зачеркнуть.</l>
</lg>
<date when="1909">1909</date>
</div2>
</div1>
</body>
</text>
</tei>
