<?xml version='1.0' encoding='UTF8'?>
<tei xmlns="http://www.tei-c.org/ns/1.0">
<teiheader>
<filedesc>
<titlestmt>
<title>«Озарены луной ночевья...»</title>
<author>О.Э. Мандельштам</author>
</titlestmt>
<publicationstmt>
<p>АРТ-БИЗНЕС-ЦЕНТР МОСКВА 1993</p>
<biblstruct>
<biblscope n="" type="volume"></biblscope>
<biblscope n="" type="part"></biblscope>
</biblstruct></publicationstmt>
<sourcedesc>
<p>Издание подготовлено Мандельштамовским обществом</p>
</sourcedesc>
<respstmt>
<resp>Подготовка и разметка файлов - Алексей Литвинцев, Вероника Файнберг. Создание
          электронного ресурса - Тимофей Молчанов. Руководители проекта - Центр Digital Humanities,
          Мандельштамовское общество (НИУ ВШЭ).</resp>
</respstmt></filedesc>
<profiledesc>
<textdesc n="poem"></textdesc>
<textclass>
<catref target="1_022" type="ID"></catref>
<catref target="О.Э. Мандельштам. Собрание сочинений в 4-х т. -- М.: Терра, 1991" type="Источник"></catref>
<catref target="стихотворение" type="Жанр художественной литературы"></catref>
<catref target="nan" type="Уточнение жанра"></catref>
<catref target="Я" type="Метр"></catref>
<catref target="4" type="Длина строки"></catref>
<catref target="регулярная" type="Клаузула"></catref>
<catref target="жм" type="Уточнение клаузулы"></catref>
<catref target="nan" type="Классическая строфа"></catref>
<catref target="перекрестная" type="Рифма"></catref>
<catref target="абаб" type="Схема рифмовки"></catref>
<catref target="Я4жм" type="Метрическая формула"></catref>
<catref target="nan" type="Дополнительные параметры"></catref>
<catref target="12" type="Число строк"></catref>
<catref target="nan" type="Автор оригинала"></catref>
<catref target="nan" type="Язык оригинала"></catref>
</textclass></profiledesc>
</teiheader>
<text>
<body>
<div1 n="1" type="volume">
<div2 n="22" type="part">
<head>22.</head>
<lg type="quatrain">
<l n="1">Озарены луной ночевья</l>
<l n="2">Бесшумной мыши полевой;</l>
<l n="3">Прозрачными стоят деревья,</l>
<l n="4">Овеянные темнотой, —</l>
</lg>
<lg type="quatrain">
<l n="5">Когда рябина, развивая</l>
<l n="6">Листы, которые умрут,</l>
<l n="7">Завидует, перебирая</l>
<l n="8">Их выхоленный изумруд, —</l>
</lg>
<lg type="quatrain">
<l n="9">Печальной участи скитальцев</l>
<l n="10">И нежной участи детей;</l>
<l n="11">И тысячи зеленых пальцев</l>
<l n="12">Колеблет множество ветвей.</l>
</lg>
<date to="1909-10-22">‹Не позднее 22 октября› 1909</date>
</div2>
</div1>
</body>
</text>
</tei>
