<?xml version='1.0' encoding='UTF8'?>
<tei xmlns="http://www.tei-c.org/ns/1.0">
<teiheader>
<filedesc>
<titlestmt>
<title>«Пустует место. Вечер длится...»</title>
<author>О.Э. Мандельштам</author>
</titlestmt>
<publicationstmt>
<p>АРТ-БИЗНЕС-ЦЕНТР МОСКВА 1993</p>
<biblstruct>
<biblscope n="" type="volume"></biblscope>
<biblscope n="" type="part"></biblscope>
</biblstruct></publicationstmt>
<sourcedesc>
<p>Издание подготовлено Мандельштамовским обществом</p>
</sourcedesc>
<respstmt>
<resp>Подготовка и разметка файлов - Алексей Литвинцев, Вероника Файнберг. Создание
          электронного ресурса - Тимофей Молчанов. Руководители проекта - Центр Digital Humanities,
          Мандельштамовское общество (НИУ ВШЭ).</resp>
</respstmt></filedesc>
<profiledesc>
<textdesc n="poem"></textdesc>
<textclass>
<catref target="1_027" type="ID"></catref>
<catref target="О.Э. Мандельштам. Собрание сочинений в 4-х т. -- М.: Терра, 1991" type="Источник"></catref>
<catref target="стихотворение" type="Жанр художественной литературы"></catref>
<catref target="nan" type="Уточнение жанра"></catref>
<catref target="Я" type="Метр"></catref>
<catref target="4" type="Длина строки"></catref>
<catref target="регулярная" type="Клаузула"></catref>
<catref target="жммж" type="Уточнение клаузулы"></catref>
<catref target="nan" type="Классическая строфа"></catref>
<catref target="охватная" type="Рифма"></catref>
<catref target="абба" type="Схема рифмовки"></catref>
<catref target="Я4жм" type="Метрическая формула"></catref>
<catref target="nan" type="Дополнительные параметры"></catref>
<catref target="12" type="Число строк"></catref>
<catref target="nan" type="Автор оригинала"></catref>
<catref target="nan" type="Язык оригинала"></catref>
</textclass></profiledesc>
</teiheader>
<text>
<body>
<div1 n="1" type="volume">
<div2 n="27" type="part">
<head>27.</head>
<lg type="quatrain">
<l n="1">Пустует место. Вечер длится,</l>
<l n="2">Твоим отсутствием томим.</l>
<l n="3">Назначенный устам твоим</l>
<l n="4">Напиток на столе дымится.</l>
</lg>
<lg type="quatrain">
<l n="5">Так ворожащими шагами</l>
<l n="6">Пустынницы не подойдешь;</l>
<l n="7">И на стекле не проведешь</l>
<l n="8">Узора спящими губами;</l>
</lg>
<lg type="quatrain">
<l n="9">Напрасно резвые извивы —</l>
<l n="10">Покуда он еще дымит —</l>
<l n="11">В пустынном воздухе чертит</l>
<l n="12">Напиток долготерпеливый.</l>
</lg>
<date to="1909-11-12">‹Не позднее 12 ноября› 1909</date>
</div2>
</div1>
</body>
</text>
</tei>
