<?xml version='1.0' encoding='UTF8'?>
<tei xmlns="http://www.tei-c.org/ns/1.0">
<teiheader>
<filedesc>
<titlestmt>
<title>«В холодных переливах лир...»</title>
<author>О.Э. Мандельштам</author>
</titlestmt>
<publicationstmt>
<p>АРТ-БИЗНЕС-ЦЕНТР МОСКВА 1993</p>
<biblstruct>
<biblscope n="" type="volume"></biblscope>
<biblscope n="" type="part"></biblscope>
</biblstruct></publicationstmt>
<sourcedesc>
<p>Издание подготовлено Мандельштамовским обществом</p>
</sourcedesc>
<respstmt>
<resp>Подготовка и разметка файлов - Алексей Литвинцев, Вероника Файнберг. Создание
          электронного ресурса - Тимофей Молчанов. Руководители проекта - Центр Digital Humanities,
          Мандельштамовское общество (НИУ ВШЭ).</resp>
</respstmt></filedesc>
<profiledesc>
<textdesc n="poem"></textdesc>
<textclass>
<catref target="1_021" type="ID"></catref>
<catref target="О.Э. Мандельштам. Собрание сочинений в 4-х т. -- М.: Терра, 1991" type="Источник"></catref>
<catref target="стихотворение" type="Жанр художественной литературы"></catref>
<catref target="nan" type="Уточнение жанра"></catref>
<catref target="Я" type="Метр"></catref>
<catref target="4" type="Длина строки"></catref>
<catref target="регулярная" type="Клаузула"></catref>
<catref target="мжжм жммж" type="Уточнение клаузулы"></catref>
<catref target="nan" type="Классическая строфа"></catref>
<catref target="охватная" type="Рифма"></catref>
<catref target="абба" type="Схема рифмовки"></catref>
<catref target="Я4мж" type="Метрическая формула"></catref>
<catref target="nan" type="Дополнительные параметры"></catref>
<catref target="16" type="Число строк"></catref>
<catref target="nan" type="Автор оригинала"></catref>
<catref target="nan" type="Язык оригинала"></catref>
</textclass></profiledesc>
</teiheader>
<text>
<body>
<div1 n="1" type="volume">
<div2 n="21" type="part">
<head>21.</head>
<lg type="quatrain">
<l n="1">В холодных переливах лир</l>
<l n="2">Какая замирает осень!</l>
<l n="3">Как сладостен и как несносен</l>
<l n="4">Ее золотострунный клир!</l>
</lg>
<lg type="quatrain">
<l n="5">Она поет в церковных хорах</l>
<l n="6">И в монастырских вечерах</l>
<l n="7">И, рассыпая в урны прах,</l>
<l n="8">Печатает вино в амфорах.</l>
</lg>
<lg type="quatrain">
<l n="9">Как успокоенный сосуд</l>
<l n="10">С уже отстоенным раствором,</l>
<l n="11">Духовное — доступно взорам,</l>
<l n="12">И очертания живут.</l>
</lg>
<lg type="quatrain">
<l n="13">Колосья, так недавно сжаты,</l>
<l n="14">Рядами ровными лежат;</l>
<l n="15">И пальцы тонкие дрожат,</l>
<l n="16">К таким же, как они, прижаты.</l>
</lg>
<date to="1909-10-22">‹Не позднее 22 октября› 1909</date>
</div2>
</div1>
</body>
</text>
</tei>
