<?xml version='1.0' encoding='UTF8'?>
<tei xmlns="http://www.tei-c.org/ns/1.0">
<teiheader>
<filedesc>
<titlestmt>
<title>«Бесшумное веретено...»</title>
<author>О.Э. Мандельштам</author>
</titlestmt>
<publicationstmt>
<p>АРТ-БИЗНЕС-ЦЕНТР МОСКВА 1993</p>
<biblstruct>
<biblscope n="" type="volume"></biblscope>
<biblscope n="" type="part"></biblscope>
</biblstruct></publicationstmt>
<sourcedesc>
<p>Издание подготовлено Мандельштамовским обществом</p>
</sourcedesc>
<respstmt>
<resp>Подготовка и разметка файлов - Алексей Литвинцев, Вероника Файнберг. Создание
          электронного ресурса - Тимофей Молчанов. Руководители проекта - Центр Digital Humanities,
          Мандельштамовское общество (НИУ ВШЭ).</resp>
</respstmt></filedesc>
<profiledesc>
<textdesc n="poem"></textdesc>
<textclass>
<catref target="1_026" type="ID"></catref>
<catref target="О.Э. Мандельштам. Собрание сочинений в 4-х т. -- М.: Терра, 1991" type="Источник"></catref>
<catref target="стихотворение" type="Жанр художественной литературы"></catref>
<catref target="nan" type="Уточнение жанра"></catref>
<catref target="Я" type="Метр"></catref>
<catref target="4(2)" type="Длина строки"></catref>
<catref target="вольная" type="Клаузула"></catref>
<catref target="ж, м" type="Уточнение клаузулы"></catref>
<catref target="nan" type="Классическая строфа"></catref>
<catref target="вольная" type="Рифма"></catref>
<catref target="nan" type="Схема рифмовки"></catref>
<catref target="Я4ж,м. Я2м" type="Метрическая формула"></catref>
<catref target="рефрен, монотонная рифма" type="Дополнительные параметры"></catref>
<catref target="13" type="Число строк"></catref>
<catref target="nan" type="Автор оригинала"></catref>
<catref target="nan" type="Язык оригинала"></catref>
</textclass></profiledesc>
</teiheader>
<text>
<body>
<div1 n="1" type="volume">
<div2 n="26" type="part">
<head>26.</head>
<lg type="sestet">
<l n="1">Бесшумное веретено</l>
<l n="2">Отпущено моей рукою.</l>
<l n="3">И — мною ли оживлено —</l>
<l n="4">Переливается оно</l>
<l n="5">Безостановочной волною —</l>
<l n="6">Веретено.</l>
</lg>
<lg type="septet">
<l n="7">Все одинаково темно;</l>
<l n="8">Все в мире переплетено</l>
<l n="9">Моею собственной рукою;</l>
<l n="10">И, непрерывно и одно,</l>
<l n="11">Обуреваемое мною</l>
<l n="12">Остановить мне не дано —</l>
<l n="13">Веретено.</l>
</lg>
<date to="1909-10-22">‹Не позднее 22 октября› 1909</date>
</div2>
</div1>
</body>
</text>
</tei>
