<?xml version='1.0' encoding='UTF8'?>
<tei xmlns="http://www.tei-c.org/ns/1.0">
<teiheader>
<filedesc>
<titlestmt>
<title>«В смиренномудрых высотах...»</title>
<author>О.Э. Мандельштам</author>
</titlestmt>
<publicationstmt>
<p>АРТ-БИЗНЕС-ЦЕНТР МОСКВА 1993</p>
<biblstruct>
<biblscope n="" type="volume"></biblscope>
<biblscope n="" type="part"></biblscope>
</biblstruct></publicationstmt>
<sourcedesc>
<p>Издание подготовлено Мандельштамовским обществом</p>
</sourcedesc>
<respstmt>
<resp>Подготовка и разметка файлов - Алексей Литвинцев, Вероника Файнберг. Создание
          электронного ресурса - Тимофей Молчанов. Руководители проекта - Центр Digital Humanities,
          Мандельштамовское общество (НИУ ВШЭ).</resp>
</respstmt></filedesc>
<profiledesc>
<textdesc n="poem"></textdesc>
<textclass>
<catref target="1_028" type="ID"></catref>
<catref target="О.Э. Мандельштам. Собрание сочинений в 4-х т. -- М.: Терра, 1991" type="Источник"></catref>
<catref target="стихотворение" type="Жанр художественной литературы"></catref>
<catref target="nan" type="Уточнение жанра"></catref>
<catref target="Я" type="Метр"></catref>
<catref target="4" type="Длина строки"></catref>
<catref target="регулярная" type="Клаузула"></catref>
<catref target="мжжм" type="Уточнение клаузулы"></catref>
<catref target="nan" type="Классическая строфа"></catref>
<catref target="охватная" type="Рифма"></catref>
<catref target="абба" type="Схема рифмовки"></catref>
<catref target="Я4мж" type="Метрическая формула"></catref>
<catref target="nan" type="Дополнительные параметры"></catref>
<catref target="16" type="Число строк"></catref>
<catref target="nan" type="Автор оригинала"></catref>
<catref target="nan" type="Язык оригинала"></catref>
</textclass></profiledesc>
</teiheader>
<text>
<body>
<div1 n="1" type="volume">
<div2 n="28" type="part">
<head>28.</head>
<lg type="quatrain">
<l n="1">В смиренномудрых высотах</l>
<l n="2">Зажглись осенние Плеяды.</l>
<l n="3">И нету никакой отрады,</l>
<l n="4">И нету горечи в мирах.</l>
</lg>
<lg type="quatrain">
<l n="5">Во всем однообразный смысл</l>
<l n="6">И совершенная свобода:</l>
<l n="7">Не воплощает ли природа</l>
<l n="8">Гармонию высоких числ?</l>
</lg>
<lg type="quatrain">
<l n="9">Но выпал снег — и нагота</l>
<l n="10">Деревьев траурною стала;</l>
<l n="11">Напрасно вечером зияла</l>
<l n="12">Небес златая пустота;</l>
</lg>
<lg type="quatrain">
<l n="13">И — белый, черный, золотой —</l>
<l n="14">Печальнейшее из созвучий —</l>
<l n="15">Отозвалося неминучей</l>
<l n="16">И окончательной зимой.</l>
</lg>
<date to="1909-11-12">‹Не позднее 12 ноября› 1909</date>
</div2>
</div1>
</body>
</text>
</tei>
