<?xml version='1.0' encoding='UTF8'?>
<tei xmlns="http://www.tei-c.org/ns/1.0">
<teiheader>
<filedesc>
<titlestmt>
<title>«В морозном воздухе растаял легкий дым...»</title>
<author>О.Э. Мандельштам</author>
</titlestmt>
<publicationstmt>
<p>АРТ-БИЗНЕС-ЦЕНТР МОСКВА 1993</p>
<biblstruct>
<biblscope n="" type="volume"></biblscope>
<biblscope n="" type="part"></biblscope>
</biblstruct></publicationstmt>
<sourcedesc>
<p>Издание подготовлено Мандельштамовским обществом</p>
</sourcedesc>
<respstmt>
<resp>Подготовка и разметка файлов - Алексей Литвинцев, Вероника Файнберг. Создание
          электронного ресурса - Тимофей Молчанов. Руководители проекта - Центр Digital Humanities,
          Мандельштамовское общество (НИУ ВШЭ).</resp>
</respstmt></filedesc>
<profiledesc>
<textdesc n="poem"></textdesc>
<textclass>
<catref target="1_037" type="ID"></catref>
<catref target="О.Э. Мандельштам. Собрание сочинений в 4-х т. -- М.: Терра, 1991" type="Источник"></catref>
<catref target="стихотворение" type="Жанр художественной литературы"></catref>
<catref target="nan" type="Уточнение жанра"></catref>
<catref target="Я" type="Метр"></catref>
<catref target="6" type="Длина строки"></catref>
<catref target="регулярная" type="Клаузула"></catref>
<catref target="ммжж" type="Уточнение клаузулы"></catref>
<catref target="александрийский стих" type="Классическая строфа"></catref>
<catref target="парная" type="Рифма"></catref>
<catref target="аа" type="Схема рифмовки"></catref>
<catref target="Я6ммжж" type="Метрическая формула"></catref>
<catref target="nan" type="Дополнительные параметры"></catref>
<catref target="8" type="Число строк"></catref>
<catref target="nan" type="Автор оригинала"></catref>
<catref target="nan" type="Язык оригинала"></catref>
</textclass></profiledesc>
</teiheader>
<text>
<body>
<div1 n="1" type="volume">
<div2 n="37" type="part">
<head>37.</head>
<lg type="octet">
<l n="1">В морозном воздухе растаял легкий дым,</l>
<l n="2">И я, печальною свободою томим,</l>
<l n="3">Хотел бы вознестись в холодном, тихом гимне,</l>
<l n="4">Исчезнуть навсегда... Но суждено идти мне</l>
<l n="5">По снежной улице в вечерний этот час —</l>
<l n="6">Собачий слышен лай, и запад не погас,</l>
<l n="7">И попадаются прохожие навстречу.</l>
<l n="8">Не говори со мной — что я тебе отвечу?</l>
</lg>
<date when="1909">1909</date>
</div2>
</div1>
</body>
</text>
</tei>
