<?xml version='1.0' encoding='UTF8'?>
<tei xmlns="http://www.tei-c.org/ns/1.0">
<teiheader>
<filedesc>
<titlestmt>
<title>«В огромном омуте прозрачно и темно...»</title>
<author>О.Э. Мандельштам</author>
</titlestmt>
<publicationstmt>
<p>АРТ-БИЗНЕС-ЦЕНТР МОСКВА 1993</p>
<biblstruct>
<biblscope n="" type="volume"></biblscope>
<biblscope n="" type="part"></biblscope>
</biblstruct></publicationstmt>
<sourcedesc>
<p>Издание подготовлено Мандельштамовским обществом</p>
</sourcedesc>
<respstmt>
<resp>Подготовка и разметка файлов - Алексей Литвинцев, Вероника Файнберг. Создание
          электронного ресурса - Тимофей Молчанов. Руководители проекта - Центр Digital Humanities,
          Мандельштамовское общество (НИУ ВШЭ).</resp>
</respstmt></filedesc>
<profiledesc>
<textdesc n="poem"></textdesc>
<textclass>
<catref target="1_038" type="ID"></catref>
<catref target="О.Э. Мандельштам. Собрание сочинений в 4-х т. -- М.: Терра, 1991" type="Источник"></catref>
<catref target="стихотворение" type="Жанр художественной литературы"></catref>
<catref target="nan" type="Уточнение жанра"></catref>
<catref target="Я" type="Метр"></catref>
<catref target="регулярная" type="Длина строки"></catref>
<catref target="регулярная" type="Клаузула"></catref>
<catref target="мж" type="Уточнение клаузулы"></catref>
<catref target="nan" type="Классическая строфа"></catref>
<catref target="перекрестная" type="Рифма"></catref>
<catref target="абаб" type="Схема рифмовки"></catref>
<catref target="Я6м+Я4ж" type="Метрическая формула"></catref>
<catref target="nan" type="Дополнительные параметры"></catref>
<catref target="12" type="Число строк"></catref>
<catref target="nan" type="Автор оригинала"></catref>
<catref target="nan" type="Язык оригинала"></catref>
</textclass></profiledesc>
</teiheader>
<text>
<body>
<div1 n="1" type="volume">
<div2 n="38" type="part">
<head>38.</head>
<lg type="quatrain">
<l n="1">В огромном омуте прозрачно и темно,</l>
<l n="2">И томное окно белеет.</l>
<l n="3">А сердце — отчего так медленно оно</l>
<l n="4">И так упорно тяжелеет?</l>
</lg>
<lg type="quatrain">
<l n="5">То — всею тяжестью оно идет ко дну,</l>
<l n="6">Соскучившись по милом иле,</l>
<l n="7">То — как соломинка, минуя глубину,</l>
<l n="8">Наверх всплывает без усилий.</l>
</lg>
<lg type="quatrain">
<l n="9">С притворной нежностью у изголовья стой</l>
<l n="10">И сам себя всю жизнь баюкай;</l>
<l n="11">Как небылицею, своей томись тоской</l>
<l n="12">И ласков будь с надменной скукой.</l>
</lg>
<date when="1910">1910</date>
</div2>
</div1>
</body>
</text>
</tei>
