<?xml version='1.0' encoding='UTF8'?>
<tei xmlns="http://www.tei-c.org/ns/1.0">
<teiheader>
<filedesc>
<titlestmt>
<title>«На темном небе, как узор...»</title>
<author>О.Э. Мандельштам</author>
</titlestmt>
<publicationstmt>
<p>АРТ-БИЗНЕС-ЦЕНТР МОСКВА 1993</p>
<biblstruct>
<biblscope n="" type="volume"></biblscope>
<biblscope n="" type="part"></biblscope>
</biblstruct></publicationstmt>
<sourcedesc>
<p>Издание подготовлено Мандельштамовским обществом</p>
</sourcedesc>
<respstmt>
<resp>Подготовка и разметка файлов - Алексей Литвинцев, Вероника Файнберг. Создание
          электронного ресурса - Тимофей Молчанов. Руководители проекта - Центр Digital Humanities,
          Мандельштамовское общество (НИУ ВШЭ).</resp>
</respstmt></filedesc>
<profiledesc>
<textdesc n="poem"></textdesc>
<textclass>
<catref target="1_035" type="ID"></catref>
<catref target="О.Э. Мандельштам. Собрание сочинений в 4-х т. -- М.: Терра, 1991" type="Источник"></catref>
<catref target="стихотворение" type="Жанр художественной литературы"></catref>
<catref target="nan" type="Уточнение жанра"></catref>
<catref target="Я" type="Метр"></catref>
<catref target="4" type="Длина строки"></catref>
<catref target="регулярная" type="Клаузула"></catref>
<catref target="мддм" type="Уточнение клаузулы"></catref>
<catref target="nan" type="Классическая строфа"></catref>
<catref target="охватная" type="Рифма"></catref>
<catref target="абба" type="Схема рифмовки"></catref>
<catref target="Я4мд" type="Метрическая формула"></catref>
<catref target="составная рифма" type="Дополнительные параметры"></catref>
<catref target="12" type="Число строк"></catref>
<catref target="nan" type="Автор оригинала"></catref>
<catref target="nan" type="Язык оригинала"></catref>
</textclass></profiledesc>
</teiheader>
<text>
<body>
<div1 n="1" type="volume">
<div2 n="35" type="part">
<head>35.</head>
<lg type="quatrain">
<l n="1">На темном небе, как узор,</l>
<l n="2">Деревья траурные вышиты.</l>
<l n="3">Зачем же выше и все выше ты</l>
<l n="4">Возводишь изумленный взор?</l>
</lg>
<lg type="quatrain">
<l n="5">— Вверху — такая темнота, —</l>
<l n="6">Ты скажешь, — время опрокинула</l>
<l n="7">И, словно ночь, на день нахлынула</l>
<l n="8">Холмов холодная черта.</l>
</lg>
<lg type="quatrain">
<l n="9">Высоких, неживых дерев</l>
<l n="10">Темнеющее рвется кружево:</l>
<l n="11">О, месяц, только ты не суживай</l>
<l n="12">Серпа, внезапно почернев!</l>
</lg>
<date to="1909-12-17">‹Не позднее 17 декабря› 1909</date>
</div2>
</div1>
</body>
</text>
</tei>
