<?xml version='1.0' encoding='UTF8'?>
<tei xmlns="http://www.tei-c.org/ns/1.0">
<teiheader>
<filedesc>
<titlestmt>
<title>«Сквозь восковую занавесь...»</title>
<author>О.Э. Мандельштам</author>
</titlestmt>
<publicationstmt>
<p>АРТ-БИЗНЕС-ЦЕНТР МОСКВА 1993</p>
<biblstruct>
<biblscope n="" type="volume"></biblscope>
<biblscope n="" type="part"></biblscope>
</biblstruct></publicationstmt>
<sourcedesc>
<p>Издание подготовлено Мандельштамовским обществом</p>
</sourcedesc>
<respstmt>
<resp>Подготовка и разметка файлов - Алексей Литвинцев, Вероника Файнберг. Создание
          электронного ресурса - Тимофей Молчанов. Руководители проекта - Центр Digital Humanities,
          Мандельштамовское общество (НИУ ВШЭ).</resp>
</respstmt></filedesc>
<profiledesc>
<textdesc n="poem"></textdesc>
<textclass>
<catref target="1_036" type="ID"></catref>
<catref target="О.Э. Мандельштам. Собрание сочинений в 4-х т. -- М.: Терра, 1991" type="Источник"></catref>
<catref target="стихотворение" type="Жанр художественной литературы"></catref>
<catref target="nan" type="Уточнение жанра"></catref>
<catref target="Я" type="Метр"></catref>
<catref target="3" type="Длина строки"></catref>
<catref target="регулярная" type="Клаузула"></catref>
<catref target="дм" type="Уточнение клаузулы"></catref>
<catref target="nan" type="Классическая строфа"></catref>
<catref target="перекрестная" type="Рифма"></catref>
<catref target="абаб" type="Схема рифмовки"></catref>
<catref target="Я3дм" type="Метрическая формула"></catref>
<catref target="составная рифма" type="Дополнительные параметры"></catref>
<catref target="12" type="Число строк"></catref>
<catref target="nan" type="Автор оригинала"></catref>
<catref target="nan" type="Язык оригинала"></catref>
</textclass></profiledesc>
</teiheader>
<text>
<body>
<div1 n="1" type="volume">
<div2 n="36" type="part">
<head>36.</head>
<lg type="quatrain">
<l n="1">Сквозь восковую занавесь,</l>
<l n="2">Что нежно так сквозит,</l>
<l n="3">Кустарник из тумана весь</l>
<l n="4">Заплаканный глядит.</l>
</lg>
<lg type="quatrain">
<l n="5">Простор, канвой окутанный,</l>
<l n="6">Безжизненней кулис,</l>
<l n="7">И месяц, весь опутанный,</l>
<l n="8">Беспомощно повис.</l>
</lg>
<lg type="quatrain">
<l n="9">Темнее занавеситься,</l>
<l n="10">Все небо охватить:</l>
<l n="11">И пойманного месяца</l>
<l n="12">Совсем не отпустить.</l>
</lg>
<date when="1909">1909</date>
</div2>
</div1>
</body>
</text>
</tei>
