<?xml version='1.0' encoding='UTF8'?>
<tei xmlns="http://www.tei-c.org/ns/1.0">
<teiheader>
<filedesc>
<titlestmt>
<title>«Если утро зимнее темно...»</title>
<author>О.Э. Мандельштам</author>
</titlestmt>
<publicationstmt>
<p>АРТ-БИЗНЕС-ЦЕНТР МОСКВА 1993</p>
<biblstruct>
<biblscope n="" type="volume"></biblscope>
<biblscope n="" type="part"></biblscope>
</biblstruct></publicationstmt>
<sourcedesc>
<p>Издание подготовлено Мандельштамовским обществом</p>
</sourcedesc>
<respstmt>
<resp>Подготовка и разметка файлов - Алексей Литвинцев, Вероника Файнберг. Создание
          электронного ресурса - Тимофей Молчанов. Руководители проекта - Центр Digital Humanities,
          Мандельштамовское общество (НИУ ВШЭ).</resp>
</respstmt></filedesc>
<profiledesc>
<textdesc n="poem"></textdesc>
<textclass>
<catref target="1_030" type="ID"></catref>
<catref target="О.Э. Мандельштам. Собрание сочинений в 4-х т. -- М.: Терра, 1991" type="Источник"></catref>
<catref target="стихотворение" type="Жанр художественной литературы"></catref>
<catref target="nan" type="Уточнение жанра"></catref>
<catref target="Х" type="Метр"></catref>
<catref target="5" type="Длина строки"></catref>
<catref target="nan" type="Клаузула"></catref>
<catref target="м" type="Уточнение клаузулы"></catref>
<catref target="nan" type="Классическая строфа"></catref>
<catref target="тройная" type="Рифма"></catref>
<catref target="ааа" type="Схема рифмовки"></catref>
<catref target="Х5м" type="Метрическая формула"></catref>
<catref target="nan" type="Дополнительные параметры"></catref>
<catref target="12" type="Число строк"></catref>
<catref target="nan" type="Автор оригинала"></catref>
<catref target="nan" type="Язык оригинала"></catref>
</textclass></profiledesc>
</teiheader>
<text>
<body>
<div1 n="1" type="volume">
<div2 n="30" type="part">
<head>30.</head>
<lg type="tercet">
<l n="1">Если утро зимнее темно,</l>
<l n="2">То — холодное твое окно</l>
<l n="3">Выглядит, как строгое панно:</l>
</lg>
<lg type="tercet">
<l n="4">Зеленеет плющ перед окном;</l>
<l n="5">И стоят под ледяным стеклом</l>
<l n="6">Тихие деревья под чехлом —</l>
</lg>
<lg type="tercet">
<l n="7">Ото всех ветров защищены,</l>
<l n="8">Ото всяких бед ограждены</l>
<l n="9">И ветвями переплетены.</l>
</lg>
<lg type="tercet">
<l n="10">Полусвет становится лучист.</l>
<l n="11">Перед самой рамой — шелковист —</l>
<l n="12">Содрогается последний лист.</l>
</lg>
<date to="1909-11-12">‹Не позднее 12 ноября› 1909</date>
</div2>
</div1>
</body>
</text>
</tei>
