<?xml version='1.0' encoding='UTF8'?>
<tei xmlns="http://www.tei-c.org/ns/1.0">
<teiheader>
<filedesc>
<titlestmt>
<title>«Когда удар с ударами встречается...»</title>
<author>О.Э. Мандельштам</author>
</titlestmt>
<publicationstmt>
<p>АРТ-БИЗНЕС-ЦЕНТР МОСКВА 1993</p>
<biblstruct>
<biblscope n="" type="volume"></biblscope>
<biblscope n="" type="part"></biblscope>
</biblstruct></publicationstmt>
<sourcedesc>
<p>Издание подготовлено Мандельштамовским обществом</p>
</sourcedesc>
<respstmt>
<resp>Подготовка и разметка файлов - Алексей Литвинцев, Вероника Файнберг. Создание
          электронного ресурса - Тимофей Молчанов. Руководители проекта - Центр Digital Humanities,
          Мандельштамовское общество (НИУ ВШЭ).</resp>
</respstmt></filedesc>
<profiledesc>
<textdesc n="poem"></textdesc>
<textclass>
<catref target="1_039" type="ID"></catref>
<catref target="О.Э. Мандельштам. Собрание сочинений в 4-х т. -- М.: Терра, 1991" type="Источник"></catref>
<catref target="стихотворение" type="Жанр художественной литературы"></catref>
<catref target="nan" type="Уточнение жанра"></catref>
<catref target="Я" type="Метр"></catref>
<catref target="регулярная" type="Длина строки"></catref>
<catref target="регулярная" type="Клаузула"></catref>
<catref target="дм" type="Уточнение клаузулы"></catref>
<catref target="nan" type="Классическая строфа"></catref>
<catref target="перекрестная" type="Рифма"></catref>
<catref target="абаб" type="Схема рифмовки"></catref>
<catref target="Я5д+Я4м" type="Метрическая формула"></catref>
<catref target="nan" type="Дополнительные параметры"></catref>
<catref target="12" type="Число строк"></catref>
<catref target="nan" type="Автор оригинала"></catref>
<catref target="nan" type="Язык оригинала"></catref>
</textclass></profiledesc>
</teiheader>
<text>
<body>
<div1 n="1" type="volume">
<div2 n="39" type="part">
<head>39.</head>
<lg type="quatrain">
<l n="1">Когда удар с ударами встречается</l>
<l n="2">И надо мною роковой,</l>
<l n="3">Неутомимый маятник качается</l>
<l n="4">И хочет быть моей судьбой,</l>
</lg>
<lg type="quatrain">
<l n="5">Торопится и грубо остановится,</l>
<l n="6">И упадет веретено —</l>
<l n="7">И невозможно встретиться, условиться,</l>
<l n="8">И уклониться не дано.</l>
</lg>
<lg type="quatrain">
<l n="9">Узоры острые переплетаются,</l>
<l n="10">И, все быстрее и быстрей,</l>
<l n="11">Отравленные дротики взвиваются</l>
<l n="12">В руках отважных дикарей...</l>
</lg>
<date when="1910">1910, 1927</date>
<date when="1927">1910, 1927</date>
</div2>
</div1>
</body>
</text>
</tei>
