<?xml version='1.0' encoding='UTF8'?>
<tei xmlns="http://www.tei-c.org/ns/1.0">
<teiheader>
<filedesc>
<titlestmt>
<title>«Нежнее нежного...»</title>
<author>О.Э. Мандельштам</author>
</titlestmt>
<publicationstmt>
<p>АРТ-БИЗНЕС-ЦЕНТР МОСКВА 1993</p>
<biblstruct>
<biblscope n="" type="volume"></biblscope>
<biblscope n="" type="part"></biblscope>
</biblstruct></publicationstmt>
<sourcedesc>
<p>Издание подготовлено Мандельштамовским обществом</p>
</sourcedesc>
<respstmt>
<resp>Подготовка и разметка файлов - Алексей Литвинцев, Вероника Файнберг. Создание
          электронного ресурса - Тимофей Молчанов. Руководители проекта - Центр Digital Humanities,
          Мандельштамовское общество (НИУ ВШЭ).</resp>
</respstmt></filedesc>
<profiledesc>
<textdesc n="poem"></textdesc>
<textclass>
<catref target="1_032" type="ID"></catref>
<catref target="О.Э. Мандельштам. Собрание сочинений в 4-х т. -- М.: Терра, 1991" type="Источник"></catref>
<catref target="стихотворение" type="Жанр художественной литературы"></catref>
<catref target="nan" type="Уточнение жанра"></catref>
<catref target="Я" type="Метр"></catref>
<catref target="2" type="Длина строки"></catref>
<catref target="вольная" type="Клаузула"></catref>
<catref target="д, м" type="Уточнение клаузулы"></catref>
<catref target="nan" type="Классическая строфа"></catref>
<catref target="вольная" type="Рифма"></catref>
<catref target="nan" type="Схема рифмовки"></catref>
<catref target="Я2д,м" type="Метрическая формула"></catref>
<catref target="тавторифма, внутренняя рифма" type="Дополнительные параметры"></catref>
<catref target="16" type="Число строк"></catref>
<catref target="nan" type="Автор оригинала"></catref>
<catref target="nan" type="Язык оригинала"></catref>
</textclass></profiledesc>
</teiheader>
<text>
<body>
<div1 n="1" type="volume">
<div2 n="32" type="part">
<head>32.</head>
<lg type="octet">
<l n="1">Нежнее нежного</l>
<l n="2">Лицо твое,</l>
<l n="3">Белее белого</l>
<l n="4">Твоя рука,</l>
<l n="5">От мира целого</l>
<l n="6">Ты далека,</l>
<l n="7">И все твое —</l>
<l n="8">От неизбежного.</l>
</lg>
<lg type="9_line">
<l n="9">От неизбежного</l>
<l n="10">Твоя печаль</l>
<l n="11">И пальцы рук</l>
<l n="12">Неостывающих,</l>
<l n="13">И тихий звук</l>
<l n="14">Неунывающих</l>
<l n="15">Речей,</l>
<l n="16">И даль</l>
<l n="17">Твоих очей.</l>
</lg>
<date when="1909-12">‹Декабрь?› 1909</date>
</div2>
</div1>
</body>
</text>
</tei>
