<?xml version='1.0' encoding='UTF8'?>
<tei xmlns="http://www.tei-c.org/ns/1.0">
<teiheader>
<filedesc>
<titlestmt>
<title>«Листьев сочувственный шорох...»</title>
<author>О.Э. Мандельштам</author>
</titlestmt>
<publicationstmt>
<p>АРТ-БИЗНЕС-ЦЕНТР МОСКВА 1993</p>
<biblstruct>
<biblscope n="" type="volume"></biblscope>
<biblscope n="" type="part"></biblscope>
</biblstruct></publicationstmt>
<sourcedesc>
<p>Издание подготовлено Мандельштамовским обществом</p>
</sourcedesc>
<respstmt>
<resp>Подготовка и разметка файлов - Алексей Литвинцев, Вероника Файнберг. Создание
          электронного ресурса - Тимофей Молчанов. Руководители проекта - Центр Digital Humanities,
          Мандельштамовское общество (НИУ ВШЭ).</resp>
</respstmt></filedesc>
<profiledesc>
<textdesc n="poem"></textdesc>
<textclass>
<catref target="1_041" type="ID"></catref>
<catref target="О.Э. Мандельштам. Собрание сочинений в 4-х т. -- М.: Терра, 1991" type="Источник"></catref>
<catref target="стихотворение" type="Жанр художественной литературы"></catref>
<catref target="nan" type="Уточнение жанра"></catref>
<catref target="Аф + Д" type="Метр"></catref>
<catref target="3" type="Длина строки"></catref>
<catref target="регулярная" type="Клаузула"></catref>
<catref target="жм" type="Уточнение клаузулы"></catref>
<catref target="nan" type="Классическая строфа"></catref>
<catref target="перекрестная" type="Рифма"></catref>
<catref target="абаб" type="Схема рифмовки"></catref>
<catref target="Д3ж+Аф3м" type="Метрическая формула"></catref>
<catref target="строчный логаэд, урегулированная анакруса" type="Дополнительные параметры"></catref>
<catref target="12" type="Число строк"></catref>
<catref target="nan" type="Автор оригинала"></catref>
<catref target="nan" type="Язык оригинала"></catref>
</textclass></profiledesc>
</teiheader>
<text>
<body>
<div1 n="1" type="volume">
<div2 n="41" type="part">
<head>41.</head>
<lg type="quatrain">
<l n="1">Листьев сочувственный шорох</l>
<l n="2">Угадывать сердцем привык,</l>
<l n="3">В темных читаю узорах</l>
<l n="4">Смиренного сердца язык.</l>
</lg>
<lg type="quatrain">
<l n="5">Верные, четкие мысли —</l>
<l n="6">Прозрачная, строгая ткань...</l>
<l n="7">Острые листья исчисли —</l>
<l n="8">Словами играть перестань.</l>
</lg>
<lg type="quatrain">
<l n="9">К высям просвета какого</l>
<l n="10">Уходит твой лиственный шум —</l>
<l n="11">Темное дерево слова,</l>
<l n="12">Ослепшее дерево дум?</l>
</lg>
<date when="1910-05">Май 1910, Гельсингфорс</date>
<rs ref="Хельсинки (Гельсингфорс)" type="geo_index"></rs>
</div2>
</div1>
</body>
</text>
</tei>
