<?xml version='1.0' encoding='UTF8'?>
<tei xmlns="http://www.tei-c.org/ns/1.0">
<teiheader>
<filedesc>
<titlestmt>
<title>«Слух чуткий парус напрягает...»</title>
<author>О.Э. Мандельштам</author>
</titlestmt>
<publicationstmt>
<p>АРТ-БИЗНЕС-ЦЕНТР МОСКВА 1993</p>
<biblstruct>
<biblscope n="" type="volume"></biblscope>
<biblscope n="" type="part"></biblscope>
</biblstruct></publicationstmt>
<sourcedesc>
<p>Издание подготовлено Мандельштамовским обществом</p>
</sourcedesc>
<respstmt>
<resp>Подготовка и разметка файлов - Алексей Литвинцев, Вероника Файнберг. Создание
          электронного ресурса - Тимофей Молчанов. Руководители проекта - Центр Digital Humanities,
          Мандельштамовское общество (НИУ ВШЭ).</resp>
</respstmt></filedesc>
<profiledesc>
<textdesc n="poem"></textdesc>
<textclass>
<catref target="1_046" type="ID"></catref>
<catref target="О.Э. Мандельштам. Собрание сочинений в 4-х т. -- М.: Терра, 1991" type="Источник"></catref>
<catref target="стихотворение" type="Жанр художественной литературы"></catref>
<catref target="nan" type="Уточнение жанра"></catref>
<catref target="Я" type="Метр"></catref>
<catref target="4" type="Длина строки"></catref>
<catref target="регулярная" type="Клаузула"></catref>
<catref target="жм" type="Уточнение клаузулы"></catref>
<catref target="nan" type="Классическая строфа"></catref>
<catref target="перекрестная" type="Рифма"></catref>
<catref target="абаб" type="Схема рифмовки"></catref>
<catref target="Я4жм" type="Метрическая формула"></catref>
<catref target="nan" type="Дополнительные параметры"></catref>
<catref target="12" type="Число строк"></catref>
<catref target="nan" type="Автор оригинала"></catref>
<catref target="nan" type="Язык оригинала"></catref>
</textclass></profiledesc>
</teiheader>
<text>
<body>
<div1 n="1" type="volume">
<div2 n="46" type="part">
<head>46.</head>
<lg type="quatrain">
<l n="1">Слух чуткий парус напрягает,</l>
<l n="2">Расширенный пустеет взор,</l>
<l n="3">И тишину переплывает</l>
<l n="4">Полночных птиц незвучный хор.</l>
</lg>
<lg type="quatrain">
<l n="5">Я так же беден, как природа,</l>
<l n="6">И так же прост, как небеса,</l>
<l n="7">И призрачна моя свобода,</l>
<l n="8">Как птиц полночных голоса.</l>
</lg>
<lg type="quatrain">
<l n="9">Я вижу месяц бездыханный</l>
<l n="10">И небо мертвенней холста;</l>
<l n="11">Твой мир, болезненный и странный,</l>
<l n="12">Я принимаю, пустота!</l>
</lg>
<date when="1910">1910, 1922(?)</date>
<date when="1922">1910, 1922(?)</date>
</div2>
</div1>
</body>
</text>
</tei>
