<?xml version='1.0' encoding='UTF8'?>
<tei xmlns="http://www.tei-c.org/ns/1.0">
<teiheader>
<filedesc>
<titlestmt>
<title>«Когда мозаик никнут травы...»</title>
<author>О.Э. Мандельштам</author>
</titlestmt>
<publicationstmt>
<p>АРТ-БИЗНЕС-ЦЕНТР МОСКВА 1993</p>
<biblstruct>
<biblscope n="" type="volume"></biblscope>
<biblscope n="" type="part"></biblscope>
</biblstruct></publicationstmt>
<sourcedesc>
<p>Издание подготовлено Мандельштамовским обществом</p>
</sourcedesc>
<respstmt>
<resp>Подготовка и разметка файлов - Алексей Литвинцев, Вероника Файнберг. Создание
          электронного ресурса - Тимофей Молчанов. Руководители проекта - Центр Digital Humanities,
          Мандельштамовское общество (НИУ ВШЭ).</resp>
</respstmt></filedesc>
<profiledesc>
<textdesc n="poem"></textdesc>
<textclass>
<catref target="1_042" type="ID"></catref>
<catref target="О.Э. Мандельштам. Собрание сочинений в 4-х т. -- М.: Терра, 1991" type="Источник"></catref>
<catref target="стихотворение" type="Жанр художественной литературы"></catref>
<catref target="nan" type="Уточнение жанра"></catref>
<catref target="Я" type="Метр"></catref>
<catref target="4" type="Длина строки"></catref>
<catref target="регулярная" type="Клаузула"></catref>
<catref target="жм" type="Уточнение клаузулы"></catref>
<catref target="nan" type="Классическая строфа"></catref>
<catref target="перекрестная" type="Рифма"></catref>
<catref target="абаб" type="Схема рифмовки"></catref>
<catref target="Я4жм" type="Метрическая формула"></catref>
<catref target="nan" type="Дополнительные параметры"></catref>
<catref target="16" type="Число строк"></catref>
<catref target="nan" type="Автор оригинала"></catref>
<catref target="nan" type="Язык оригинала"></catref>
</textclass></profiledesc>
</teiheader>
<text>
<body>
<div1 n="1" type="volume">
<div2 n="42" type="part">
<head>42.</head>
<lg type="quatrain">
<l n="1">Когда мозаик никнут травы</l>
<l n="2">И церковь гулкая пуста,</l>
<l n="3">Я в темноте, как змей лукавый,</l>
<l n="4">Влачусь к подножию креста.</l>
</lg>
<lg type="quatrain">
<l n="5">Я пью монашескую нежность</l>
<l n="6">В сосредоточенных сердцах,</l>
<l n="7">Как кипариса безнадежность</l>
<l n="8">В неумолимых высотах.</l>
</lg>
<lg type="quatrain">
<l n="9">Люблю изогнутые брови</l>
<l n="10">И краску на лице святых,</l>
<l n="11">И пятна золота и крови</l>
<l n="12">На теле статуй восковых.</l>
</lg>
<lg type="quatrain">
<l n="13">Быть может, только призрак плоти</l>
<l n="14">Обманывает нас в мечтах,</l>
<l n="15">Просвечивает меж лохмотий,</l>
<l n="16">И дышит в роковых страстях.</l>
</lg>
<date from="1910-06" to="1910-08">‹Лето 1910, Лугано›</date>
</div2>
</div1>
</body>
</text>
</tei>
