<?xml version='1.0' encoding='UTF8'?>
<tei xmlns="http://www.tei-c.org/ns/1.0">
<teiheader>
<filedesc>
<titlestmt>
<title>Silentium</title>
<author>О.Э. Мандельштам</author>
</titlestmt>
<publicationstmt>
<p>АРТ-БИЗНЕС-ЦЕНТР МОСКВА 1993</p>
<biblstruct>
<biblscope n="" type="volume"></biblscope>
<biblscope n="" type="part"></biblscope>
</biblstruct></publicationstmt>
<sourcedesc>
<p>Издание подготовлено Мандельштамовским обществом</p>
</sourcedesc>
<respstmt>
<resp>Подготовка и разметка файлов - Алексей Литвинцев, Вероника Файнберг. Создание
          электронного ресурса - Тимофей Молчанов. Руководители проекта - Центр Digital Humanities,
          Мандельштамовское общество (НИУ ВШЭ).</resp>
</respstmt></filedesc>
<profiledesc>
<textdesc n="poem"></textdesc>
<textclass>
<catref target="1_045" type="ID"></catref>
<catref target="О.Э. Мандельштам. Собрание сочинений в 4-х т. -- М.: Терра, 1991" type="Источник"></catref>
<catref target="стихотворение" type="Жанр художественной литературы"></catref>
<catref target="nan" type="Уточнение жанра"></catref>
<catref target="Я" type="Метр"></catref>
<catref target="4" type="Длина строки"></catref>
<catref target="регулярная" type="Клаузула"></catref>
<catref target="мжжм жммж" type="Уточнение клаузулы"></catref>
<catref target="nan" type="Классическая строфа"></catref>
<catref target="охватная" type="Рифма"></catref>
<catref target="абба" type="Схема рифмовки"></catref>
<catref target="Я4мж" type="Метрическая формула"></catref>
<catref target="nan" type="Дополнительные параметры"></catref>
<catref target="16" type="Число строк"></catref>
<catref target="nan" type="Автор оригинала"></catref>
<catref target="nan" type="Язык оригинала"></catref>
</textclass></profiledesc>
</teiheader>
<text>
<body>
<div1 n="1" type="volume">
<div2 n="45" type="part">
<head>45.
Silentium</head>
<lg type="quatrain">
<l n="1">Она еще не родилась,</l>
<l n="2">Она и музыка и слово,</l>
<l n="3">И потому всего живого</l>
<l n="4">Ненарушаемая связь.</l>
</lg>
<lg type="quatrain">
<l n="5">Спокойно дышат моря груди,</l>
<l n="6">Но, как безумный, светел день.</l>
<l n="7">И пены бледная сирень</l>
<l n="8">В черно-лазоревом сосуде.</l>
</lg>
<lg type="quatrain">
<l n="9">Да обретут мои уста</l>
<l n="10">Первоначальную немоту,</l>
<l n="11">Как кристаллическую ноту,</l>
<l n="12">Что от рождения чиста!</l>
</lg>
<lg type="quatrain">
<l n="13">Останься пеной, Афродита,</l>
<l n="14">И, слово, в музыку вернись,</l>
<l n="15">И, сердце, сердца устыдись,</l>
<l n="16">С первоосновой жизни слито!</l>
</lg>
<date when="1910">1910, 1935</date>
<date when="1935">1910, 1935</date>
</div2>
</div1>
</body>
</text>
</tei>
