<?xml version='1.0' encoding='UTF8'?>
<tei xmlns="http://www.tei-c.org/ns/1.0">
<teiheader>
<filedesc>
<titlestmt>
<title>«Как тень внезапных облаков...»</title>
<author>О.Э. Мандельштам</author>
</titlestmt>
<publicationstmt>
<p>АРТ-БИЗНЕС-ЦЕНТР МОСКВА 1993</p>
<biblstruct>
<biblscope n="" type="volume"></biblscope>
<biblscope n="" type="part"></biblscope>
</biblstruct></publicationstmt>
<sourcedesc>
<p>Издание подготовлено Мандельштамовским обществом</p>
</sourcedesc>
<respstmt>
<resp>Подготовка и разметка файлов - Алексей Литвинцев, Вероника Файнберг. Создание
          электронного ресурса - Тимофей Молчанов. Руководители проекта - Центр Digital Humanities,
          Мандельштамовское общество (НИУ ВШЭ).</resp>
</respstmt></filedesc>
<profiledesc>
<textdesc n="poem"></textdesc>
<textclass>
<catref target="1_047" type="ID"></catref>
<catref target="О.Э. Мандельштам. Собрание сочинений в 4-х т. -- М.: Терра, 1991" type="Источник"></catref>
<catref target="стихотворение" type="Жанр художественной литературы"></catref>
<catref target="отрывок" type="Уточнение жанра"></catref>
<catref target="Я" type="Метр"></catref>
<catref target="4(1)" type="Длина строки"></catref>
<catref target="регулярная" type="Клаузула"></catref>
<catref target="мжжм жммж" type="Уточнение клаузулы"></catref>
<catref target="nan" type="Классическая строфа"></catref>
<catref target="охватная" type="Рифма"></catref>
<catref target="абба" type="Схема рифмовки"></catref>
<catref target="Я4мж. Я1д" type="Метрическая формула"></catref>
<catref target="нарушения строфики, усеченная строка, холостая строка" type="Дополнительные параметры"></catref>
<catref target="10" type="Число строк"></catref>
<catref target="nan" type="Автор оригинала"></catref>
<catref target="nan" type="Язык оригинала"></catref>
</textclass></profiledesc>
</teiheader>
<text>
<body>
<div1 n="1" type="volume">
<div2 n="47" type="part">
<head>47.</head>
<lg type="quatrain">
<l n="1">Как тень внезапных облаков,</l>
<l n="2">Морская гостья налетела</l>
<l n="3">И, проскользнув, прошелестела</l>
<l n="4">Смущенных мимо берегов.</l>
</lg>
<lg type="quatrain">
<l n="5">Огромный парус строго реет;</l>
<l n="6">Смертельно-бледная волна</l>
<l n="7">Отпрянула — и вновь она</l>
<l n="8">Коснуться берега не смеет;</l>
</lg>
<lg type="couplet">
<l n="9">И лодка, волнами шурша,</l>
<l n="10">Как листьями...</l>
</lg>
<date to="1910-08-05">‹Не позднее 5 августа› 1910, 1927</date>
<date when="1927">‹Не позднее 5 августа› 1910, 1927</date>
</div2>
</div1>
</body>
</text>
</tei>
