<?xml version='1.0' encoding='UTF8'?>
<tei xmlns="http://www.tei-c.org/ns/1.0">
<teiheader>
<filedesc>
<titlestmt>
<title>«Над алтарем дымящихся зыбей...»</title>
<author>О.Э. Мандельштам</author>
</titlestmt>
<publicationstmt>
<p>АРТ-БИЗНЕС-ЦЕНТР МОСКВА 1993</p>
<biblstruct>
<biblscope n="" type="volume"></biblscope>
<biblscope n="" type="part"></biblscope>
</biblstruct></publicationstmt>
<sourcedesc>
<p>Издание подготовлено Мандельштамовским обществом</p>
</sourcedesc>
<respstmt>
<resp>Подготовка и разметка файлов - Алексей Литвинцев, Вероника Файнберг. Создание
          электронного ресурса - Тимофей Молчанов. Руководители проекта - Центр Digital Humanities,
          Мандельштамовское общество (НИУ ВШЭ).</resp>
</respstmt></filedesc>
<profiledesc>
<textdesc n="poem"></textdesc>
<textclass>
<catref target="1_048" type="ID"></catref>
<catref target="О.Э. Мандельштам. Собрание сочинений в 4-х т. -- М.: Терра, 1991" type="Источник"></catref>
<catref target="стихотворение" type="Жанр художественной литературы"></catref>
<catref target="nan" type="Уточнение жанра"></catref>
<catref target="Я" type="Метр"></catref>
<catref target="5" type="Длина строки"></catref>
<catref target="nan" type="Клаузула"></catref>
<catref target="м" type="Уточнение клаузулы"></catref>
<catref target="nan" type="Классическая строфа"></catref>
<catref target="парная" type="Рифма"></catref>
<catref target="аа" type="Схема рифмовки"></catref>
<catref target="Я5м" type="Метрическая формула"></catref>
<catref target="nan" type="Дополнительные параметры"></catref>
<catref target="12" type="Число строк"></catref>
<catref target="nan" type="Автор оригинала"></catref>
<catref target="nan" type="Язык оригинала"></catref>
</textclass></profiledesc>
</teiheader>
<text>
<body>
<div1 n="1" type="volume">
<div2 n="48" type="part">
<head>48.</head>
<lg type="couplet">
<l n="1">Над алтарем дымящихся зыбей</l>
<l n="2">Приносит жертву кроткий бог морей.</l>
</lg>
<lg type="couplet">
<l n="3">Глухое море, как вино, кипит.</l>
<l n="4">Над морем солнце, как орел, дрожит,</l>
</lg>
<lg type="couplet">
<l n="5">И только стелется морской туман,</l>
<l n="6">И раздается тишины тимпан;</l>
</lg>
<lg type="couplet">
<l n="7">И только небо сердцем голубым</l>
<l n="8">Усыновляет моря белый дым.</l>
</lg>
<lg type="couplet">
<l n="9">И шире океан, когда уснул,</l>
<l n="10">И, сдержанный, величественней гул;</l>
</lg>
<lg type="couplet">
<l n="11">И в небесах, торжествен и тяжел,</l>
<l n="12">Как из металла вылитый орел.</l>
</lg>
<date to="1910-06">‹Не позднее июня› 1910</date>
</div2>
</div1>
</body>
</text>
</tei>
