<?xml version='1.0' encoding='UTF8'?>
<tei xmlns="http://www.tei-c.org/ns/1.0">
<teiheader>
<filedesc>
<titlestmt>
<title>«Необходимость или разум...»</title>
<author>О.Э. Мандельштам</author>
</titlestmt>
<publicationstmt>
<p>АРТ-БИЗНЕС-ЦЕНТР МОСКВА 1993</p>
<biblstruct>
<biblscope n="" type="volume"></biblscope>
<biblscope n="" type="part"></biblscope>
</biblstruct></publicationstmt>
<sourcedesc>
<p>Издание подготовлено Мандельштамовским обществом</p>
</sourcedesc>
<respstmt>
<resp>Подготовка и разметка файлов - Алексей Литвинцев, Вероника Файнберг. Создание
          электронного ресурса - Тимофей Молчанов. Руководители проекта - Центр Digital Humanities,
          Мандельштамовское общество (НИУ ВШЭ).</resp>
</respstmt></filedesc>
<profiledesc>
<textdesc n="poem"></textdesc>
<textclass>
<catref target="1_049" type="ID"></catref>
<catref target="О.Э. Мандельштам. Собрание сочинений в 4-х т. -- М.: Терра, 1991" type="Источник"></catref>
<catref target="стихотворение" type="Жанр художественной литературы"></catref>
<catref target="nan" type="Уточнение жанра"></catref>
<catref target="Я" type="Метр"></catref>
<catref target="4" type="Длина строки"></catref>
<catref target="регулярная" type="Клаузула"></catref>
<catref target="жм" type="Уточнение клаузулы"></catref>
<catref target="nan" type="Классическая строфа"></catref>
<catref target="перекрестная" type="Рифма"></catref>
<catref target="абаб" type="Схема рифмовки"></catref>
<catref target="Я4жм" type="Метрическая формула"></catref>
<catref target="nan" type="Дополнительные параметры"></catref>
<catref target="16" type="Число строк"></catref>
<catref target="nan" type="Автор оригинала"></catref>
<catref target="nan" type="Язык оригинала"></catref>
</textclass></profiledesc>
</teiheader>
<text>
<body>
<div1 n="1" type="volume">
<div2 n="49" type="part">
<head>49.</head>
<lg type="quatrain">
<l n="1">Необходимость или разум</l>
<l n="2">Повелевает на земле —</l>
<l n="3">Но человек чертит алмазом</l>
<l n="4">Как на податливом стекле:</l>
</lg>
<lg type="quatrain">
<l n="5">Оркестр торжественный настройте,</l>
<l n="6">Стихии верные рабы,</l>
<l n="7">Шумите листья, ветры пойте —</l>
<l n="8">Я не хочу моей судьбы.</l>
</lg>
<lg type="quatrain">
<l n="9">И необузданным пэанам</l>
<l n="10">Храм уступают мудрецы,</l>
<l n="11">Когда неистовым тимпаном</l>
<l n="12">Играют пьяные жрецы.</l>
</lg>
<lg type="quatrain">
<l n="13">И, как ее ни называйте</l>
<l n="14">И, для гаданий и волшбы,</l>
<l n="15">Ее лица ни покрывайте —</l>
<l n="16">Я не хочу моей судьбы.</l>
</lg>
<date to="1910-06">‹Не позднее июня 1910›</date>
</div2>
</div1>
</body>
</text>
</tei>
