<?xml version='1.0' encoding='UTF8'?>
<tei xmlns="http://www.tei-c.org/ns/1.0">
<teiheader>
<filedesc>
<titlestmt>
<title>«Медлительнее снежный улей...»</title>
<author>О.Э. Мандельштам</author>
</titlestmt>
<publicationstmt>
<p>АРТ-БИЗНЕС-ЦЕНТР МОСКВА 1993</p>
<biblstruct>
<biblscope n="" type="volume"></biblscope>
<biblscope n="" type="part"></biblscope>
</biblstruct></publicationstmt>
<sourcedesc>
<p>Издание подготовлено Мандельштамовским обществом</p>
</sourcedesc>
<respstmt>
<resp>Подготовка и разметка файлов - Алексей Литвинцев, Вероника Файнберг. Создание
          электронного ресурса - Тимофей Молчанов. Руководители проекта - Центр Digital Humanities,
          Мандельштамовское общество (НИУ ВШЭ).</resp>
</respstmt></filedesc>
<profiledesc>
<textdesc n="poem"></textdesc>
<textclass>
<catref target="1_043" type="ID"></catref>
<catref target="О.Э. Мандельштам. Собрание сочинений в 4-х т. -- М.: Терра, 1991" type="Источник"></catref>
<catref target="стихотворение" type="Жанр художественной литературы"></catref>
<catref target="nan" type="Уточнение жанра"></catref>
<catref target="Я" type="Метр"></catref>
<catref target="4" type="Длина строки"></catref>
<catref target="регулярная" type="Клаузула"></catref>
<catref target="жммж мжжм" type="Уточнение клаузулы"></catref>
<catref target="nan" type="Классическая строфа"></catref>
<catref target="охватная" type="Рифма"></catref>
<catref target="абба" type="Схема рифмовки"></catref>
<catref target="Я4жм" type="Метрическая формула"></catref>
<catref target="nan" type="Дополнительные параметры"></catref>
<catref target="12" type="Число строк"></catref>
<catref target="nan" type="Автор оригинала"></catref>
<catref target="nan" type="Язык оригинала"></catref>
</textclass></profiledesc>
</teiheader>
<text>
<body>
<div1 n="1" type="volume">
<div2 n="43" type="part">
<head>43.</head>
<lg type="quatrain">
<l n="1">Медлительнее снежный улей,</l>
<l n="2">Прозрачнее окна хрусталь,</l>
<l n="3">И бирюзовая вуаль</l>
<l n="4">Небрежно брошена на стуле.</l>
</lg>
<lg type="quatrain">
<l n="5">Ткань, опьяненная собой,</l>
<l n="6">Изнеженная лаской света,</l>
<l n="7">Она испытывает лето,</l>
<l n="8">Как бы не тронута зимой;</l>
</lg>
<lg type="quatrain">
<l n="9">И, если в ледяных алмазах</l>
<l n="10">Струится вечности мороз,</l>
<l n="11">Здесь — трепетание стрекоз</l>
<l n="12">Быстроживущих, синеглазых.</l>
</lg>
<date when="1910">1910</date>
</div2>
</div1>
</body>
</text>
</tei>
