<?xml version='1.0' encoding='UTF8'?>
<tei xmlns="http://www.tei-c.org/ns/1.0">
<teiheader>
<filedesc>
<titlestmt>
<title>«Я вижу каменное небо...»</title>
<author>О.Э. Мандельштам</author>
</titlestmt>
<publicationstmt>
<p>АРТ-БИЗНЕС-ЦЕНТР МОСКВА 1993</p>
<biblstruct>
<biblscope n="" type="volume"></biblscope>
<biblscope n="" type="part"></biblscope>
</biblstruct></publicationstmt>
<sourcedesc>
<p>Издание подготовлено Мандельштамовским обществом</p>
</sourcedesc>
<respstmt>
<resp>Подготовка и разметка файлов - Алексей Литвинцев, Вероника Файнберг. Создание
          электронного ресурса - Тимофей Молчанов. Руководители проекта - Центр Digital Humanities,
          Мандельштамовское общество (НИУ ВШЭ).</resp>
</respstmt></filedesc>
<profiledesc>
<textdesc n="poem"></textdesc>
<textclass>
<catref target="1_054" type="ID"></catref>
<catref target="О.Э. Мандельштам. Собрание сочинений в 4-х т. -- М.: Терра, 1991" type="Источник"></catref>
<catref target="стихотворение" type="Жанр художественной литературы"></catref>
<catref target="nan" type="Уточнение жанра"></catref>
<catref target="Я" type="Метр"></catref>
<catref target="4" type="Длина строки"></catref>
<catref target="регулярная" type="Клаузула"></catref>
<catref target="жм" type="Уточнение клаузулы"></catref>
<catref target="nan" type="Классическая строфа"></catref>
<catref target="перекрестная" type="Рифма"></catref>
<catref target="абаб" type="Схема рифмовки"></catref>
<catref target="Я4жм" type="Метрическая формула"></catref>
<catref target="nan" type="Дополнительные параметры"></catref>
<catref target="12" type="Число строк"></catref>
<catref target="nan" type="Автор оригинала"></catref>
<catref target="nan" type="Язык оригинала"></catref>
</textclass></profiledesc>
</teiheader>
<text>
<body>
<div1 n="1" type="volume">
<div2 n="54" type="part">
<head>54.</head>
<lg type="quatrain">
<l n="1">Я вижу каменное небо</l>
<l n="2">Над тусклой паутиной вод.</l>
<l n="3">В тисках постылого Эреба<rs ref="Эреб" type="myth_index"></rs></l>
<l n="4">Душа томительно живет.</l>
</lg>
<lg type="quatrain">
<l n="5">Я понимаю этот ужас</l>
<l n="6">И постигаю эту связь:</l>
<l n="7">И небо падает, не рушась,</l>
<l n="8">И море плещет, не пенясь.</l>
</lg>
<lg type="quatrain">
<l n="9">О, крылья бледные химеры,</l>
<l n="10">На грубом золоте песка,</l>
<l n="11">И паруса трилистник серый,</l>
<l n="12">Распятый, как моя тоска!</l>
</lg>
<date to="1910-08-05">‹Не позднее 5 августа 1910›</date>
</div2>
</div1>
</body>
</text>
</tei>
