<?xml version='1.0' encoding='UTF8'?>
<tei xmlns="http://www.tei-c.org/ns/1.0">
<teiheader>
<filedesc>
<titlestmt>
<title>«Неумолимые слова...»</title>
<author>О.Э. Мандельштам</author>
</titlestmt>
<publicationstmt>
<p>АРТ-БИЗНЕС-ЦЕНТР МОСКВА 1993</p>
<biblstruct>
<biblscope n="" type="volume"></biblscope>
<biblscope n="" type="part"></biblscope>
</biblstruct></publicationstmt>
<sourcedesc>
<p>Издание подготовлено Мандельштамовским обществом</p>
</sourcedesc>
<respstmt>
<resp>Подготовка и разметка файлов - Алексей Литвинцев, Вероника Файнберг. Создание
          электронного ресурса - Тимофей Молчанов. Руководители проекта - Центр Digital Humanities,
          Мандельштамовское общество (НИУ ВШЭ).</resp>
</respstmt></filedesc>
<profiledesc>
<textdesc n="poem"></textdesc>
<textclass>
<catref target="1_059" type="ID"></catref>
<catref target="О.Э. Мандельштам. Собрание сочинений в 4-х т. -- М.: Терра, 1991" type="Источник"></catref>
<catref target="стихотворение" type="Жанр художественной литературы"></catref>
<catref target="nan" type="Уточнение жанра"></catref>
<catref target="Я" type="Метр"></catref>
<catref target="4" type="Длина строки"></catref>
<catref target="регулярная" type="Клаузула"></catref>
<catref target="мжжм" type="Уточнение клаузулы"></catref>
<catref target="nan" type="Классическая строфа"></catref>
<catref target="охватная" type="Рифма"></catref>
<catref target="абба" type="Схема рифмовки"></catref>
<catref target="Я4мж" type="Метрическая формула"></catref>
<catref target="nan" type="Дополнительные параметры"></catref>
<catref target="12" type="Число строк"></catref>
<catref target="nan" type="Автор оригинала"></catref>
<catref target="nan" type="Язык оригинала"></catref>
</textclass></profiledesc>
</teiheader>
<text>
<body>
<div1 n="1" type="volume">
<div2 n="59" type="part">
<head>59.</head>
<lg type="quatrain">
<l n="1">Неумолимые слова...</l>
<l n="2">Окаменела Иудея,<rs ref="Иудея" type="geo_index"></rs></l>
<l n="3">И, с каждым мигом тяжелея,</l>
<l n="4">Его поникла голова.</l>
</lg>
<lg type="quatrain">
<l n="5">Стояли воины кругом</l>
<l n="6">На страже стынущего тела;</l>
<l n="7">Как венчик, голова висела</l>
<l n="8">На стебле тонком и чужом.</l>
</lg>
<lg type="quatrain">
<l n="9">И царствовал, и никнул Он,</l>
<l n="10">Как лилия в родимый омут,</l>
<l n="11">И глубина, где стебли тонут,</l>
<l n="12">Торжествовала свой закон.</l>
</lg>
<date when="1910-08">‹Август› 1910, Целендорф</date>
</div2>
</div1>
</body>
</text>
</tei>
