<?xml version='1.0' encoding='UTF8'?>
<tei xmlns="http://www.tei-c.org/ns/1.0">
<teiheader>
<filedesc>
<titlestmt>
<title>«Когда укор колоколов...»</title>
<author>О.Э. Мандельштам</author>
</titlestmt>
<publicationstmt>
<p>АРТ-БИЗНЕС-ЦЕНТР МОСКВА 1993</p>
<biblstruct>
<biblscope n="" type="volume"></biblscope>
<biblscope n="" type="part"></biblscope>
</biblstruct></publicationstmt>
<sourcedesc>
<p>Издание подготовлено Мандельштамовским обществом</p>
</sourcedesc>
<respstmt>
<resp>Подготовка и разметка файлов - Алексей Литвинцев, Вероника Файнберг. Создание
          электронного ресурса - Тимофей Молчанов. Руководители проекта - Центр Digital Humanities,
          Мандельштамовское общество (НИУ ВШЭ).</resp>
</respstmt></filedesc>
<profiledesc>
<textdesc n="poem"></textdesc>
<textclass>
<catref target="1_052" type="ID"></catref>
<catref target="О.Э. Мандельштам. Собрание сочинений в 4-х т. -- М.: Терра, 1991" type="Источник"></catref>
<catref target="стихотворение" type="Жанр художественной литературы"></catref>
<catref target="nan" type="Уточнение жанра"></catref>
<catref target="Я" type="Метр"></catref>
<catref target="4" type="Длина строки"></catref>
<catref target="регулярная" type="Клаузула"></catref>
<catref target="мжжм" type="Уточнение клаузулы"></catref>
<catref target="nan" type="Классическая строфа"></catref>
<catref target="охватная" type="Рифма"></catref>
<catref target="абба" type="Схема рифмовки"></catref>
<catref target="Я4мж" type="Метрическая формула"></catref>
<catref target="nan" type="Дополнительные параметры"></catref>
<catref target="12" type="Число строк"></catref>
<catref target="nan" type="Автор оригинала"></catref>
<catref target="nan" type="Язык оригинала"></catref>
</textclass></profiledesc>
</teiheader>
<text>
<body>
<div1 n="1" type="volume">
<div2 n="52" type="part">
<head>52.</head>
<lg type="quatrain">
<l n="1">Когда укор колоколов</l>
<l n="2">Нахлынет с древних колоколен,</l>
<l n="3">И самый воздух гулом болен,</l>
<l n="4">И нету ни молитв, ни слов —</l>
</lg>
<lg type="quatrain">
<l n="5">Я уничтожен, заглушен.</l>
<l n="6">Вино, и крепче и тяжеле</l>
<l n="7">Сердечного коснулось хмеля —</l>
<l n="8">И снова я не утолен.</l>
</lg>
<lg type="quatrain">
<l n="9">Я не хочу моих святынь,</l>
<l n="10">Мои обеты я нарушу —</l>
<l n="11">И мне переполняет душу</l>
<l n="12">Неизъяснимая полынь.</l>
</lg>
<date to="1910-08-05">‹Не позднее 5 августа 1910›</date>
</div2>
</div1>
</body>
</text>
</tei>
