<?xml version='1.0' encoding='UTF8'?>
<tei xmlns="http://www.tei-c.org/ns/1.0">
<teiheader>
<filedesc>
<titlestmt>
<title>«Мне стало страшно жизнь отжить...»</title>
<author>О.Э. Мандельштам</author>
</titlestmt>
<publicationstmt>
<p>АРТ-БИЗНЕС-ЦЕНТР МОСКВА 1993</p>
<biblstruct>
<biblscope n="" type="volume"></biblscope>
<biblscope n="" type="part"></biblscope>
</biblstruct></publicationstmt>
<sourcedesc>
<p>Издание подготовлено Мандельштамовским обществом</p>
</sourcedesc>
<respstmt>
<resp>Подготовка и разметка файлов - Алексей Литвинцев, Вероника Файнберг. Создание
          электронного ресурса - Тимофей Молчанов. Руководители проекта - Центр Digital Humanities,
          Мандельштамовское общество (НИУ ВШЭ).</resp>
</respstmt></filedesc>
<profiledesc>
<textdesc n="poem"></textdesc>
<textclass>
<catref target="1_053" type="ID"></catref>
<catref target="О.Э. Мандельштам. Собрание сочинений в 4-х т. -- М.: Терра, 1991" type="Источник"></catref>
<catref target="стихотворение" type="Жанр художественной литературы"></catref>
<catref target="nan" type="Уточнение жанра"></catref>
<catref target="Я" type="Метр"></catref>
<catref target="4" type="Длина строки"></catref>
<catref target="регулярная" type="Клаузула"></catref>
<catref target="мж" type="Уточнение клаузулы"></catref>
<catref target="nan" type="Классическая строфа"></catref>
<catref target="перекрестная" type="Рифма"></catref>
<catref target="абаб" type="Схема рифмовки"></catref>
<catref target="Я4мж" type="Метрическая формула"></catref>
<catref target="nan" type="Дополнительные параметры"></catref>
<catref target="16" type="Число строк"></catref>
<catref target="nan" type="Автор оригинала"></catref>
<catref target="nan" type="Язык оригинала"></catref>
</textclass></profiledesc>
</teiheader>
<text>
<body>
<div1 n="1" type="volume">
<div2 n="53" type="part">
<head>53.</head>
<lg type="quatrain">
<l n="1">Мне стало страшно жизнь отжить —</l>
<l n="2">И с дерева, как лист, отпрянуть,</l>
<l n="3">И ничего не полюбить,</l>
<l n="4">И безымянным камнем кануть;</l>
</lg>
<lg type="quatrain">
<l n="5">И в пустоте, как на кресте,</l>
<l n="6">Живую душу распиная,</l>
<l n="7">Как Моисей на высоте,</l>
<l n="8">Исчезнуть в облаке Синая.<rs ref="Синай" type="geo_index"></rs></l>
</lg>
<lg type="quatrain">
<l n="9">И я слежу — со всем живым</l>
<l n="10">Меня связующие нити,</l>
<l n="11">И бытия узорный дым</l>
<l n="12">На мраморной сличаю плите;</l>
</lg>
<lg type="quatrain">
<l n="13">И содроганья теплых птиц</l>
<l n="14">Улавливаю через сети,</l>
<l n="15">И с истлевающих страниц</l>
<l n="16">Притягиваю прах столетий.</l>
</lg>
<date to="1910-08-05">‹Не позднее 5 августа 1910›</date>
</div2>
</div1>
</body>
</text>
</tei>
