<?xml version='1.0' encoding='UTF8'?>
<tei xmlns="http://www.tei-c.org/ns/1.0">
<teiheader>
<filedesc>
<titlestmt>
<title>«Вечер нежный. Сумрак важный...»</title>
<author>О.Э. Мандельштам</author>
</titlestmt>
<publicationstmt>
<p>АРТ-БИЗНЕС-ЦЕНТР МОСКВА 1993</p>
<biblstruct>
<biblscope n="" type="volume"></biblscope>
<biblscope n="" type="part"></biblscope>
</biblstruct></publicationstmt>
<sourcedesc>
<p>Издание подготовлено Мандельштамовским обществом</p>
</sourcedesc>
<respstmt>
<resp>Подготовка и разметка файлов - Алексей Литвинцев, Вероника Файнберг. Создание
          электронного ресурса - Тимофей Молчанов. Руководители проекта - Центр Digital Humanities,
          Мандельштамовское общество (НИУ ВШЭ).</resp>
</respstmt></filedesc>
<profiledesc>
<textdesc n="poem"></textdesc>
<textclass>
<catref target="1_055" type="ID"></catref>
<catref target="О.Э. Мандельштам. Собрание сочинений в 4-х т. -- М.: Терра, 1991" type="Источник"></catref>
<catref target="стихотворение" type="Жанр художественной литературы"></catref>
<catref target="nan" type="Уточнение жанра"></catref>
<catref target="Х" type="Метр"></catref>
<catref target="4" type="Длина строки"></catref>
<catref target="nan" type="Клаузула"></catref>
<catref target="ж" type="Уточнение клаузулы"></catref>
<catref target="nan" type="Классическая строфа"></catref>
<catref target="перекрестная" type="Рифма"></catref>
<catref target="абаб" type="Схема рифмовки"></catref>
<catref target="Х4ж" type="Метрическая формула"></catref>
<catref target="nan" type="Дополнительные параметры"></catref>
<catref target="12" type="Число строк"></catref>
<catref target="nan" type="Автор оригинала"></catref>
<catref target="nan" type="Язык оригинала"></catref>
</textclass></profiledesc>
</teiheader>
<text>
<body>
<div1 n="1" type="volume">
<div2 n="55" type="part">
<head>55.</head>
<lg type="quatrain">
<l n="1">Вечер нежный. Сумрак важный.</l>
<l n="2">Гул за гулом. Вал за валом.</l>
<l n="3">И в лицо нам ветер влажный</l>
<l n="4">Бьет соленым покрывалом.</l>
</lg>
<lg type="quatrain">
<l n="5">Все погасло. Все смешалось.</l>
<l n="6">Волны берегом хмелели.</l>
<l n="7">В нас вошла слепая радость —</l>
<l n="8">И сердца отяжелели.</l>
</lg>
<lg type="quatrain">
<l n="9">Оглушил нас хаос темный,</l>
<l n="10">Одурманил воздух пьяный,</l>
<l n="11">Убаюкал хор огромный:</l>
<l n="12">Флейты, лютни и тимпаны...</l>
</lg>
<date to="1910-08-05">‹Не позднее 5 августа 1910›</date>
</div2>
</div1>
</body>
</text>
</tei>
