<?xml version='1.0' encoding='UTF8'?>
<tei xmlns="http://www.tei-c.org/ns/1.0">
<teiheader>
<filedesc>
<titlestmt>
<title>«Убиты медью вечерней...»</title>
<author>О.Э. Мандельштам</author>
</titlestmt>
<publicationstmt>
<p>АРТ-БИЗНЕС-ЦЕНТР МОСКВА 1993</p>
<biblstruct>
<biblscope n="" type="volume"></biblscope>
<biblscope n="" type="part"></biblscope>
</biblstruct></publicationstmt>
<sourcedesc>
<p>Издание подготовлено Мандельштамовским обществом</p>
</sourcedesc>
<respstmt>
<resp>Подготовка и разметка файлов - Алексей Литвинцев, Вероника Файнберг. Создание
          электронного ресурса - Тимофей Молчанов. Руководители проекта - Центр Digital Humanities,
          Мандельштамовское общество (НИУ ВШЭ).</resp>
</respstmt></filedesc>
<profiledesc>
<textdesc n="poem"></textdesc>
<textclass>
<catref target="1_056" type="ID"></catref>
<catref target="О.Э. Мандельштам. Собрание сочинений в 4-х т. -- М.: Терра, 1991" type="Источник"></catref>
<catref target="стихотворение" type="Жанр художественной литературы"></catref>
<catref target="nan" type="Уточнение жанра"></catref>
<catref target="Аф + тонический : Дк" type="Метр"></catref>
<catref target="3" type="Длина строки"></catref>
<catref target="регулярная" type="Клаузула"></catref>
<catref target="жм" type="Уточнение клаузулы"></catref>
<catref target="nan" type="Классическая строфа"></catref>
<catref target="перекрестная" type="Рифма"></catref>
<catref target="абаб" type="Схема рифмовки"></catref>
<catref target="Дк3ж+Аф3м" type="Метрическая формула"></catref>
<catref target="строчный логаэд" type="Дополнительные параметры"></catref>
<catref target="16" type="Число строк"></catref>
<catref target="nan" type="Автор оригинала"></catref>
<catref target="nan" type="Язык оригинала"></catref>
</textclass></profiledesc>
</teiheader>
<text>
<body>
<div1 n="1" type="volume">
<div2 n="56" type="part">
<head>56.</head>
<div type="dedication">С. П. Каблукову</div>
<rs ref="Каблуков, Сергей Платонович" type="person"></rs>
<lg type="quatrain">
<l n="1">Убиты медью вечерней</l>
<l n="2">И сломаны венчики слов.</l>
<l n="3">И тело требует терний,</l>
<l n="4">И вера — безумных цветов.</l>
</lg>
<lg type="quatrain">
<l n="5">Упасть на древние плиты</l>
<l n="6">И к страстному Богу воззвать,</l>
<l n="7">И знать, что молитвой слиты</l>
<l n="8">Все чувства в одну благодать!</l>
</lg>
<lg type="quatrain">
<l n="9">Растет прилив славословий —</l>
<l n="10">И вновь, в ожиданьи конца,</l>
<l n="11">Вином божественной крови</l>
<l n="12">Его — тяжелеют сердца;</l>
</lg>
<lg type="quatrain">
<l n="13">И храм, как корабль огромный,</l>
<l n="14">Несется в пучине веков.</l>
<l n="15">И парус духа бездомный</l>
<l n="16">Все ветры изведать готов.</l>
</lg>
<date when="1910-07">‹Июль› 1910, Ганге</date>
</div2>
</div1>
</body>
</text>
</tei>
