<?xml version='1.0' encoding='UTF8'?>
<tei xmlns="http://www.tei-c.org/ns/1.0">
<teiheader>
<filedesc>
<titlestmt>
<title>«Как облаком сердце одето...»</title>
<author>О.Э. Мандельштам</author>
</titlestmt>
<publicationstmt>
<p>АРТ-БИЗНЕС-ЦЕНТР МОСКВА 1993</p>
<biblstruct>
<biblscope n="" type="volume"></biblscope>
<biblscope n="" type="part"></biblscope>
</biblstruct></publicationstmt>
<sourcedesc>
<p>Издание подготовлено Мандельштамовским обществом</p>
</sourcedesc>
<respstmt>
<resp>Подготовка и разметка файлов - Алексей Литвинцев, Вероника Файнберг. Создание
          электронного ресурса - Тимофей Молчанов. Руководители проекта - Центр Digital Humanities,
          Мандельштамовское общество (НИУ ВШЭ).</resp>
</respstmt></filedesc>
<profiledesc>
<textdesc n="poem"></textdesc>
<textclass>
<catref target="1_057" type="ID"></catref>
<catref target="О.Э. Мандельштам. Собрание сочинений в 4-х т. -- М.: Терра, 1991" type="Источник"></catref>
<catref target="стихотворение" type="Жанр художественной литературы"></catref>
<catref target="nan" type="Уточнение жанра"></catref>
<catref target="Аф" type="Метр"></catref>
<catref target="3" type="Длина строки"></catref>
<catref target="регулярная" type="Клаузула"></catref>
<catref target="жм" type="Уточнение клаузулы"></catref>
<catref target="nan" type="Классическая строфа"></catref>
<catref target="перекрестная" type="Рифма"></catref>
<catref target="абаб" type="Схема рифмовки"></catref>
<catref target="Аф3жм" type="Метрическая формула"></catref>
<catref target="nan" type="Дополнительные параметры"></catref>
<catref target="16" type="Число строк"></catref>
<catref target="nan" type="Автор оригинала"></catref>
<catref target="nan" type="Язык оригинала"></catref>
</textclass></profiledesc>
</teiheader>
<text>
<body>
<div1 n="1" type="volume">
<div2 n="57" type="part">
<head>57.</head>
<lg type="quatrain">
<l n="1">Как облаком сердце одето</l>
<l n="2">И камнем прикинулась плоть,</l>
<l n="3">Пока назначенье поэта</l>
<l n="4">Ему не откроет Господь:</l>
</lg>
<lg type="quatrain">
<l n="5">Какая-то страсть налетела,</l>
<l n="6">Какая-то тяжесть жива;</l>
<l n="7">И призраки требуют тела,</l>
<l n="8">И плоти причастны слова.</l>
</lg>
<lg type="quatrain">
<l n="9">Как женщины, жаждут предметы,</l>
<l n="10">Как ласки, заветных имен.</l>
<l n="11">Но тайные ловит приметы</l>
<l n="12">Поэт, в темноту погружен.</l>
</lg>
<lg type="quatrain">
<l n="13">Он ждет сокровенного знака,</l>
<l n="14">На песнь, как на подвиг, готов;</l>
<l n="15">И дышит таинственность брака</l>
<l n="16">В простом сочетании слов.</l>
</lg>
<date to="1910-08-05">‹Не позднее 5 августа 1910›</date>
</div2>
</div1>
</body>
</text>
</tei>
