<?xml version='1.0' encoding='UTF8'?>
<tei xmlns="http://www.tei-c.org/ns/1.0">
<teiheader>
<filedesc>
<titlestmt>
<title>«...Я помню берег вековой...»</title>
<author>О.Э. Мандельштам</author>
</titlestmt>
<publicationstmt>
<p>АРТ-БИЗНЕС-ЦЕНТР МОСКВА 1993</p>
<biblstruct>
<biblscope n="" type="volume"></biblscope>
<biblscope n="" type="part"></biblscope>
</biblstruct></publicationstmt>
<sourcedesc>
<p>Издание подготовлено Мандельштамовским обществом</p>
</sourcedesc>
<respstmt>
<resp>Подготовка и разметка файлов - Алексей Литвинцев, Вероника Файнберг. Создание
          электронного ресурса - Тимофей Молчанов. Руководители проекта - Центр Digital Humanities,
          Мандельштамовское общество (НИУ ВШЭ).</resp>
</respstmt></filedesc>
<profiledesc>
<textdesc n="poem"></textdesc>
<textclass>
<catref target="1_058" type="ID"></catref>
<catref target="О.Э. Мандельштам. Собрание сочинений в 4-х т. -- М.: Терра, 1991" type="Источник"></catref>
<catref target="стихотворение" type="Жанр художественной литературы"></catref>
<catref target="nan" type="Уточнение жанра"></catref>
<catref target="Я" type="Метр"></catref>
<catref target="4" type="Длина строки"></catref>
<catref target="регулярная" type="Клаузула"></catref>
<catref target="мж" type="Уточнение клаузулы"></catref>
<catref target="nan" type="Классическая строфа"></catref>
<catref target="перекрестная" type="Рифма"></catref>
<catref target="абаб" type="Схема рифмовки"></catref>
<catref target="Я4мж" type="Метрическая формула"></catref>
<catref target="nan" type="Дополнительные параметры"></catref>
<catref target="12" type="Число строк"></catref>
<catref target="nan" type="Автор оригинала"></catref>
<catref target="nan" type="Язык оригинала"></catref>
</textclass></profiledesc>
</teiheader>
<text>
<body>
<div1 n="1" type="volume">
<div2 n="58" type="part">
<head>58.</head>
<div type="dedication">‹С. П. Каблукову›</div>
<rs ref="Каблуков, Сергей Платонович" type="person"></rs>
<lg type="1_line">
<l n="1">. . . . . . . . . . . . . . . . . . . . . . . . . . . .</l>
</lg>
<lg type="quatrain">
<l n="2">Я помню берег вековой</l>
<l n="3">И скал глубокие морщины,</l>
<l n="4">Где, покрывая шум морской,</l>
<l n="5">Ваш раздавался голос львиный.</l>
</lg>
<lg type="quatrain">
<l n="6">И Ваши бледные черты</l>
<l n="7">И, в острых взорах византийца,</l>
<l n="8">Огонь духовной красоты —</l>
<l n="9">Запомнятся и будут сниться.</l>
</lg>
<lg type="quatrain">
<l n="10">Вы чувствовали тайны нить,</l>
<l n="11">Вы чуяли рожденье слова...</l>
<l n="12">Лишь тот умеет похвалить,</l>
<l n="13">Чье осуждение сурово.</l>
</lg>
<date when="1910-08">‹Август› 1910, Берлин</date>
<rs ref="Берлин" type="geo_index"></rs>
</div2>
</div1>
</body>
</text>
</tei>
