<?xml version='1.0' encoding='UTF8'?>
<tei xmlns="http://www.tei-c.org/ns/1.0">
<teiheader>
<filedesc>
<titlestmt>
<title>«Скудный луч холодной мерою...»</title>
<author>О.Э. Мандельштам</author>
</titlestmt>
<publicationstmt>
<p>АРТ-БИЗНЕС-ЦЕНТР МОСКВА 1993</p>
<biblstruct>
<biblscope n="" type="volume"></biblscope>
<biblscope n="" type="part"></biblscope>
</biblstruct></publicationstmt>
<sourcedesc>
<p>Издание подготовлено Мандельштамовским обществом</p>
</sourcedesc>
<respstmt>
<resp>Подготовка и разметка файлов - Алексей Литвинцев, Вероника Файнберг. Создание
          электронного ресурса - Тимофей Молчанов. Руководители проекта - Центр Digital Humanities,
          Мандельштамовское общество (НИУ ВШЭ).</resp>
</respstmt></filedesc>
<profiledesc>
<textdesc n="poem"></textdesc>
<textclass>
<catref target="1_067" type="ID"></catref>
<catref target="О.Э. Мандельштам. Собрание сочинений в 4-х т. -- М.: Терра, 1991" type="Источник"></catref>
<catref target="стихотворение" type="Жанр художественной литературы"></catref>
<catref target="nan" type="Уточнение жанра"></catref>
<catref target="Х" type="Метр"></catref>
<catref target="4" type="Длина строки"></catref>
<catref target="регулярная" type="Клаузула"></catref>
<catref target="дм" type="Уточнение клаузулы"></catref>
<catref target="nan" type="Классическая строфа"></catref>
<catref target="перекрестная" type="Рифма"></catref>
<catref target="абаб" type="Схема рифмовки"></catref>
<catref target="Х4дм" type="Метрическая формула"></catref>
<catref target="nan" type="Дополнительные параметры"></catref>
<catref target="16" type="Число строк"></catref>
<catref target="nan" type="Автор оригинала"></catref>
<catref target="nan" type="Язык оригинала"></catref>
</textclass></profiledesc>
</teiheader>
<text>
<body>
<div1 n="1" type="volume">
<div2 n="67" type="part">
<head>67.</head>
<lg type="quatrain">
<l n="1">Скудный луч холодной мерою</l>
<l n="2">Сеет свет в сыром лесу.</l>
<l n="3">Я печаль, как птицу серую,</l>
<l n="4">В сердце медленно несу.</l>
</lg>
<lg type="quatrain">
<l n="5">Что мне делать с птицей раненой?</l>
<l n="6">Твердь умолкла, умерла.</l>
<l n="7">С колокольни отуманенной</l>
<l n="8">Кто-то снял колокола.</l>
</lg>
<lg type="quatrain">
<l n="9">И стоит осиротелая</l>
<l n="10">И немая вышина,</l>
<l n="11">Как пустая башня белая,</l>
<l n="12">Где туман и тишина...</l>
</lg>
<lg type="quatrain">
<l n="13">Утро, нежностью бездонное,</l>
<l n="14">Полу-явь и полу-сон,</l>
<l n="15">Забытье неутоленное,</l>
<l n="16">Дум туманный перезвон...</l>
</lg>
<date when="1911">1911</date>
</div2>
</div1>
</body>
</text>
</tei>
