<?xml version='1.0' encoding='UTF8'?>
<tei xmlns="http://www.tei-c.org/ns/1.0">
<teiheader>
<filedesc>
<titlestmt>
<title>«В изголовьи черное распятье...»</title>
<author>О.Э. Мандельштам</author>
</titlestmt>
<publicationstmt>
<p>АРТ-БИЗНЕС-ЦЕНТР МОСКВА 1993</p>
<biblstruct>
<biblscope n="" type="volume"></biblscope>
<biblscope n="" type="part"></biblscope>
</biblstruct></publicationstmt>
<sourcedesc>
<p>Издание подготовлено Мандельштамовским обществом</p>
</sourcedesc>
<respstmt>
<resp>Подготовка и разметка файлов - Алексей Литвинцев, Вероника Файнберг. Создание
          электронного ресурса - Тимофей Молчанов. Руководители проекта - Центр Digital Humanities,
          Мандельштамовское общество (НИУ ВШЭ).</resp>
</respstmt></filedesc>
<profiledesc>
<textdesc n="poem"></textdesc>
<textclass>
<catref target="1_063" type="ID"></catref>
<catref target="О.Э. Мандельштам. Собрание сочинений в 4-х т. -- М.: Терра, 1991" type="Источник"></catref>
<catref target="стихотворение" type="Жанр художественной литературы"></catref>
<catref target="nan" type="Уточнение жанра"></catref>
<catref target="Х" type="Метр"></catref>
<catref target="5" type="Длина строки"></catref>
<catref target="регулярная" type="Клаузула"></catref>
<catref target="жм" type="Уточнение клаузулы"></catref>
<catref target="nan" type="Классическая строфа"></catref>
<catref target="перекрестная" type="Рифма"></catref>
<catref target="абаб" type="Схема рифмовки"></catref>
<catref target="Х5жм" type="Метрическая формула"></catref>
<catref target="nan" type="Дополнительные параметры"></catref>
<catref target="16" type="Число строк"></catref>
<catref target="nan" type="Автор оригинала"></catref>
<catref target="nan" type="Язык оригинала"></catref>
</textclass></profiledesc>
</teiheader>
<text>
<body>
<div1 n="1" type="volume">
<div2 n="63" type="part">
<head>63.</head>
<lg type="quatrain">
<l n="1">В изголовьи черное распятье,</l>
<l n="2">В сердце жар, и в мыслях пустота, —</l>
<l n="3">И ложится тонкое проклятье —</l>
<l n="4">Пыльный след — на дерево креста.</l>
</lg>
<lg type="quatrain">
<l n="5">Ах, зачем на стеклах дым морозный</l>
<l n="6">Так похож на мозаичный сон!</l>
<l n="7">Ах, зачем молчанья голос грозный</l>
<l n="8">Безнадежной негой растворен!</l>
</lg>
<lg type="quatrain">
<l n="9">И слова евангельской латыни</l>
<l n="10">Прозвучали, как морской прибой;</l>
<l n="11">И волной нахлынувшей святыни</l>
<l n="12">Поднят был корабль безумный мой:</l>
</lg>
<lg type="quatrain">
<l n="13">Нет, не парус, распятый и серый,</l>
<l n="14">С неизбежностью меня влечет —</l>
<l n="15">Страшен мне «подводный камень веры»*,</l>
<l n="16">Роковой ее круговорот!</l>
</lg>
<date when="1910-11">Ноябрь 1910, Петербург</date>
<rs ref="Петербург (Ленинград, Петрополь)" type="geo_index"></rs>
<note>* Тютчев (примеч. О. Мандельштама)
</note>
<rs ref="Тютчев, Федор Иванович" type="person"></rs>
</div2>
</div1>
</body>
</text>
</tei>
