<?xml version='1.0' encoding='UTF8'?>
<tei xmlns="http://www.tei-c.org/ns/1.0">
<teiheader>
<filedesc>
<titlestmt>
<title>«Темных уз земного заточенья...»</title>
<author>О.Э. Мандельштам</author>
</titlestmt>
<publicationstmt>
<p>АРТ-БИЗНЕС-ЦЕНТР МОСКВА 1993</p>
<biblstruct>
<biblscope n="" type="volume"></biblscope>
<biblscope n="" type="part"></biblscope>
</biblstruct></publicationstmt>
<sourcedesc>
<p>Издание подготовлено Мандельштамовским обществом</p>
</sourcedesc>
<respstmt>
<resp>Подготовка и разметка файлов - Алексей Литвинцев, Вероника Файнберг. Создание
          электронного ресурса - Тимофей Молчанов. Руководители проекта - Центр Digital Humanities,
          Мандельштамовское общество (НИУ ВШЭ).</resp>
</respstmt></filedesc>
<profiledesc>
<textdesc n="poem"></textdesc>
<textclass>
<catref target="1_064" type="ID"></catref>
<catref target="О.Э. Мандельштам. Собрание сочинений в 4-х т. -- М.: Терра, 1991" type="Источник"></catref>
<catref target="стихотворение" type="Жанр художественной литературы"></catref>
<catref target="nan" type="Уточнение жанра"></catref>
<catref target="Х" type="Метр"></catref>
<catref target="5" type="Длина строки"></catref>
<catref target="регулярная" type="Клаузула"></catref>
<catref target="жм" type="Уточнение клаузулы"></catref>
<catref target="nan" type="Классическая строфа"></catref>
<catref target="перекрестная" type="Рифма"></catref>
<catref target="абаб" type="Схема рифмовки"></catref>
<catref target="Х5жм" type="Метрическая формула"></catref>
<catref target="nan" type="Дополнительные параметры"></catref>
<catref target="16" type="Число строк"></catref>
<catref target="nan" type="Автор оригинала"></catref>
<catref target="nan" type="Язык оригинала"></catref>
</textclass></profiledesc>
</teiheader>
<text>
<body>
<div1 n="1" type="volume">
<div2 n="64" type="part">
<head>64.</head>
<lg type="quatrain">
<l n="1">Темных уз земного заточенья</l>
<l n="2">Я ничем преодолеть не мог,</l>
<l n="3">И тяжелым панцирем презренья</l>
<l n="4">Я окован с головы до ног.</l>
</lg>
<lg type="quatrain">
<l n="5">Иногда со мной бывает нежен</l>
<l n="6">И меня преследует двойник:</l>
<l n="7">Как и я — он так же неизбежен</l>
<l n="8">И ко мне внимательно приник.</l>
</lg>
<lg type="quatrain">
<l n="9">И, глухую затаив развязку,</l>
<l n="10">Сам себя я вызвал на турнир:</l>
<l n="11">С самого себя срываю маску</l>
<l n="12">И презрительный лелею мир.</l>
</lg>
<lg type="quatrain">
<l n="13">Я своей печали недостоин,</l>
<l n="14">И моя последняя мечта —</l>
<l n="15">Роковой и краткий гул пробоин</l>
<l n="16">Моего узорного щита.</l>
</lg>
<date when="1910">‹1910?›</date>
</div2>
</div1>
</body>
</text>
</tei>
