<?xml version='1.0' encoding='UTF8'?>
<tei xmlns="http://www.tei-c.org/ns/1.0">
<teiheader>
<filedesc>
<titlestmt>
<title>«Медленно урна пустая...»</title>
<author>О.Э. Мандельштам</author>
</titlestmt>
<publicationstmt>
<p>АРТ-БИЗНЕС-ЦЕНТР МОСКВА 1993</p>
<biblstruct>
<biblscope n="" type="volume"></biblscope>
<biblscope n="" type="part"></biblscope>
</biblstruct></publicationstmt>
<sourcedesc>
<p>Издание подготовлено Мандельштамовским обществом</p>
</sourcedesc>
<respstmt>
<resp>Подготовка и разметка файлов - Алексей Литвинцев, Вероника Файнберг. Создание
          электронного ресурса - Тимофей Молчанов. Руководители проекта - Центр Digital Humanities,
          Мандельштамовское общество (НИУ ВШЭ).</resp>
</respstmt></filedesc>
<profiledesc>
<textdesc n="poem"></textdesc>
<textclass>
<catref target="1_066" type="ID"></catref>
<catref target="О.Э. Мандельштам. Собрание сочинений в 4-х т. -- М.: Терра, 1991" type="Источник"></catref>
<catref target="стихотворение" type="Жанр художественной литературы"></catref>
<catref target="nan" type="Уточнение жанра"></catref>
<catref target="Аф + Д" type="Метр"></catref>
<catref target="3" type="Длина строки"></catref>
<catref target="nan" type="Клаузула"></catref>
<catref target="ж" type="Уточнение клаузулы"></catref>
<catref target="nan" type="Классическая строфа"></catref>
<catref target="перекрестная" type="Рифма"></catref>
<catref target="абаб" type="Схема рифмовки"></catref>
<catref target="Д3ж+Аф3ж" type="Метрическая формула"></catref>
<catref target="строчный логаэд, урегулированная анакруса" type="Дополнительные параметры"></catref>
<catref target="16" type="Число строк"></catref>
<catref target="nan" type="Автор оригинала"></catref>
<catref target="nan" type="Язык оригинала"></catref>
</textclass></profiledesc>
</teiheader>
<text>
<body>
<div1 n="1" type="volume">
<div2 n="66" type="part">
<head>66.</head>
<lg type="quatrain">
<l n="1">Медленно урна пустая,</l>
<l n="2">Вращаясь над тусклой поляной,</l>
<l n="3">Сеет, надменно мерцая,</l>
<l n="4">Туманы в лазури ледяной.</l>
</lg>
<lg type="quatrain">
<l n="5">Тянет, чарует и манит —</l>
<l n="6">Непонят, невынут, нетронут —</l>
<l n="7">Жребий, — и небо обманет,</l>
<l n="8">И взоры в возможном потонут.</l>
</lg>
<lg type="quatrain">
<l n="9">Что расскажу я о вечных,</l>
<l n="10">Заочных, заоблачных странах:</l>
<l n="11">Весь я в порывах конечных,</l>
<l n="12">В соблазнах, изменах и ранах.</l>
</lg>
<lg type="quatrain">
<l n="13">Выбор мой труден и беден.</l>
<l n="14">И тусклый простор безучастен.</l>
<l n="15">Стыну — и взор мой победен.</l>
<l n="16">И круг мой обыденный страстен.</l>
</lg>
<date when="1911-02-11">11 февраля 1911</date>
</div2>
</div1>
</body>
</text>
</tei>
