<?xml version='1.0' encoding='UTF8'?>
<tei xmlns="http://www.tei-c.org/ns/1.0">
<teiheader>
<filedesc>
<titlestmt>
<title>«В самом себе, как змей, таясь...»</title>
<author>О.Э. Мандельштам</author>
</titlestmt>
<publicationstmt>
<p>АРТ-БИЗНЕС-ЦЕНТР МОСКВА 1993</p>
<biblstruct>
<biblscope n="" type="volume"></biblscope>
<biblscope n="" type="part"></biblscope>
</biblstruct></publicationstmt>
<sourcedesc>
<p>Издание подготовлено Мандельштамовским обществом</p>
</sourcedesc>
<respstmt>
<resp>Подготовка и разметка файлов - Алексей Литвинцев, Вероника Файнберг. Создание
          электронного ресурса - Тимофей Молчанов. Руководители проекта - Центр Digital Humanities,
          Мандельштамовское общество (НИУ ВШЭ).</resp>
</respstmt></filedesc>
<profiledesc>
<textdesc n="poem"></textdesc>
<textclass>
<catref target="1_060" type="ID"></catref>
<catref target="О.Э. Мандельштам. Собрание сочинений в 4-х т. -- М.: Терра, 1991" type="Источник"></catref>
<catref target="стихотворение" type="Жанр художественной литературы"></catref>
<catref target="nan" type="Уточнение жанра"></catref>
<catref target="Я" type="Метр"></catref>
<catref target="4" type="Длина строки"></catref>
<catref target="регулярная" type="Клаузула"></catref>
<catref target="ммж" type="Уточнение клаузулы"></catref>
<catref target="nan" type="Классическая строфа"></catref>
<catref target="сложная" type="Рифма"></catref>
<catref target="ааб ввб" type="Схема рифмовки"></catref>
<catref target="Я4ммж" type="Метрическая формула"></catref>
<catref target="nan" type="Дополнительные параметры"></catref>
<catref target="12" type="Число строк"></catref>
<catref target="nan" type="Автор оригинала"></catref>
<catref target="nan" type="Язык оригинала"></catref>
</textclass></profiledesc>
</teiheader>
<text>
<body>
<div1 n="1" type="volume">
<div2 n="60" type="part">
<head>60.</head>
<lg type="tercet">
<l n="1">В самом себе, как змей, таясь,</l>
<l n="2">Вокруг себя, как плющ, виясь, —</l>
<l n="3">Я подымаюсь над собою:</l>
</lg>
<lg type="tercet">
<l n="4">Себя хочу, к себе лечу,</l>
<l n="5">Крылами темными плещу,</l>
<l n="6">Расширенными над водою;</l>
</lg>
<lg type="tercet">
<l n="7">И, как испуганный орел,</l>
<l n="8">Вернувшись, больше не нашел</l>
<l n="9">Гнезда, сорвавшегося в бездну, —</l>
</lg>
<lg type="tercet">
<l n="10">Омоюсь молнии огнем</l>
<l n="11">И, заклиная тяжкий гром,</l>
<l n="12">В холодном облаке исчезну!</l>
</lg>
<date when="1910-08">Август 1910, ‹Берлин›</date>
<rs ref="Берлин" type="geo_index"></rs>
</div2>
</div1>
</body>
</text>
</tei>
