<?xml version='1.0' encoding='UTF8'?>
<tei xmlns="http://www.tei-c.org/ns/1.0">
<teiheader>
<filedesc>
<titlestmt>
<title>Змей</title>
<author>О.Э. Мандельштам</author>
</titlestmt>
<publicationstmt>
<p>АРТ-БИЗНЕС-ЦЕНТР МОСКВА 1993</p>
<biblstruct>
<biblscope n="" type="volume"></biblscope>
<biblscope n="" type="part"></biblscope>
</biblstruct></publicationstmt>
<sourcedesc>
<p>Издание подготовлено Мандельштамовским обществом</p>
</sourcedesc>
<respstmt>
<resp>Подготовка и разметка файлов - Алексей Литвинцев, Вероника Файнберг. Создание
          электронного ресурса - Тимофей Молчанов. Руководители проекта - Центр Digital Humanities,
          Мандельштамовское общество (НИУ ВШЭ).</resp>
</respstmt></filedesc>
<profiledesc>
<textdesc n="poem"></textdesc>
<textclass>
<catref target="1_061" type="ID"></catref>
<catref target="О.Э. Мандельштам. Собрание сочинений в 4-х т. -- М.: Терра, 1991" type="Источник"></catref>
<catref target="стихотворение" type="Жанр художественной литературы"></catref>
<catref target="nan" type="Уточнение жанра"></catref>
<catref target="Я" type="Метр"></catref>
<catref target="5" type="Длина строки"></catref>
<catref target="регулярная" type="Клаузула"></catref>
<catref target="жм" type="Уточнение клаузулы"></catref>
<catref target="nan" type="Классическая строфа"></catref>
<catref target="перекрестная" type="Рифма"></catref>
<catref target="абаб" type="Схема рифмовки"></catref>
<catref target="Я5жм" type="Метрическая формула"></catref>
<catref target="nan" type="Дополнительные параметры"></catref>
<catref target="20" type="Число строк"></catref>
<catref target="nan" type="Автор оригинала"></catref>
<catref target="nan" type="Язык оригинала"></catref>
</textclass></profiledesc>
</teiheader>
<text>
<body>
<div1 n="1" type="volume">
<div2 n="61" type="part">
<head>61.
Змей</head>
<lg type="quatrain">
<l n="1">Осенний сумрак — ржавое железо</l>
<l n="2">Скрипит, поет и разъедает плоть...</l>
<l n="3">Что весь соблазн и все богатства Креза</l>
<l n="4">Пред лезвием твоей тоски, Господь?</l>
</lg>
<lg type="quatrain">
<l n="5">Я как змеей танцующей измучен</l>
<l n="6">И перед ней, тоскуя, трепещу,</l>
<l n="7">Я не хочу души своей излучин,</l>
<l n="8">И разума, и Музы не хочу.<rs ref="Музы" type="myth_index"></rs></l>
</lg>
<lg type="quatrain">
<l n="9">Достаточно лукавых отрицаний</l>
<l n="10">Распутывать извилистый клубок;</l>
<l n="11">Нет стройных слов для жалоб и признаний,</l>
<l n="12">И кубок мой тяжел и неглубок.</l>
</lg>
<lg type="quatrain">
<l n="13">К чему дышать? На жестких камнях пляшет</l>
<l n="14">Больной удав, свиваясь и клубясь;</l>
<l n="15">Качается, и тело опояшет,</l>
<l n="16">И падает, внезапно утомясь.</l>
</lg>
<lg type="quatrain">
<l n="17">И бесполезно, накануне казни,</l>
<l n="18">Видением и пеньем потрясен,</l>
<l n="19">Я слушаю, как узник, без боязни</l>
<l n="20">Железа визг и ветра темный стон.</l>
</lg>
<date when="1910">1910</date>
</div2>
</div1>
</body>
</text>
</tei>
