<?xml version='1.0' encoding='UTF8'?>
<tei xmlns="http://www.tei-c.org/ns/1.0">
<teiheader>
<filedesc>
<titlestmt>
<title>«Из омута злого и вязкого...»</title>
<author>О.Э. Мандельштам</author>
</titlestmt>
<publicationstmt>
<p>АРТ-БИЗНЕС-ЦЕНТР МОСКВА 1993</p>
<biblstruct>
<biblscope n="" type="volume"></biblscope>
<biblscope n="" type="part"></biblscope>
</biblstruct></publicationstmt>
<sourcedesc>
<p>Издание подготовлено Мандельштамовским обществом</p>
</sourcedesc>
<respstmt>
<resp>Подготовка и разметка файлов - Алексей Литвинцев, Вероника Файнберг. Создание
          электронного ресурса - Тимофей Молчанов. Руководители проекта - Центр Digital Humanities,
          Мандельштамовское общество (НИУ ВШЭ).</resp>
</respstmt></filedesc>
<profiledesc>
<textdesc n="poem"></textdesc>
<textclass>
<catref target="1_062" type="ID"></catref>
<catref target="О.Э. Мандельштам. Собрание сочинений в 4-х т. -- М.: Терра, 1991" type="Источник"></catref>
<catref target="стихотворение" type="Жанр художественной литературы"></catref>
<catref target="nan" type="Уточнение жанра"></catref>
<catref target="Аф" type="Метр"></catref>
<catref target="3" type="Длина строки"></catref>
<catref target="регулярная" type="Клаузула"></catref>
<catref target="дм" type="Уточнение клаузулы"></catref>
<catref target="nan" type="Классическая строфа"></catref>
<catref target="перекрестная" type="Рифма"></catref>
<catref target="абаб" type="Схема рифмовки"></catref>
<catref target="Аф3дм" type="Метрическая формула"></catref>
<catref target="nan" type="Дополнительные параметры"></catref>
<catref target="12" type="Число строк"></catref>
<catref target="nan" type="Автор оригинала"></catref>
<catref target="nan" type="Язык оригинала"></catref>
</textclass></profiledesc>
</teiheader>
<text>
<body>
<div1 n="1" type="volume">
<div2 n="62" type="part">
<head>62.</head>
<lg type="quatrain">
<l n="1">Из омута злого и вязкого</l>
<l n="2">Я вырос, тростинкой шурша, —</l>
<l n="3">И страстно, и томно, и ласково</l>
<l n="4">Запретною жизнью дыша.</l>
</lg>
<lg type="quatrain">
<l n="5">И никну, никем не замеченный,</l>
<l n="6">В холодный и топкий приют,</l>
<l n="7">Приветственным шелестом встреченный</l>
<l n="8">Коротких осенних минут.</l>
</lg>
<lg type="quatrain">
<l n="9">Я счастлив жестокой обидою,</l>
<l n="10">И в жизни, похожей на сон,</l>
<l n="11">Я каждому тайно завидую</l>
<l n="12">И в каждого тайно влюблен.</l>
</lg>
<date from="1910-09" to="1910-11">‹Осень› 1910, 1927</date>
<date when="1927">‹Осень› 1910, 1927</date>
</div2>
</div1>
</body>
</text>
</tei>
