<?xml version='1.0' encoding='UTF8'?>
<tei xmlns="http://www.tei-c.org/ns/1.0">
<teiheader>
<filedesc>
<titlestmt>
<title>«Когда подымаю...»</title>
<author>О.Э. Мандельштам</author>
</titlestmt>
<publicationstmt>
<p>АРТ-БИЗНЕС-ЦЕНТР МОСКВА 1993</p>
<biblstruct>
<biblscope n="" type="volume"></biblscope>
<biblscope n="" type="part"></biblscope>
</biblstruct></publicationstmt>
<sourcedesc>
<p>Издание подготовлено Мандельштамовским обществом</p>
</sourcedesc>
<respstmt>
<resp>Подготовка и разметка файлов - Алексей Литвинцев, Вероника Файнберг. Создание
          электронного ресурса - Тимофей Молчанов. Руководители проекта - Центр Digital Humanities,
          Мандельштамовское общество (НИУ ВШЭ).</resp>
</respstmt></filedesc>
<profiledesc>
<textdesc n="poem"></textdesc>
<textclass>
<catref target="1_069" type="ID"></catref>
<catref target="О.Э. Мандельштам. Собрание сочинений в 4-х т. -- М.: Терра, 1991" type="Источник"></catref>
<catref target="стихотворение" type="Жанр художественной литературы"></catref>
<catref target="nan" type="Уточнение жанра"></catref>
<catref target="силлабический" type="Метр"></catref>
<catref target="5" type="Длина строки"></catref>
<catref target="регулярная" type="Клаузула"></catref>
<catref target="жм" type="Уточнение клаузулы"></catref>
<catref target="nan" type="Классическая строфа"></catref>
<catref target="перекрестная" type="Рифма"></catref>
<catref target="абаб" type="Схема рифмовки"></catref>
<catref target="С5жм" type="Метрическая формула"></catref>
<catref target="nan" type="Дополнительные параметры"></catref>
<catref target="16" type="Число строк"></catref>
<catref target="nan" type="Автор оригинала"></catref>
<catref target="nan" type="Язык оригинала"></catref>
</textclass></profiledesc>
</teiheader>
<text>
<body>
<div1 n="1" type="volume">
<div2 n="69" type="part">
<head>69.</head>
<lg type="quatrain">
<l n="1">Когда подымаю,</l>
<l n="2">Опускаю взор —</l>
<l n="3">Я двух чаш встречаю</l>
<l n="4">Зыбкий разговор.</l>
</lg>
<lg type="quatrain">
<l n="5">И мукою в мире</l>
<l n="6">Взнесены мои</l>
<l n="7">Тяжелые гири,</l>
<l n="8">Шаткие ладьи.</l>
</lg>
<lg type="quatrain">
<l n="9">Знают души наши</l>
<l n="10">Отчаянья власть:</l>
<l n="11">И поднятой чаше</l>
<l n="12">Суждено упасть.</l>
</lg>
<lg type="quatrain">
<l n="13">Есть в тяжести радость,</l>
<l n="14">И в паденьи есть</l>
<l n="15">Колебаний сладость —</l>
<l n="16">Острой стрелки месть!</l>
</lg>
<date when="1911-06">Июнь 1911</date>
</div2>
</div1>
</body>
</text>
</tei>
