<?xml version='1.0' encoding='UTF8'?>
<tei xmlns="http://www.tei-c.org/ns/1.0">
<teiheader>
<filedesc>
<titlestmt>
<title>«Довольно лукавить: я знаю...»</title>
<author>О.Э. Мандельштам</author>
</titlestmt>
<publicationstmt>
<p>АРТ-БИЗНЕС-ЦЕНТР МОСКВА 1993</p>
<biblstruct>
<biblscope n="" type="volume"></biblscope>
<biblscope n="" type="part"></biblscope>
</biblstruct></publicationstmt>
<sourcedesc>
<p>Издание подготовлено Мандельштамовским обществом</p>
</sourcedesc>
<respstmt>
<resp>Подготовка и разметка файлов - Алексей Литвинцев, Вероника Файнберг. Создание
          электронного ресурса - Тимофей Молчанов. Руководители проекта - Центр Digital Humanities,
          Мандельштамовское общество (НИУ ВШЭ).</resp>
</respstmt></filedesc>
<profiledesc>
<textdesc n="poem"></textdesc>
<textclass>
<catref target="1_065" type="ID"></catref>
<catref target="О.Э. Мандельштам. Собрание сочинений в 4-х т. -- М.: Терра, 1991" type="Источник"></catref>
<catref target="стихотворение" type="Жанр художественной литературы"></catref>
<catref target="nan" type="Уточнение жанра"></catref>
<catref target="Аф" type="Метр"></catref>
<catref target="3" type="Длина строки"></catref>
<catref target="регулярная" type="Клаузула"></catref>
<catref target="жм" type="Уточнение клаузулы"></catref>
<catref target="nan" type="Классическая строфа"></catref>
<catref target="перекрестная" type="Рифма"></catref>
<catref target="абаб" type="Схема рифмовки"></catref>
<catref target="Аф3жм" type="Метрическая формула"></catref>
<catref target="nan" type="Дополнительные параметры"></catref>
<catref target="12" type="Число строк"></catref>
<catref target="nan" type="Автор оригинала"></catref>
<catref target="nan" type="Язык оригинала"></catref>
</textclass></profiledesc>
</teiheader>
<text>
<body>
<div1 n="1" type="volume">
<div2 n="65" type="part">
<head>65.</head>
<lg type="quatrain">
<l n="1">Довольно лукавить: я знаю,</l>
<l n="2">Что мне суждено умереть;</l>
<l n="3">И я ничего не скрываю:</l>
<l n="4">От Музы мне тайн не иметь...<rs ref="Музы" type="myth_index"></rs></l>
</lg>
<lg type="quatrain">
<l n="5">И странно: мне любо сознанье,</l>
<l n="6">Что я не умею дышать;</l>
<l n="7">Туманное очарованье</l>
<l n="8">И таинство есть — умирать...</l>
</lg>
<lg type="quatrain">
<l n="9">Я в зыбке качаюсь дремотно,</l>
<l n="10">И мудро безмолвствую я:</l>
<l n="11">Решается бесповоротно</l>
<l n="12">Грядущая вечность моя!</l>
</lg>
<date when="1911">‹1911?›</date>
</div2>
</div1>
</body>
</text>
</tei>
