<?xml version='1.0' encoding='UTF8'?>
<tei xmlns="http://www.tei-c.org/ns/1.0">
<teiheader>
<filedesc>
<titlestmt>
<title>«Воздух пасмурный влажен и гулок...»</title>
<author>О.Э. Мандельштам</author>
</titlestmt>
<publicationstmt>
<p>АРТ-БИЗНЕС-ЦЕНТР МОСКВА 1993</p>
<biblstruct>
<biblscope n="" type="volume"></biblscope>
<biblscope n="" type="part"></biblscope>
</biblstruct></publicationstmt>
<sourcedesc>
<p>Издание подготовлено Мандельштамовским обществом</p>
</sourcedesc>
<respstmt>
<resp>Подготовка и разметка файлов - Алексей Литвинцев, Вероника Файнберг. Создание
          электронного ресурса - Тимофей Молчанов. Руководители проекта - Центр Digital Humanities,
          Мандельштамовское общество (НИУ ВШЭ).</resp>
</respstmt></filedesc>
<profiledesc>
<textdesc n="poem"></textdesc>
<textclass>
<catref target="1_075" type="ID"></catref>
<catref target="О.Э. Мандельштам. Собрание сочинений в 4-х т. -- М.: Терра, 1991" type="Источник"></catref>
<catref target="стихотворение" type="Жанр художественной литературы"></catref>
<catref target="nan" type="Уточнение жанра"></catref>
<catref target="Ан" type="Метр"></catref>
<catref target="3" type="Длина строки"></catref>
<catref target="регулярная" type="Клаузула"></catref>
<catref target="жм" type="Уточнение клаузулы"></catref>
<catref target="nan" type="Классическая строфа"></catref>
<catref target="перекрестная" type="Рифма"></catref>
<catref target="абаб" type="Схема рифмовки"></catref>
<catref target="Ан3жм" type="Метрическая формула"></catref>
<catref target="nan" type="Дополнительные параметры"></catref>
<catref target="16" type="Число строк"></catref>
<catref target="nan" type="Автор оригинала"></catref>
<catref target="nan" type="Язык оригинала"></catref>
</textclass></profiledesc>
</teiheader>
<text>
<body>
<div1 n="1" type="volume">
<div2 n="75" type="part">
<head>75.</head>
<lg type="quatrain">
<l n="1">Воздух пасмурный влажен и гулок;</l>
<l n="2">Хорошо и не страшно в лесу.</l>
<l n="3">Легкий крест одиноких прогулок</l>
<l n="4">Я покорно опять понесу.</l>
</lg>
<lg type="quatrain">
<l n="5">И опять к равнодушной отчизне</l>
<l n="6">Дикой уткой взовьется упрек, —</l>
<l n="7">Я участвую в сумрачной жизни,</l>
<l n="8">Где один к одному одинок!</l>
</lg>
<lg type="quatrain">
<l n="9">Выстрел грянул. Над озером сонным</l>
<l n="10">Крылья уток теперь тяжелы.</l>
<l n="11">И двойным бытием отраженным</l>
<l n="12">Одурманены сосен стволы.</l>
</lg>
<lg type="quatrain">
<l n="13">Небо тусклое с отсветом странным —</l>
<l n="14">Мировая туманная боль —</l>
<l n="15">О, позволь мне быть также туманным</l>
<l n="16">И тебя не любить мне позволь.</l>
</lg>
<date when="1911">1911, 28 августа 1935</date>
<date when="1935-08-28">1911, 28 августа 1935</date>
</div2>
</div1>
</body>
</text>
</tei>
