<?xml version='1.0' encoding='UTF8'?>
<tei xmlns="http://www.tei-c.org/ns/1.0">
<teiheader>
<filedesc>
<titlestmt>
<title>«Стрекозы быстрыми кругами...»</title>
<author>О.Э. Мандельштам</author>
</titlestmt>
<publicationstmt>
<p>АРТ-БИЗНЕС-ЦЕНТР МОСКВА 1993</p>
<biblstruct>
<biblscope n="" type="volume"></biblscope>
<biblscope n="" type="part"></biblscope>
</biblstruct></publicationstmt>
<sourcedesc>
<p>Издание подготовлено Мандельштамовским обществом</p>
</sourcedesc>
<respstmt>
<resp>Подготовка и разметка файлов - Алексей Литвинцев, Вероника Файнберг. Создание
          электронного ресурса - Тимофей Молчанов. Руководители проекта - Центр Digital Humanities,
          Мандельштамовское общество (НИУ ВШЭ).</resp>
</respstmt></filedesc>
<profiledesc>
<textdesc n="poem"></textdesc>
<textclass>
<catref target="1_076" type="ID"></catref>
<catref target="О.Э. Мандельштам. Собрание сочинений в 4-х т. -- М.: Терра, 1991" type="Источник"></catref>
<catref target="стихотворение" type="Жанр художественной литературы"></catref>
<catref target="nan" type="Уточнение жанра"></catref>
<catref target="Я" type="Метр"></catref>
<catref target="4" type="Длина строки"></catref>
<catref target="регулярная" type="Клаузула"></catref>
<catref target="жм" type="Уточнение клаузулы"></catref>
<catref target="nan" type="Классическая строфа"></catref>
<catref target="перекрестная" type="Рифма"></catref>
<catref target="абаб" type="Схема рифмовки"></catref>
<catref target="Я4жм" type="Метрическая формула"></catref>
<catref target="nan" type="Дополнительные параметры"></catref>
<catref target="12" type="Число строк"></catref>
<catref target="nan" type="Автор оригинала"></catref>
<catref target="nan" type="Язык оригинала"></catref>
</textclass></profiledesc>
</teiheader>
<text>
<body>
<div1 n="1" type="volume">
<div2 n="76" type="part">
<head>76.</head>
<lg type="quatrain">
<l n="1">Стрекозы быстрыми кругами</l>
<l n="2">Тревожат черный блеск пруда,</l>
<l n="3">И вздрагивает, тростниками</l>
<l n="4">Чуть окаймленная, вода.</l>
</lg>
<lg type="quatrain">
<l n="5">То — пряжу за собою тянут</l>
<l n="6">И словно паутину ткут,</l>
<l n="7">То — распластавшись — в омут канут —</l>
<l n="8">И волны траур свой сомкнут.</l>
</lg>
<lg type="quatrain">
<l n="9">И я, какой-то невеселый,</l>
<l n="10">Томлюсь и падаю в глуши —</l>
<l n="11">Как будто чувствую уколы</l>
<l n="12">И холод в тайниках души...</l>
</lg>
<date when="1911">1911</date>
</div2>
</div1>
</body>
</text>
</tei>
