<?xml version='1.0' encoding='UTF8'?>
<tei xmlns="http://www.tei-c.org/ns/1.0">
<teiheader>
<filedesc>
<titlestmt>
<title>«Дождик ласковый, мелкий и тонкий...»</title>
<author>О.Э. Мандельштам</author>
</titlestmt>
<publicationstmt>
<p>АРТ-БИЗНЕС-ЦЕНТР МОСКВА 1993</p>
<biblstruct>
<biblscope n="" type="volume"></biblscope>
<biblscope n="" type="part"></biblscope>
</biblstruct></publicationstmt>
<sourcedesc>
<p>Издание подготовлено Мандельштамовским обществом</p>
</sourcedesc>
<respstmt>
<resp>Подготовка и разметка файлов - Алексей Литвинцев, Вероника Файнберг. Создание
          электронного ресурса - Тимофей Молчанов. Руководители проекта - Центр Digital Humanities,
          Мандельштамовское общество (НИУ ВШЭ).</resp>
</respstmt></filedesc>
<profiledesc>
<textdesc n="poem"></textdesc>
<textclass>
<catref target="1_074" type="ID"></catref>
<catref target="О.Э. Мандельштам. Собрание сочинений в 4-х т. -- М.: Терра, 1991" type="Источник"></catref>
<catref target="стихотворение" type="Жанр художественной литературы"></catref>
<catref target="nan" type="Уточнение жанра"></catref>
<catref target="Ан" type="Метр"></catref>
<catref target="3" type="Длина строки"></catref>
<catref target="регулярная" type="Клаузула"></catref>
<catref target="жм" type="Уточнение клаузулы"></catref>
<catref target="nan" type="Классическая строфа"></catref>
<catref target="перекрестная" type="Рифма"></catref>
<catref target="абаб" type="Схема рифмовки"></catref>
<catref target="Ан3жм" type="Метрическая формула"></catref>
<catref target="nan" type="Дополнительные параметры"></catref>
<catref target="16" type="Число строк"></catref>
<catref target="nan" type="Автор оригинала"></catref>
<catref target="nan" type="Язык оригинала"></catref>
</textclass></profiledesc>
</teiheader>
<text>
<body>
<div1 n="1" type="volume">
<div2 n="74" type="part">
<head>74.</head>
<lg type="quatrain">
<l n="1">Дождик ласковый, мелкий и тонкий,</l>
<l n="2">Осторожный, колючий, слепой,</l>
<l n="3">Капли строгие скупы и звонки,</l>
<l n="4">И отточен их звук тишиной.</l>
</lg>
<lg type="quatrain">
<l n="5">То — так счастливы счастием скромным,</l>
<l n="6">Что упасть на стекло удалось;</l>
<l n="7">То, как будто подхвачены темным</l>
<l n="8">Ветром, струи уносятся вкось.</l>
</lg>
<lg type="quatrain">
<l n="9">Тайный ропот, мольба о прощеньи:</l>
<l n="10">Я люблю непонятный язык!</l>
<l n="11">И сольются в одном ощущеньи</l>
<l n="12">Вся жестокость, вся кротость на миг.</l>
</lg>
<lg type="quatrain">
<l n="13">В цепких лапах у царственной скуки</l>
<l n="14">Сердце сжалось, как маленький мяч:</l>
<l n="15">Полон музыки, Музы и муки</l>
<l n="16">Жизни тающей сладостный плач!</l>
</lg>
<date when="1911-08-22">22 августа 1911</date>
</div2>
</div1>
</body>
</text>
</tei>
