<?xml version='1.0' encoding='UTF8'?>
<tei xmlns="http://www.tei-c.org/ns/1.0">
<teiheader>
<filedesc>
<titlestmt>
<title>«Сегодня дурной день...»</title>
<author>О.Э. Мандельштам</author>
</titlestmt>
<publicationstmt>
<p>АРТ-БИЗНЕС-ЦЕНТР МОСКВА 1993</p>
<biblstruct>
<biblscope n="" type="volume"></biblscope>
<biblscope n="" type="part"></biblscope>
</biblstruct></publicationstmt>
<sourcedesc>
<p>Издание подготовлено Мандельштамовским обществом</p>
</sourcedesc>
<respstmt>
<resp>Подготовка и разметка файлов - Алексей Литвинцев, Вероника Файнберг. Создание
          электронного ресурса - Тимофей Молчанов. Руководители проекта - Центр Digital Humanities,
          Мандельштамовское общество (НИУ ВШЭ).</resp>
</respstmt></filedesc>
<profiledesc>
<textdesc n="poem"></textdesc>
<textclass>
<catref target="1_078" type="ID"></catref>
<catref target="О.Э. Мандельштам. Собрание сочинений в 4-х т. -- М.: Терра, 1991" type="Источник"></catref>
<catref target="стихотворение" type="Жанр художественной литературы"></catref>
<catref target="nan" type="Уточнение жанра"></catref>
<catref target="тонический : логаэд 1*2*0*0" type="Метр"></catref>
<catref target="3" type="Длина строки"></catref>
<catref target="nan" type="Клаузула"></catref>
<catref target="м" type="Уточнение клаузулы"></catref>
<catref target="nan" type="Классическая строфа"></catref>
<catref target="перекрестная" type="Рифма"></catref>
<catref target="абаб" type="Схема рифмовки"></catref>
<catref target="Л3м" type="Метрическая формула"></catref>
<catref target="nan" type="Дополнительные параметры"></catref>
<catref target="16" type="Число строк"></catref>
<catref target="nan" type="Автор оригинала"></catref>
<catref target="nan" type="Язык оригинала"></catref>
</textclass></profiledesc>
</teiheader>
<text>
<body>
<div1 n="1" type="volume">
<div2 n="78" type="part">
<head>78.</head>
<lg type="quatrain">
<l n="1">Сегодня дурной день:</l>
<l n="2">Кузнечиков хор спит,</l>
<l n="3">И сумрачных скал сень —</l>
<l n="4">Мрачней гробовых плит.</l>
</lg>
<lg type="quatrain">
<l n="5">Мелькающих стрел звон</l>
<l n="6">И вещих ворон крик...</l>
<l n="7">Я вижу дурной сон,</l>
<l n="8">За мигом летит миг.</l>
</lg>
<lg type="quatrain">
<l n="9">Явлений раздвинь грань,</l>
<l n="10">Земную разрушь клеть</l>
<l n="11">И яростный гимн грянь —</l>
<l n="12">Бунтующих тайн медь!</l>
</lg>
<lg type="quatrain">
<l n="13">О, маятник душ строг —</l>
<l n="14">Качается глух, прям,</l>
<l n="15">И страстно стучит рок</l>
<l n="16">В запретную дверь к нам...</l>
</lg>
<date when="1911">1911</date>
</div2>
</div1>
</body>
</text>
</tei>
