<?xml version='1.0' encoding='UTF8'?>
<tei xmlns="http://www.tei-c.org/ns/1.0">
<teiheader>
<filedesc>
<titlestmt>
<title>«Душу от внешних условий...»</title>
<author>О.Э. Мандельштам</author>
</titlestmt>
<publicationstmt>
<p>АРТ-БИЗНЕС-ЦЕНТР МОСКВА 1993</p>
<biblstruct>
<biblscope n="" type="volume"></biblscope>
<biblscope n="" type="part"></biblscope>
</biblstruct></publicationstmt>
<sourcedesc>
<p>Издание подготовлено Мандельштамовским обществом</p>
</sourcedesc>
<respstmt>
<resp>Подготовка и разметка файлов - Алексей Литвинцев, Вероника Файнберг. Создание
          электронного ресурса - Тимофей Молчанов. Руководители проекта - Центр Digital Humanities,
          Мандельштамовское общество (НИУ ВШЭ).</resp>
</respstmt></filedesc>
<profiledesc>
<textdesc n="poem"></textdesc>
<textclass>
<catref target="1_070" type="ID"></catref>
<catref target="О.Э. Мандельштам. Собрание сочинений в 4-х т. -- М.: Терра, 1991" type="Источник"></catref>
<catref target="стихотворение" type="Жанр художественной литературы"></catref>
<catref target="nan" type="Уточнение жанра"></catref>
<catref target="Д" type="Метр"></catref>
<catref target="3" type="Длина строки"></catref>
<catref target="nan" type="Клаузула"></catref>
<catref target="ж" type="Уточнение клаузулы"></catref>
<catref target="nan" type="Классическая строфа"></catref>
<catref target="перекрестная" type="Рифма"></catref>
<catref target="абаб" type="Схема рифмовки"></catref>
<catref target="Д3ж" type="Метрическая формула"></catref>
<catref target="nan" type="Дополнительные параметры"></catref>
<catref target="16" type="Число строк"></catref>
<catref target="nan" type="Автор оригинала"></catref>
<catref target="nan" type="Язык оригинала"></catref>
</textclass></profiledesc>
</teiheader>
<text>
<body>
<div1 n="1" type="volume">
<div2 n="70" type="part">
<head>70.</head>
<lg type="quatrain">
<l n="1">Душу от внешних условий</l>
<l n="2">Освободить я умею:</l>
<l n="3">Пенье — кипение крови</l>
<l n="4">Слышу — и быстро хмелею.</l>
</lg>
<lg type="quatrain">
<l n="5">И вещества, мне родного</l>
<l n="6">Где-то на грани томленья,</l>
<l n="7">В цепь сочетаются снова</l>
<l n="8">Первоначальные звенья.</l>
</lg>
<lg type="quatrain">
<l n="9">Там, в беспристрастном эфире,</l>
<l n="10">Взвешены сущности наши —</l>
<l n="11">Брошены звездные гири</l>
<l n="12">На задрожавшие чаши;</l>
</lg>
<lg type="quatrain">
<l n="13">И, в ликованьи предела,</l>
<l n="14">Есть упоение жизни:</l>
<l n="15">Воспоминание тела</l>
<l n="16">О... неизменной отчизне...</l>
</lg>
<date when="1911-07">Июль 1911</date>
</div2>
</div1>
</body>
</text>
</tei>
