<?xml version='1.0' encoding='UTF8'?>
<tei xmlns="http://www.tei-c.org/ns/1.0">
<teiheader>
<filedesc>
<titlestmt>
<title>«Отчего душа так певуча...»</title>
<author>О.Э. Мандельштам</author>
</titlestmt>
<publicationstmt>
<p>АРТ-БИЗНЕС-ЦЕНТР МОСКВА 1993</p>
<biblstruct>
<biblscope n="" type="volume"></biblscope>
<biblscope n="" type="part"></biblscope>
</biblstruct></publicationstmt>
<sourcedesc>
<p>Издание подготовлено Мандельштамовским обществом</p>
</sourcedesc>
<respstmt>
<resp>Подготовка и разметка файлов - Алексей Литвинцев, Вероника Файнберг. Создание
          электронного ресурса - Тимофей Молчанов. Руководители проекта - Центр Digital Humanities,
          Мандельштамовское общество (НИУ ВШЭ).</resp>
</respstmt></filedesc>
<profiledesc>
<textdesc n="poem"></textdesc>
<textclass>
<catref target="1_079" type="ID"></catref>
<catref target="О.Э. Мандельштам. Собрание сочинений в 4-х т. -- М.: Терра, 1991" type="Источник"></catref>
<catref target="стихотворение" type="Жанр художественной литературы"></catref>
<catref target="nan" type="Уточнение жанра"></catref>
<catref target="тонический : Дк" type="Метр"></catref>
<catref target="3" type="Длина строки"></catref>
<catref target="регулярная" type="Клаузула"></catref>
<catref target="жм" type="Уточнение клаузулы"></catref>
<catref target="nan" type="Классическая строфа"></catref>
<catref target="перекрестная" type="Рифма"></catref>
<catref target="абаб" type="Схема рифмовки"></catref>
<catref target="Дк3жм" type="Метрическая формула"></catref>
<catref target="nan" type="Дополнительные параметры"></catref>
<catref target="16" type="Число строк"></catref>
<catref target="nan" type="Автор оригинала"></catref>
<catref target="nan" type="Язык оригинала"></catref>
</textclass></profiledesc>
</teiheader>
<text>
<body>
<div1 n="1" type="volume">
<div2 n="79" type="part">
<head>79.</head>
<lg type="quatrain">
<l n="1">Отчего душа так певуча</l>
<l n="2">И так мало милых имен,</l>
<l n="3">И мгновенный ритм — только случай,</l>
<l n="4">Неожиданный Аквилон?</l>
</lg>
<lg type="quatrain">
<l n="5">Он подымет облако пыли,</l>
<l n="6">Зашумит бумажной листвой</l>
<l n="7">И совсем не вернется — или</l>
<l n="8">Он вернется совсем другой.</l>
</lg>
<lg type="quatrain">
<l n="9">О, широкий ветер Орфея,</l>
<l n="10">Ты уйдешь в морские края, —</l>
<l n="11">И, несозданный мир лелея,</l>
<l n="12">Я забыл ненужное «я».</l>
</lg>
<lg type="quatrain">
<l n="13">Я блуждал в игрушечной чаще</l>
<l n="14">И открыл лазоревый грот...</l>
<l n="15">Неужели я настоящий</l>
<l n="16">И действительно смерть придет?</l>
</lg>
<date when="1911">1911</date>
</div2>
</div1>
</body>
</text>
</tei>
