<?xml version='1.0' encoding='UTF8'?>
<tei xmlns="http://www.tei-c.org/ns/1.0">
<teiheader>
<filedesc>
<titlestmt>
<title>«Ты прошла сквозь облако тумана...»</title>
<author>О.Э. Мандельштам</author>
</titlestmt>
<publicationstmt>
<p>АРТ-БИЗНЕС-ЦЕНТР МОСКВА 1993</p>
<biblstruct>
<biblscope n="" type="volume"></biblscope>
<biblscope n="" type="part"></biblscope>
</biblstruct></publicationstmt>
<sourcedesc>
<p>Издание подготовлено Мандельштамовским обществом</p>
</sourcedesc>
<respstmt>
<resp>Подготовка и разметка файлов - Алексей Литвинцев, Вероника Файнберг. Создание
          электронного ресурса - Тимофей Молчанов. Руководители проекта - Центр Digital Humanities,
          Мандельштамовское общество (НИУ ВШЭ).</resp>
</respstmt></filedesc>
<profiledesc>
<textdesc n="poem"></textdesc>
<textclass>
<catref target="1_072" type="ID"></catref>
<catref target="О.Э. Мандельштам. Собрание сочинений в 4-х т. -- М.: Терра, 1991" type="Источник"></catref>
<catref target="стихотворение" type="Жанр художественной литературы"></catref>
<catref target="nan" type="Уточнение жанра"></catref>
<catref target="Х" type="Метр"></catref>
<catref target="5" type="Длина строки"></catref>
<catref target="nan" type="Клаузула"></catref>
<catref target="ж" type="Уточнение клаузулы"></catref>
<catref target="nan" type="Классическая строфа"></catref>
<catref target="парная" type="Рифма"></catref>
<catref target="аа" type="Схема рифмовки"></catref>
<catref target="Х5ж" type="Метрическая формула"></catref>
<catref target="nan" type="Дополнительные параметры"></catref>
<catref target="12" type="Число строк"></catref>
<catref target="nan" type="Автор оригинала"></catref>
<catref target="nan" type="Язык оригинала"></catref>
</textclass></profiledesc>
</teiheader>
<text>
<body>
<div1 n="1" type="volume">
<div2 n="72" type="part">
<head>72.</head>
<lg type="couplet">
<l n="1">Ты прошла сквозь облако тумана.</l>
<l n="2">На ланитах нежные румяна.</l>
</lg>
<lg type="couplet">
<l n="3">Светит день холодный и недужный.</l>
<l n="4">Я брожу свободный и ненужный...</l>
</lg>
<lg type="couplet">
<l n="5">Злая осень ворожит над нами,</l>
<l n="6">Угрожает спелыми плодами,</l>
</lg>
<lg type="couplet">
<l n="7">Говорит вершинами с вершиной</l>
<l n="8">И в глаза целует паутиной.</l>
</lg>
<lg type="couplet">
<l n="9">Как застыл тревожной жизни танец!</l>
<l n="10">Как на всем играет твой румянец!</l>
</lg>
<lg type="couplet">
<l n="11">Как сквозит и в облаке тумана</l>
<l n="12">Ярких дней сияющая рана!</l>
</lg>
<date when="1911-08-04">4 августа 1911</date>
</div2>
</div1>
</body>
</text>
</tei>
