<?xml version='1.0' encoding='UTF8'?>
<tei xmlns="http://www.tei-c.org/ns/1.0">
<teiheader>
<filedesc>
<titlestmt>
<title>«Я знаю, что обман в видении немыслим...»</title>
<author>О.Э. Мандельштам</author>
</titlestmt>
<publicationstmt>
<p>АРТ-БИЗНЕС-ЦЕНТР МОСКВА 1993</p>
<biblstruct>
<biblscope n="" type="volume"></biblscope>
<biblscope n="" type="part"></biblscope>
</biblstruct></publicationstmt>
<sourcedesc>
<p>Издание подготовлено Мандельштамовским обществом</p>
</sourcedesc>
<respstmt>
<resp>Подготовка и разметка файлов - Алексей Литвинцев, Вероника Файнберг. Создание
          электронного ресурса - Тимофей Молчанов. Руководители проекта - Центр Digital Humanities,
          Мандельштамовское общество (НИУ ВШЭ).</resp>
</respstmt></filedesc>
<profiledesc>
<textdesc n="poem"></textdesc>
<textclass>
<catref target="1_071" type="ID"></catref>
<catref target="О.Э. Мандельштам. Собрание сочинений в 4-х т. -- М.: Терра, 1991" type="Источник"></catref>
<catref target="стихотворение" type="Жанр художественной литературы"></catref>
<catref target="nan" type="Уточнение жанра"></catref>
<catref target="Я" type="Метр"></catref>
<catref target="6" type="Длина строки"></catref>
<catref target="регулярная" type="Клаузула"></catref>
<catref target="жм" type="Уточнение клаузулы"></catref>
<catref target="nan" type="Классическая строфа"></catref>
<catref target="перекрестная" type="Рифма"></catref>
<catref target="абаб" type="Схема рифмовки"></catref>
<catref target="Я6жм" type="Метрическая формула"></catref>
<catref target="nan" type="Дополнительные параметры"></catref>
<catref target="16" type="Число строк"></catref>
<catref target="nan" type="Автор оригинала"></catref>
<catref target="nan" type="Язык оригинала"></catref>
</textclass></profiledesc>
</teiheader>
<text>
<body>
<div1 n="1" type="volume">
<div2 n="71" type="part">
<head>71.</head>
<lg type="quatrain">
<l n="1">Я знаю, что обман в видении немыслим</l>
<l n="2">И ткань моей мечты прозрачна и прочна;</l>
<l n="3">Что с дивной легкостью мы, созидая, числим</l>
<l n="4">И достигает звезд полет веретена, —</l>
</lg>
<lg type="quatrain">
<l n="5">Когда, овеяно потусторонним ветром,</l>
<l n="6">Оно оторвалось от медленной земли</l>
<l n="7">И раскрывается неуловимым метром</l>
<l n="8">Рай — распростертому в уныньи и в пыли.</l>
</lg>
<lg type="quatrain">
<l n="9">Так ринемся скорей из области томленья —</l>
<l n="10">По мановению эфирного гонца —</l>
<l n="11">В край, где слагаются заоблачные звенья</l>
<l n="12">И башни высятся заочного дворца!</l>
</lg>
<lg type="quatrain">
<l n="13">Несозданных миров отмститель будь, художник, —</l>
<l n="14">Несуществующим существованье дай;</l>
<l n="15">Туманным облаком окутай свой треножник</l>
<l n="16">И падающих звезд пойми летучий рай!</l>
</lg>
<date when="1911-07">Июль 1911</date>
</div2>
</div1>
</body>
</text>
</tei>
