<?xml version='1.0' encoding='UTF8'?>
<tei xmlns="http://www.tei-c.org/ns/1.0">
<teiheader>
<filedesc>
<titlestmt>
<title>«Не спрашивай: ты знаешь...»</title>
<author>О.Э. Мандельштам</author>
</titlestmt>
<publicationstmt>
<p>АРТ-БИЗНЕС-ЦЕНТР МОСКВА 1993</p>
<biblstruct>
<biblscope n="" type="volume"></biblscope>
<biblscope n="" type="part"></biblscope>
</biblstruct></publicationstmt>
<sourcedesc>
<p>Издание подготовлено Мандельштамовским обществом</p>
</sourcedesc>
<respstmt>
<resp>Подготовка и разметка файлов - Алексей Литвинцев, Вероника Файнберг. Создание
          электронного ресурса - Тимофей Молчанов. Руководители проекта - Центр Digital Humanities,
          Мандельштамовское общество (НИУ ВШЭ).</resp>
</respstmt></filedesc>
<profiledesc>
<textdesc n="poem"></textdesc>
<textclass>
<catref target="1_073" type="ID"></catref>
<catref target="О.Э. Мандельштам. Собрание сочинений в 4-х т. -- М.: Терра, 1991" type="Источник"></catref>
<catref target="стихотворение" type="Жанр художественной литературы"></catref>
<catref target="nan" type="Уточнение жанра"></catref>
<catref target="Я" type="Метр"></catref>
<catref target="3" type="Длина строки"></catref>
<catref target="регулярная" type="Клаузула"></catref>
<catref target="жжжм" type="Уточнение клаузулы"></catref>
<catref target="nan" type="Классическая строфа"></catref>
<catref target="сложная" type="Рифма"></catref>
<catref target="абав гбгв" type="Схема рифмовки"></catref>
<catref target="Я3жжжм" type="Метрическая формула"></catref>
<catref target="nan" type="Дополнительные параметры"></catref>
<catref target="16" type="Число строк"></catref>
<catref target="nan" type="Автор оригинала"></catref>
<catref target="nan" type="Язык оригинала"></catref>
</textclass></profiledesc>
</teiheader>
<text>
<body>
<div1 n="1" type="volume">
<div2 n="73" type="part">
<head>73.</head>
<lg type="quatrain">
<l n="1">Не спрашивай: ты знаешь,</l>
<l n="2">Что нежность — безотчетна,</l>
<l n="3">И как ты называешь</l>
<l n="4">Мой трепет — все равно;</l>
</lg>
<lg type="quatrain">
<l n="5">И для чего признанье,</l>
<l n="6">Когда бесповоротно</l>
<l n="7">Мое существованье</l>
<l n="8">Тобою решено?</l>
</lg>
<lg type="quatrain">
<l n="9">Дай руку мне. Что страсти?</l>
<l n="10">Танцующие змеи!</l>
<l n="11">И таинство их власти —</l>
<l n="12">Убийственный магнит!</l>
</lg>
<lg type="quatrain">
<l n="13">И, змей тревожный танец</l>
<l n="14">Остановить не смея,</l>
<l n="15">Я созерцаю глянец</l>
<l n="16">Девических ланит.</l>
</lg>
<date when="1911-08-07">7 августа 1911</date>
</div2>
</div1>
</body>
</text>
</tei>
