<?xml version='1.0' encoding='UTF8'?>
<tei xmlns="http://www.tei-c.org/ns/1.0">
<teiheader>
<filedesc>
<titlestmt>
<title>«...коробки...»</title>
<author>О.Э. Мандельштам</author>
</titlestmt>
<publicationstmt>
<p>АРТ-БИЗНЕС-ЦЕНТР МОСКВА 1993</p>
<biblstruct>
<biblscope n="" type="volume"></biblscope>
<biblscope n="" type="part"></biblscope>
</biblstruct></publicationstmt>
<sourcedesc>
<p>Издание подготовлено Мандельштамовским обществом</p>
</sourcedesc>
<respstmt>
<resp>Подготовка и разметка файлов - Алексей Литвинцев, Вероника Файнберг. Создание
          электронного ресурса - Тимофей Молчанов. Руководители проекта - Центр Digital Humanities,
          Мандельштамовское общество (НИУ ВШЭ).</resp>
</respstmt></filedesc>
<profiledesc>
<textdesc n="poem"></textdesc>
<textclass>
<catref target="1_084" type="ID"></catref>
<catref target="О.Э. Мандельштам. Собрание сочинений в 4-х т. -- М.: Терра, 1991" type="Источник"></catref>
<catref target="стихотворение" type="Жанр художественной литературы"></catref>
<catref target="отрывок" type="Уточнение жанра"></catref>
<catref target="Х" type="Метр"></catref>
<catref target="5" type="Длина строки"></catref>
<catref target="nan" type="Клаузула"></catref>
<catref target="ж" type="Уточнение клаузулы"></catref>
<catref target="nan" type="Классическая строфа"></catref>
<catref target="охватная" type="Рифма"></catref>
<catref target="абба" type="Схема рифмовки"></catref>
<catref target="Х5ж" type="Метрическая формула"></catref>
<catref target="nan" type="Дополнительные параметры"></catref>
<catref target="12" type="Число строк"></catref>
<catref target="nan" type="Автор оригинала"></catref>
<catref target="nan" type="Язык оригинала"></catref>
</textclass></profiledesc>
</teiheader>
<text>
<body>
<div1 n="1" type="volume">
<div2 n="84" type="part">
<head>84.</head>
<lg type="quatrain">
<l n="1">. . . . . . . . . . . коробки</l>
<l n="2">. . . . . . . . лучшие игрушки</l>
<l n="3">. . . . . на пальмовой верхушке</l>
<l n="4">Отмечает листья ветер робкий.</l>
</lg>
<lg type="quatrain">
<l n="5">Неразрывно сотканный с другими,</l>
<l n="6">Каждый лист колеблется отдельно.</l>
<l n="7">Но в порывах ткани беспредельно</l>
<l n="8">И мирами вызвано иными —</l>
</lg>
<lg type="quatrain">
<l n="9">Только то, что создано землею:</l>
<l n="10">Длинные трепещущие нити,</l>
<l n="11">В тщетном ожидании наитий</l>
<l n="12">Шелестящие своей длиною.</l>
</lg>
<date when="1911">‹1911?›</date>
</div2>
</div1>
</body>
</text>
</tei>
