<?xml version='1.0' encoding='UTF8'?>
<tei xmlns="http://www.tei-c.org/ns/1.0">
<teiheader>
<filedesc>
<titlestmt>
<title>«Я ненавижу свет...»</title>
<author>О.Э. Мандельштам</author>
</titlestmt>
<publicationstmt>
<p>АРТ-БИЗНЕС-ЦЕНТР МОСКВА 1993</p>
<biblstruct>
<biblscope n="" type="volume"></biblscope>
<biblscope n="" type="part"></biblscope>
</biblstruct></publicationstmt>
<sourcedesc>
<p>Издание подготовлено Мандельштамовским обществом</p>
</sourcedesc>
<respstmt>
<resp>Подготовка и разметка файлов - Алексей Литвинцев, Вероника Файнберг. Создание
          электронного ресурса - Тимофей Молчанов. Руководители проекта - Центр Digital Humanities,
          Мандельштамовское общество (НИУ ВШЭ).</resp>
</respstmt></filedesc>
<profiledesc>
<textdesc n="poem"></textdesc>
<textclass>
<catref target="1_086" type="ID"></catref>
<catref target="О.Э. Мандельштам. Собрание сочинений в 4-х т. -- М.: Терра, 1991" type="Источник"></catref>
<catref target="стихотворение" type="Жанр художественной литературы"></catref>
<catref target="nan" type="Уточнение жанра"></catref>
<catref target="тонический : логаэд 0*2*1*0" type="Метр"></catref>
<catref target="3" type="Длина строки"></catref>
<catref target="nan" type="Клаузула"></catref>
<catref target="м" type="Уточнение клаузулы"></catref>
<catref target="nan" type="Классическая строфа"></catref>
<catref target="перекрестная" type="Рифма"></catref>
<catref target="абаб" type="Схема рифмовки"></catref>
<catref target="Л3м" type="Метрическая формула"></catref>
<catref target="nan" type="Дополнительные параметры"></catref>
<catref target="16" type="Число строк"></catref>
<catref target="nan" type="Автор оригинала"></catref>
<catref target="nan" type="Язык оригинала"></catref>
</textclass></profiledesc>
</teiheader>
<text>
<body>
<div1 n="1" type="volume">
<div2 n="86" type="part">
<head>86.</head>
<lg type="quatrain">
<l n="1">Я ненавижу свет</l>
<l n="2">Однообразных звезд.</l>
<l n="3">Здравствуй, мой давний бред —</l>
<l n="4">Башни стрельчатой рост!</l>
</lg>
<lg type="quatrain">
<l n="5">Кружевом, камень, будь</l>
<l n="6">И паутиной стань,</l>
<l n="7">Неба пустую грудь</l>
<l n="8">Тонкой иглою рань.</l>
</lg>
<lg type="quatrain">
<l n="9">Будет и мой черед —</l>
<l n="10">Чую размах крыла.</l>
<l n="11">Так — но куда уйдет</l>
<l n="12">Мысли живой стрела?</l>
</lg>
<lg type="quatrain">
<l n="13">Или, свой путь и срок</l>
<l n="14">Я, исчерпав, вернусь:</l>
<l n="15">Там — я любить не мог,</l>
<l n="16">Здесь — я любить боюсь...</l>
</lg>
<date when="1912">1912</date>
</div2>
</div1>
</body>
</text>
</tei>
