<?xml version='1.0' encoding='UTF8'?>
<tei xmlns="http://www.tei-c.org/ns/1.0">
<teiheader>
<filedesc>
<titlestmt>
<title>«Я вздрагиваю от холода...»</title>
<author>О.Э. Мандельштам</author>
</titlestmt>
<publicationstmt>
<p>АРТ-БИЗНЕС-ЦЕНТР МОСКВА 1993</p>
<biblstruct>
<biblscope n="" type="volume"></biblscope>
<biblscope n="" type="part"></biblscope>
</biblstruct></publicationstmt>
<sourcedesc>
<p>Издание подготовлено Мандельштамовским обществом</p>
</sourcedesc>
<respstmt>
<resp>Подготовка и разметка файлов - Алексей Литвинцев, Вероника Файнберг. Создание
          электронного ресурса - Тимофей Молчанов. Руководители проекта - Центр Digital Humanities,
          Мандельштамовское общество (НИУ ВШЭ).</resp>
</respstmt></filedesc>
<profiledesc>
<textdesc n="poem"></textdesc>
<textclass>
<catref target="1_087" type="ID"></catref>
<catref target="О.Э. Мандельштам. Собрание сочинений в 4-х т. -- М.: Терра, 1991" type="Источник"></catref>
<catref target="стихотворение" type="Жанр художественной литературы"></catref>
<catref target="nan" type="Уточнение жанра"></catref>
<catref target="тонический : Дк" type="Метр"></catref>
<catref target="вольная" type="Длина строки"></catref>
<catref target="регулярная" type="Клаузула"></catref>
<catref target="дм" type="Уточнение клаузулы"></catref>
<catref target="nan" type="Классическая строфа"></catref>
<catref target="перекрестная" type="Рифма"></catref>
<catref target="абаб" type="Схема рифмовки"></catref>
<catref target="Дк3дм" type="Метрическая формула"></catref>
<catref target="nan" type="Дополнительные параметры"></catref>
<catref target="16" type="Число строк"></catref>
<catref target="nan" type="Автор оригинала"></catref>
<catref target="nan" type="Язык оригинала"></catref>
</textclass></profiledesc>
</teiheader>
<text>
<body>
<div1 n="1" type="volume">
<div2 n="87" type="part">
<head>87.</head>
<lg type="quatrain">
<l n="1">Я вздрагиваю от холода —</l>
<l n="2">Мне хочется онеметь!</l>
<l n="3">А в небе танцует золото —</l>
<l n="4">Приказывает мне петь.</l>
</lg>
<lg type="quatrain">
<l n="5">Томись, музыкант встревоженный,</l>
<l n="6">Люби, вспоминай и плачь,</l>
<l n="7">И, с тусклой планеты брошенный,</l>
<l n="8">Подхватывай легкий мяч!</l>
</lg>
<lg type="quatrain">
<l n="9">Так вот она — настоящая</l>
<l n="10">С таинственным миром связь!</l>
<l n="11">Какая тоска щемящая,</l>
<l n="12">Какая беда стряслась!</l>
</lg>
<lg type="quatrain">
<l n="13">Что, если, вздрогнув неправильно,</l>
<l n="14">Мерцающая всегда,</l>
<l n="15">Своей булавкой заржавленной</l>
<l n="16">Достанет меня звезда?</l>
</lg>
<date when="1912">1912, 1937</date>
<date when="1937">1912, 1937</date>
</div2>
</div1>
</body>
</text>
</tei>
