<?xml version='1.0' encoding='UTF8'?>
<tei xmlns="http://www.tei-c.org/ns/1.0">
<teiheader>
<filedesc>
<titlestmt>
<title>«Тысячеструйный поток...»</title>
<author>О.Э. Мандельштам</author>
</titlestmt>
<publicationstmt>
<p>АРТ-БИЗНЕС-ЦЕНТР МОСКВА 1993</p>
<biblstruct>
<biblscope n="" type="volume"></biblscope>
<biblscope n="" type="part"></biblscope>
</biblstruct></publicationstmt>
<sourcedesc>
<p>Издание подготовлено Мандельштамовским обществом</p>
</sourcedesc>
<respstmt>
<resp>Подготовка и разметка файлов - Алексей Литвинцев, Вероника Файнберг. Создание
          электронного ресурса - Тимофей Молчанов. Руководители проекта - Центр Digital Humanities,
          Мандельштамовское общество (НИУ ВШЭ).</resp>
</respstmt></filedesc>
<profiledesc>
<textdesc n="poem"></textdesc>
<textclass>
<catref target="1_085" type="ID"></catref>
<catref target="О.Э. Мандельштам. Собрание сочинений в 4-х т. -- М.: Терра, 1991" type="Источник"></catref>
<catref target="стихотворение" type="Жанр художественной литературы"></catref>
<catref target="nan" type="Уточнение жанра"></catref>
<catref target="Аф, Д, тонический : Дк" type="Метр"></catref>
<catref target="3" type="Длина строки"></catref>
<catref target="регулярная" type="Клаузула"></catref>
<catref target="мжжм" type="Уточнение клаузулы"></catref>
<catref target="nan" type="Классическая строфа"></catref>
<catref target="охватная" type="Рифма"></catref>
<catref target="абба" type="Схема рифмовки"></catref>
<catref target="Дк3мж" type="Метрическая формула"></catref>
<catref target="нарушения анакрусы" type="Дополнительные параметры"></catref>
<catref target="12" type="Число строк"></catref>
<catref target="nan" type="Автор оригинала"></catref>
<catref target="nan" type="Язык оригинала"></catref>
</textclass></profiledesc>
</teiheader>
<text>
<body>
<div1 n="1" type="volume">
<div2 n="85" type="part">
<head>85.</head>
<lg type="quatrain">
<l n="1">Тысячеструйный поток —</l>
<l n="2">Журчала весенняя ласка.</l>
<l n="3">Скользнула-мелькнула коляска,</l>
<l n="4">Легкая, как мотылек.</l>
</lg>
<lg type="quatrain">
<l n="5">Я улыбнулся весне,</l>
<l n="6">Я оглянулся украдкой, —</l>
<l n="7">Женщина гладкой перчаткой</l>
<l n="8">Правила, точно во сне.</l>
</lg>
<lg type="quatrain">
<l n="9">В путь убегала она,</l>
<l n="10">В траурный шелк одета,</l>
<l n="11">Тонкая вуалета —</l>
<l n="12">Тоже была черна...</l>
</lg>
<date when="1912">‹1912 (1911?)›</date>
<date when="1911">‹1912 (1911?)›</date>
</div2>
</div1>
</body>
</text>
</tei>
