<?xml version='1.0' encoding='UTF8'?>
<tei xmlns="http://www.tei-c.org/ns/1.0">
<teiheader>
<filedesc>
<titlestmt>
<title>Раковина</title>
<author>О.Э. Мандельштам</author>
</titlestmt>
<publicationstmt>
<p>АРТ-БИЗНЕС-ЦЕНТР МОСКВА 1993</p>
<biblstruct>
<biblscope n="" type="volume"></biblscope>
<biblscope n="" type="part"></biblscope>
</biblstruct></publicationstmt>
<sourcedesc>
<p>Издание подготовлено Мандельштамовским обществом</p>
</sourcedesc>
<respstmt>
<resp>Подготовка и разметка файлов - Алексей Литвинцев, Вероника Файнберг. Создание
          электронного ресурса - Тимофей Молчанов. Руководители проекта - Центр Digital Humanities,
          Мандельштамовское общество (НИУ ВШЭ).</resp>
</respstmt></filedesc>
<profiledesc>
<textdesc n="poem"></textdesc>
<textclass>
<catref target="1_080" type="ID"></catref>
<catref target="О.Э. Мандельштам. Собрание сочинений в 4-х т. -- М.: Терра, 1991" type="Источник"></catref>
<catref target="стихотворение" type="Жанр художественной литературы"></catref>
<catref target="nan" type="Уточнение жанра"></catref>
<catref target="Я" type="Метр"></catref>
<catref target="4" type="Длина строки"></catref>
<catref target="регулярная" type="Клаузула"></catref>
<catref target="жм" type="Уточнение клаузулы"></catref>
<catref target="nan" type="Классическая строфа"></catref>
<catref target="перекрестная" type="Рифма"></catref>
<catref target="абаб" type="Схема рифмовки"></catref>
<catref target="Я4жм" type="Метрическая формула"></catref>
<catref target="nan" type="Дополнительные параметры"></catref>
<catref target="16" type="Число строк"></catref>
<catref target="nan" type="Автор оригинала"></catref>
<catref target="nan" type="Язык оригинала"></catref>
</textclass></profiledesc>
</teiheader>
<text>
<body>
<div1 n="1" type="volume">
<div2 n="80" type="part">
<head>80.
Раковина</head>
<lg type="quatrain">
<l n="1">Быть может, я тебе не нужен,</l>
<l n="2">Ночь; из пучины мировой,</l>
<l n="3">Как раковина без жемчужин,</l>
<l n="4">Я выброшен на берег твой.</l>
</lg>
<lg type="quatrain">
<l n="5">Ты равнодушно волны пенишь</l>
<l n="6">И несговорчиво поешь;</l>
<l n="7">Но ты полюбишь, ты оценишь</l>
<l n="8">Ненужной раковины ложь.</l>
</lg>
<lg type="quatrain">
<l n="9">Ты на песок с ней рядом ляжешь,</l>
<l n="10">Оденешь ризою своей,</l>
<l n="11">Ты неразрывно с нею свяжешь</l>
<l n="12">Огромный колокол зыбей;</l>
</lg>
<lg type="quatrain">
<l n="13">И хрупкой раковины стены, —</l>
<l n="14">Как нежилого сердца дом, —</l>
<l n="15">Наполнишь шопотами пены,</l>
<l n="16">Туманом, ветром и дождем...</l>
</lg>
<date when="1911">1911</date>
</div2>
</div1>
</body>
</text>
</tei>
