<?xml version='1.0' encoding='UTF8'?>
<tei xmlns="http://www.tei-c.org/ns/1.0">
<teiheader>
<filedesc>
<titlestmt>
<title>Золотой</title>
<author>О.Э. Мандельштам</author>
</titlestmt>
<publicationstmt>
<p>АРТ-БИЗНЕС-ЦЕНТР МОСКВА 1993</p>
<biblstruct>
<biblscope n="" type="volume"></biblscope>
<biblscope n="" type="part"></biblscope>
</biblstruct></publicationstmt>
<sourcedesc>
<p>Издание подготовлено Мандельштамовским обществом</p>
</sourcedesc>
<respstmt>
<resp>Подготовка и разметка файлов - Алексей Литвинцев, Вероника Файнберг. Создание
          электронного ресурса - Тимофей Молчанов. Руководители проекта - Центр Digital Humanities,
          Мандельштамовское общество (НИУ ВШЭ).</resp>
</respstmt></filedesc>
<profiledesc>
<textdesc n="poem"></textdesc>
<textclass>
<catref target="1_088" type="ID"></catref>
<catref target="О.Э. Мандельштам. Собрание сочинений в 4-х т. -- М.: Терра, 1991" type="Источник"></catref>
<catref target="стихотворение" type="Жанр художественной литературы"></catref>
<catref target="nan" type="Уточнение жанра"></catref>
<catref target="Х" type="Метр"></catref>
<catref target="5" type="Длина строки"></catref>
<catref target="регулярная" type="Клаузула"></catref>
<catref target="жм" type="Уточнение клаузулы"></catref>
<catref target="nan" type="Классическая строфа"></catref>
<catref target="перекрестная" type="Рифма"></catref>
<catref target="абаб" type="Схема рифмовки"></catref>
<catref target="Х5жм" type="Метрическая формула"></catref>
<catref target="nan" type="Дополнительные параметры"></catref>
<catref target="20" type="Число строк"></catref>
<catref target="nan" type="Автор оригинала"></catref>
<catref target="nan" type="Язык оригинала"></catref>
</textclass></profiledesc>
</teiheader>
<text>
<body>
<div1 n="1" type="volume">
<div2 n="88" type="part">
<head>88.
Золотой</head>
<lg type="quatrain">
<l n="1">Целый день сырой осенний воздух</l>
<l n="2">Я вдыхал в смятеньи и тоске.</l>
<l n="3">Я хочу поужинать, и звезды</l>
<l n="4">Золотые в темном кошельке!</l>
</lg>
<lg type="quatrain">
<l n="5">И, дрожа от желтого тумана,</l>
<l n="6">Я спустился в маленький подвал.</l>
<l n="7">Я нигде такого ресторана</l>
<l n="8">И такого сброда не видал!</l>
</lg>
<lg type="quatrain">
<l n="9">Мелкие чиновники, японцы,</l>
<l n="10">Теоретики чужой казны...</l>
<l n="11">За прилавком щупает червонцы</l>
<l n="12">Человек, — и все они пьяны.</l>
</lg>
<lg type="quatrain">
<l n="13">— Будьте так любезны, разменяйте, —</l>
<l n="14">Убедительно его прошу, —</l>
<l n="15">Только мне бумажек не давайте —</l>
<l n="16">Трехрублевок я не выношу!</l>
</lg>
<lg type="quatrain">
<l n="17">Что мне делать с пьяною оравой?</l>
<l n="18">Как попал сюда я, Боже мой?</l>
<l n="19">Если я на то имею право, —</l>
<l n="20">Разменяйте мне мой золотой!</l>
</lg>
<date when="1912">1912</date>
</div2>
</div1>
</body>
</text>
</tei>
