<?xml version='1.0' encoding='UTF8'?>
<tei xmlns="http://www.tei-c.org/ns/1.0">
<teiheader>
<filedesc>
<titlestmt>
<title>«В лазури месяц новый...»</title>
<author>О.Э. Мандельштам</author>
</titlestmt>
<publicationstmt>
<p>АРТ-БИЗНЕС-ЦЕНТР МОСКВА 1993</p>
<biblstruct>
<biblscope n="" type="volume"></biblscope>
<biblscope n="" type="part"></biblscope>
</biblstruct></publicationstmt>
<sourcedesc>
<p>Издание подготовлено Мандельштамовским обществом</p>
</sourcedesc>
<respstmt>
<resp>Подготовка и разметка файлов - Алексей Литвинцев, Вероника Файнберг. Создание
          электронного ресурса - Тимофей Молчанов. Руководители проекта - Центр Digital Humanities,
          Мандельштамовское общество (НИУ ВШЭ).</resp>
</respstmt></filedesc>
<profiledesc>
<textdesc n="poem"></textdesc>
<textclass>
<catref target="1_082" type="ID"></catref>
<catref target="О.Э. Мандельштам. Собрание сочинений в 4-х т. -- М.: Терра, 1991" type="Источник"></catref>
<catref target="стихотворение" type="Жанр художественной литературы"></catref>
<catref target="nan" type="Уточнение жанра"></catref>
<catref target="гетерометрия : Д, Х, Я" type="Метр"></catref>
<catref target="вольная" type="Длина строки"></catref>
<catref target="регулярная" type="Клаузула"></catref>
<catref target="жм" type="Уточнение клаузулы"></catref>
<catref target="nan" type="Классическая строфа"></catref>
<catref target="перекрестная" type="Рифма"></catref>
<catref target="абаб" type="Схема рифмовки"></catref>
<catref target="Гм2,3жм" type="Метрическая формула"></catref>
<catref target="составная рифма" type="Дополнительные параметры"></catref>
<catref target="16" type="Число строк"></catref>
<catref target="nan" type="Автор оригинала"></catref>
<catref target="nan" type="Язык оригинала"></catref>
</textclass></profiledesc>
</teiheader>
<text>
<body>
<div1 n="1" type="volume">
<div2 n="82" type="part">
<head>82.</head>
<lg type="quatrain">
<l n="1">В лазури месяц новый</l>
<l n="2">Ясен и высок.</l>
<l n="3">Радуют подковы</l>
<l n="4">Звонкий грунт дорог.</l>
</lg>
<lg type="quatrain">
<l n="5">Глубоко вздохнул я:</l>
<l n="6">В небе голубом</l>
<l n="7">Словно зачерпнул я</l>
<l n="8">Серебряным ковшом!</l>
</lg>
<lg type="quatrain">
<l n="9">Счастья тяжелый</l>
<l n="10">Я надел венец.</l>
<l n="11">В кузнице веселый</l>
<l n="12">Работает кузнец.</l>
</lg>
<lg type="quatrain">
<l n="13">Радость бессвязна.</l>
<l n="14">Бездна не страшна.</l>
<l n="15">Однообразно-</l>
<l n="16">Звучно царство сна!</l>
</lg>
<date when="1911-11-12">12 ноября 1911</date>
</div2>
</div1>
</body>
</text>
</tei>
