<?xml version='1.0' encoding='UTF8'?>
<tei xmlns="http://www.tei-c.org/ns/1.0">
<teiheader>
<filedesc>
<titlestmt>
<title>Пешеход</title>
<author>О.Э. Мандельштам</author>
</titlestmt>
<publicationstmt>
<p>АРТ-БИЗНЕС-ЦЕНТР МОСКВА 1993</p>
<biblstruct>
<biblscope n="" type="volume"></biblscope>
<biblscope n="" type="part"></biblscope>
</biblstruct></publicationstmt>
<sourcedesc>
<p>Издание подготовлено Мандельштамовским обществом</p>
</sourcedesc>
<respstmt>
<resp>Подготовка и разметка файлов - Алексей Литвинцев, Вероника Файнберг. Создание
          электронного ресурса - Тимофей Молчанов. Руководители проекта - Центр Digital Humanities,
          Мандельштамовское общество (НИУ ВШЭ).</resp>
</respstmt></filedesc>
<profiledesc>
<textdesc n="poem"></textdesc>
<textclass>
<catref target="1_092" type="ID"></catref>
<catref target="О.Э. Мандельштам. Собрание сочинений в 4-х т. -- М.: Терра, 1991" type="Источник"></catref>
<catref target="стихотворение" type="Жанр художественной литературы"></catref>
<catref target="nan" type="Уточнение жанра"></catref>
<catref target="Я" type="Метр"></catref>
<catref target="5" type="Длина строки"></catref>
<catref target="nan" type="Клаузула"></catref>
<catref target="м" type="Уточнение клаузулы"></catref>
<catref target="сонет" type="Классическая строфа"></catref>
<catref target="сложная" type="Рифма"></catref>
<catref target="абаб баба баб ааб" type="Схема рифмовки"></catref>
<catref target="Я5м" type="Метрическая формула"></catref>
<catref target="nan" type="Дополнительные параметры"></catref>
<catref target="14" type="Число строк"></catref>
<catref target="nan" type="Автор оригинала"></catref>
<catref target="nan" type="Язык оригинала"></catref>
</textclass></profiledesc>
</teiheader>
<text>
<body>
<div1 n="1" type="volume">
<div2 n="92" type="part">
<head>92.
Пешеход</head>
<div type="dedication">М. Л. Лозинскому</div>
<rs ref="Лозинский, Михаил Леонидович" type="person"></rs>
<lg type="quatrain">
<l n="1">Я чувствую непобедимый страх</l>
<l n="2">В присутствии таинственных высот.</l>
<l n="3">Я ласточкой доволен в небесах,</l>
<l n="4">И колокольни я люблю полет!</l>
</lg>
<lg type="quatrain">
<l n="5">И, кажется, старинный пешеход,</l>
<l n="6">Над пропастью, на гнущихся мостках</l>
<l n="7">Я слушаю, как снежный ком растет</l>
<l n="8">И вечность бьет на каменных часах.</l>
</lg>
<lg type="tercet">
<l n="9">Когда бы так! Но я не путник тот,</l>
<l n="10">Мелькающий на выцветших листах,</l>
<l n="11">И подлинно во мне печаль поет;</l>
</lg>
<lg type="tercet">
<l n="12">Действительно, лавина есть в горах!</l>
<l n="13">И вся моя душа — в колоколах,</l>
<l n="14">Но музыка от бездны не спасет!</l>
</lg>
<date when="1912">1912</date>
</div2>
</div1>
</body>
</text>
</tei>
