<?xml version='1.0' encoding='UTF8'?>
<tei xmlns="http://www.tei-c.org/ns/1.0">
<teiheader>
<filedesc>
<titlestmt>
<title>Царское Село</title>
<author>О.Э. Мандельштам</author>
</titlestmt>
<publicationstmt>
<p>АРТ-БИЗНЕС-ЦЕНТР МОСКВА 1993</p>
<biblstruct>
<biblscope n="" type="volume"></biblscope>
<biblscope n="" type="part"></biblscope>
</biblstruct></publicationstmt>
<sourcedesc>
<p>Издание подготовлено Мандельштамовским обществом</p>
</sourcedesc>
<respstmt>
<resp>Подготовка и разметка файлов - Алексей Литвинцев, Вероника Файнберг. Создание
          электронного ресурса - Тимофей Молчанов. Руководители проекта - Центр Digital Humanities,
          Мандельштамовское общество (НИУ ВШЭ).</resp>
</respstmt></filedesc>
<profiledesc>
<textdesc n="poem"></textdesc>
<textclass>
<catref target="1_095" type="ID"></catref>
<catref target="О.Э. Мандельштам. Собрание сочинений в 4-х т. -- М.: Терра, 1991" type="Источник"></catref>
<catref target="стихотворение" type="Жанр художественной литературы"></catref>
<catref target="nan" type="Уточнение жанра"></catref>
<catref target="Я" type="Метр"></catref>
<catref target="4" type="Длина строки"></catref>
<catref target="регулярная" type="Клаузула"></catref>
<catref target="мжжмм" type="Уточнение клаузулы"></catref>
<catref target="nan" type="Классическая строфа"></catref>
<catref target="затянутая" type="Рифма"></catref>
<catref target="аббаа" type="Схема рифмовки"></catref>
<catref target="Я4мж" type="Метрическая формула"></catref>
<catref target="nan" type="Дополнительные параметры"></catref>
<catref target="25" type="Число строк"></catref>
<catref target="nan" type="Автор оригинала"></catref>
<catref target="nan" type="Язык оригинала"></catref>
</textclass></profiledesc>
</teiheader>
<text>
<body>
<div1 n="1" type="volume">
<div2 n="95" type="part">
<head>95.
Царское Село</head>
<div type="dedication">Георгию Иванову</div>
<rs ref="Иванов, Георгий Владимирович" type="person"></rs>
<lg type="quintet">
<l n="1">Поедем в Царское Село!<rs ref="Царское (Детское) Село (г. Пушкин)" type="geo_index"></rs></l>
<l n="2">Там улыбаются мещанки,</l>
<l n="3">Когда гусары после пьянки</l>
<l n="4">Садятся в крепкое седло...</l>
<l n="5">Поедем в Царское Село!<rs ref="Царское (Детское) Село (г. Пушкин)" type="geo_index"></rs></l>
</lg>
<lg type="quintet">
<l n="6">Казармы, парки и дворцы,</l>
<l n="7">А на деревьях — клочья ваты,</l>
<l n="8">И грянут «здравия» раскаты</l>
<l n="9">На крик «здорово, молодцы!»</l>
<l n="10">Казармы, парки и дворцы...</l>
</lg>
<lg type="quintet">
<l n="11">Одноэтажные дома,</l>
<l n="12">Где однодумы-генералы</l>
<l n="13">Свой коротают век усталый,</l>
<l n="14">Читая «Ниву» и Дюма...<rs ref="Дюма, Александр" type="person"></rs></l>
<l n="15">Особняки — а не дома!</l>
</lg>
<lg type="quintet">
<l n="16">Свист паровоза... Едет князь.</l>
<l n="17">В стеклянном павильоне свита!..</l>
<l n="18">И, саблю волоча сердито,</l>
<l n="19">Выходит офицер, кичась, —</l>
<l n="20">Не сомневаюсь — это князь...</l>
</lg>
<lg type="quintet">
<l n="21">И возвращается домой —</l>
<l n="22">Конечно, в царство этикета,</l>
<l n="23">Внушая тайный страх, карета</l>
<l n="24">С мощами фрейлины седой,</l>
<l n="25">Что возвращается домой...</l>
</lg>
<date when="1912">1912, 1927(?)</date>
<date when="1927">1912, 1927(?)</date>
</div2>
</div1>
</body>
</text>
</tei>
