<?xml version='1.0' encoding='UTF8'?>
<tei xmlns="http://www.tei-c.org/ns/1.0">
<teiheader>
<filedesc>
<titlestmt>
<title>Шарманка</title>
<author>О.Э. Мандельштам</author>
</titlestmt>
<publicationstmt>
<p>АРТ-БИЗНЕС-ЦЕНТР МОСКВА 1993</p>
<biblstruct>
<biblscope n="" type="volume"></biblscope>
<biblscope n="" type="part"></biblscope>
</biblstruct></publicationstmt>
<sourcedesc>
<p>Издание подготовлено Мандельштамовским обществом</p>
</sourcedesc>
<respstmt>
<resp>Подготовка и разметка файлов - Алексей Литвинцев, Вероника Файнберг. Создание
          электронного ресурса - Тимофей Молчанов. Руководители проекта - Центр Digital Humanities,
          Мандельштамовское общество (НИУ ВШЭ).</resp>
</respstmt></filedesc>
<profiledesc>
<textdesc n="poem"></textdesc>
<textclass>
<catref target="1_097" type="ID"></catref>
<catref target="О.Э. Мандельштам. Собрание сочинений в 4-х т. -- М.: Терра, 1991" type="Источник"></catref>
<catref target="стихотворение" type="Жанр художественной литературы"></catref>
<catref target="nan" type="Уточнение жанра"></catref>
<catref target="Я" type="Метр"></catref>
<catref target="4" type="Длина строки"></catref>
<catref target="регулярная" type="Клаузула"></catref>
<catref target="жмжм жмжм мжм мжж" type="Уточнение клаузулы"></catref>
<catref target="сонет" type="Классическая строфа"></catref>
<catref target="сложная" type="Рифма"></catref>
<catref target="абаб абаб баб баа" type="Схема рифмовки"></catref>
<catref target="Я4жм" type="Метрическая формула"></catref>
<catref target="nan" type="Дополнительные параметры"></catref>
<catref target="14" type="Число строк"></catref>
<catref target="nan" type="Автор оригинала"></catref>
<catref target="nan" type="Язык оригинала"></catref>
</textclass></profiledesc>
</teiheader>
<text>
<body>
<div1 n="1" type="volume">
<div2 n="97" type="part">
<head>97.
Шарманка</head>
<lg type="quatrain">
<l n="1">Шарманка, жалобное пенье,</l>
<l n="2">Тягучих арий дребедень, —</l>
<l n="3">Как безобразное виденье,</l>
<l n="4">Осеннюю тревожит сень...</l>
</lg>
<lg type="quatrain">
<l n="5">Чтоб всколыхнула на мгновенье</l>
<l n="6">Та песня вод стоячих лень,</l>
<l n="7">Сентиментальное волненье</l>
<l n="8">Туманной музыкой одень.</l>
</lg>
<lg type="tercet">
<l n="9">Какой обыкновенный день!</l>
<l n="10">Как невозможно вдохновенье —</l>
<l n="11">В мозгу игла, брожу как тень.</l>
</lg>
<lg type="tercet">
<l n="12">Я бы приветствовал кремень</l>
<l n="13">Точильщика — как избавленье:</l>
<l n="14">Бродяга — я люблю движенье.</l>
</lg>
<date when="1912-06-16">16 июня 1912</date>
</div2>
</div1>
</body>
</text>
</tei>
