<?xml version='1.0' encoding='UTF8'?>
<tei xmlns="http://www.tei-c.org/ns/1.0">
<teiheader>
<filedesc>
<titlestmt>
<title>Айя-София</title>
<author>О.Э. Мандельштам</author>
</titlestmt>
<publicationstmt>
<p>АРТ-БИЗНЕС-ЦЕНТР МОСКВА 1993</p>
<biblstruct>
<biblscope n="" type="volume"></biblscope>
<biblscope n="" type="part"></biblscope>
</biblstruct></publicationstmt>
<sourcedesc>
<p>Издание подготовлено Мандельштамовским обществом</p>
</sourcedesc>
<respstmt>
<resp>Подготовка и разметка файлов - Алексей Литвинцев, Вероника Файнберг. Создание
          электронного ресурса - Тимофей Молчанов. Руководители проекта - Центр Digital Humanities,
          Мандельштамовское общество (НИУ ВШЭ).</resp>
</respstmt></filedesc>
<profiledesc>
<textdesc n="poem"></textdesc>
<textclass>
<catref target="1_099" type="ID"></catref>
<catref target="О.Э. Мандельштам. Собрание сочинений в 4-х т. -- М.: Терра, 1991" type="Источник"></catref>
<catref target="стихотворение" type="Жанр художественной литературы"></catref>
<catref target="nan" type="Уточнение жанра"></catref>
<catref target="Я" type="Метр"></catref>
<catref target="5" type="Длина строки"></catref>
<catref target="регулярная" type="Клаузула"></catref>
<catref target="жм" type="Уточнение клаузулы"></catref>
<catref target="nan" type="Классическая строфа"></catref>
<catref target="перекрестная" type="Рифма"></catref>
<catref target="абаб" type="Схема рифмовки"></catref>
<catref target="Я5жм" type="Метрическая формула"></catref>
<catref target="nan" type="Дополнительные параметры"></catref>
<catref target="20" type="Число строк"></catref>
<catref target="nan" type="Автор оригинала"></catref>
<catref target="nan" type="Язык оригинала"></catref>
</textclass></profiledesc>
</teiheader>
<text>
<body>
<div1 n="1" type="volume">
<div2 n="99" type="part">
<head>99.
Айя-София</head>
<lg type="quatrain">
<l n="1">Айя-София — здесь остановиться<rs ref="Константинополь (Стамбул)" type="geo_index"></rs></l>
<l n="2">Судил Господь народам и царям!</l>
<l n="3">Ведь купол твой, по слову очевидца,</l>
<l n="4">Как на цепи, подвешен к небесам.</l>
</lg>
<lg type="quatrain">
<l n="5">И всем векам — пример Юстиниана,<rs ref="Юстиниан I" type="person"></rs></l>
<l n="6">Когда похитить для чужих богов</l>
<l n="7">Позволила эфесская Диана</l>
<l n="8">Сто семь зеленых мраморных столбов.</l>
</lg>
<lg type="quatrain">
<l n="9">Но что же думал твой строитель щедрый,</l>
<l n="10">Когда, душой и помыслом высок,</l>
<l n="11">Расположил апсиды и экседры,</l>
<l n="12">Им указав на запад и восток?</l>
</lg>
<lg type="quatrain">
<l n="13">Прекрасен храм, купающийся в мире,</l>
<l n="14">И сорок окон — света торжество;</l>
<l n="15">На парусах, под куполом, четыре</l>
<l n="16">Архангела прекраснее всего.</l>
</lg>
<lg type="quatrain">
<l n="17">И мудрое сферическое зданье</l>
<l n="18">Народы и века переживет,</l>
<l n="19">И серафимов гулкое рыданье</l>
<l n="20">Не покоробит темных позолот.</l>
</lg>
<date when="1912">1912</date>
</div2>
</div1>
</body>
</text>
</tei>
