<?xml version='1.0' encoding='UTF8'?>
<tei xmlns="http://www.tei-c.org/ns/1.0">
<teiheader>
<filedesc>
<titlestmt>
<title>Лютеранин</title>
<author>О.Э. Мандельштам</author>
</titlestmt>
<publicationstmt>
<p>АРТ-БИЗНЕС-ЦЕНТР МОСКВА 1993</p>
<biblstruct>
<biblscope n="" type="volume"></biblscope>
<biblscope n="" type="part"></biblscope>
</biblstruct></publicationstmt>
<sourcedesc>
<p>Издание подготовлено Мандельштамовским обществом</p>
</sourcedesc>
<respstmt>
<resp>Подготовка и разметка файлов - Алексей Литвинцев, Вероника Файнберг. Создание
          электронного ресурса - Тимофей Молчанов. Руководители проекта - Центр Digital Humanities,
          Мандельштамовское общество (НИУ ВШЭ).</resp>
</respstmt></filedesc>
<profiledesc>
<textdesc n="poem"></textdesc>
<textclass>
<catref target="1_098" type="ID"></catref>
<catref target="О.Э. Мандельштам. Собрание сочинений в 4-х т. -- М.: Терра, 1991" type="Источник"></catref>
<catref target="стихотворение" type="Жанр художественной литературы"></catref>
<catref target="nan" type="Уточнение жанра"></catref>
<catref target="Я" type="Метр"></catref>
<catref target="5" type="Длина строки"></catref>
<catref target="nan" type="Клаузула"></catref>
<catref target="ж" type="Уточнение клаузулы"></catref>
<catref target="nan" type="Классическая строфа"></catref>
<catref target="перекрестная" type="Рифма"></catref>
<catref target="абаб" type="Схема рифмовки"></catref>
<catref target="Я5ж" type="Метрическая формула"></catref>
<catref target="nan" type="Дополнительные параметры"></catref>
<catref target="24" type="Число строк"></catref>
<catref target="nan" type="Автор оригинала"></catref>
<catref target="nan" type="Язык оригинала"></catref>
</textclass></profiledesc>
</teiheader>
<text>
<body>
<div1 n="1" type="volume">
<div2 n="98" type="part">
<head>98.
Лютеранин</head>
<lg type="quatrain">
<l n="1">Я на прогулке похороны встретил</l>
<l n="2">Близ протестантской кирки, в воскресенье.</l>
<l n="3">Рассеянный прохожий, я заметил</l>
<l n="4">Тех прихожан суровое волненье.</l>
</lg>
<lg type="quatrain">
<l n="5">Чужая речь не достигала слуха,</l>
<l n="6">И только упряжь тонкая сияла</l>
<l n="7">Да мостовая праздничная глухо</l>
<l n="8">Ленивые подковы отражала.</l>
</lg>
<lg type="quatrain">
<l n="9">А в эластичном сумраке кареты,</l>
<l n="10">Куда печаль забилась, лицемерка,</l>
<l n="11">Без слов, без слез, скупая на приветы,</l>
<l n="12">Осенних роз мелькнула бутоньерка.</l>
</lg>
<lg type="quatrain">
<l n="13">Тянулись иностранцы лентой черной,</l>
<l n="14">И шли пешком заплаканные дамы,</l>
<l n="15">Румянец под вуалью, и упорно</l>
<l n="16">Над ними кучер правил вдаль, упрямый.</l>
</lg>
<lg type="quatrain">
<l n="17">Кто б ни был ты, покойный лютеранин,</l>
<l n="18">Тебя легко и просто хоронили.</l>
<l n="19">Был взор слезой приличной затуманен,</l>
<l n="20">И сдержанно колокола звонили.</l>
</lg>
<lg type="quatrain">
<l n="21">И думал я: витийствовать не надо.</l>
<l n="22">Мы не пророки, даже не предтечи,</l>
<l n="23">Не любим рая, не боимся ада,</l>
<l n="24">И в полдень матовый горим, как свечи.</l>
</lg>
<date when="1912">1912</date>
</div2>
</div1>
</body>
</text>
</tei>
