<?xml version='1.0' encoding='UTF8'?>
<tei xmlns="http://www.tei-c.org/ns/1.0">
<teiheader>
<filedesc>
<titlestmt>
<title>«Паденье — неизменный спутник страха...»</title>
<author>О.Э. Мандельштам</author>
</titlestmt>
<publicationstmt>
<p>АРТ-БИЗНЕС-ЦЕНТР МОСКВА 1993</p>
<biblstruct>
<biblscope n="" type="volume"></biblscope>
<biblscope n="" type="part"></biblscope>
</biblstruct></publicationstmt>
<sourcedesc>
<p>Издание подготовлено Мандельштамовским обществом</p>
</sourcedesc>
<respstmt>
<resp>Подготовка и разметка файлов - Алексей Литвинцев, Вероника Файнберг. Создание
          электронного ресурса - Тимофей Молчанов. Руководители проекта - Центр Digital Humanities,
          Мандельштамовское общество (НИУ ВШЭ).</resp>
</respstmt></filedesc>
<profiledesc>
<textdesc n="poem"></textdesc>
<textclass>
<catref target="1_093" type="ID"></catref>
<catref target="О.Э. Мандельштам. Собрание сочинений в 4-х т. -- М.: Терра, 1991" type="Источник"></catref>
<catref target="стихотворение" type="Жанр художественной литературы"></catref>
<catref target="nan" type="Уточнение жанра"></catref>
<catref target="Я" type="Метр"></catref>
<catref target="5" type="Длина строки"></catref>
<catref target="регулярная" type="Клаузула"></catref>
<catref target="жммж жммж мжм мжж" type="Уточнение клаузулы"></catref>
<catref target="сонет" type="Классическая строфа"></catref>
<catref target="сложная" type="Рифма"></catref>
<catref target="абба абба вгв вгг" type="Схема рифмовки"></catref>
<catref target="Я5жм" type="Метрическая формула"></catref>
<catref target="nan" type="Дополнительные параметры"></catref>
<catref target="14" type="Число строк"></catref>
<catref target="nan" type="Автор оригинала"></catref>
<catref target="nan" type="Язык оригинала"></catref>
</textclass></profiledesc>
</teiheader>
<text>
<body>
<div1 n="1" type="volume">
<div2 n="93" type="part">
<head>93.</head>
<lg type="quatrain">
<l n="1">Паденье — неизменный спутник страха,</l>
<l n="2">И самый страх есть чувство пустоты.</l>
<l n="3">Кто камни нам бросает с высоты,</l>
<l n="4">И камень отрицает иго праха?</l>
</lg>
<lg type="quatrain">
<l n="5">И деревянной поступью монаха</l>
<l n="6">Мощеный двор когда-то мерил ты:</l>
<l n="7">Булыжники и грубые мечты —</l>
<l n="8">В них жажда смерти и тоска размаха!</l>
</lg>
<lg type="tercet">
<l n="9">Так проклят будь готический приют,</l>
<l n="10">Где потолком входящий обморочен</l>
<l n="11">И в очаге веселых дров не жгут.</l>
</lg>
<lg type="tercet">
<l n="12">Немногие для вечности живут,</l>
<l n="13">Но если ты мгновенным озабочен —</l>
<l n="14">Твой жребий страшен и твой дом непрочен!</l>
</lg>
<date when="1912">1912</date>
</div2>
</div1>
</body>
</text>
</tei>
