<?xml version='1.0' encoding='UTF8'?>
<tei xmlns="http://www.tei-c.org/ns/1.0">
<teiheader>
<filedesc>
<titlestmt>
<title>Казино</title>
<author>О.Э. Мандельштам</author>
</titlestmt>
<publicationstmt>
<p>АРТ-БИЗНЕС-ЦЕНТР МОСКВА 1993</p>
<biblstruct>
<biblscope n="" type="volume"></biblscope>
<biblscope n="" type="part"></biblscope>
</biblstruct></publicationstmt>
<sourcedesc>
<p>Издание подготовлено Мандельштамовским обществом</p>
</sourcedesc>
<respstmt>
<resp>Подготовка и разметка файлов - Алексей Литвинцев, Вероника Файнберг. Создание
          электронного ресурса - Тимофей Молчанов. Руководители проекта - Центр Digital Humanities,
          Мандельштамовское общество (НИУ ВШЭ).</resp>
</respstmt></filedesc>
<profiledesc>
<textdesc n="poem"></textdesc>
<textclass>
<catref target="1_094" type="ID"></catref>
<catref target="О.Э. Мандельштам. Собрание сочинений в 4-х т. -- М.: Терра, 1991" type="Источник"></catref>
<catref target="стихотворение" type="Жанр художественной литературы"></catref>
<catref target="nan" type="Уточнение жанра"></catref>
<catref target="Я" type="Метр"></catref>
<catref target="5" type="Длина строки"></catref>
<catref target="регулярная" type="Клаузула"></catref>
<catref target="жммж жммж ммж жмж" type="Уточнение клаузулы"></catref>
<catref target="сонет" type="Классическая строфа"></catref>
<catref target="сложная" type="Рифма"></catref>
<catref target="абба абба бба аба" type="Схема рифмовки"></catref>
<catref target="Я5жм" type="Метрическая формула"></catref>
<catref target="nan" type="Дополнительные параметры"></catref>
<catref target="14" type="Число строк"></catref>
<catref target="nan" type="Автор оригинала"></catref>
<catref target="nan" type="Язык оригинала"></catref>
</textclass></profiledesc>
</teiheader>
<text>
<body>
<div1 n="1" type="volume">
<div2 n="94" type="part">
<head>94.
Казино</head>
<lg type="quatrain">
<l n="1">Я не поклонник радости предвзятой,</l>
<l n="2">Подчас природа — серое пятно.</l>
<l n="3">Мне, в опьяненьи легком, суждено</l>
<l n="4">Изведать краски жизни небогатой.</l>
</lg>
<lg type="quatrain">
<l n="5">Играет ветер тучею косматой,</l>
<l n="6">Ложится якорь на морское дно,</l>
<l n="7">И бездыханная, как полотно,</l>
<l n="8">Душа висит над бездною проклятой.</l>
</lg>
<lg type="tercet">
<l n="9">Но я люблю на дюнах казино,</l>
<l n="10">Широкий вид в туманное окно</l>
<l n="11">И тонкий луч на скатерти измятой;</l>
</lg>
<lg type="tercet">
<l n="12">И, окружен водой зеленоватой,</l>
<l n="13">Когда, как роза, в хрустале вино, —</l>
<l n="14">Люблю следить за чайкою крылатой!</l>
</lg>
<date when="1912-05">Май 1912</date>
</div2>
</div1>
</body>
</text>
</tei>
