<?xml version='1.0' encoding='UTF8'?>
<tei xmlns="http://www.tei-c.org/ns/1.0">
<teiheader>
<filedesc>
<titlestmt>
<title>«Когда показывают восемь...»</title>
<author>О.Э. Мандельштам</author>
</titlestmt>
<publicationstmt>
<p>АРТ-БИЗНЕС-ЦЕНТР МОСКВА 1993</p>
<biblstruct>
<biblscope n="" type="volume"></biblscope>
<biblscope n="" type="part"></biblscope>
</biblstruct></publicationstmt>
<sourcedesc>
<p>Издание подготовлено Мандельштамовским обществом</p>
</sourcedesc>
<respstmt>
<resp>Подготовка и разметка файлов - Алексей Литвинцев, Вероника Файнберг. Создание
          электронного ресурса - Тимофей Молчанов. Руководители проекта - Центр Digital Humanities,
          Мандельштамовское общество (НИУ ВШЭ).</resp>
</respstmt></filedesc>
<profiledesc>
<textdesc n="poem"></textdesc>
<textclass>
<catref target="1_096" type="ID"></catref>
<catref target="О.Э. Мандельштам. Собрание сочинений в 4-х т. -- М.: Терра, 1991" type="Источник"></catref>
<catref target="стихотворение" type="Жанр художественной литературы"></catref>
<catref target="nan" type="Уточнение жанра"></catref>
<catref target="Я" type="Метр"></catref>
<catref target="4" type="Длина строки"></catref>
<catref target="nan" type="Клаузула"></catref>
<catref target="ж" type="Уточнение клаузулы"></catref>
<catref target="nan" type="Классическая строфа"></catref>
<catref target="перекрестная" type="Рифма"></catref>
<catref target="абаб" type="Схема рифмовки"></catref>
<catref target="Я4ж" type="Метрическая формула"></catref>
<catref target="nan" type="Дополнительные параметры"></catref>
<catref target="16" type="Число строк"></catref>
<catref target="nan" type="Автор оригинала"></catref>
<catref target="nan" type="Язык оригинала"></catref>
</textclass></profiledesc>
</teiheader>
<text>
<body>
<div1 n="1" type="volume">
<div2 n="96" type="part">
<head>96.</head>
<lg type="quatrain">
<l n="1">Когда показывают восемь</l>
<l n="2">Часы собора-исполина,</l>
<l n="3">Мы в полусне твой призрак носим,</l>
<l n="4">Чужого города картина.</l>
</lg>
<lg type="quatrain">
<l n="5">В руках плетеные корзинки,</l>
<l n="6">Служанки спорят с продавцами,</l>
<l n="7">Воркуют голуби на рынке</l>
<l n="8">И плещут сизыми крылами.</l>
</lg>
<lg type="quatrain">
<l n="9">Хлеба, серебряные рыбы,</l>
<l n="10">Плоды и овощи простые,</l>
<l n="11">Крестьяне — каменные глыбы</l>
<l n="12">И краски темные, живые.</l>
</lg>
<lg type="quatrain">
<l n="13">А в сетке пестрого тумана</l>
<l n="14">Сгрудилась ласковая стая,</l>
<l n="15">Как будто площадь утром рано —</l>
<l n="16">Торговли скиния святая.</l>
</lg>
<date when="1912">‹1912›</date>
</div2>
</div1>
</body>
</text>
</tei>
