<?xml version='1.0' encoding='UTF8'?>
<tei xmlns="http://www.tei-c.org/ns/1.0">
<teiheader>
<filedesc>
<titlestmt>
<title>«Пусть в душной комнате, где клочья серой ваты...»</title>
<author>О.Э. Мандельштам</author>
</titlestmt>
<publicationstmt>
<p>АРТ-БИЗНЕС-ЦЕНТР МОСКВА 1993</p>
<biblstruct>
<biblscope n="" type="volume"></biblscope>
<biblscope n="" type="part"></biblscope>
</biblstruct></publicationstmt>
<sourcedesc>
<p>Издание подготовлено Мандельштамовским обществом</p>
</sourcedesc>
<respstmt>
<resp>Подготовка и разметка файлов - Алексей Литвинцев, Вероника Файнберг. Создание
          электронного ресурса - Тимофей Молчанов. Руководители проекта - Центр Digital Humanities,
          Мандельштамовское общество (НИУ ВШЭ).</resp>
</respstmt></filedesc>
<profiledesc>
<textdesc n="poem"></textdesc>
<textclass>
<catref target="1_090" type="ID"></catref>
<catref target="О.Э. Мандельштам. Собрание сочинений в 4-х т. -- М.: Терра, 1991" type="Источник"></catref>
<catref target="стихотворение" type="Жанр художественной литературы"></catref>
<catref target="nan" type="Уточнение жанра"></catref>
<catref target="Я" type="Метр"></catref>
<catref target="6" type="Длина строки"></catref>
<catref target="регулярная" type="Клаузула"></catref>
<catref target="жмжм жмжм ммж жмж" type="Уточнение клаузулы"></catref>
<catref target="сонет" type="Классическая строфа"></catref>
<catref target="сложная" type="Рифма"></catref>
<catref target="абаб абаб ввг гвг" type="Схема рифмовки"></catref>
<catref target="Я6жм" type="Метрическая формула"></catref>
<catref target="nan" type="Дополнительные параметры"></catref>
<catref target="14" type="Число строк"></catref>
<catref target="nan" type="Автор оригинала"></catref>
<catref target="nan" type="Язык оригинала"></catref>
</textclass></profiledesc>
</teiheader>
<text>
<body>
<div1 n="1" type="volume">
<div2 n="90" type="part">
<head>90.</head>
<lg type="quatrain">
<l n="1">Пусть в душной комнате, где клочья серой ваты</l>
<l n="2">И склянки с кислотой, часы хрипят и бьют, —</l>
<l n="3">Гигантские шаги, с которых петли сняты, —</l>
<l n="4">В туманной памяти виденья оживут.</l>
</lg>
<lg type="quatrain">
<l n="5">И лихорадочный больной, тоской распятый,</l>
<l n="6">Худыми пальцами свивая тонкий жгут,</l>
<l n="7">Сжимает свой платок, как талисман крылатый,</l>
<l n="8">И с отвращением глядит на круг минут...</l>
</lg>
<lg type="tercet">
<l n="9">То было в сентябре, вертелись флюгера,</l>
<l n="10">И ставни хлопали, — но буйная игра</l>
<l n="11">Гигантов и детей пророческой казалась,</l>
</lg>
<lg type="tercet">
<l n="12">И тело нежное то плавно подымалось,</l>
<l n="13">То грузно падало: средь пестрого двора</l>
<l n="14">Живая карусель без музыки вращалась!</l>
</lg>
<date when="1912-04">Апрель 1912</date>
</div2>
</div1>
</body>
</text>
</tei>
