<?xml version='1.0' encoding='UTF8'?>
<tei xmlns="http://www.tei-c.org/ns/1.0">
<teiheader>
<filedesc>
<titlestmt>
<title>«Мы напряженного молчанья не выносим...»</title>
<author>О.Э. Мандельштам</author>
</titlestmt>
<publicationstmt>
<p>АРТ-БИЗНЕС-ЦЕНТР МОСКВА 1993</p>
<biblstruct>
<biblscope n="" type="volume"></biblscope>
<biblscope n="" type="part"></biblscope>
</biblstruct></publicationstmt>
<sourcedesc>
<p>Издание подготовлено Мандельштамовским обществом</p>
</sourcedesc>
<respstmt>
<resp>Подготовка и разметка файлов - Алексей Литвинцев, Вероника Файнберг. Создание
          электронного ресурса - Тимофей Молчанов. Руководители проекта - Центр Digital Humanities,
          Мандельштамовское общество (НИУ ВШЭ).</resp>
</respstmt></filedesc>
<profiledesc>
<textdesc n="poem"></textdesc>
<textclass>
<catref target="1_102" type="ID"></catref>
<catref target="О.Э. Мандельштам. Собрание сочинений в 4-х т. -- М.: Терра, 1991" type="Источник"></catref>
<catref target="стихотворение" type="Жанр художественной литературы"></catref>
<catref target="nan" type="Уточнение жанра"></catref>
<catref target="Я" type="Метр"></catref>
<catref target="6" type="Длина строки"></catref>
<catref target="регулярная" type="Клаузула"></catref>
<catref target="жммж" type="Уточнение клаузулы"></catref>
<catref target="nan" type="Классическая строфа"></catref>
<catref target="охватная" type="Рифма"></catref>
<catref target="абба" type="Схема рифмовки"></catref>
<catref target="Я6жм" type="Метрическая формула"></catref>
<catref target="nan" type="Дополнительные параметры"></catref>
<catref target="12" type="Число строк"></catref>
<catref target="nan" type="Автор оригинала"></catref>
<catref target="nan" type="Язык оригинала"></catref>
</textclass></profiledesc>
</teiheader>
<text>
<body>
<div1 n="1" type="volume">
<div2 n="102" type="part">
<head>102.</head>
<lg type="quatrain">
<l n="1">Мы напряженного молчанья не выносим —</l>
<l n="2">Несовершенство душ обидно, наконец!</l>
<l n="3">И в замешательстве уж объявился чтец,</l>
<l n="4">И радостно его приветствовали: просим!</l>
</lg>
<lg type="quatrain">
<l n="5">Я так и знал, кто здесь присутствовал незримо:</l>
<l n="6">Кошмарный человек читает «Улялюм».</l>
<l n="7">Значенье — суета, и слово только шум,</l>
<l n="8">Когда фонетика — служанка серафима.</l>
</lg>
<lg type="quatrain">
<l n="9">О доме Эшеров Эдгара пела арфа.</l>
<l n="10">Безумный воду пил, очнулся и умолк.</l>
<l n="11">Я был на улице. Свистел осенний шелк...</l>
<l n="12">И горло греет шелк щекочущего шарфа...</l>
</lg>
<date when="1912">1912 (1913?), 2 января 1937</date>
<date when="1913">1912 (1913?), 2 января 1937</date>
<date when="1937-01-02">1912 (1913?), 2 января 1937</date>
</div2>
</div1>
</body>
</text>
</tei>
