<?xml version='1.0' encoding='UTF8'?>
<tei xmlns="http://www.tei-c.org/ns/1.0">
<teiheader>
<filedesc>
<titlestmt>
<title>Петербургские строфы</title>
<author>О.Э. Мандельштам</author>
</titlestmt>
<publicationstmt>
<p>АРТ-БИЗНЕС-ЦЕНТР МОСКВА 1993</p>
<biblstruct>
<biblscope n="" type="volume"></biblscope>
<biblscope n="" type="part"></biblscope>
</biblstruct></publicationstmt>
<sourcedesc>
<p>Издание подготовлено Мандельштамовским обществом</p>
</sourcedesc>
<respstmt>
<resp>Подготовка и разметка файлов - Алексей Литвинцев, Вероника Файнберг. Создание
          электронного ресурса - Тимофей Молчанов. Руководители проекта - Центр Digital Humanities,
          Мандельштамовское общество (НИУ ВШЭ).</resp>
</respstmt></filedesc>
<profiledesc>
<textdesc n="poem"></textdesc>
<textclass>
<catref target="1_104" type="ID"></catref>
<catref target="О.Э. Мандельштам. Собрание сочинений в 4-х т. -- М.: Терра, 1991" type="Источник"></catref>
<catref target="стихотворение" type="Жанр художественной литературы"></catref>
<catref target="nan" type="Уточнение жанра"></catref>
<catref target="Я" type="Метр"></catref>
<catref target="5" type="Длина строки"></catref>
<catref target="регулярная" type="Клаузула"></catref>
<catref target="жм" type="Уточнение клаузулы"></catref>
<catref target="nan" type="Классическая строфа"></catref>
<catref target="перекрестная" type="Рифма"></catref>
<catref target="абаб" type="Схема рифмовки"></catref>
<catref target="Я5жм" type="Метрическая формула"></catref>
<catref target="nan" type="Дополнительные параметры"></catref>
<catref target="25" type="Число строк"></catref>
<catref target="nan" type="Автор оригинала"></catref>
<catref target="nan" type="Язык оригинала"></catref>
</textclass></profiledesc>
</teiheader>
<text>
<body>
<div1 n="1" type="volume">
<div2 n="104" type="part">
<head>104.
Петербургские строфы</head>
<div type="dedication">Н. Гумилеву</div>
<rs ref="Гумилев, Николай Степанович" type="person"></rs>
<lg type="quatrain">
<l n="1">Над желтизной правительственных зданий</l>
<l n="2">Кружилась долго мутная метель,</l>
<l n="3">И правовед опять садится в сани,</l>
<l n="4">Широким жестом запахнув шинель.</l>
</lg>
<lg type="quatrain">
<l n="5">Зимуют пароходы. На припеке</l>
<l n="6">Зажглось каюты толстое стекло.</l>
<l n="7">Чудовищна, как броненосец в доке, —</l>
<l n="8">Россия отдыхает тяжело.</l>
</lg>
<lg type="quatrain">
<l n="9">А над Невой — посольства полумира,</l>
<l n="10">Адмиралтейство, солнце, тишина!</l>
<l n="11">И государства жесткая порфира,</l>
<l n="12">Как власяница грубая, бедна.</l>
</lg>
<lg type="quatrain">
<l n="13">Тяжка обуза северного сноба —</l>
<l n="14">Онегина старинная тоска;</l>
<l n="15">На площади Сената — вал сугроба,<rs ref="Петербург (Ленинград, Петрополь)" type="geo_index"></rs></l>
<l n="16">Дымок костра и холодок штыка...</l>
</lg>
<lg type="quatrain">
<l n="17">Черпали воду ялики, и чайки</l>
<l n="18">Морские посещали склад пеньки,<rs ref="Петербург (Ленинград, Петрополь)" type="geo_index"></rs></l>
<l n="19">Где, продавая сбитень или сайки,</l>
<l n="20">Лишь оперные бродят мужики.</l>
</lg>
<lg type="quatrain">
<l n="21">Летит в туман моторов вереница;</l>
<l n="22">Самолюбивый, скромный пешеход —</l>
<l n="23">Чудак Евгений — бедности стыдится,</l>
<l n="24">Бензин вдыхает и судьбу клянет!</l>
</lg>
<date when="1913-01">Январь 1913, 1927</date>
<date when="1927">Январь 1913, 1927</date>
</div2>
</div1>
</body>
</text>
</tei>
