<?xml version='1.0' encoding='UTF8'?>
<tei xmlns="http://www.tei-c.org/ns/1.0">
<teiheader>
<filedesc>
<titlestmt>
<title>Адмиралтейство</title>
<author>О.Э. Мандельштам</author>
</titlestmt>
<publicationstmt>
<p>АРТ-БИЗНЕС-ЦЕНТР МОСКВА 1993</p>
<biblstruct>
<biblscope n="" type="volume"></biblscope>
<biblscope n="" type="part"></biblscope>
</biblstruct></publicationstmt>
<sourcedesc>
<p>Издание подготовлено Мандельштамовским обществом</p>
</sourcedesc>
<respstmt>
<resp>Подготовка и разметка файлов - Алексей Литвинцев, Вероника Файнберг. Создание
          электронного ресурса - Тимофей Молчанов. Руководители проекта - Центр Digital Humanities,
          Мандельштамовское общество (НИУ ВШЭ).</resp>
</respstmt></filedesc>
<profiledesc>
<textdesc n="poem"></textdesc>
<textclass>
<catref target="1_108" type="ID"></catref>
<catref target="О.Э. Мандельштам. Собрание сочинений в 4-х т. -- М.: Терра, 1991" type="Источник"></catref>
<catref target="стихотворение" type="Жанр художественной литературы"></catref>
<catref target="nan" type="Уточнение жанра"></catref>
<catref target="Я" type="Метр"></catref>
<catref target="6" type="Длина строки"></catref>
<catref target="регулярная" type="Клаузула"></catref>
<catref target="жм" type="Уточнение клаузулы"></catref>
<catref target="nan" type="Классическая строфа"></catref>
<catref target="перекрестная" type="Рифма"></catref>
<catref target="абаб" type="Схема рифмовки"></catref>
<catref target="Я6жм" type="Метрическая формула"></catref>
<catref target="nan" type="Дополнительные параметры"></catref>
<catref target="16" type="Число строк"></catref>
<catref target="nan" type="Автор оригинала"></catref>
<catref target="nan" type="Язык оригинала"></catref>
</textclass></profiledesc>
</teiheader>
<text>
<body>
<div1 n="1" type="volume">
<div2 n="108" type="part">
<head>108.
Адмиралтейство</head>
<lg type="quatrain">
<l n="1">В столице северной томится пыльный тополь,</l>
<l n="2">Запутался в листве прозрачный циферблат,</l>
<l n="3">И в темной зелени фрегат или акрополь</l>
<l n="4">Сияет издали — воде и небу брат.</l>
</lg>
<lg type="quatrain">
<l n="5">Ладья воздушная и мачта-недотрога,</l>
<l n="6">Служа линейкою преемникам Петра,<rs ref="Петербург (Ленинград, Петрополь)" type="geo_index"></rs><rs ref="Петр I" type="person"></rs></l>
<l n="7">Он учит: красота — не прихоть полубога,</l>
<l n="8">А хищный глазомер простого столяра.</l>
</lg>
<lg type="quatrain">
<l n="9">Нам четырех стихий приязненно господство,</l>
<l n="10">Но создал пятую свободный человек:</l>
<l n="11">Не отрицает ли пространства превосходство</l>
<l n="12">Сей целомудренно построенный ковчег?</l>
</lg>
<lg type="quatrain">
<l n="13">Сердито лепятся капризные Медузы,</l>
<l n="14">Как плуги брошены, ржавеют якоря —</l>
<l n="15">И вот разорваны трех измерений узы</l>
<l n="16">И открываются всемирные моря.</l>
</lg>
<date when="1913-05">Май 1913</date>
</div2>
</div1>
</body>
</text>
</tei>
