<?xml version='1.0' encoding='UTF8'?>
<tei xmlns="http://www.tei-c.org/ns/1.0">
<teiheader>
<filedesc>
<titlestmt>
<title>Notre Dame</title>
<author>О.Э. Мандельштам</author>
</titlestmt>
<publicationstmt>
<p>АРТ-БИЗНЕС-ЦЕНТР МОСКВА 1993</p>
<biblstruct>
<biblscope n="" type="volume"></biblscope>
<biblscope n="" type="part"></biblscope>
</biblstruct></publicationstmt>
<sourcedesc>
<p>Издание подготовлено Мандельштамовским обществом</p>
</sourcedesc>
<respstmt>
<resp>Подготовка и разметка файлов - Алексей Литвинцев, Вероника Файнберг. Создание
          электронного ресурса - Тимофей Молчанов. Руководители проекта - Центр Digital Humanities,
          Мандельштамовское общество (НИУ ВШЭ).</resp>
</respstmt></filedesc>
<profiledesc>
<textdesc n="poem"></textdesc>
<textclass>
<catref target="1_100" type="ID"></catref>
<catref target="О.Э. Мандельштам. Собрание сочинений в 4-х т. -- М.: Терра, 1991" type="Источник"></catref>
<catref target="стихотворение" type="Жанр художественной литературы"></catref>
<catref target="nan" type="Уточнение жанра"></catref>
<catref target="Я" type="Метр"></catref>
<catref target="вольная" type="Длина строки"></catref>
<catref target="регулярная" type="Клаузула"></catref>
<catref target="мжжм" type="Уточнение клаузулы"></catref>
<catref target="nan" type="Классическая строфа"></catref>
<catref target="охватная" type="Рифма"></catref>
<catref target="абба" type="Схема рифмовки"></catref>
<catref target="Я6мж" type="Метрическая формула"></catref>
<catref target="nan" type="Дополнительные параметры"></catref>
<catref target="16" type="Число строк"></catref>
<catref target="nan" type="Автор оригинала"></catref>
<catref target="nan" type="Язык оригинала"></catref>
</textclass></profiledesc>
</teiheader>
<text>
<body>
<div1 n="1" type="volume">
<div2 n="100" type="part">
<head>100.
Notre Dame</head>
<lg type="quatrain">
<l n="1">Где римский судия судил чужой народ,</l>
<l n="2">Стоит базилика, и — радостный и первый —</l>
<l n="3">Как некогда Адам, распластывая нервы,<rs ref="Адам" type="myth_index"></rs></l>
<l n="4">Играет мышцами крестовый легкий свод.</l>
</lg>
<lg type="quatrain">
<l n="5">Но выдает себя снаружи тайный план,</l>
<l n="6">Здесь позаботилась подпружных арок сила,</l>
<l n="7">Чтоб масса грузная стены не сокрушила,</l>
<l n="8">И свода дерзкого бездействует таран.</l>
</lg>
<lg type="quatrain">
<l n="9">Стихийный лабиринт, непостижимый лес,</l>
<l n="10">Души готической рассудочная пропасть,</l>
<l n="11">Египетская мощь и христианства робость,</l>
<l n="12">С тростинкой рядом — дуб, и всюду царь — отвес.</l>
</lg>
<lg type="quatrain">
<l n="13">Но чем внимательней, твердыня Notre Dame,</l>
<l n="14">Я изучал твои чудовищные ребра, —</l>
<l n="15">Тем чаще думал я: из тяжести недоброй</l>
<l n="16">И я когда-нибудь прекрасное создам...</l>
</lg>
<date when="1912">1912</date>
</div2>
</div1>
</body>
</text>
</tei>
