<?xml version='1.0' encoding='UTF8'?>
<tei xmlns="http://www.tei-c.org/ns/1.0">
<teiheader>
<filedesc>
<titlestmt>
<title>«...Дев полуночных отвага...»</title>
<author>О.Э. Мандельштам</author>
</titlestmt>
<publicationstmt>
<p>АРТ-БИЗНЕС-ЦЕНТР МОСКВА 1993</p>
<biblstruct>
<biblscope n="" type="volume"></biblscope>
<biblscope n="" type="part"></biblscope>
</biblstruct></publicationstmt>
<sourcedesc>
<p>Издание подготовлено Мандельштамовским обществом</p>
</sourcedesc>
<respstmt>
<resp>Подготовка и разметка файлов - Алексей Литвинцев, Вероника Файнберг. Создание
          электронного ресурса - Тимофей Молчанов. Руководители проекта - Центр Digital Humanities,
          Мандельштамовское общество (НИУ ВШЭ).</resp>
</respstmt></filedesc>
<profiledesc>
<textdesc n="poem"></textdesc>
<textclass>
<catref target="1_106" type="ID"></catref>
<catref target="О.Э. Мандельштам. Собрание сочинений в 4-х т. -- М.: Терра, 1991" type="Источник"></catref>
<catref target="стихотворение" type="Жанр художественной литературы"></catref>
<catref target="nan" type="Уточнение жанра"></catref>
<catref target="Х" type="Метр"></catref>
<catref target="4" type="Длина строки"></catref>
<catref target="регулярная" type="Клаузула"></catref>
<catref target="жм" type="Уточнение клаузулы"></catref>
<catref target="nan" type="Классическая строфа"></catref>
<catref target="перекрестная" type="Рифма"></catref>
<catref target="абаб" type="Схема рифмовки"></catref>
<catref target="Х4жм" type="Метрическая формула"></catref>
<catref target="nan" type="Дополнительные параметры"></catref>
<catref target="16" type="Число строк"></catref>
<catref target="nan" type="Автор оригинала"></catref>
<catref target="nan" type="Язык оригинала"></catref>
</textclass></profiledesc>
</teiheader>
<text>
<body>
<div1 n="1" type="volume">
<div2 n="106" type="part">
<head>106.</head>
<lg type="quatrain">
<l n="1">...Дев полуночных отвага</l>
<l n="2">И безумных звезд разбег,</l>
<l n="3">Да привяжется бродяга,</l>
<l n="4">Вымогая на ночлег.</l>
</lg>
<lg type="quatrain">
<l n="5">Кто, скажите, мне сознанье</l>
<l n="6">Виноградом замутит,</l>
<l n="7">Если явь — Петра созданье,<rs ref="Петербург (Ленинград, Петрополь)" type="geo_index"></rs><rs ref="Петр I" type="person"></rs></l>
<l n="8">Медный всадник и гранит?</l>
</lg>
<lg type="quatrain">
<l n="9">Слышу с крепости сигналы,</l>
<l n="10">Замечаю, как тепло.</l>
<l n="11">Выстрел пушечный в подвалы,</l>
<l n="12">Вероятно, донесло.</l>
</lg>
<lg type="quatrain">
<l n="13">И гораздо глубже бреда</l>
<l n="14">Воспаленной головы —</l>
<l n="15">Звезды, трезвая беседа,</l>
<l n="16">Ветер западный с Невы.</l>
</lg>
<date from="1913-01" to="1913-02">‹Январь — февраль› 1913, 1915(?)</date>
<date when="1915">‹Январь — февраль› 1913, 1915(?)</date>
</div2>
</div1>
</body>
</text>
</tei>
