<?xml version='1.0' encoding='UTF8'?>
<tei xmlns="http://www.tei-c.org/ns/1.0">
<teiheader>
<filedesc>
<titlestmt>
<title>«Веселая скороговорка...»</title>
<author>О.Э. Мандельштам</author>
</titlestmt>
<publicationstmt>
<p>АРТ-БИЗНЕС-ЦЕНТР МОСКВА 1993</p>
<biblstruct>
<biblscope n="" type="volume"></biblscope>
<biblscope n="" type="part"></biblscope>
</biblstruct></publicationstmt>
<sourcedesc>
<p>Издание подготовлено Мандельштамовским обществом</p>
</sourcedesc>
<respstmt>
<resp>Подготовка и разметка файлов - Алексей Литвинцев, Вероника Файнберг. Создание
          электронного ресурса - Тимофей Молчанов. Руководители проекта - Центр Digital Humanities,
          Мандельштамовское общество (НИУ ВШЭ).</resp>
</respstmt></filedesc>
<profiledesc>
<textdesc n="poem"></textdesc>
<textclass>
<catref target="1_118" type="ID"></catref>
<catref target="О.Э. Мандельштам. Собрание сочинений в 4-х т. -- М.: Терра, 1991" type="Источник"></catref>
<catref target="стихотворение" type="Жанр художественной литературы"></catref>
<catref target="nan" type="Уточнение жанра"></catref>
<catref target="Я" type="Метр"></catref>
<catref target="4" type="Длина строки"></catref>
<catref target="регулярная" type="Клаузула"></catref>
<catref target="жм" type="Уточнение клаузулы"></catref>
<catref target="nan" type="Классическая строфа"></catref>
<catref target="перекрестная" type="Рифма"></catref>
<catref target="абаб" type="Схема рифмовки"></catref>
<catref target="Я4жм" type="Метрическая формула"></catref>
<catref target="nan" type="Дополнительные параметры"></catref>
<catref target="16" type="Число строк"></catref>
<catref target="nan" type="Автор оригинала"></catref>
<catref target="nan" type="Язык оригинала"></catref>
</textclass></profiledesc>
</teiheader>
<text>
<body>
<div1 n="1" type="volume">
<div2 n="118" type="part">
<head>118.</head>
<lg type="quatrain">
<l n="1">Веселая скороговорка;</l>
<l n="2">О, будни — пляска дикарей!</l>
<l n="3">Я с невысокого пригорка</l>
<l n="4">Опять присматриваюсь к ней.</l>
</lg>
<lg type="quatrain">
<l n="5">Бывают искренние вкусы,</l>
<l n="6">И предприимчивый моряк</l>
<l n="7">С собой захватывает бусы,</l>
<l n="8">Цветные стекла и табак.</l>
</lg>
<lg type="quatrain">
<l n="9">Люблю обмен. Мелькают перья,</l>
<l n="10">Наивных восклицаний дождь.</l>
<l n="11">Лоснящийся от лицемерья,</l>
<l n="12">Косится на бочонок вождь.</l>
</lg>
<lg type="quatrain">
<l n="13">Скорей подбросить кольца, трубки —</l>
<l n="14">За мех, и золото, и яд;</l>
<l n="15">И с чистой совестью, на шлюпке,</l>
<l n="16">Вернуться на родной фрегат!</l>
</lg>
<date when="1913-06">Июнь 1913</date>
</div2>
</div1>
</body>
</text>
</tei>
