<?xml version='1.0' encoding='UTF8'?>
<tei xmlns="http://www.tei-c.org/ns/1.0">
<teiheader>
<filedesc>
<titlestmt>
<title>Бах</title>
<author>О.Э. Мандельштам</author>
</titlestmt>
<publicationstmt>
<p>АРТ-БИЗНЕС-ЦЕНТР МОСКВА 1993</p>
<biblstruct>
<biblscope n="" type="volume"></biblscope>
<biblscope n="" type="part"></biblscope>
</biblstruct></publicationstmt>
<sourcedesc>
<p>Издание подготовлено Мандельштамовским обществом</p>
</sourcedesc>
<respstmt>
<resp>Подготовка и разметка файлов - Алексей Литвинцев, Вероника Файнберг. Создание
          электронного ресурса - Тимофей Молчанов. Руководители проекта - Центр Digital Humanities,
          Мандельштамовское общество (НИУ ВШЭ).</resp>
</respstmt></filedesc>
<profiledesc>
<textdesc n="poem"></textdesc>
<textclass>
<catref target="1_110" type="ID"></catref>
<catref target="О.Э. Мандельштам. Собрание сочинений в 4-х т. -- М.: Терра, 1991" type="Источник"></catref>
<catref target="стихотворение" type="Жанр художественной литературы"></catref>
<catref target="nan" type="Уточнение жанра"></catref>
<catref target="Я" type="Метр"></catref>
<catref target="4" type="Длина строки"></catref>
<catref target="регулярная" type="Клаузула"></catref>
<catref target="жм" type="Уточнение клаузулы"></catref>
<catref target="nan" type="Классическая строфа"></catref>
<catref target="перекрестная" type="Рифма"></catref>
<catref target="абаб" type="Схема рифмовки"></catref>
<catref target="Я4жм" type="Метрическая формула"></catref>
<catref target="nan" type="Дополнительные параметры"></catref>
<catref target="20" type="Число строк"></catref>
<catref target="nan" type="Автор оригинала"></catref>
<catref target="nan" type="Язык оригинала"></catref>
</textclass></profiledesc>
</teiheader>
<text>
<body>
<div1 n="1" type="volume">
<div2 n="110" type="part">
<head>110.
Бах</head>
<lg type="quatrain">
<l n="1">Здесь прихожане — дети праха</l>
<l n="2">И доски вместо образов,</l>
<l n="3">Где мелом — Себастьяна Баха<rs ref="Бах, Иоганн Себастьян" type="person"></rs></l>
<l n="4">Лишь цифры значатся псалмов.</l>
</lg>
<lg type="quatrain">
<l n="5">Разноголосица какая</l>
<l n="6">В трактирах буйных и церквах,</l>
<l n="7">А ты ликуешь, как Исайя,<rs ref="Исайя" type="myth_index"></rs></l>
<l n="8">О, рассудительнейший Бах!<rs ref="Бах, Иоганн Себастьян" type="person"></rs></l>
</lg>
<lg type="quatrain">
<l n="9">Высокий спорщик, неужели,</l>
<l n="10">Играя внукам свой хорал,</l>
<l n="11">Опору духа в самом деле</l>
<l n="12">Ты в доказательстве искал?</l>
</lg>
<lg type="quatrain">
<l n="13">Что звук? Шестнадцатые доли,</l>
<l n="14">Органа многосложный крик —</l>
<l n="15">Лишь воркотня твоя, не боле,</l>
<l n="16">О, несговорчивый старик!</l>
</lg>
<lg type="quatrain">
<l n="17">И лютеранский проповедник</l>
<l n="18">На черной кафедре своей</l>
<l n="19">С твоими, гневный собеседник,</l>
<l n="20">Мешает звук своих речей.</l>
</lg>
<date when="1913">1913</date>
</div2>
</div1>
</body>
</text>
</tei>
