<?xml version='1.0' encoding='UTF8'?>
<tei xmlns="http://www.tei-c.org/ns/1.0">
<teiheader>
<filedesc>
<titlestmt>
<title>Летние стансы</title>
<author>О.Э. Мандельштам</author>
</titlestmt>
<publicationstmt>
<p>АРТ-БИЗНЕС-ЦЕНТР МОСКВА 1993</p>
<biblstruct>
<biblscope n="" type="volume"></biblscope>
<biblscope n="" type="part"></biblscope>
</biblstruct></publicationstmt>
<sourcedesc>
<p>Издание подготовлено Мандельштамовским обществом</p>
</sourcedesc>
<respstmt>
<resp>Подготовка и разметка файлов - Алексей Литвинцев, Вероника Файнберг. Создание
          электронного ресурса - Тимофей Молчанов. Руководители проекта - Центр Digital Humanities,
          Мандельштамовское общество (НИУ ВШЭ).</resp>
</respstmt></filedesc>
<profiledesc>
<textdesc n="poem"></textdesc>
<textclass>
<catref target="1_116" type="ID"></catref>
<catref target="О.Э. Мандельштам. Собрание сочинений в 4-х т. -- М.: Терра, 1991" type="Источник"></catref>
<catref target="стихотворение" type="Жанр художественной литературы"></catref>
<catref target="стансы" type="Уточнение жанра"></catref>
<catref target="Я" type="Метр"></catref>
<catref target="4" type="Длина строки"></catref>
<catref target="регулярная" type="Клаузула"></catref>
<catref target="жм" type="Уточнение клаузулы"></catref>
<catref target="nan" type="Классическая строфа"></catref>
<catref target="перекрестная" type="Рифма"></catref>
<catref target="абаб" type="Схема рифмовки"></catref>
<catref target="Я4жм" type="Метрическая формула"></catref>
<catref target="nan" type="Дополнительные параметры"></catref>
<catref target="20" type="Число строк"></catref>
<catref target="nan" type="Автор оригинала"></catref>
<catref target="nan" type="Язык оригинала"></catref>
</textclass></profiledesc>
</teiheader>
<text>
<body>
<div1 n="1" type="volume">
<div2 n="116" type="part">
<head>116.
Летние стансы</head>
<lg type="quatrain">
<l n="1">В аллее колокольчик медный,</l>
<l n="2">Французский говор, нежный взгляд —</l>
<l n="3">И за решеткой заповедной</l>
<l n="4">Пустеет понемногу сад.</l>
</lg>
<lg type="quatrain">
<l n="5">Что делать в городе в июне?</l>
<l n="6">Не зажигают фонарей;</l>
<l n="7">На яхте, на чухонской шхуне</l>
<l n="8">Уехать хочется скорей!</l>
</lg>
<lg type="quatrain">
<l n="9">Нева — как вздувшаяся вена</l>
<l n="10">До утренних румяных роз.</l>
<l n="11">Везя всклокоченное сено,</l>
<l n="12">Плетется на асфальте воз.</l>
</lg>
<lg type="quatrain">
<l n="13">А там рабочая землянка,</l>
<l n="14">Трещит и варится смола;</l>
<l n="15">Ломовика судьба-цыганка</l>
<l n="16">Обратно в степи привела...</l>
</lg>
<lg type="quatrain">
<l n="17">И с бесконечной челобитной</l>
<l n="18">О справедливости людской</l>
<l n="19">Чернеет на скале гранитной</l>
<l n="20">Самоубийца молодой.</l>
</lg>
<date when="1913-06">‹Июнь?› 1913</date>
</div2>
</div1>
</body>
</text>
</tei>
