<?xml version='1.0' encoding='UTF8'?>
<tei xmlns="http://www.tei-c.org/ns/1.0">
<teiheader>
<filedesc>
<titlestmt>
<title>Египтянин (Надпись на камне 18—19 династии)</title>
<author>О.Э. Мандельштам</author>
</titlestmt>
<publicationstmt>
<p>АРТ-БИЗНЕС-ЦЕНТР МОСКВА 1993</p>
<biblstruct>
<biblscope n="" type="volume"></biblscope>
<biblscope n="" type="part"></biblscope>
</biblstruct></publicationstmt>
<sourcedesc>
<p>Издание подготовлено Мандельштамовским обществом</p>
</sourcedesc>
<respstmt>
<resp>Подготовка и разметка файлов - Алексей Литвинцев, Вероника Файнберг. Создание
          электронного ресурса - Тимофей Молчанов. Руководители проекта - Центр Digital Humanities,
          Мандельштамовское общество (НИУ ВШЭ).</resp>
</respstmt></filedesc>
<profiledesc>
<textdesc n="poem"></textdesc>
<textclass>
<catref target="1_111" type="ID"></catref>
<catref target="О.Э. Мандельштам. Собрание сочинений в 4-х т. -- М.: Терра, 1991" type="Источник"></catref>
<catref target="стихотворение" type="Жанр художественной литературы"></catref>
<catref target="nan" type="Уточнение жанра"></catref>
<catref target="Я" type="Метр"></catref>
<catref target="регулярная" type="Длина строки"></catref>
<catref target="регулярная" type="Клаузула"></catref>
<catref target="жм" type="Уточнение клаузулы"></catref>
<catref target="nan" type="Классическая строфа"></catref>
<catref target="перекрестная" type="Рифма"></catref>
<catref target="абаб" type="Схема рифмовки"></catref>
<catref target="Я4ж+Я3м" type="Метрическая формула"></catref>
<catref target="nan" type="Дополнительные параметры"></catref>
<catref target="24" type="Число строк"></catref>
<catref target="nan" type="Автор оригинала"></catref>
<catref target="nan" type="Язык оригинала"></catref>
</textclass></profiledesc>
</teiheader>
<text>
<body>
<div1 n="1" type="volume">
<div2 n="111" type="part">
<head>111.
Египтянин
</head>
<lg type="quatrain">
<l n="1">Я избежал суровой пени</l>
<l n="2">И почестей достиг;</l>
<l n="3">От радости мои колени</l>
<l n="4">Дрожали, как тростник.</l>
</lg>
<lg type="quatrain">
<l n="5">И прямо в полы балахона,</l>
<l n="6">Большие, как луна,</l>
<l n="7">На двор с высокого балкона</l>
<l n="8">Бросали ордена.</l>
</lg>
<lg type="quatrain">
<l n="9">То, что я сделал, превосходно —</l>
<l n="10">И это сделал я!</l>
<l n="11">И место новое доходно</l>
<l n="12">И прочно для житья.</l>
</lg>
<lg type="quatrain">
<l n="13">И, предвкушая счастья глянец,</l>
<l n="14">Я танцевал не зря</l>
<l n="15">Изящный и отличный танец</l>
<l n="16">В присутствии царя.</l>
</lg>
<lg type="quatrain">
<l n="17">По воздуху летает птица.</l>
<l n="18">Бедняк идет пешком.</l>
<l n="19">Вельможе ехать не годится</l>
<l n="20">Дрянным сухим путем.</l>
</lg>
<lg type="quatrain">
<l n="21">И, захватив с собой подарки</l>
<l n="22">И с орденами тюк,</l>
<l n="23">Как подобает мне, на барке</l>
<l n="24">Я поплыву на юг.</l>
</lg>
<date when="1913">1913</date>
</div2>
</div1>
</body>
</text>
</tei>
