<?xml version='1.0' encoding='UTF8'?>
<tei xmlns="http://www.tei-c.org/ns/1.0">
<teiheader>
<filedesc>
<titlestmt>
<title>Американ бар</title>
<author>О.Э. Мандельштам</author>
</titlestmt>
<publicationstmt>
<p>АРТ-БИЗНЕС-ЦЕНТР МОСКВА 1993</p>
<biblstruct>
<biblscope n="" type="volume"></biblscope>
<biblscope n="" type="part"></biblscope>
</biblstruct></publicationstmt>
<sourcedesc>
<p>Издание подготовлено Мандельштамовским обществом</p>
</sourcedesc>
<respstmt>
<resp>Подготовка и разметка файлов - Алексей Литвинцев, Вероника Файнберг. Создание
          электронного ресурса - Тимофей Молчанов. Руководители проекта - Центр Digital Humanities,
          Мандельштамовское общество (НИУ ВШЭ).</resp>
</respstmt></filedesc>
<profiledesc>
<textdesc n="poem"></textdesc>
<textclass>
<catref target="1_117" type="ID"></catref>
<catref target="О.Э. Мандельштам. Собрание сочинений в 4-х т. -- М.: Терра, 1991" type="Источник"></catref>
<catref target="стихотворение" type="Жанр художественной литературы"></catref>
<catref target="nan" type="Уточнение жанра"></catref>
<catref target="Я" type="Метр"></catref>
<catref target="4" type="Длина строки"></catref>
<catref target="регулярная" type="Клаузула"></catref>
<catref target="жм" type="Уточнение клаузулы"></catref>
<catref target="nan" type="Классическая строфа"></catref>
<catref target="перекрестная" type="Рифма"></catref>
<catref target="абаб" type="Схема рифмовки"></catref>
<catref target="Я4жм" type="Метрическая формула"></catref>
<catref target="nan" type="Дополнительные параметры"></catref>
<catref target="24" type="Число строк"></catref>
<catref target="nan" type="Автор оригинала"></catref>
<catref target="nan" type="Язык оригинала"></catref>
</textclass></profiledesc>
</teiheader>
<text>
<body>
<div1 n="1" type="volume">
<div2 n="117" type="part">
<head>117.
Американ бар</head>
<lg type="quatrain">
<l n="1">Еще девиц не видно в баре,</l>
<l n="2">Лакей невежлив и угрюм;</l>
<l n="3">И в крепкой чудится сигаре</l>
<l n="4">Американца едкий ум.</l>
</lg>
<lg type="quatrain">
<l n="5">Сияет стойка красным лаком,</l>
<l n="6">И дразнит сода-виски форт:</l>
<l n="7">Кто незнаком с буфетным знаком</l>
<l n="8">И в ярлыках не слишком тверд?</l>
</lg>
<lg type="quatrain">
<l n="9">Бананов груда золотая</l>
<l n="10">На всякий случай подана,</l>
<l n="11">И продавщица восковая</l>
<l n="12">Невозмутима, как луна.</l>
</lg>
<lg type="quatrain">
<l n="13">Сначала нам слегка взгрустнется,</l>
<l n="14">Мы спросим кофе с кюрассо.</l>
<l n="15">В пол-оборота обернется</l>
<l n="16">Фортуны нашей колесо!</l>
</lg>
<lg type="quatrain">
<l n="17">Потом, беседуя негромко,</l>
<l n="18">Я на вращающийся стул</l>
<l n="19">Влезаю в шляпе и, соломкой</l>
<l n="20">Мешая лед, внимаю гул...</l>
</lg>
<lg type="quatrain">
<l n="21">Хозяйский глаз желтей червонца</l>
<l n="22">Мечтателей не оскорбит...</l>
<l n="23">Мы недовольны светом солнца,</l>
<l n="24">Теченьем медленных орбит!</l>
</lg>
<date to="1913-06">‹Не позднее июня› 1913</date>
</div2>
</div1>
</body>
</text>
</tei>
