<?xml version='1.0' encoding='UTF8'?>
<tei xmlns="http://www.tei-c.org/ns/1.0">
<teiheader>
<filedesc>
<titlestmt>
<title>Старик</title>
<author>О.Э. Мандельштам</author>
</titlestmt>
<publicationstmt>
<p>АРТ-БИЗНЕС-ЦЕНТР МОСКВА 1993</p>
<biblstruct>
<biblscope n="" type="volume"></biblscope>
<biblscope n="" type="part"></biblscope>
</biblstruct></publicationstmt>
<sourcedesc>
<p>Издание подготовлено Мандельштамовским обществом</p>
</sourcedesc>
<respstmt>
<resp>Подготовка и разметка файлов - Алексей Литвинцев, Вероника Файнберг. Создание
          электронного ресурса - Тимофей Молчанов. Руководители проекта - Центр Digital Humanities,
          Мандельштамовское общество (НИУ ВШЭ).</resp>
</respstmt></filedesc>
<profiledesc>
<textdesc n="poem"></textdesc>
<textclass>
<catref target="1_112" type="ID"></catref>
<catref target="О.Э. Мандельштам. Собрание сочинений в 4-х т. -- М.: Терра, 1991" type="Источник"></catref>
<catref target="стихотворение" type="Жанр художественной литературы"></catref>
<catref target="nan" type="Уточнение жанра"></catref>
<catref target="Я" type="Метр"></catref>
<catref target="регулярная" type="Длина строки"></catref>
<catref target="регулярная" type="Клаузула"></catref>
<catref target="жм" type="Уточнение клаузулы"></catref>
<catref target="nan" type="Классическая строфа"></catref>
<catref target="перекрестная" type="Рифма"></catref>
<catref target="абаб" type="Схема рифмовки"></catref>
<catref target="Я4ж+Я3м" type="Метрическая формула"></catref>
<catref target="nan" type="Дополнительные параметры"></catref>
<catref target="20" type="Число строк"></catref>
<catref target="nan" type="Автор оригинала"></catref>
<catref target="nan" type="Язык оригинала"></catref>
</textclass></profiledesc>
</teiheader>
<text>
<body>
<div1 n="1" type="volume">
<div2 n="112" type="part">
<head>112.
Старик</head>
<lg type="quatrain">
<l n="1">Уже светло, поет сирена</l>
<l n="2">В седьмом часу утра.</l>
<l n="3">Старик, похожий на Верлэна,<rs ref="Верлен, Поль" type="person"></rs></l>
<l n="4">Теперь твоя пора!</l>
</lg>
<lg type="quatrain">
<l n="5">В глазах лукавый или детский</l>
<l n="6">Зеленый огонек;</l>
<l n="7">На шею нацепил турецкий</l>
<l n="8">Узорчатый платок.</l>
</lg>
<lg type="quatrain">
<l n="9">Он богохульствует, бормочет</l>
<l n="10">Несвязные слова;</l>
<l n="11">Он исповедоваться хочет —</l>
<l n="12">Но согрешить сперва.</l>
</lg>
<lg type="quatrain">
<l n="13">Разочарованный рабочий</l>
<l n="14">Иль огорченный мот —</l>
<l n="15">А глаз, подбитый в недрах ночи,</l>
<l n="16">Как радуга цветет.</l>
</lg>
<lg type="quatrain">
<l n="17">А дома — руганью крылатой,</l>
<l n="18">От ярости бледна,</l>
<l n="19">Встречает пьяного Сократа<rs ref="Сократ" type="person"></rs></l>
<l n="20">Суровая жена!</l>
</lg>
<date when="1913">1913, 1937</date>
<date when="1937">1913, 1937</date>
</div2>
</div1>
</body>
</text>
</tei>
