<?xml version='1.0' encoding='UTF8'?>
<tei xmlns="http://www.tei-c.org/ns/1.0">
<teiheader>
<filedesc>
<titlestmt>
<title>Кинематограф</title>
<author>О.Э. Мандельштам</author>
</titlestmt>
<publicationstmt>
<p>АРТ-БИЗНЕС-ЦЕНТР МОСКВА 1993</p>
<biblstruct>
<biblscope n="" type="volume"></biblscope>
<biblscope n="" type="part"></biblscope>
</biblstruct></publicationstmt>
<sourcedesc>
<p>Издание подготовлено Мандельштамовским обществом</p>
</sourcedesc>
<respstmt>
<resp>Подготовка и разметка файлов - Алексей Литвинцев, Вероника Файнберг. Создание
          электронного ресурса - Тимофей Молчанов. Руководители проекта - Центр Digital Humanities,
          Мандельштамовское общество (НИУ ВШЭ).</resp>
</respstmt></filedesc>
<profiledesc>
<textdesc n="poem"></textdesc>
<textclass>
<catref target="1_119" type="ID"></catref>
<catref target="О.Э. Мандельштам. Собрание сочинений в 4-х т. -- М.: Терра, 1991" type="Источник"></catref>
<catref target="стихотворение" type="Жанр художественной литературы"></catref>
<catref target="nan" type="Уточнение жанра"></catref>
<catref target="Я" type="Метр"></catref>
<catref target="4" type="Длина строки"></catref>
<catref target="nan" type="Клаузула"></catref>
<catref target="ж" type="Уточнение клаузулы"></catref>
<catref target="nan" type="Классическая строфа"></catref>
<catref target="охватная" type="Рифма"></catref>
<catref target="абба" type="Схема рифмовки"></catref>
<catref target="Я4ж" type="Метрическая формула"></catref>
<catref target="nan" type="Дополнительные параметры"></catref>
<catref target="32" type="Число строк"></catref>
<catref target="nan" type="Автор оригинала"></catref>
<catref target="nan" type="Язык оригинала"></catref>
</textclass></profiledesc>
</teiheader>
<text>
<body>
<div1 n="1" type="volume">
<div2 n="119" type="part">
<head>119.
Кинематограф</head>
<lg type="quatrain">
<l n="1">Кинематограф. Три скамейки.</l>
<l n="2">Сентиментальная горячка.</l>
<l n="3">Аристократка и богачка</l>
<l n="4">В сетях соперницы-злодейки.</l>
</lg>
<lg type="quatrain">
<l n="5">Не удержать любви полета:</l>
<l n="6">Она ни в чем не виновата!</l>
<l n="7">Самоотверженно, как брата,</l>
<l n="8">Любила лейтенанта флота.</l>
</lg>
<lg type="quatrain">
<l n="9">А он скитается в пустыне —</l>
<l n="10">Седого графа сын побочный.</l>
<l n="11">Так начинается лубочный</l>
<l n="12">Роман красавицы графини.</l>
</lg>
<lg type="quatrain">
<l n="13">И в исступленьи, как гитана,</l>
<l n="14">Она заламывает руки.</l>
<l n="15">Разлука. Бешеные звуки</l>
<l n="16">Затравленного фортепьяно.</l>
</lg>
<lg type="quatrain">
<l n="17">В груди доверчивой и слабой</l>
<l n="18">Еще достаточно отваги</l>
<l n="19">Похитить важные бумаги</l>
<l n="20">Для неприятельского штаба.</l>
</lg>
<lg type="quatrain">
<l n="21">И по каштановой аллее</l>
<l n="22">Чудовищный мотор несется,</l>
<l n="23">Стрекочет лента, сердце бьется</l>
<l n="24">Тревожнее и веселее.</l>
</lg>
<lg type="quatrain">
<l n="25">В дорожном платье, с саквояжем,</l>
<l n="26">В автомобиле и в вагоне,</l>
<l n="27">Она боится лишь погони,</l>
<l n="28">Сухим измучена миражем.</l>
</lg>
<lg type="quatrain">
<l n="29">Какая горькая нелепость:</l>
<l n="30">Цель не оправдывает средства!</l>
<l n="31">Ему — отцовское наследство,</l>
<l n="32">А ей — пожизненная крепость!</l>
</lg>
<date when="1913">1913</date>
</div2>
</div1>
</body>
</text>
</tei>
