<?xml version='1.0' encoding='UTF8'?>
<tei xmlns="http://www.tei-c.org/ns/1.0">
<teiheader>
<filedesc>
<titlestmt>
<title>Спорт</title>
<author>О.Э. Мандельштам</author>
</titlestmt>
<publicationstmt>
<p>АРТ-БИЗНЕС-ЦЕНТР МОСКВА 1993</p>
<biblstruct>
<biblscope n="" type="volume"></biblscope>
<biblscope n="" type="part"></biblscope>
</biblstruct></publicationstmt>
<sourcedesc>
<p>Издание подготовлено Мандельштамовским обществом</p>
</sourcedesc>
<respstmt>
<resp>Подготовка и разметка файлов - Алексей Литвинцев, Вероника Файнберг. Создание
          электронного ресурса - Тимофей Молчанов. Руководители проекта - Центр Digital Humanities,
          Мандельштамовское общество (НИУ ВШЭ).</resp>
</respstmt></filedesc>
<profiledesc>
<textdesc n="poem"></textdesc>
<textclass>
<catref target="1_115" type="ID"></catref>
<catref target="О.Э. Мандельштам. Собрание сочинений в 4-х т. -- М.: Терра, 1991" type="Источник"></catref>
<catref target="стихотворение" type="Жанр художественной литературы"></catref>
<catref target="nan" type="Уточнение жанра"></catref>
<catref target="Я" type="Метр"></catref>
<catref target="5" type="Длина строки"></catref>
<catref target="регулярная" type="Клаузула"></catref>
<catref target="жмжм мжмж ммж ммж" type="Уточнение клаузулы"></catref>
<catref target="сонет" type="Классическая строфа"></catref>
<catref target="сложная" type="Рифма"></catref>
<catref target="абаб баба ввг ддг" type="Схема рифмовки"></catref>
<catref target="Я5жм" type="Метрическая формула"></catref>
<catref target="nan" type="Дополнительные параметры"></catref>
<catref target="14" type="Число строк"></catref>
<catref target="nan" type="Автор оригинала"></catref>
<catref target="nan" type="Язык оригинала"></catref>
</textclass></profiledesc>
</teiheader>
<text>
<body>
<div1 n="1" type="volume">
<div2 n="115" type="part">
<head>115.
Спорт</head>
<lg type="quatrain">
<l n="1">Румяный шкипер бросил мяч тяжелый,</l>
<l n="2">И черни он понравился вполне.</l>
<l n="3">Потомки толстокожего футбола —</l>
<l n="4">Крокет на льду и поло на коне.</l>
</lg>
<lg type="quatrain">
<l n="5">Средь юношей теперь — по старине</l>
<l n="6">Цветет прыжок и выпад дискобола,</l>
<l n="7">Когда сойдутся в легком полотне</l>
<l n="8">Оксфорд и Кембридж — две приречных школы.<rs ref="Кембридж" type="geo_index"></rs></l>
</lg>
<lg type="tercet">
<l n="9">Но только тот действительно спортсмен —</l>
<l n="10">Кто разорвал печальной жизни плен:</l>
<l n="11">Он знает мир, где дышит радость, пенясь...</l>
</lg>
<lg type="tercet">
<l n="12">И детского крокета молотки,</l>
<l n="13">И северные наши городки,</l>
<l n="14">И дар богов — великолепный теннис!</l>
</lg>
<date from="1913" to="1914">1913—1914</date>
</div2>
</div1>
</body>
</text>
</tei>
