<?xml version='1.0' encoding='UTF8'?>
<tei xmlns="http://www.tei-c.org/ns/1.0">
<teiheader>
<filedesc>
<titlestmt>
<title>Песенка</title>
<author>О.Э. Мандельштам</author>
</titlestmt>
<publicationstmt>
<p>АРТ-БИЗНЕС-ЦЕНТР МОСКВА 1993</p>
<biblstruct>
<biblscope n="" type="volume"></biblscope>
<biblscope n="" type="part"></biblscope>
</biblstruct></publicationstmt>
<sourcedesc>
<p>Издание подготовлено Мандельштамовским обществом</p>
</sourcedesc>
<respstmt>
<resp>Подготовка и разметка файлов - Алексей Литвинцев, Вероника Файнберг. Создание
          электронного ресурса - Тимофей Молчанов. Руководители проекта - Центр Digital Humanities,
          Мандельштамовское общество (НИУ ВШЭ).</resp>
</respstmt></filedesc>
<profiledesc>
<textdesc n="poem"></textdesc>
<textclass>
<catref target="1_113" type="ID"></catref>
<catref target="О.Э. Мандельштам. Собрание сочинений в 4-х т. -- М.: Терра, 1991" type="Источник"></catref>
<catref target="стихотворение" type="Жанр художественной литературы"></catref>
<catref target="nan" type="Уточнение жанра"></catref>
<catref target="Х" type="Метр"></catref>
<catref target="4" type="Длина строки"></catref>
<catref target="nan" type="Клаузула"></catref>
<catref target="ж" type="Уточнение клаузулы"></catref>
<catref target="nan" type="Классическая строфа"></catref>
<catref target="перекрестная" type="Рифма"></catref>
<catref target="абаб" type="Схема рифмовки"></catref>
<catref target="Х4ж" type="Метрическая формула"></catref>
<catref target="nan" type="Дополнительные параметры"></catref>
<catref target="16" type="Число строк"></catref>
<catref target="nan" type="Автор оригинала"></catref>
<catref target="nan" type="Язык оригинала"></catref>
</textclass></profiledesc>
</teiheader>
<text>
<body>
<div1 n="1" type="volume">
<div2 n="113" type="part">
<head>113.
Песенка</head>
<lg type="quatrain">
<l n="1">У меня не много денег,</l>
<l n="2">В кабаках меня не любят,</l>
<l n="3">А служанки вяжут веник</l>
<l n="4">И сердито щепки рубят.</l>
</lg>
<lg type="quatrain">
<l n="5">Я запачкал руки в саже,</l>
<l n="6">На моих ресницах копоть,</l>
<l n="7">Создаю свои миражи</l>
<l n="8">И мешаю всем работать.</l>
</lg>
<lg type="quatrain">
<l n="9">Голубые судомойки,</l>
<l n="10">Добродетельная челядь,</l>
<l n="11">И на самой жесткой койке</l>
<l n="12">Ваша честность рай вам стелет.</l>
</lg>
<lg type="quatrain">
<l n="13">Тяжела с бельем корзина,</l>
<l n="14">И мясник острит так плотски.</l>
<l n="15">Тем краснее льются вина</l>
<l n="16">До утра в хрусталь господский!</l>
</lg>
<date when="1913">1913</date>
</div2>
</div1>
</body>
</text>
</tei>
