<?xml version='1.0' encoding='UTF8'?>
<tei xmlns="http://www.tei-c.org/ns/1.0">
<teiheader>
<filedesc>
<titlestmt>
<title>Американка</title>
<author>О.Э. Мандельштам</author>
</titlestmt>
<publicationstmt>
<p>АРТ-БИЗНЕС-ЦЕНТР МОСКВА 1993</p>
<biblstruct>
<biblscope n="" type="volume"></biblscope>
<biblscope n="" type="part"></biblscope>
</biblstruct></publicationstmt>
<sourcedesc>
<p>Издание подготовлено Мандельштамовским обществом</p>
</sourcedesc>
<respstmt>
<resp>Подготовка и разметка файлов - Алексей Литвинцев, Вероника Файнберг. Создание
          электронного ресурса - Тимофей Молчанов. Руководители проекта - Центр Digital Humanities,
          Мандельштамовское общество (НИУ ВШЭ).</resp>
</respstmt></filedesc>
<profiledesc>
<textdesc n="poem"></textdesc>
<textclass>
<catref target="1_120" type="ID"></catref>
<catref target="О.Э. Мандельштам. Собрание сочинений в 4-х т. -- М.: Терра, 1991" type="Источник"></catref>
<catref target="стихотворение" type="Жанр художественной литературы"></catref>
<catref target="nan" type="Уточнение жанра"></catref>
<catref target="Я" type="Метр"></catref>
<catref target="4" type="Длина строки"></catref>
<catref target="регулярная" type="Клаузула"></catref>
<catref target="мж" type="Уточнение клаузулы"></catref>
<catref target="nan" type="Классическая строфа"></catref>
<catref target="перекрестная" type="Рифма"></catref>
<catref target="абаб" type="Схема рифмовки"></catref>
<catref target="Я4мж" type="Метрическая формула"></catref>
<catref target="nan" type="Дополнительные параметры"></catref>
<catref target="16" type="Число строк"></catref>
<catref target="nan" type="Автор оригинала"></catref>
<catref target="nan" type="Язык оригинала"></catref>
</textclass></profiledesc>
</teiheader>
<text>
<body>
<div1 n="1" type="volume">
<div2 n="120" type="part">
<head>120.
Американка</head>
<lg type="quatrain">
<l n="1">Американка в двадцать лет<rs ref="Америка (США)" type="geo_index"></rs></l>
<l n="2">Должна добраться до Египта,<rs ref="Египет" type="geo_index"></rs></l>
<l n="3">Забыв «Титаника» совет,</l>
<l n="4">Что спит на дне мрачнее крипта.</l>
</lg>
<lg type="quatrain">
<l n="5">В Америке гудки поют,<rs ref="Америка (США)" type="geo_index"></rs></l>
<l n="6">И красных небоскребов трубы</l>
<l n="7">Холодным тучам отдают</l>
<l n="8">Свои прокопченные губы.</l>
</lg>
<lg type="quatrain">
<l n="9">И в Лувре океана дочь</l>
<l n="10">Стоит прекрасная, как тополь;</l>
<l n="11">Чтоб мрамор сахарный толочь,</l>
<l n="12">Влезает белкой на Акрополь.<rs ref="Афины" type="geo_index"></rs></l>
</lg>
<lg type="quatrain">
<l n="13">Не понимая ничего,</l>
<l n="14">Читает «Фауста» в вагоне</l>
<l n="15">И сожалеет, отчего</l>
<l n="16">Людовик больше не на троне.</l>
</lg>
<date when="1913">1913</date>
</div2>
</div1>
</body>
</text>
</tei>
