<?xml version='1.0' encoding='UTF8'?>
<tei xmlns="http://www.tei-c.org/ns/1.0">
<teiheader>
<filedesc>
<titlestmt>
<title>«В таверне воровская шайка...»</title>
<author>О.Э. Мандельштам</author>
</titlestmt>
<publicationstmt>
<p>АРТ-БИЗНЕС-ЦЕНТР МОСКВА 1993</p>
<biblstruct>
<biblscope n="" type="volume"></biblscope>
<biblscope n="" type="part"></biblscope>
</biblstruct></publicationstmt>
<sourcedesc>
<p>Издание подготовлено Мандельштамовским обществом</p>
</sourcedesc>
<respstmt>
<resp>Подготовка и разметка файлов - Алексей Литвинцев, Вероника Файнберг. Создание
          электронного ресурса - Тимофей Молчанов. Руководители проекта - Центр Digital Humanities,
          Мандельштамовское общество (НИУ ВШЭ).</resp>
</respstmt></filedesc>
<profiledesc>
<textdesc n="poem"></textdesc>
<textclass>
<catref target="1_124" type="ID"></catref>
<catref target="О.Э. Мандельштам. Собрание сочинений в 4-х т. -- М.: Терра, 1991" type="Источник"></catref>
<catref target="стихотворение" type="Жанр художественной литературы"></catref>
<catref target="nan" type="Уточнение жанра"></catref>
<catref target="Я" type="Метр"></catref>
<catref target="4" type="Длина строки"></catref>
<catref target="регулярная" type="Клаузула"></catref>
<catref target="жм" type="Уточнение клаузулы"></catref>
<catref target="nan" type="Классическая строфа"></catref>
<catref target="перекрестная" type="Рифма"></catref>
<catref target="абаб" type="Схема рифмовки"></catref>
<catref target="Я4жм" type="Метрическая формула"></catref>
<catref target="nan" type="Дополнительные параметры"></catref>
<catref target="16" type="Число строк"></catref>
<catref target="nan" type="Автор оригинала"></catref>
<catref target="nan" type="Язык оригинала"></catref>
</textclass></profiledesc>
</teiheader>
<text>
<body>
<div1 n="1" type="volume">
<div2 n="124" type="part">
<head>124.</head>
<lg type="quatrain">
<l n="1">В таверне воровская шайка</l>
<l n="2">Всю ночь играла в домино.</l>
<l n="3">Пришла с яичницей хозяйка,</l>
<l n="4">Монахи выпили вино.</l>
</lg>
<lg type="quatrain">
<l n="5">На башне спорили химеры:</l>
<l n="6">Которая из них урод?</l>
<l n="7">А утром проповедник серый</l>
<l n="8">В палатки призывал народ.</l>
</lg>
<lg type="quatrain">
<l n="9">На рынке возятся собаки,</l>
<l n="10">Менялы щелкает замок.</l>
<l n="11">У вечности ворует всякий,</l>
<l n="12">А вечность — как морской песок:</l>
</lg>
<lg type="quatrain">
<l n="13">Он осыпается с телеги —</l>
<l n="14">Не хватит на мешки рогож, —</l>
<l n="15">И, недовольный, о ночлеге</l>
<l n="16">Монах рассказывает ложь!</l>
</lg>
<date when="1913">1913</date>
</div2>
</div1>
</body>
</text>
</tei>
