<?xml version='1.0' encoding='UTF8'?>
<tei xmlns="http://www.tei-c.org/ns/1.0">
<teiheader>
<filedesc>
<titlestmt>
<title>Египтянин (Я выстроил себе благополучья дом...)</title>
<author>О.Э. Мандельштам</author>
</titlestmt>
<publicationstmt>
<p>АРТ-БИЗНЕС-ЦЕНТР МОСКВА 1993</p>
<biblstruct>
<biblscope n="" type="volume"></biblscope>
<biblscope n="" type="part"></biblscope>
</biblstruct></publicationstmt>
<sourcedesc>
<p>Издание подготовлено Мандельштамовским обществом</p>
</sourcedesc>
<respstmt>
<resp>Подготовка и разметка файлов - Алексей Литвинцев, Вероника Файнберг. Создание
          электронного ресурса - Тимофей Молчанов. Руководители проекта - Центр Digital Humanities,
          Мандельштамовское общество (НИУ ВШЭ).</resp>
</respstmt></filedesc>
<profiledesc>
<textdesc n="poem"></textdesc>
<textclass>
<catref target="1_125" type="ID"></catref>
<catref target="О.Э. Мандельштам. Собрание сочинений в 4-х т. -- М.: Терра, 1991" type="Источник"></catref>
<catref target="стихотворение" type="Жанр художественной литературы"></catref>
<catref target="nan" type="Уточнение жанра"></catref>
<catref target="Я" type="Метр"></catref>
<catref target="6" type="Длина строки"></catref>
<catref target="регулярная" type="Клаузула"></catref>
<catref target="мжжм" type="Уточнение клаузулы"></catref>
<catref target="nan" type="Классическая строфа"></catref>
<catref target="охватная" type="Рифма"></catref>
<catref target="абба" type="Схема рифмовки"></catref>
<catref target="Я6мж" type="Метрическая формула"></catref>
<catref target="nan" type="Дополнительные параметры"></catref>
<catref target="20" type="Число строк"></catref>
<catref target="nan" type="Автор оригинала"></catref>
<catref target="nan" type="Язык оригинала"></catref>
</textclass></profiledesc>
</teiheader>
<text>
<body>
<div1 n="1" type="volume">
<div2 n="125" type="part">
<head>125.
Египтянин</head>
<lg type="quatrain">
<l n="1">Я выстроил себе благополучья дом,</l>
<l n="2">Он весь из дерева, и ни куска гранита,</l>
<l n="3">И царская его осматривала свита,</l>
<l n="4">В нем виноградники, цветник и водоем.</l>
</lg>
<lg type="quatrain">
<l n="5">Чтоб воздух проникал в удобное жилье,</l>
<l n="6">Я вынул три стены в преддверьи легкой клети,</l>
<l n="7">И безошибочно я выбрал пальмы эти</l>
<l n="8">Краеугольными — прямые, как копье.</l>
</lg>
<lg type="quatrain">
<l n="9">Кто может описать чиновника доход!</l>
<l n="10">Бессмертны высокопоставленные лица!</l>
<l n="11">(Где управляющий? Готова ли гробница?)</l>
<l n="12">В хозяйстве письменный я слушаю отчет.</l>
</lg>
<lg type="quatrain">
<l n="13">Тяжелым жерновом мучнистое зерно</l>
<l n="14">Приказано смолоть служанке низкорослой,</l>
<l n="15">Священникам налог исправно будет послан,</l>
<l n="16">Составлен протокол на хлеб и полотно.</l>
</lg>
<lg type="quatrain">
<l n="17">В столовой на полу пес, растянувшись, лег,</l>
<l n="18">И кресло прочное стоит на львиных лапах.</l>
<l n="19">Я жареных гусей вдыхаю сладкий запах —</l>
<l n="20">Загробных радостей вещественный залог.</l>
</lg>
<date when="1913">1913 (1914?)</date>
<date when="1914">1913 (1914?)</date>
</div2>
</div1>
</body>
</text>
</tei>
