<?xml version='1.0' encoding='UTF8'?>
<tei xmlns="http://www.tei-c.org/ns/1.0">
<teiheader>
<filedesc>
<titlestmt>
<title>«Отравлен хлеб, и воздух выпит...»</title>
<author>О.Э. Мандельштам</author>
</titlestmt>
<publicationstmt>
<p>АРТ-БИЗНЕС-ЦЕНТР МОСКВА 1993</p>
<biblstruct>
<biblscope n="" type="volume"></biblscope>
<biblscope n="" type="part"></biblscope>
</biblstruct></publicationstmt>
<sourcedesc>
<p>Издание подготовлено Мандельштамовским обществом</p>
</sourcedesc>
<respstmt>
<resp>Подготовка и разметка файлов - Алексей Литвинцев, Вероника Файнберг. Создание
          электронного ресурса - Тимофей Молчанов. Руководители проекта - Центр Digital Humanities,
          Мандельштамовское общество (НИУ ВШЭ).</resp>
</respstmt></filedesc>
<profiledesc>
<textdesc n="poem"></textdesc>
<textclass>
<catref target="1_127" type="ID"></catref>
<catref target="О.Э. Мандельштам. Собрание сочинений в 4-х т. -- М.: Терра, 1991" type="Источник"></catref>
<catref target="стихотворение" type="Жанр художественной литературы"></catref>
<catref target="nan" type="Уточнение жанра"></catref>
<catref target="Я" type="Метр"></catref>
<catref target="4" type="Длина строки"></catref>
<catref target="регулярная" type="Клаузула"></catref>
<catref target="жм" type="Уточнение клаузулы"></catref>
<catref target="nan" type="Классическая строфа"></catref>
<catref target="перекрестная" type="Рифма"></catref>
<catref target="абаб" type="Схема рифмовки"></catref>
<catref target="Я4жм" type="Метрическая формула"></catref>
<catref target="nan" type="Дополнительные параметры"></catref>
<catref target="16" type="Число строк"></catref>
<catref target="nan" type="Автор оригинала"></catref>
<catref target="nan" type="Язык оригинала"></catref>
</textclass></profiledesc>
</teiheader>
<text>
<body>
<div1 n="1" type="volume">
<div2 n="127" type="part">
<head>127.</head>
<lg type="quatrain">
<l n="1">Отравлен хлеб, и воздух выпит.</l>
<l n="2">Как трудно раны врачевать!</l>
<l n="3">Иосиф, проданный в Египет,<rs ref="Египет" type="geo_index"></rs></l>
<l n="4">Не мог сильнее тосковать!</l>
</lg>
<lg type="quatrain">
<l n="5">Под звездным небом бедуины,</l>
<l n="6">Закрыв глаза и на коне,</l>
<l n="7">Слагают вольные былины</l>
<l n="8">О смутно пережитом дне.</l>
</lg>
<lg type="quatrain">
<l n="9">Немного нужно для наитий:</l>
<l n="10">Кто потерял в песке колчан,</l>
<l n="11">Кто выменял коня — событий</l>
<l n="12">Рассеивается туман.</l>
</lg>
<lg type="quatrain">
<l n="13">И, если подлинно поется</l>
<l n="14">И полной грудью, наконец,</l>
<l n="15">Все исчезает — остается</l>
<l n="16">Пространство, звезды и певец!</l>
</lg>
<date when="1913">1913</date>
</div2>
</div1>
</body>
</text>
</tei>
