<?xml version='1.0' encoding='UTF8'?>
<tei xmlns="http://www.tei-c.org/ns/1.0">
<teiheader>
<filedesc>
<titlestmt>
<title>«Как черный ангел на снегу...»</title>
<author>О.Э. Мандельштам</author>
</titlestmt>
<publicationstmt>
<p>АРТ-БИЗНЕС-ЦЕНТР МОСКВА 1993</p>
<biblstruct>
<biblscope n="" type="volume"></biblscope>
<biblscope n="" type="part"></biblscope>
</biblstruct></publicationstmt>
<sourcedesc>
<p>Издание подготовлено Мандельштамовским обществом</p>
</sourcedesc>
<respstmt>
<resp>Подготовка и разметка файлов - Алексей Литвинцев, Вероника Файнберг. Создание
          электронного ресурса - Тимофей Молчанов. Руководители проекта - Центр Digital Humanities,
          Мандельштамовское общество (НИУ ВШЭ).</resp>
</respstmt></filedesc>
<profiledesc>
<textdesc n="poem"></textdesc>
<textclass>
<catref target="1_129" type="ID"></catref>
<catref target="О.Э. Мандельштам. Собрание сочинений в 4-х т. -- М.: Терра, 1991" type="Источник"></catref>
<catref target="стихотворение" type="Жанр художественной литературы"></catref>
<catref target="послание" type="Уточнение жанра"></catref>
<catref target="Я" type="Метр"></catref>
<catref target="4" type="Длина строки"></catref>
<catref target="регулярная" type="Клаузула"></catref>
<catref target="мжмж мжжм" type="Уточнение клаузулы"></catref>
<catref target="nan" type="Классическая строфа"></catref>
<catref target="сложная" type="Рифма"></catref>
<catref target="абаб вггв" type="Схема рифмовки"></catref>
<catref target="Я4мж" type="Метрическая формула"></catref>
<catref target="nan" type="Дополнительные параметры"></catref>
<catref target="16" type="Число строк"></catref>
<catref target="nan" type="Автор оригинала"></catref>
<catref target="nan" type="Язык оригинала"></catref>
</textclass></profiledesc>
</teiheader>
<text>
<body>
<div1 n="1" type="volume">
<div2 n="129" type="part">
<head>129.</head>
<div type="dedication">‹Анне Ахматовой›</div>
<rs ref="Ахматова (Горенко), Анна Андреевна" type="person"></rs>
<lg type="quatrain">
<l n="1">Как черный ангел на снегу</l>
<l n="2">Ты показалась мне сегодня,</l>
<l n="3">И утаить я не могу —</l>
<l n="4">Есть на тебе печать Господня.</l>
</lg>
<lg type="quatrain">
<l n="5">Такая странная печать —</l>
<l n="6">Как бы дарованная свыше, —</l>
<l n="7">Что, кажется, в церковной нише</l>
<l n="8">Тебе назначено стоять.</l>
</lg>
<lg type="quatrain">
<l n="9">Пускай нездешняя любовь</l>
<l n="10">С любовью здешней будут слиты,</l>
<l n="11">Пускай бушующая кровь</l>
<l n="12">Не перейдет в твои ланиты</l>
</lg>
<lg type="quatrain">
<l n="13">И нежный мрамор оттенит</l>
<l n="14">Всю призрачность твоих лохмотий,</l>
<l n="15">Всю наготу причастных плоти,</l>
<l n="16">Но не краснеющих ланит.</l>
</lg>
<date when="1914">‹Начало 1914?›</date>
</div2>
</div1>
</body>
</text>
</tei>
