<?xml version='1.0' encoding='UTF8'?>
<tei xmlns="http://www.tei-c.org/ns/1.0">
<teiheader>
<filedesc>
<titlestmt>
<title>Домби и сын</title>
<author>О.Э. Мандельштам</author>
</titlestmt>
<publicationstmt>
<p>АРТ-БИЗНЕС-ЦЕНТР МОСКВА 1993</p>
<biblstruct>
<biblscope n="" type="volume"></biblscope>
<biblscope n="" type="part"></biblscope>
</biblstruct></publicationstmt>
<sourcedesc>
<p>Издание подготовлено Мандельштамовским обществом</p>
</sourcedesc>
<respstmt>
<resp>Подготовка и разметка файлов - Алексей Литвинцев, Вероника Файнберг. Создание
          электронного ресурса - Тимофей Молчанов. Руководители проекта - Центр Digital Humanities,
          Мандельштамовское общество (НИУ ВШЭ).</resp>
</respstmt></filedesc>
<profiledesc>
<textdesc n="poem"></textdesc>
<textclass>
<catref target="1_121" type="ID"></catref>
<catref target="О.Э. Мандельштам. Собрание сочинений в 4-х т. -- М.: Терра, 1991" type="Источник"></catref>
<catref target="стихотворение" type="Жанр художественной литературы"></catref>
<catref target="nan" type="Уточнение жанра"></catref>
<catref target="Я" type="Метр"></catref>
<catref target="4" type="Длина строки"></catref>
<catref target="регулярная" type="Клаузула"></catref>
<catref target="жм" type="Уточнение клаузулы"></catref>
<catref target="nan" type="Классическая строфа"></catref>
<catref target="перекрестная" type="Рифма"></catref>
<catref target="абаб" type="Схема рифмовки"></catref>
<catref target="Я4жм" type="Метрическая формула"></catref>
<catref target="nan" type="Дополнительные параметры"></catref>
<catref target="24" type="Число строк"></catref>
<catref target="nan" type="Автор оригинала"></catref>
<catref target="nan" type="Язык оригинала"></catref>
</textclass></profiledesc>
</teiheader>
<text>
<body>
<div1 n="1" type="volume">
<div2 n="121" type="part">
<head>121.
Домби и сын</head>
<lg type="quatrain">
<l n="1">Когда, пронзительнее свиста,</l>
<l n="2">Я слышу английский язык —</l>
<l n="3">Я вижу Оливера Твиста</l>
<l n="4">Над кипами конторских книг.</l>
</lg>
<lg type="quatrain">
<l n="5">У Чарльза Диккенса спросите,<rs ref="Диккенс, Чарлз" type="person"></rs></l>
<l n="6">Что было в Лондоне тогда:<rs ref="Лондон" type="geo_index"></rs></l>
<l n="7">Контора Домби в старом Сити</l>
<l n="8">И Темзы желтая вода...<rs ref="Темза" type="geo_index"></rs></l>
</lg>
<lg type="quatrain">
<l n="9">Дожди и слезы. Белокурый</l>
<l n="10">И нежный мальчик — Домби-сын;</l>
<l n="11">Веселых клерков каламбуры</l>
<l n="12">Не понимает он один.</l>
</lg>
<lg type="quatrain">
<l n="13">В конторе сломанные стулья,</l>
<l n="14">На шиллинги и пенсы счет;</l>
<l n="15">Как пчелы, вылетев из улья,</l>
<l n="16">Роятся цифры круглый год.</l>
</lg>
<lg type="quatrain">
<l n="17">А грязных адвокатов жало</l>
<l n="18">Работает в табачной мгле —</l>
<l n="19">И вот, как старая мочала,</l>
<l n="20">Банкрот болтается в петле.</l>
</lg>
<lg type="quatrain">
<l n="21">На стороне врагов законы:</l>
<l n="22">Ему ничем нельзя помочь!</l>
<l n="23">И клетчатые панталоны,</l>
<l n="24">Рыдая, обнимает дочь...</l>
</lg>
<date when="1913">1913 (1914?)</date>
<date when="1914">1913 (1914?)</date>
</div2>
</div1>
</body>
</text>
</tei>
