<?xml version='1.0' encoding='UTF8'?>
<tei xmlns="http://www.tei-c.org/ns/1.0">
<teiheader>
<filedesc>
<titlestmt>
<title>«От легкой жизни мы сошли с ума...»</title>
<author>О.Э. Мандельштам</author>
</titlestmt>
<publicationstmt>
<p>АРТ-БИЗНЕС-ЦЕНТР МОСКВА 1993</p>
<biblstruct>
<biblscope n="" type="volume"></biblscope>
<biblscope n="" type="part"></biblscope>
</biblstruct></publicationstmt>
<sourcedesc>
<p>Издание подготовлено Мандельштамовским обществом</p>
</sourcedesc>
<respstmt>
<resp>Подготовка и разметка файлов - Алексей Литвинцев, Вероника Файнберг. Создание
          электронного ресурса - Тимофей Молчанов. Руководители проекта - Центр Digital Humanities,
          Мандельштамовское общество (НИУ ВШЭ).</resp>
</respstmt></filedesc>
<profiledesc>
<textdesc n="poem"></textdesc>
<textclass>
<catref target="1_126" type="ID"></catref>
<catref target="О.Э. Мандельштам. Собрание сочинений в 4-х т. -- М.: Терра, 1991" type="Источник"></catref>
<catref target="стихотворение" type="Жанр художественной литературы"></catref>
<catref target="nan" type="Уточнение жанра"></catref>
<catref target="Я" type="Метр"></catref>
<catref target="5" type="Длина строки"></catref>
<catref target="вольная" type="Клаузула"></catref>
<catref target="ж, м" type="Уточнение клаузулы"></catref>
<catref target="nan" type="Классическая строфа"></catref>
<catref target="охватная" type="Рифма"></catref>
<catref target="абба" type="Схема рифмовки"></catref>
<catref target="Я5ж,м" type="Метрическая формула"></catref>
<catref target="nan" type="Дополнительные параметры"></catref>
<catref target="12" type="Число строк"></catref>
<catref target="nan" type="Автор оригинала"></catref>
<catref target="nan" type="Язык оригинала"></catref>
</textclass></profiledesc>
</teiheader>
<text>
<body>
<div1 n="1" type="volume">
<div2 n="126" type="part">
<head>126.</head>
<lg type="quatrain">
<l n="1">От легкой жизни мы сошли с ума:</l>
<l n="2">С утра вино, а вечером похмелье.</l>
<l n="3">Как удержать напрасное веселье,</l>
<l n="4">Румянец твой, о нежная чума?</l>
</lg>
<lg type="quatrain">
<l n="5">В пожатьи рук мучительный обряд,</l>
<l n="6">На улицах ночные поцелуи,</l>
<l n="7">Когда речные тяжелеют струи</l>
<l n="8">И фонари, как факелы, горят.</l>
</lg>
<lg type="quatrain">
<l n="9">Мы смерти ждем, как сказочного волка,</l>
<l n="10">Но я боюсь, что раньше всех умрет</l>
<l n="11">Тот, у кого тревожно-красный рот</l>
<l n="12">И на глаза спадающая челка.</l>
</lg>
<date when="1913-11">Ноябрь 1913</date>
</div2>
</div1>
</body>
</text>
</tei>
