<?xml version='1.0' encoding='UTF8'?>
<tei xmlns="http://www.tei-c.org/ns/1.0">
<teiheader>
<filedesc>
<titlestmt>
<title>Второй футбол</title>
<author>О.Э. Мандельштам</author>
</titlestmt>
<publicationstmt>
<p>АРТ-БИЗНЕС-ЦЕНТР МОСКВА 1993</p>
<biblstruct>
<biblscope n="" type="volume"></biblscope>
<biblscope n="" type="part"></biblscope>
</biblstruct></publicationstmt>
<sourcedesc>
<p>Издание подготовлено Мандельштамовским обществом</p>
</sourcedesc>
<respstmt>
<resp>Подготовка и разметка файлов - Алексей Литвинцев, Вероника Файнберг. Создание
          электронного ресурса - Тимофей Молчанов. Руководители проекта - Центр Digital Humanities,
          Мандельштамовское общество (НИУ ВШЭ).</resp>
</respstmt></filedesc>
<profiledesc>
<textdesc n="poem"></textdesc>
<textclass>
<catref target="1_123" type="ID"></catref>
<catref target="О.Э. Мандельштам. Собрание сочинений в 4-х т. -- М.: Терра, 1991" type="Источник"></catref>
<catref target="стихотворение" type="Жанр художественной литературы"></catref>
<catref target="nan" type="Уточнение жанра"></catref>
<catref target="Я" type="Метр"></catref>
<catref target="4" type="Длина строки"></catref>
<catref target="регулярная" type="Клаузула"></catref>
<catref target="жм" type="Уточнение клаузулы"></catref>
<catref target="nan" type="Классическая строфа"></catref>
<catref target="перекрестная" type="Рифма"></catref>
<catref target="абаб" type="Схема рифмовки"></catref>
<catref target="Я4жм" type="Метрическая формула"></catref>
<catref target="nan" type="Дополнительные параметры"></catref>
<catref target="20" type="Число строк"></catref>
<catref target="nan" type="Автор оригинала"></catref>
<catref target="nan" type="Язык оригинала"></catref>
</textclass></profiledesc>
</teiheader>
<text>
<body>
<div1 n="1" type="volume">
<div2 n="123" type="part">
<head>123.
Второй футбол</head>
<lg type="quatrain">
<l n="1">Рассеен утренник тяжелый,</l>
<l n="2">На босу ногу день пришел;</l>
<l n="3">А на дворе военной школы</l>
<l n="4">Играют мальчики в футбол.</l>
</lg>
<lg type="quatrain">
<l n="5">Чуть-чуть неловки, мешковаты —</l>
<l n="6">Как подобает в их лета, —</l>
<l n="7">Кто мяч толкает угловатый,</l>
<l n="8">Кто охраняет ворота...</l>
</lg>
<lg type="quatrain">
<l n="9">Любовь, охотничьи попойки —</l>
<l n="10">Все в будущем, а ныне — скорбь</l>
<l n="11">И вскакивать на жесткой койке,</l>
<l n="12">Чуть свет, под барабанов дробь!</l>
</lg>
<lg type="quatrain">
<l n="13">Увы: ни музыки, ни славы!</l>
<l n="14">Так, от зари и до зари,</l>
<l n="15">В силках науки и забавы</l>
<l n="16">Томятся дети-дикари.</l>
</lg>
<lg type="quatrain">
<l n="17">Осенней путаницы сито.</l>
<l n="18">Деревья мокрые в золе.</l>
<l n="19">Мундир обрызган. Грудь открыта.</l>
<l n="20">Околыш красный на земле.</l>
</lg>
<date when="1913">1913</date>
</div2>
</div1>
</body>
</text>
</tei>
