<?xml version='1.0' encoding='UTF8'?>
<tei xmlns="http://www.tei-c.org/ns/1.0">
<teiheader>
<filedesc>
<titlestmt>
<title>«Есть ценностей незыблемая скала...»</title>
<author>О.Э. Мандельштам</author>
</titlestmt>
<publicationstmt>
<p>АРТ-БИЗНЕС-ЦЕНТР МОСКВА 1993</p>
<biblstruct>
<biblscope n="" type="volume"></biblscope>
<biblscope n="" type="part"></biblscope>
</biblstruct></publicationstmt>
<sourcedesc>
<p>Издание подготовлено Мандельштамовским обществом</p>
</sourcedesc>
<respstmt>
<resp>Подготовка и разметка файлов - Алексей Литвинцев, Вероника Файнберг. Создание
          электронного ресурса - Тимофей Молчанов. Руководители проекта - Центр Digital Humanities,
          Мандельштамовское общество (НИУ ВШЭ).</resp>
</respstmt></filedesc>
<profiledesc>
<textdesc n="poem"></textdesc>
<textclass>
<catref target="1_137" type="ID"></catref>
<catref target="О.Э. Мандельштам. Собрание сочинений в 4-х т. -- М.: Терра, 1991" type="Источник"></catref>
<catref target="стихотворение" type="Жанр художественной литературы"></catref>
<catref target="nan" type="Уточнение жанра"></catref>
<catref target="Я" type="Метр"></catref>
<catref target="5" type="Длина строки"></catref>
<catref target="регулярная" type="Клаузула"></catref>
<catref target="жм" type="Уточнение клаузулы"></catref>
<catref target="nan" type="Классическая строфа"></catref>
<catref target="перекрестная" type="Рифма"></catref>
<catref target="абаб" type="Схема рифмовки"></catref>
<catref target="Я5жм" type="Метрическая формула"></catref>
<catref target="nan" type="Дополнительные параметры"></catref>
<catref target="12" type="Число строк"></catref>
<catref target="nan" type="Автор оригинала"></catref>
<catref target="nan" type="Язык оригинала"></catref>
</textclass></profiledesc>
</teiheader>
<text>
<body>
<div1 n="1" type="volume">
<div2 n="137" type="part">
<head>137.</head>
<lg type="quatrain">
<l n="1">Есть ценностей незыблемая скала</l>
<l n="2">Над скучными ошибками веков.</l>
<l n="3">Неправильно наложена опала</l>
<l n="4">На автора возвышенных стихов.</l>
</lg>
<lg type="quatrain">
<l n="5">И вслед за тем, как жалкий Сумароков<rs ref="Сумароков, Александр Петрович" type="person"></rs></l>
<l n="6">Пролепетал заученную роль,</l>
<l n="7">Как царский посох в скинии пророков,</l>
<l n="8">У нас цвела торжественная боль.</l>
</lg>
<lg type="quatrain">
<l n="9">Что делать вам в театре полуслова</l>
<l n="10">И полумаск, герои и цари?</l>
<l n="11">И для меня явленье Озерова —<rs ref="Озеров, Владислав Александрович" type="person"></rs></l>
<l n="12">Последний луч трагической зари.</l>
</lg>
<date when="1914">1914</date>
</div2>
</div1>
</body>
</text>
</tei>
