<?xml version='1.0' encoding='UTF8'?>
<tei xmlns="http://www.tei-c.org/ns/1.0">
<teiheader>
<filedesc>
<titlestmt>
<title>«...На луне не растет...»</title>
<author>О.Э. Мандельштам</author>
</titlestmt>
<publicationstmt>
<p>АРТ-БИЗНЕС-ЦЕНТР МОСКВА 1993</p>
<biblstruct>
<biblscope n="" type="volume"></biblscope>
<biblscope n="" type="part"></biblscope>
</biblstruct></publicationstmt>
<sourcedesc>
<p>Издание подготовлено Мандельштамовским обществом</p>
</sourcedesc>
<respstmt>
<resp>Подготовка и разметка файлов - Алексей Литвинцев, Вероника Файнберг. Создание
          электронного ресурса - Тимофей Молчанов. Руководители проекта - Центр Digital Humanities,
          Мандельштамовское общество (НИУ ВШЭ).</resp>
</respstmt></filedesc>
<profiledesc>
<textdesc n="poem"></textdesc>
<textclass>
<catref target="1_144" type="ID"></catref>
<catref target="О.Э. Мандельштам. Собрание сочинений в 4-х т. -- М.: Терра, 1991" type="Источник"></catref>
<catref target="стихотворение" type="Жанр художественной литературы"></catref>
<catref target="nan" type="Уточнение жанра"></catref>
<catref target="Ан + Х" type="Метр"></catref>
<catref target="регулярная" type="Длина строки"></catref>
<catref target="регулярная" type="Клаузула"></catref>
<catref target="мж" type="Уточнение клаузулы"></catref>
<catref target="nan" type="Классическая строфа"></catref>
<catref target="перекрестная" type="Рифма"></catref>
<catref target="абабаб" type="Схема рифмовки"></catref>
<catref target="Ан2м+Х3ж" type="Метрическая формула"></catref>
<catref target="редупликация, строчный логаэд, урегулированная анакруса" type="Дополнительные параметры"></catref>
<catref target="12" type="Число строк"></catref>
<catref target="nan" type="Автор оригинала"></catref>
<catref target="nan" type="Язык оригинала"></catref>
</textclass></profiledesc>
</teiheader>
<text>
<body>
<div1 n="1" type="volume">
<div2 n="144" type="part">
<head>144.</head>
<lg type="sestet">
<l n="1">...На луне не растет</l>
<l n="2">Ни одной былинки;</l>
<l n="3">На луне весь народ</l>
<l n="4">Делает корзинки —</l>
<l n="5">Из соломы плетет</l>
<l n="6">Легкие корзинки.</l>
</lg>
<lg type="sestet">
<l n="7">На луне — полутьма</l>
<l n="8">И дома опрятней;</l>
<l n="9">На луне не дома —</l>
<l n="10">Просто голубятни;</l>
<l n="11">Голубые дома —</l>
<l n="12">Чудо-голубятни.</l>
</lg>
<date when="1914">1914</date>
</div2>
</div1>
</body>
</text>
</tei>
