<?xml version='1.0' encoding='UTF8'?>
<tei xmlns="http://www.tei-c.org/ns/1.0">
<teiheader>
<filedesc>
<titlestmt>
<title>Перед войной</title>
<author>О.Э. Мандельштам</author>
</titlestmt>
<publicationstmt>
<p>АРТ-БИЗНЕС-ЦЕНТР МОСКВА 1993</p>
<biblstruct>
<biblscope n="" type="volume"></biblscope>
<biblscope n="" type="part"></biblscope>
</biblstruct></publicationstmt>
<sourcedesc>
<p>Издание подготовлено Мандельштамовским обществом</p>
</sourcedesc>
<respstmt>
<resp>Подготовка и разметка файлов - Алексей Литвинцев, Вероника Файнберг. Создание
          электронного ресурса - Тимофей Молчанов. Руководители проекта - Центр Digital Humanities,
          Мандельштамовское общество (НИУ ВШЭ).</resp>
</respstmt></filedesc>
<profiledesc>
<textdesc n="poem"></textdesc>
<textclass>
<catref target="1_148" type="ID"></catref>
<catref target="О.Э. Мандельштам. Собрание сочинений в 4-х т. -- М.: Терра, 1991" type="Источник"></catref>
<catref target="стихотворение" type="Жанр художественной литературы"></catref>
<catref target="nan" type="Уточнение жанра"></catref>
<catref target="Х" type="Метр"></catref>
<catref target="4" type="Длина строки"></catref>
<catref target="регулярная" type="Клаузула"></catref>
<catref target="мжжм жммж" type="Уточнение клаузулы"></catref>
<catref target="nan" type="Классическая строфа"></catref>
<catref target="охватная" type="Рифма"></catref>
<catref target="абба" type="Схема рифмовки"></catref>
<catref target="Х4мж" type="Метрическая формула"></catref>
<catref target="nan" type="Дополнительные параметры"></catref>
<catref target="12" type="Число строк"></catref>
<catref target="nan" type="Автор оригинала"></catref>
<catref target="nan" type="Язык оригинала"></catref>
</textclass></profiledesc>
</teiheader>
<text>
<body>
<div1 n="1" type="volume">
<div2 n="148" type="part">
<head>148.
Перед войной</head>
<lg type="quatrain">
<l n="1">Ни триумфа, ни войны!</l>
<l n="2">О, железные, доколе</l>
<l n="3">Безопасный Капитолий<rs ref="Рим" type="geo_index"></rs></l>
<l n="4">Мы хранить осуждены?</l>
</lg>
<lg type="quatrain">
<l n="5">Или, римские перуны —</l>
<l n="6">Гнев народа! — обманув,</l>
<l n="7">Отдыхает острый клюв</l>
<l n="8">Той ораторской трибуны?</l>
</lg>
<lg type="quatrain">
<l n="9">Или возит кирпичи</l>
<l n="10">Солнца дряхлая повозка</l>
<l n="11">И в руках у недоноска</l>
<l n="12">Рима ржавые ключи?</l>
</lg>
<date from="1914-08" to="1914-09">‹Август-сентябрь› 1914</date>
</div2>
</div1>
</body>
</text>
</tei>
