<?xml version='1.0' encoding='UTF8'?>
<tei xmlns="http://www.tei-c.org/ns/1.0">
<teiheader>
<filedesc>
<titlestmt>
<title>Encyclica</title>
<author>О.Э. Мандельштам</author>
</titlestmt>
<publicationstmt>
<p>АРТ-БИЗНЕС-ЦЕНТР МОСКВА 1993</p>
<biblstruct>
<biblscope n="" type="volume"></biblscope>
<biblscope n="" type="part"></biblscope>
</biblstruct></publicationstmt>
<sourcedesc>
<p>Издание подготовлено Мандельштамовским обществом</p>
</sourcedesc>
<respstmt>
<resp>Подготовка и разметка файлов - Алексей Литвинцев, Вероника Файнберг. Создание
          электронного ресурса - Тимофей Молчанов. Руководители проекта - Центр Digital Humanities,
          Мандельштамовское общество (НИУ ВШЭ).</resp>
</respstmt></filedesc>
<profiledesc>
<textdesc n="poem"></textdesc>
<textclass>
<catref target="1_146" type="ID"></catref>
<catref target="О.Э. Мандельштам. Собрание сочинений в 4-х т. -- М.: Терра, 1991" type="Источник"></catref>
<catref target="стихотворение" type="Жанр художественной литературы"></catref>
<catref target="nan" type="Уточнение жанра"></catref>
<catref target="Я" type="Метр"></catref>
<catref target="4" type="Длина строки"></catref>
<catref target="регулярная" type="Клаузула"></catref>
<catref target="жм" type="Уточнение клаузулы"></catref>
<catref target="nan" type="Классическая строфа"></catref>
<catref target="перекрестная" type="Рифма"></catref>
<catref target="абаб" type="Схема рифмовки"></catref>
<catref target="Я4жм" type="Метрическая формула"></catref>
<catref target="nan" type="Дополнительные параметры"></catref>
<catref target="12" type="Число строк"></catref>
<catref target="nan" type="Автор оригинала"></catref>
<catref target="nan" type="Язык оригинала"></catref>
</textclass></profiledesc>
</teiheader>
<text>
<body>
<div1 n="1" type="volume">
<div2 n="146" type="part">
<head>146.
Encyclica</head>
<lg type="quatrain">
<l n="1">Есть обитаемая духом</l>
<l n="2">Свобода — избранных удел.</l>
<l n="3">Орлиным зреньем, дивным слухом</l>
<l n="4">Священник римский уцелел.</l>
</lg>
<lg type="quatrain">
<l n="5">И голубь не боится грома,</l>
<l n="6">Которым церковь говорит;</l>
<l n="7">В апостольском созвучьи: Roma! —</l>
<l n="8">Он только сердце веселит.</l>
</lg>
<lg type="quatrain">
<l n="9">Я повторяю это имя</l>
<l n="10">Под вечным куполом небес,</l>
<l n="11">Хоть говоривший мне о Риме</l>
<l n="12">В священном сумраке исчез!</l>
</lg>
<date when="1914-09">Сентябрь 1914</date>
</div2>
</div1>
</body>
</text>
</tei>
