<?xml version='1.0' encoding='UTF8'?>
<tei xmlns="http://www.tei-c.org/ns/1.0">
<teiheader>
<filedesc>
<titlestmt>
<title>««Мороженно!» Солнце. Воздушный бисквит...»</title>
<author>О.Э. Мандельштам</author>
</titlestmt>
<publicationstmt>
<p>АРТ-БИЗНЕС-ЦЕНТР МОСКВА 1993</p>
<biblstruct>
<biblscope n="" type="volume"></biblscope>
<biblscope n="" type="part"></biblscope>
</biblstruct></publicationstmt>
<sourcedesc>
<p>Издание подготовлено Мандельштамовским обществом</p>
</sourcedesc>
<respstmt>
<resp>Подготовка и разметка файлов - Алексей Литвинцев, Вероника Файнберг. Создание
          электронного ресурса - Тимофей Молчанов. Руководители проекта - Центр Digital Humanities,
          Мандельштамовское общество (НИУ ВШЭ).</resp>
</respstmt></filedesc>
<profiledesc>
<textdesc n="poem"></textdesc>
<textclass>
<catref target="1_145" type="ID"></catref>
<catref target="О.Э. Мандельштам. Собрание сочинений в 4-х т. -- М.: Терра, 1991" type="Источник"></catref>
<catref target="стихотворение" type="Жанр художественной литературы"></catref>
<catref target="nan" type="Уточнение жанра"></catref>
<catref target="Аф" type="Метр"></catref>
<catref target="4" type="Длина строки"></catref>
<catref target="регулярная" type="Клаузула"></catref>
<catref target="мжжм" type="Уточнение клаузулы"></catref>
<catref target="nan" type="Классическая строфа"></catref>
<catref target="охватная" type="Рифма"></catref>
<catref target="абба" type="Схема рифмовки"></catref>
<catref target="Аф4мж" type="Метрическая формула"></catref>
<catref target="nan" type="Дополнительные параметры"></catref>
<catref target="16" type="Число строк"></catref>
<catref target="nan" type="Автор оригинала"></catref>
<catref target="nan" type="Язык оригинала"></catref>
</textclass></profiledesc>
</teiheader>
<text>
<body>
<div1 n="1" type="volume">
<div2 n="145" type="part">
<head>145.</head>
<lg type="quatrain">
<l n="1">«Мороженно!» Солнце. Воздушный бисквит.</l>
<l n="2">Прозрачный стакан с ледяною водою.</l>
<l n="3">И в мир шоколада с румяной зарею,</l>
<l n="4">В молочные Альпы мечтанье летит.<rs ref="Альпы" type="geo_index"></rs></l>
</lg>
<lg type="quatrain">
<l n="5">Но, ложечкой звякнув, умильно глядеть, —</l>
<l n="6">Чтоб в тесной беседке, средь пыльных акаций,</l>
<l n="7">Принять благосклонно от булочных граций</l>
<l n="8">В затейливой чашечке хрупкую снедь...</l>
</lg>
<lg type="quatrain">
<l n="9">Подруга шарманки, появится вдруг</l>
<l n="10">Бродячего ледника пестрая крышка —</l>
<l n="11">И с жадным вниманием смотрит мальчишка</l>
<l n="12">В чудесного холода полный сундук.</l>
</lg>
<lg type="quatrain">
<l n="13">И боги не ведают — что он возьмет:</l>
<l n="14">Алмазные сливки иль вафлю с начинкой?</l>
<l n="15">Но быстро исчезнет под тонкой лучинкой,</l>
<l n="16">Сверкая на солнце, божественный лед.</l>
</lg>
<date when="1914">1914</date>
</div2>
</div1>
</body>
</text>
</tei>
