<?xml version='1.0' encoding='UTF8'?>
<tei xmlns="http://www.tei-c.org/ns/1.0">
<teiheader>
<filedesc>
<titlestmt>
<title>Посох</title>
<author>О.Э. Мандельштам</author>
</titlestmt>
<publicationstmt>
<p>АРТ-БИЗНЕС-ЦЕНТР МОСКВА 1993</p>
<biblstruct>
<biblscope n="" type="volume"></biblscope>
<biblscope n="" type="part"></biblscope>
</biblstruct></publicationstmt>
<sourcedesc>
<p>Издание подготовлено Мандельштамовским обществом</p>
</sourcedesc>
<respstmt>
<resp>Подготовка и разметка файлов - Алексей Литвинцев, Вероника Файнберг. Создание
          электронного ресурса - Тимофей Молчанов. Руководители проекта - Центр Digital Humanities,
          Мандельштамовское общество (НИУ ВШЭ).</resp>
</respstmt></filedesc>
<profiledesc>
<textdesc n="poem"></textdesc>
<textclass>
<catref target="1_143" type="ID"></catref>
<catref target="О.Э. Мандельштам. Собрание сочинений в 4-х т. -- М.: Терра, 1991" type="Источник"></catref>
<catref target="стихотворение" type="Жанр художественной литературы"></catref>
<catref target="nan" type="Уточнение жанра"></catref>
<catref target="Х" type="Метр"></catref>
<catref target="4" type="Длина строки"></catref>
<catref target="регулярная" type="Клаузула"></catref>
<catref target="жм" type="Уточнение клаузулы"></catref>
<catref target="nan" type="Классическая строфа"></catref>
<catref target="перекрестная" type="Рифма"></catref>
<catref target="абаб" type="Схема рифмовки"></catref>
<catref target="Х4жм" type="Метрическая формула"></catref>
<catref target="nan" type="Дополнительные параметры"></catref>
<catref target="16" type="Число строк"></catref>
<catref target="nan" type="Автор оригинала"></catref>
<catref target="nan" type="Язык оригинала"></catref>
</textclass></profiledesc>
</teiheader>
<text>
<body>
<div1 n="1" type="volume">
<div2 n="143" type="part">
<head>143.
Посох</head>
<lg type="quatrain">
<l n="1">Посох мой, моя свобода —</l>
<l n="2">Сердцевина бытия,</l>
<l n="3">Скоро ль истиной народа</l>
<l n="4">Станет истина моя?</l>
</lg>
<lg type="quatrain">
<l n="5">Я земле не поклонился</l>
<l n="6">Прежде, чем себя нашел;</l>
<l n="7">Посох взял, развеселился</l>
<l n="8">И в далекий Рим пошел.</l>
</lg>
<lg type="quatrain">
<l n="9">А снега на черных пашнях</l>
<l n="10">Не растают никогда,</l>
<l n="11">И печаль моих домашних</l>
<l n="12">Мне по-прежнему чужда.</l>
</lg>
<lg type="quatrain">
<l n="13">Снег растает на утесах,</l>
<l n="14">Солнцем истины палим,</l>
<l n="15">Прав народ, вручивший посох</l>
<l n="16">Мне, увидевшему Рим!</l>
</lg>
<date when="1914">1914, 1927</date>
<date when="1927">1914, 1927</date>
</div2>
</div1>
</body>
</text>
</tei>
