<?xml version='1.0' encoding='UTF8'?>
<tei xmlns="http://www.tei-c.org/ns/1.0">
<teiheader>
<filedesc>
<titlestmt>
<title>Европа</title>
<author>О.Э. Мандельштам</author>
</titlestmt>
<publicationstmt>
<p>АРТ-БИЗНЕС-ЦЕНТР МОСКВА 1993</p>
<biblstruct>
<biblscope n="" type="volume"></biblscope>
<biblscope n="" type="part"></biblscope>
</biblstruct></publicationstmt>
<sourcedesc>
<p>Издание подготовлено Мандельштамовским обществом</p>
</sourcedesc>
<respstmt>
<resp>Подготовка и разметка файлов - Алексей Литвинцев, Вероника Файнберг. Создание
          электронного ресурса - Тимофей Молчанов. Руководители проекта - Центр Digital Humanities,
          Мандельштамовское общество (НИУ ВШЭ).</resp>
</respstmt></filedesc>
<profiledesc>
<textdesc n="poem"></textdesc>
<textclass>
<catref target="1_147" type="ID"></catref>
<catref target="О.Э. Мандельштам. Собрание сочинений в 4-х т. -- М.: Терра, 1991" type="Источник"></catref>
<catref target="стихотворение" type="Жанр художественной литературы"></catref>
<catref target="nan" type="Уточнение жанра"></catref>
<catref target="Я" type="Метр"></catref>
<catref target="6" type="Длина строки"></catref>
<catref target="вольная" type="Клаузула"></catref>
<catref target="ж, м" type="Уточнение клаузулы"></catref>
<catref target="nan" type="Классическая строфа"></catref>
<catref target="охватная" type="Рифма"></catref>
<catref target="абба" type="Схема рифмовки"></catref>
<catref target="Я6ж,м" type="Метрическая формула"></catref>
<catref target="nan" type="Дополнительные параметры"></catref>
<catref target="16" type="Число строк"></catref>
<catref target="nan" type="Автор оригинала"></catref>
<catref target="nan" type="Язык оригинала"></catref>
</textclass></profiledesc>
</teiheader>
<text>
<body>
<div1 n="1" type="volume">
<div2 n="147" type="part">
<head>147.
Европа</head>
<lg type="quatrain">
<l n="1">Как средиземный краб или звезда морская,</l>
<l n="2">Был выброшен водой последний материк.</l>
<l n="3">К широкой Азии, к Америке привык,<rs ref="Азия" type="geo_index"></rs></l>
<l n="4">Слабеет океан, Европу омывая.<rs ref="Европа" type="geo_index"></rs></l>
</lg>
<lg type="quatrain">
<l n="5">Изрезаны ее живые берега,</l>
<l n="6">И полуостровов воздушны изваянья;</l>
<l n="7">Немного женственны заливов очертанья:</l>
<l n="8">Бискайи, Генуи ленивая дуга.<rs ref="Бискайский залив" type="geo_index"></rs></l>
</lg>
<lg type="quatrain">
<l n="9">Завоевателей исконная земля —</l>
<l n="10">Европа в рубище Священного союза —<rs ref="Европа" type="geo_index"></rs></l>
<l n="11">Пята Испании, Италии Медуза<rs ref="Испания" type="geo_index"></rs></l>
<l n="12">И Польша нежная, где нету короля.<rs ref="Польша" type="geo_index"></rs></l>
</lg>
<lg type="quatrain">
<l n="13">Европа цезарей! С тех пор, как в Бонапарта<rs ref="Европа" type="geo_index"></rs></l>
<l n="14">Гусиное перо направил Меттерних, —<rs ref="Меттерних, Клеменс Венцель Лотар" type="person"></rs></l>
<l n="15">Впервые за сто лет и на глазах моих</l>
<l n="16">Меняется твоя таинственная карта!</l>
</lg>
<date when="1914-09">Сентябрь 1914</date>
</div2>
</div1>
</body>
</text>
</tei>
