<?xml version='1.0' encoding='UTF8'?>
<tei xmlns="http://www.tei-c.org/ns/1.0">
<teiheader>
<filedesc>
<titlestmt>
<title>«Я не слыхал рассказов Оссиана...»</title>
<author>О.Э. Мандельштам</author>
</titlestmt>
<publicationstmt>
<p>АРТ-БИЗНЕС-ЦЕНТР МОСКВА 1993</p>
<biblstruct>
<biblscope n="" type="volume"></biblscope>
<biblscope n="" type="part"></biblscope>
</biblstruct></publicationstmt>
<sourcedesc>
<p>Издание подготовлено Мандельштамовским обществом</p>
</sourcedesc>
<respstmt>
<resp>Подготовка и разметка файлов - Алексей Литвинцев, Вероника Файнберг. Создание
          электронного ресурса - Тимофей Молчанов. Руководители проекта - Центр Digital Humanities,
          Мандельштамовское общество (НИУ ВШЭ).</resp>
</respstmt></filedesc>
<profiledesc>
<textdesc n="poem"></textdesc>
<textclass>
<catref target="1_141" type="ID"></catref>
<catref target="О.Э. Мандельштам. Собрание сочинений в 4-х т. -- М.: Терра, 1991" type="Источник"></catref>
<catref target="стихотворение" type="Жанр художественной литературы"></catref>
<catref target="nan" type="Уточнение жанра"></catref>
<catref target="Я" type="Метр"></catref>
<catref target="5" type="Длина строки"></catref>
<catref target="регулярная" type="Клаузула"></catref>
<catref target="жм" type="Уточнение клаузулы"></catref>
<catref target="nan" type="Классическая строфа"></catref>
<catref target="перекрестная" type="Рифма"></catref>
<catref target="абаб" type="Схема рифмовки"></catref>
<catref target="Я5жм" type="Метрическая формула"></catref>
<catref target="nan" type="Дополнительные параметры"></catref>
<catref target="16" type="Число строк"></catref>
<catref target="nan" type="Автор оригинала"></catref>
<catref target="nan" type="Язык оригинала"></catref>
</textclass></profiledesc>
</teiheader>
<text>
<body>
<div1 n="1" type="volume">
<div2 n="141" type="part">
<head>141.</head>
<lg type="quatrain">
<l n="1">Я не слыхал рассказов Оссиана,</l>
<l n="2">Не пробовал старинного вина;</l>
<l n="3">Зачем же мне мерещится поляна,</l>
<l n="4">Шотландии кровавая луна?<rs ref="Шотландия" type="geo_index"></rs></l>
</lg>
<lg type="quatrain">
<l n="5">И перекличка ворона и арфы</l>
<l n="6">Мне чудится в зловещей тишине;</l>
<l n="7">И ветром развеваемые шарфы</l>
<l n="8">Дружинников мелькают при луне!</l>
</lg>
<lg type="quatrain">
<l n="9">Я получил блаженное наследство —</l>
<l n="10">Чужих певцов блуждающие сны;</l>
<l n="11">Свое родство и скучное соседство</l>
<l n="12">Мы презирать заведомо вольны.</l>
</lg>
<lg type="quatrain">
<l n="13">И не одно сокровище, быть может,</l>
<l n="14">Минуя внуков, к правнукам уйдет,</l>
<l n="15">И снова скальд чужую песню сложит</l>
<l n="16">И как свою ее произнесет.</l>
</lg>
<date when="1914">1914</date>
</div2>
</div1>
</body>
</text>
</tei>
