<?xml version='1.0' encoding='UTF8'?>
<tei xmlns="http://www.tei-c.org/ns/1.0">
<teiheader>
<filedesc>
<titlestmt>
<title>«В белом раю лежит богатырь...»</title>
<author>О.Э. Мандельштам</author>
</titlestmt>
<publicationstmt>
<p>АРТ-БИЗНЕС-ЦЕНТР МОСКВА 1993</p>
<biblstruct>
<biblscope n="" type="volume"></biblscope>
<biblscope n="" type="part"></biblscope>
</biblstruct></publicationstmt>
<sourcedesc>
<p>Издание подготовлено Мандельштамовским обществом</p>
</sourcedesc>
<respstmt>
<resp>Подготовка и разметка файлов - Алексей Литвинцев, Вероника Файнберг. Создание
          электронного ресурса - Тимофей Молчанов. Руководители проекта - Центр Digital Humanities,
          Мандельштамовское общество (НИУ ВШЭ).</resp>
</respstmt></filedesc>
<profiledesc>
<textdesc n="poem"></textdesc>
<textclass>
<catref target="1_152" type="ID"></catref>
<catref target="О.Э. Мандельштам. Собрание сочинений в 4-х т. -- М.: Терра, 1991" type="Источник"></catref>
<catref target="стихотворение" type="Жанр художественной литературы"></catref>
<catref target="nan" type="Уточнение жанра"></catref>
<catref target="тонический : Дк" type="Метр"></catref>
<catref target="4" type="Длина строки"></catref>
<catref target="nan" type="Клаузула"></catref>
<catref target="м" type="Уточнение клаузулы"></catref>
<catref target="nan" type="Классическая строфа"></catref>
<catref target="перекрестная" type="Рифма"></catref>
<catref target="абаб" type="Схема рифмовки"></catref>
<catref target="Дк4м" type="Метрическая формула"></catref>
<catref target="nan" type="Дополнительные параметры"></catref>
<catref target="12" type="Число строк"></catref>
<catref target="nan" type="Автор оригинала"></catref>
<catref target="nan" type="Язык оригинала"></catref>
</textclass></profiledesc>
</teiheader>
<text>
<body>
<div1 n="1" type="volume">
<div2 n="152" type="part">
<head>152.</head>
<lg type="quatrain">
<l n="1">В белом раю лежит богатырь:</l>
<l n="2">Пахарь войны, пожилой мужик.</l>
<l n="3">В серых глазах мировая ширь:</l>
<l n="4">Великорусский державный лик.</l>
</lg>
<lg type="quatrain">
<l n="5">Только святые умеют так</l>
<l n="6">В благоуханном гробу лежать:</l>
<l n="7">Выпростав руки, блаженства в знак,</l>
<l n="8">Славу свою и покой вкушать.</l>
</lg>
<lg type="quatrain">
<l n="9">Разве Россия не белый рай<rs ref="Россия (СССР)" type="geo_index"></rs></l>
<l n="10">И не веселые наши сны?</l>
<l n="11">Радуйся, ратник, не умирай:</l>
<l n="12">Внуки и правнуки спасены!</l>
</lg>
<date when="1914-12">Декабрь 1914</date>
</div2>
</div1>
</body>
</text>
</tei>
