<?xml version='1.0' encoding='UTF8'?>
<tei xmlns="http://www.tei-c.org/ns/1.0">
<teiheader>
<filedesc>
<titlestmt>
<title>«О свободе небывалой...»</title>
<author>О.Э. Мандельштам</author>
</titlestmt>
<publicationstmt>
<p>АРТ-БИЗНЕС-ЦЕНТР МОСКВА 1993</p>
<biblstruct>
<biblscope n="" type="volume"></biblscope>
<biblscope n="" type="part"></biblscope>
</biblstruct></publicationstmt>
<sourcedesc>
<p>Издание подготовлено Мандельштамовским обществом</p>
</sourcedesc>
<respstmt>
<resp>Подготовка и разметка файлов - Алексей Литвинцев, Вероника Файнберг. Создание
          электронного ресурса - Тимофей Молчанов. Руководители проекта - Центр Digital Humanities,
          Мандельштамовское общество (НИУ ВШЭ).</resp>
</respstmt></filedesc>
<profiledesc>
<textdesc n="poem"></textdesc>
<textclass>
<catref target="1_159" type="ID"></catref>
<catref target="О.Э. Мандельштам. Собрание сочинений в 4-х т. -- М.: Терра, 1991" type="Источник"></catref>
<catref target="стихотворение" type="Жанр художественной литературы"></catref>
<catref target="nan" type="Уточнение жанра"></catref>
<catref target="Х" type="Метр"></catref>
<catref target="4" type="Длина строки"></catref>
<catref target="регулярная" type="Клаузула"></catref>
<catref target="жм" type="Уточнение клаузулы"></catref>
<catref target="nan" type="Классическая строфа"></catref>
<catref target="перекрестная" type="Рифма"></catref>
<catref target="абаб" type="Схема рифмовки"></catref>
<catref target="Х4жм" type="Метрическая формула"></catref>
<catref target="nan" type="Дополнительные параметры"></catref>
<catref target="16" type="Число строк"></catref>
<catref target="nan" type="Автор оригинала"></catref>
<catref target="nan" type="Язык оригинала"></catref>
</textclass></profiledesc>
</teiheader>
<text>
<body>
<div1 n="1" type="volume">
<div2 n="159" type="part">
<head>159.</head>
<lg type="quatrain">
<l n="1">О свободе небывалой</l>
<l n="2">Сладко думать у свечи.</l>
<l n="3">— Ты побудь со мной сначала, —</l>
<l n="4">Верность плакала в ночи, —</l>
</lg>
<lg type="quatrain">
<l n="5">Только я мою корону</l>
<l n="6">Возлагаю на тебя,</l>
<l n="7">Чтоб свободе, как закону,</l>
<l n="8">Подчинился ты, любя...</l>
</lg>
<lg type="quatrain">
<l n="9">— Я свободе, как закону,</l>
<l n="10">Обручен, и потому</l>
<l n="11">Эту легкую корону</l>
<l n="12">Никогда я не сниму.</l>
</lg>
<lg type="quatrain">
<l n="13">Нам ли, брошенным в пространстве,</l>
<l n="14">Обреченным умереть,</l>
<l n="15">О прекрасном постоянстве</l>
<l n="16">И о верности жалеть!</l>
</lg>
<date when="1915-06">‹Июнь› 1915</date>
</div2>
</div1>
</body>
</text>
</tei>
