<?xml version='1.0' encoding='UTF8'?>
<tei xmlns="http://www.tei-c.org/ns/1.0">
<teiheader>
<filedesc>
<titlestmt>
<title>Polacy!</title>
<author>О.Э. Мандельштам</author>
</titlestmt>
<publicationstmt>
<p>АРТ-БИЗНЕС-ЦЕНТР МОСКВА 1993</p>
<biblstruct>
<biblscope n="" type="volume"></biblscope>
<biblscope n="" type="part"></biblscope>
</biblstruct></publicationstmt>
<sourcedesc>
<p>Издание подготовлено Мандельштамовским обществом</p>
</sourcedesc>
<respstmt>
<resp>Подготовка и разметка файлов - Алексей Литвинцев, Вероника Файнберг. Создание
          электронного ресурса - Тимофей Молчанов. Руководители проекта - Центр Digital Humanities,
          Мандельштамовское общество (НИУ ВШЭ).</resp>
</respstmt></filedesc>
<profiledesc>
<textdesc n="poem"></textdesc>
<textclass>
<catref target="1_151" type="ID"></catref>
<catref target="О.Э. Мандельштам. Собрание сочинений в 4-х т. -- М.: Терра, 1991" type="Источник"></catref>
<catref target="стихотворение" type="Жанр художественной литературы"></catref>
<catref target="nan" type="Уточнение жанра"></catref>
<catref target="Я" type="Метр"></catref>
<catref target="4" type="Длина строки"></catref>
<catref target="регулярная" type="Клаузула"></catref>
<catref target="жммж" type="Уточнение клаузулы"></catref>
<catref target="nan" type="Классическая строфа"></catref>
<catref target="охватная" type="Рифма"></catref>
<catref target="абба" type="Схема рифмовки"></catref>
<catref target="Я4жм" type="Метрическая формула"></catref>
<catref target="nan" type="Дополнительные параметры"></catref>
<catref target="12" type="Число строк"></catref>
<catref target="nan" type="Автор оригинала"></catref>
<catref target="nan" type="Язык оригинала"></catref>
</textclass></profiledesc>
</teiheader>
<text>
<body>
<div1 n="1" type="volume">
<div2 n="151" type="part">
<head>151.
Polacy!*</head>
<lg type="quatrain">
<l n="1">Поляки! Я не вижу смысла<rs ref="Польша" type="geo_index"></rs></l>
<l n="2">В безумном подвиге стрелков:</l>
<l n="3">Иль ворон заклюет орлов?</l>
<l n="4">Иль потечет обратно Висла?<rs ref="Висла" type="geo_index"></rs></l>
</lg>
<lg type="quatrain">
<l n="5">Или снега не будут больше</l>
<l n="6">Зимою покрывать ковыль?</l>
<l n="7">Или о Габсбургов костыль<rs ref="Габсбурги," type="person"></rs></l>
<l n="8">Пристало опираться Польше?<rs ref="Польша" type="geo_index"></rs></l>
</lg>
<lg type="quatrain">
<l n="9">А ты, славянская комета,</l>
<l n="10">В своем блужданьи вековом,</l>
<l n="11">Рассыпалась чужим огнем,</l>
<l n="12">Сообщница чужого света!</l>
</lg>
<date when="1914-10">‹Октябрь› 1914</date>
<note>* Поляки! (польск.)
</note>
<rs ref="Польша" type="geo_index"></rs>
</div2>
</div1>
</body>
</text>
</tei>
