<?xml version='1.0' encoding='UTF8'?>
<tei xmlns="http://www.tei-c.org/ns/1.0">
<teiheader>
<filedesc>
<titlestmt>
<title>Аббат (Переменилось все земное...)</title>
<author>О.Э. Мандельштам</author>
</titlestmt>
<publicationstmt>
<p>АРТ-БИЗНЕС-ЦЕНТР МОСКВА 1993</p>
<biblstruct>
<biblscope n="" type="volume"></biblscope>
<biblscope n="" type="part"></biblscope>
</biblstruct></publicationstmt>
<sourcedesc>
<p>Издание подготовлено Мандельштамовским обществом</p>
</sourcedesc>
<respstmt>
<resp>Подготовка и разметка файлов - Алексей Литвинцев, Вероника Файнберг. Создание
          электронного ресурса - Тимофей Молчанов. Руководители проекта - Центр Digital Humanities,
          Мандельштамовское общество (НИУ ВШЭ).</resp>
</respstmt></filedesc>
<profiledesc>
<textdesc n="poem"></textdesc>
<textclass>
<catref target="1_154" type="ID"></catref>
<catref target="О.Э. Мандельштам. Собрание сочинений в 4-х т. -- М.: Терра, 1991" type="Источник"></catref>
<catref target="стихотворение" type="Жанр художественной литературы"></catref>
<catref target="nan" type="Уточнение жанра"></catref>
<catref target="Я" type="Метр"></catref>
<catref target="4" type="Длина строки"></catref>
<catref target="регулярная" type="Клаузула"></catref>
<catref target="жм" type="Уточнение клаузулы"></catref>
<catref target="nan" type="Классическая строфа"></catref>
<catref target="перекрестная" type="Рифма"></catref>
<catref target="абаб" type="Схема рифмовки"></catref>
<catref target="Я4жм" type="Метрическая формула"></catref>
<catref target="nan" type="Дополнительные параметры"></catref>
<catref target="32" type="Число строк"></catref>
<catref target="nan" type="Автор оригинала"></catref>
<catref target="nan" type="Язык оригинала"></catref>
</textclass></profiledesc>
</teiheader>
<text>
<body>
<div1 n="1" type="volume">
<div2 n="154" type="part">
<head>154.
Аббат</head>
<lg type="octet">
<l n="1">Переменилось все земное,</l>
<l n="2">И лишь не сбросила земля</l>
<l n="3">Сутану римского покроя</l>
<l n="4">И ваше золото, поля.</l>
<l n="5">И самый скромный современник,</l>
<l n="6">Как жаворонок, Жамм поет, —<rs ref="Жамм, Франсис" type="person"></rs></l>
<l n="7">Ведь католический священник</l>
<l n="8">Ему советы подает!</l>
</lg>
<lg type="octet">
<l n="9">Священник слышит пенье птичье</l>
<l n="10">И всякую живую весть.</l>
<l n="11">Питает все его величье</l>
<l n="12">Сияющей тонзуры честь.</l>
<l n="13">Свет дивный от нее исходит,</l>
<l n="14">Когда он вечером идет</l>
<l n="15">Иль по утрам на рынке бродит</l>
<l n="16">И милостыню подает.</l>
</lg>
<lg type="quatrain">
<l n="17">Я поклонился, он ответил</l>
<l n="18">Кивком учтивым головы</l>
<l n="19">И, говоря со мной, заметил:</l>
<l n="20">— Католиком умрете вы! —</l>
</lg>
<lg type="octet">
<l n="21">Там каноническое счастье,</l>
<l n="22">Как солнце, стало на зенит,</l>
<l n="23">И никакое самовластье</l>
<l n="24">Ему сиять не запретит.</l>
<l n="25">О, жаворонок, гибкий пленник,</l>
<l n="26">Кто лучше песнь твою поймет,</l>
<l n="27">Чем католический священник</l>
<l n="28">В июле, в урожайный год!</l>
</lg>
<date when="1915">1915 (1914?)</date>
<date when="1914">1915 (1914?)</date>
</div2>
</div1>
</body>
</text>
</tei>
