<?xml version='1.0' encoding='UTF8'?>
<tei xmlns="http://www.tei-c.org/ns/1.0">
<teiheader>
<filedesc>
<titlestmt>
<title>Аббат (О, спутник вечного романа...)</title>
<author>О.Э. Мандельштам</author>
</titlestmt>
<publicationstmt>
<p>АРТ-БИЗНЕС-ЦЕНТР МОСКВА 1993</p>
<biblstruct>
<biblscope n="" type="volume"></biblscope>
<biblscope n="" type="part"></biblscope>
</biblstruct></publicationstmt>
<sourcedesc>
<p>Издание подготовлено Мандельштамовским обществом</p>
</sourcedesc>
<respstmt>
<resp>Подготовка и разметка файлов - Алексей Литвинцев, Вероника Файнберг. Создание
          электронного ресурса - Тимофей Молчанов. Руководители проекта - Центр Digital Humanities,
          Мандельштамовское общество (НИУ ВШЭ).</resp>
</respstmt></filedesc>
<profiledesc>
<textdesc n="poem"></textdesc>
<textclass>
<catref target="1_155" type="ID"></catref>
<catref target="О.Э. Мандельштам. Собрание сочинений в 4-х т. -- М.: Терра, 1991" type="Источник"></catref>
<catref target="стихотворение" type="Жанр художественной литературы"></catref>
<catref target="nan" type="Уточнение жанра"></catref>
<catref target="Я" type="Метр"></catref>
<catref target="4" type="Длина строки"></catref>
<catref target="регулярная" type="Клаузула"></catref>
<catref target="жм" type="Уточнение клаузулы"></catref>
<catref target="nan" type="Классическая строфа"></catref>
<catref target="перекрестная" type="Рифма"></catref>
<catref target="абаб" type="Схема рифмовки"></catref>
<catref target="Я4жм" type="Метрическая формула"></catref>
<catref target="nan" type="Дополнительные параметры"></catref>
<catref target="24" type="Число строк"></catref>
<catref target="nan" type="Автор оригинала"></catref>
<catref target="nan" type="Язык оригинала"></catref>
</textclass></profiledesc>
</teiheader>
<text>
<body>
<div1 n="1" type="volume">
<div2 n="155" type="part">
<head>155.
Аббат</head>
<lg type="octet">
<l n="1">О, спутник вечного романа,</l>
<l n="2">Аббат Флобера и Золя —<rs ref="Золя, Эмиль" type="person"></rs></l>
<l n="3">От зноя рыжая сутана</l>
<l n="4">И шляпы круглые поля.</l>
<l n="5">Он все еще проходит мимо,</l>
<l n="6">В тумане полдня, вдоль межи,</l>
<l n="7">Влача остаток власти Рима</l>
<l n="8">Среди колосьев спелой ржи.</l>
</lg>
<lg type="octet">
<l n="9">Храня молчанье и приличье,</l>
<l n="10">Он должен с нами пить и есть</l>
<l n="11">И прятать в светское обличье</l>
<l n="12">Сияющей тонзуры честь.</l>
<l n="13">Он Цицерона на перине<rs ref="Цицерон, Марк Туллий" type="person"></rs></l>
<l n="14">Читает, отходя ко сну:</l>
<l n="15">Так птицы на своей латыни</l>
<l n="16">Молились Богу в старину.</l>
</lg>
<lg type="quatrain">
<l n="17">Я поклонился, он ответил</l>
<l n="18">Кивком учтивым головы</l>
<l n="19">И, говоря со мной, заметил:</l>
<l n="20">— Католиком умрете вы! —</l>
</lg>
<date when="1915">1915 (1914?)</date>
<date when="1914">1915 (1914?)</date>
</div2>
</div1>
</body>
</text>
</tei>
