<?xml version='1.0' encoding='UTF8'?>
<tei xmlns="http://www.tei-c.org/ns/1.0">
<teiheader>
<filedesc>
<titlestmt>
<title>Немецкая каска</title>
<author>О.Э. Мандельштам</author>
</titlestmt>
<publicationstmt>
<p>АРТ-БИЗНЕС-ЦЕНТР МОСКВА 1993</p>
<biblstruct>
<biblscope n="" type="volume"></biblscope>
<biblscope n="" type="part"></biblscope>
</biblstruct></publicationstmt>
<sourcedesc>
<p>Издание подготовлено Мандельштамовским обществом</p>
</sourcedesc>
<respstmt>
<resp>Подготовка и разметка файлов - Алексей Литвинцев, Вероника Файнберг. Создание
          электронного ресурса - Тимофей Молчанов. Руководители проекта - Центр Digital Humanities,
          Мандельштамовское общество (НИУ ВШЭ).</resp>
</respstmt></filedesc>
<profiledesc>
<textdesc n="poem"></textdesc>
<textclass>
<catref target="1_150" type="ID"></catref>
<catref target="О.Э. Мандельштам. Собрание сочинений в 4-х т. -- М.: Терра, 1991" type="Источник"></catref>
<catref target="стихотворение" type="Жанр художественной литературы"></catref>
<catref target="nan" type="Уточнение жанра"></catref>
<catref target="Аф" type="Метр"></catref>
<catref target="4" type="Длина строки"></catref>
<catref target="nan" type="Клаузула"></catref>
<catref target="м" type="Уточнение клаузулы"></catref>
<catref target="nan" type="Классическая строфа"></catref>
<catref target="парная" type="Рифма"></catref>
<catref target="аа" type="Схема рифмовки"></catref>
<catref target="Аф4м" type="Метрическая формула"></catref>
<catref target="nan" type="Дополнительные параметры"></catref>
<catref target="10" type="Число строк"></catref>
<catref target="nan" type="Автор оригинала"></catref>
<catref target="nan" type="Язык оригинала"></catref>
</textclass></profiledesc>
</teiheader>
<text>
<body>
<div1 n="1" type="volume">
<div2 n="150" type="part">
<head>150.
Немецкая каска</head>
<lg type="couplet">
<l n="1">Немецкая каска, священный трофей,</l>
<l n="2">Лежит на камине в гостиной твоей.</l>
</lg>
<lg type="couplet">
<l n="3">Дотронься, она, как игрушка, легка;</l>
<l n="4">Пронизана воздухом медь шишака...</l>
</lg>
<lg type="couplet">
<l n="5">В Познани и в Польше не всем воевать, —<rs ref="Познань" type="geo_index"></rs></l>
<l n="6">Своими глазами врага увидать:</l>
</lg>
<lg type="couplet">
<l n="7">И, слушая ядер губительный хор,</l>
<l n="8">Сорвать с неприятеля гордый убор!</l>
</lg>
<lg type="couplet">
<l n="9">Нам только взглянуть на блестящую медь</l>
<l n="10">И вспомнить о тех, кто готов умереть!</l>
</lg>
<date from="1914-09" to="1914-10">‹Сентябрь—октябрь› 1914</date>
</div2>
</div1>
</body>
</text>
</tei>
