<?xml version='1.0' encoding='UTF8'?>
<tei xmlns="http://www.tei-c.org/ns/1.0">
<teiheader>
<filedesc>
<titlestmt>
<title>«И поныне на Афоне...»</title>
<author>О.Э. Мандельштам</author>
</titlestmt>
<publicationstmt>
<p>АРТ-БИЗНЕС-ЦЕНТР МОСКВА 1993</p>
<biblstruct>
<biblscope n="" type="volume"></biblscope>
<biblscope n="" type="part"></biblscope>
</biblstruct></publicationstmt>
<sourcedesc>
<p>Издание подготовлено Мандельштамовским обществом</p>
</sourcedesc>
<respstmt>
<resp>Подготовка и разметка файлов - Алексей Литвинцев, Вероника Файнберг. Создание
          электронного ресурса - Тимофей Молчанов. Руководители проекта - Центр Digital Humanities,
          Мандельштамовское общество (НИУ ВШЭ).</resp>
</respstmt></filedesc>
<profiledesc>
<textdesc n="poem"></textdesc>
<textclass>
<catref target="1_158" type="ID"></catref>
<catref target="О.Э. Мандельштам. Собрание сочинений в 4-х т. -- М.: Терра, 1991" type="Источник"></catref>
<catref target="стихотворение" type="Жанр художественной литературы"></catref>
<catref target="nan" type="Уточнение жанра"></catref>
<catref target="Х" type="Метр"></catref>
<catref target="4" type="Длина строки"></catref>
<catref target="регулярная" type="Клаузула"></catref>
<catref target="жм" type="Уточнение клаузулы"></catref>
<catref target="nan" type="Классическая строфа"></catref>
<catref target="перекрестная" type="Рифма"></catref>
<catref target="абаб" type="Схема рифмовки"></catref>
<catref target="Х4жм" type="Метрическая формула"></catref>
<catref target="nan" type="Дополнительные параметры"></catref>
<catref target="16" type="Число строк"></catref>
<catref target="nan" type="Автор оригинала"></catref>
<catref target="nan" type="Язык оригинала"></catref>
</textclass></profiledesc>
</teiheader>
<text>
<body>
<div1 n="1" type="volume">
<div2 n="158" type="part">
<head>158.</head>
<lg type="quatrain">
<l n="1">И поныне на Афоне<rs ref="Афон" type="geo_index"></rs></l>
<l n="2">Древо чудное растет,</l>
<l n="3">На крутом зеленом склоне</l>
<l n="4">Имя Божие поет.</l>
</lg>
<lg type="quatrain">
<l n="5">В каждой радуются келье</l>
<l n="6">Имябожцы-мужики:</l>
<l n="7">Слово — чистое веселье,</l>
<l n="8">Исцеленье от тоски!</l>
</lg>
<lg type="quatrain">
<l n="9">Всенародно, громогласно</l>
<l n="10">Чернецы осуждены;</l>
<l n="11">Но от ереси прекрасной</l>
<l n="12">Мы спасаться не должны.</l>
</lg>
<lg type="quatrain">
<l n="13">Каждый раз, когда мы любим,</l>
<l n="14">Мы в нее впадаем вновь.</l>
<l n="15">Безымянную мы губим</l>
<l n="16">Вместе с именем любовь.</l>
</lg>
<date when="1915-06">‹Июнь› 1915</date>
</div2>
</div1>
</body>
</text>
</tei>
