<?xml version='1.0' encoding='UTF8'?>
<tei xmlns="http://www.tei-c.org/ns/1.0">
<teiheader>
<filedesc>
<titlestmt>
<title>«У моря ропот старческой кифары...»</title>
<author>О.Э. Мандельштам</author>
</titlestmt>
<publicationstmt>
<p>АРТ-БИЗНЕС-ЦЕНТР МОСКВА 1993</p>
<biblstruct>
<biblscope n="" type="volume"></biblscope>
<biblscope n="" type="part"></biblscope>
</biblstruct></publicationstmt>
<sourcedesc>
<p>Издание подготовлено Мандельштамовским обществом</p>
</sourcedesc>
<respstmt>
<resp>Подготовка и разметка файлов - Алексей Литвинцев, Вероника Файнберг. Создание
          электронного ресурса - Тимофей Молчанов. Руководители проекта - Центр Digital Humanities,
          Мандельштамовское общество (НИУ ВШЭ).</resp>
</respstmt></filedesc>
<profiledesc>
<textdesc n="poem"></textdesc>
<textclass>
<catref target="1_165" type="ID"></catref>
<catref target="О.Э. Мандельштам. Собрание сочинений в 4-х т. -- М.: Терра, 1991" type="Источник"></catref>
<catref target="стихотворение" type="Жанр художественной литературы"></catref>
<catref target="nan" type="Уточнение жанра"></catref>
<catref target="Я" type="Метр"></catref>
<catref target="5" type="Длина строки"></catref>
<catref target="nan" type="Клаузула"></catref>
<catref target="ж" type="Уточнение клаузулы"></catref>
<catref target="nan" type="Классическая строфа"></catref>
<catref target="перекрестная" type="Рифма"></catref>
<catref target="абаб" type="Схема рифмовки"></catref>
<catref target="Я5ж" type="Метрическая формула"></catref>
<catref target="nan" type="Дополнительные параметры"></catref>
<catref target="12" type="Число строк"></catref>
<catref target="nan" type="Автор оригинала"></catref>
<catref target="nan" type="Язык оригинала"></catref>
</textclass></profiledesc>
</teiheader>
<text>
<body>
<div1 n="1" type="volume">
<div2 n="165" type="part">
<head>165.</head>
<lg type="quatrain">
<l n="1">У моря ропот старческой кифары...</l>
<l n="2">Еще жива несправедливость Рима,</l>
<l n="3">И воют псы, и бедные татары</l>
<l n="4">В глухой деревне каменного Крыма.<rs ref="Крым" type="geo_index"></rs></l>
</lg>
<lg type="quatrain">
<l n="5">О Цезарь, Цезарь, слышишь ли блеянье<rs ref="Цезарь, Гай Юлий" type="person"></rs></l>
<l n="6">Овечьих стад и смутных волн движенье?</l>
<l n="7">Что понапрасну льешь свое сиянье,</l>
<l n="8">Луна, — без Рима жалкое явленье?</l>
</lg>
<lg type="quatrain">
<l n="9">Не та, что ночью смотрит в Капитолий<rs ref="Рим" type="geo_index"></rs></l>
<l n="10">И озаряет лес столпов холодных,</l>
<l n="11">А деревенская луна, не боле,</l>
<l n="12">Луна — возлюбленная псов голодных.</l>
</lg>
<date when="1915-10">Октябрь 1915</date>
</div2>
</div1>
</body>
</text>
</tei>
