<?xml version='1.0' encoding='UTF8'?>
<tei xmlns="http://www.tei-c.org/ns/1.0">
<teiheader>
<filedesc>
<titlestmt>
<title>«В разноголосице девического хора...»</title>
<author>О.Э. Мандельштам</author>
</titlestmt>
<publicationstmt>
<p>АРТ-БИЗНЕС-ЦЕНТР МОСКВА 1993</p>
<biblstruct>
<biblscope n="" type="volume"></biblscope>
<biblscope n="" type="part"></biblscope>
</biblstruct></publicationstmt>
<sourcedesc>
<p>Издание подготовлено Мандельштамовским обществом</p>
</sourcedesc>
<respstmt>
<resp>Подготовка и разметка файлов - Алексей Литвинцев, Вероника Файнберг. Создание
          электронного ресурса - Тимофей Молчанов. Руководители проекта - Центр Digital Humanities,
          Мандельштамовское общество (НИУ ВШЭ).</resp>
</respstmt></filedesc>
<profiledesc>
<textdesc n="poem"></textdesc>
<textclass>
<catref target="1_169" type="ID"></catref>
<catref target="О.Э. Мандельштам. Собрание сочинений в 4-х т. -- М.: Терра, 1991" type="Источник"></catref>
<catref target="стихотворение" type="Жанр художественной литературы"></catref>
<catref target="nan" type="Уточнение жанра"></catref>
<catref target="Я" type="Метр"></catref>
<catref target="6" type="Длина строки"></catref>
<catref target="регулярная" type="Клаузула"></catref>
<catref target="жм" type="Уточнение клаузулы"></catref>
<catref target="nan" type="Классическая строфа"></catref>
<catref target="перекрестная" type="Рифма"></catref>
<catref target="абаб" type="Схема рифмовки"></catref>
<catref target="Я6жм" type="Метрическая формула"></catref>
<catref target="nan" type="Дополнительные параметры"></catref>
<catref target="16" type="Число строк"></catref>
<catref target="nan" type="Автор оригинала"></catref>
<catref target="nan" type="Язык оригинала"></catref>
</textclass></profiledesc>
</teiheader>
<text>
<body>
<div1 n="1" type="volume">
<div2 n="169" type="part">
<head>169.</head>
<lg type="quatrain">
<l n="1">В разноголосице девического хора</l>
<l n="2">Все церкви нежные поют на голос свой,</l>
<l n="3">И в дугах каменных Успенского собора<rs ref="Москва" type="geo_index"></rs></l>
<l n="4">Мне брови чудятся, высокие, дугой.</l>
</lg>
<lg type="quatrain">
<l n="5">И с укрепленного архангелами вала</l>
<l n="6">Я город озирал на чудной высоте.</l>
<l n="7">В стенах Акрополя печаль меня снедала<rs ref="Афины" type="geo_index"></rs></l>
<l n="8">По русском имени и русской красоте.</l>
</lg>
<lg type="quatrain">
<l n="9">Не диво ль дивное, что вертоград нам снится,</l>
<l n="10">Где реют голуби в горячей синеве,</l>
<l n="11">Что православные крюки поет черница:</l>
<l n="12">Успенье нежное — Флоренция в Москве.<rs ref="Москва" type="geo_index"></rs><rs ref="Москва" type="geo_index"></rs></l>
</lg>
<lg type="quatrain">
<l n="13">И пятиглавые московские соборы</l>
<l n="14">С их итальянскою и русскою душой</l>
<l n="15">Напоминают мне явление Авроры,</l>
<l n="16">Но с русским именем и в шубке меховой.</l>
</lg>
<date when="1916-02">Февраль 1916</date>
</div2>
</div1>
</body>
</text>
</tei>
