<?xml version='1.0' encoding='UTF8'?>
<tei xmlns="http://www.tei-c.org/ns/1.0">
<teiheader>
<filedesc>
<titlestmt>
<title>Дворцовая площадь</title>
<author>О.Э. Мандельштам</author>
</titlestmt>
<publicationstmt>
<p>АРТ-БИЗНЕС-ЦЕНТР МОСКВА 1993</p>
<biblstruct>
<biblscope n="" type="volume"></biblscope>
<biblscope n="" type="part"></biblscope>
</biblstruct></publicationstmt>
<sourcedesc>
<p>Издание подготовлено Мандельштамовским обществом</p>
</sourcedesc>
<respstmt>
<resp>Подготовка и разметка файлов - Алексей Литвинцев, Вероника Файнберг. Создание
          электронного ресурса - Тимофей Молчанов. Руководители проекта - Центр Digital Humanities,
          Мандельштамовское общество (НИУ ВШЭ).</resp>
</respstmt></filedesc>
<profiledesc>
<textdesc n="poem"></textdesc>
<textclass>
<catref target="1_160" type="ID"></catref>
<catref target="О.Э. Мандельштам. Собрание сочинений в 4-х т. -- М.: Терра, 1991" type="Источник"></catref>
<catref target="стихотворение" type="Жанр художественной литературы"></catref>
<catref target="nan" type="Уточнение жанра"></catref>
<catref target="Х" type="Метр"></catref>
<catref target="4" type="Длина строки"></catref>
<catref target="регулярная" type="Клаузула"></catref>
<catref target="мжжм" type="Уточнение клаузулы"></catref>
<catref target="nan" type="Классическая строфа"></catref>
<catref target="охватная" type="Рифма"></catref>
<catref target="абба" type="Схема рифмовки"></catref>
<catref target="Х4мж" type="Метрическая формула"></catref>
<catref target="nan" type="Дополнительные параметры"></catref>
<catref target="12" type="Число строк"></catref>
<catref target="nan" type="Автор оригинала"></catref>
<catref target="nan" type="Язык оригинала"></catref>
</textclass></profiledesc>
</teiheader>
<text>
<body>
<div1 n="1" type="volume">
<div2 n="160" type="part">
<head>160.
Дворцовая площадь</head>
<lg type="quatrain">
<l n="1">Императорский виссон</l>
<l n="2">И моторов колесницы, —</l>
<l n="3">В черном омуте столицы</l>
<l n="4">Столпник-ангел вознесен.</l>
</lg>
<lg type="quatrain">
<l n="5">В темной арке, как пловцы,</l>
<l n="6">Исчезают пешеходы,</l>
<l n="7">И на площади, как воды,</l>
<l n="8">Глухо плещутся торцы.</l>
</lg>
<lg type="quatrain">
<l n="9">Только там, где твердь светла,</l>
<l n="10">Черно-желтый лоскут злится,</l>
<l n="11">Словно в воздухе струится</l>
<l n="12">Желчь двуглавого орла.</l>
</lg>
<date when="1915-06">‹Июнь› 1915</date>
</div2>
</div1>
</body>
</text>
</tei>
