<?xml version='1.0' encoding='UTF8'?>
<tei xmlns="http://www.tei-c.org/ns/1.0">
<teiheader>
<filedesc>
<titlestmt>
<title>«Бессонница. Гомер. Тугие паруса...»</title>
<author>О.Э. Мандельштам</author>
</titlestmt>
<publicationstmt>
<p>АРТ-БИЗНЕС-ЦЕНТР МОСКВА 1993</p>
<biblstruct>
<biblscope n="" type="volume"></biblscope>
<biblscope n="" type="part"></biblscope>
</biblstruct></publicationstmt>
<sourcedesc>
<p>Издание подготовлено Мандельштамовским обществом</p>
</sourcedesc>
<respstmt>
<resp>Подготовка и разметка файлов - Алексей Литвинцев, Вероника Файнберг. Создание
          электронного ресурса - Тимофей Молчанов. Руководители проекта - Центр Digital Humanities,
          Мандельштамовское общество (НИУ ВШЭ).</resp>
</respstmt></filedesc>
<profiledesc>
<textdesc n="poem"></textdesc>
<textclass>
<catref target="1_162" type="ID"></catref>
<catref target="О.Э. Мандельштам. Собрание сочинений в 4-х т. -- М.: Терра, 1991" type="Источник"></catref>
<catref target="стихотворение" type="Жанр художественной литературы"></catref>
<catref target="nan" type="Уточнение жанра"></catref>
<catref target="Я" type="Метр"></catref>
<catref target="6" type="Длина строки"></catref>
<catref target="вольная" type="Клаузула"></catref>
<catref target="ж, м" type="Уточнение клаузулы"></catref>
<catref target="nan" type="Классическая строфа"></catref>
<catref target="охватная" type="Рифма"></catref>
<catref target="абба" type="Схема рифмовки"></catref>
<catref target="Я6ж,м" type="Метрическая формула"></catref>
<catref target="nan" type="Дополнительные параметры"></catref>
<catref target="12" type="Число строк"></catref>
<catref target="nan" type="Автор оригинала"></catref>
<catref target="nan" type="Язык оригинала"></catref>
</textclass></profiledesc>
</teiheader>
<text>
<body>
<div1 n="1" type="volume">
<div2 n="162" type="part">
<head>162.</head>
<lg type="quatrain">
<l n="1">Бессонница. Гомер. Тугие паруса.<rs ref="Гомер" type="person"></rs></l>
<l n="2">Я список кораблей прочел до середины:</l>
<l n="3">Сей длинный выводок, сей поезд журавлиный,</l>
<l n="4">Что над Элладою когда-то поднялся.<rs ref="Эллада" type="geo_index"></rs></l>
</lg>
<lg type="quatrain">
<l n="5">Как журавлиный клин в чужие рубежи —</l>
<l n="6">На головах царей божественная пена —</l>
<l n="7">Куда плывете вы? Когда бы не Елена,</l>
<l n="8">Что Троя вам одна, ахейские мужи?</l>
</lg>
<lg type="quatrain">
<l n="9">И море, и Гомер — все движется любовью.<rs ref="Гомер" type="person"></rs></l>
<l n="10">Кого же слушать мне? И вот Гомер молчит,<rs ref="Гомер" type="person"></rs></l>
<l n="11">И море черное, витийствуя, шумит</l>
<l n="12">И с тяжким грохотом подходит к изголовью.</l>
</lg>
<date when="1915-08">‹Август› 1915</date>
</div2>
</div1>
</body>
</text>
</tei>
