<?xml version='1.0' encoding='UTF8'?>
<tei xmlns="http://www.tei-c.org/ns/1.0">
<teiheader>
<filedesc>
<titlestmt>
<title>«Обиженно уходят на холмы...»</title>
<author>О.Э. Мандельштам</author>
</titlestmt>
<publicationstmt>
<p>АРТ-БИЗНЕС-ЦЕНТР МОСКВА 1993</p>
<biblstruct>
<biblscope n="" type="volume"></biblscope>
<biblscope n="" type="part"></biblscope>
</biblstruct></publicationstmt>
<sourcedesc>
<p>Издание подготовлено Мандельштамовским обществом</p>
</sourcedesc>
<respstmt>
<resp>Подготовка и разметка файлов - Алексей Литвинцев, Вероника Файнберг. Создание
          электронного ресурса - Тимофей Молчанов. Руководители проекта - Центр Digital Humanities,
          Мандельштамовское общество (НИУ ВШЭ).</resp>
</respstmt></filedesc>
<profiledesc>
<textdesc n="poem"></textdesc>
<textclass>
<catref target="1_163" type="ID"></catref>
<catref target="О.Э. Мандельштам. Собрание сочинений в 4-х т. -- М.: Терра, 1991" type="Источник"></catref>
<catref target="стихотворение" type="Жанр художественной литературы"></catref>
<catref target="nan" type="Уточнение жанра"></catref>
<catref target="Я" type="Метр"></catref>
<catref target="5" type="Длина строки"></catref>
<catref target="регулярная" type="Клаузула"></catref>
<catref target="мжжм" type="Уточнение клаузулы"></catref>
<catref target="nan" type="Классическая строфа"></catref>
<catref target="охватная" type="Рифма"></catref>
<catref target="абба" type="Схема рифмовки"></catref>
<catref target="Я5мж" type="Метрическая формула"></catref>
<catref target="nan" type="Дополнительные параметры"></catref>
<catref target="16" type="Число строк"></catref>
<catref target="nan" type="Автор оригинала"></catref>
<catref target="nan" type="Язык оригинала"></catref>
</textclass></profiledesc>
</teiheader>
<text>
<body>
<div1 n="1" type="volume">
<div2 n="163" type="part">
<head>163.</head>
<lg type="quatrain">
<l n="1">Обиженно уходят на холмы,</l>
<l n="2">Как Римом недовольные плебеи,</l>
<l n="3">Старухи овцы — черные халдеи,</l>
<l n="4">Исчадье ночи в капюшонах тьмы.</l>
</lg>
<lg type="quatrain">
<l n="5">Их тысячи — передвигают все,</l>
<l n="6">Как жердочки, мохнатые колени,</l>
<l n="7">Трясутся и бегут в курчавой пене,</l>
<l n="8">Как жеребья в огромном колесе.</l>
</lg>
<lg type="quatrain">
<l n="9">Им нужен царь и черный Авентин,<rs ref="Рим" type="geo_index"></rs></l>
<l n="10">Овечий Рим с его семью холмами,</l>
<l n="11">Собачий лай, костер под небесами</l>
<l n="12">И горький дым жилища и овин.</l>
</lg>
<lg type="quatrain">
<l n="13">На них кустарник двинулся стеной,</l>
<l n="14">И побежали воинов палатки,</l>
<l n="15">Они идут в священном беспорядке.</l>
<l n="16">Висит руно тяжелою волной.</l>
</lg>
<date when="1915-08">Август 1915</date>
</div2>
</div1>
</body>
</text>
</tei>
