<?xml version='1.0' encoding='UTF8'?>
<tei xmlns="http://www.tei-c.org/ns/1.0">
<teiheader>
<filedesc>
<titlestmt>
<title>«Вот дароносица, как солнце золотое...»</title>
<author>О.Э. Мандельштам</author>
</titlestmt>
<publicationstmt>
<p>АРТ-БИЗНЕС-ЦЕНТР МОСКВА 1993</p>
<biblstruct>
<biblscope n="" type="volume"></biblscope>
<biblscope n="" type="part"></biblscope>
</biblstruct></publicationstmt>
<sourcedesc>
<p>Издание подготовлено Мандельштамовским обществом</p>
</sourcedesc>
<respstmt>
<resp>Подготовка и разметка файлов - Алексей Литвинцев, Вероника Файнберг. Создание
          электронного ресурса - Тимофей Молчанов. Руководители проекта - Центр Digital Humanities,
          Мандельштамовское общество (НИУ ВШЭ).</resp>
</respstmt></filedesc>
<profiledesc>
<textdesc n="poem"></textdesc>
<textclass>
<catref target="1_161" type="ID"></catref>
<catref target="О.Э. Мандельштам. Собрание сочинений в 4-х т. -- М.: Терра, 1991" type="Источник"></catref>
<catref target="стихотворение" type="Жанр художественной литературы"></catref>
<catref target="nan" type="Уточнение жанра"></catref>
<catref target="Я" type="Метр"></catref>
<catref target="6" type="Длина строки"></catref>
<catref target="регулярная" type="Клаузула"></catref>
<catref target="жммж мжжм" type="Уточнение клаузулы"></catref>
<catref target="nan" type="Классическая строфа"></catref>
<catref target="охватная" type="Рифма"></catref>
<catref target="абба" type="Схема рифмовки"></catref>
<catref target="Я6жм" type="Метрическая формула"></catref>
<catref target="nan" type="Дополнительные параметры"></catref>
<catref target="12" type="Число строк"></catref>
<catref target="nan" type="Автор оригинала"></catref>
<catref target="nan" type="Язык оригинала"></catref>
</textclass></profiledesc>
</teiheader>
<text>
<body>
<div1 n="1" type="volume">
<div2 n="161" type="part">
<head>161.</head>
<lg type="quatrain">
<l n="1">Вот дароносица, как солнце золотое,</l>
<l n="2">Повисла в воздухе — великолепный миг.</l>
<l n="3">Здесь должен прозвучать лишь греческий язык:</l>
<l n="4">Взят в руки целый мир, как яблоко простое.</l>
</lg>
<lg type="quatrain">
<l n="5">Богослужения торжественный зенит,</l>
<l n="6">Свет в круглой храмине под куполом в июле,</l>
<l n="7">Чтоб полной грудью мы вне времени вздохнули</l>
<l n="8">О луговине той, где время не бежит.</l>
</lg>
<lg type="quatrain">
<l n="9">И Евхаристия, как вечный полдень, длится —</l>
<l n="10">Все причащаются, играют и поют,</l>
<l n="11">И на виду у всех божественный сосуд</l>
<l n="12">Неисчерпаемым веселием струится.</l>
</lg>
<date when="1915">1915</date>
</div2>
</div1>
</body>
</text>
</tei>
