<?xml version='1.0' encoding='UTF8'?>
<tei xmlns="http://www.tei-c.org/ns/1.0">
<teiheader>
<filedesc>
<titlestmt>
<title>«С веселым ржанием пасутся табуны...»</title>
<author>О.Э. Мандельштам</author>
</titlestmt>
<publicationstmt>
<p>АРТ-БИЗНЕС-ЦЕНТР МОСКВА 1993</p>
<biblstruct>
<biblscope n="" type="volume"></biblscope>
<biblscope n="" type="part"></biblscope>
</biblstruct></publicationstmt>
<sourcedesc>
<p>Издание подготовлено Мандельштамовским обществом</p>
</sourcedesc>
<respstmt>
<resp>Подготовка и разметка файлов - Алексей Литвинцев, Вероника Файнберг. Создание
          электронного ресурса - Тимофей Молчанов. Руководители проекта - Центр Digital Humanities,
          Мандельштамовское общество (НИУ ВШЭ).</resp>
</respstmt></filedesc>
<profiledesc>
<textdesc n="poem"></textdesc>
<textclass>
<catref target="1_164" type="ID"></catref>
<catref target="О.Э. Мандельштам. Собрание сочинений в 4-х т. -- М.: Терра, 1991" type="Источник"></catref>
<catref target="стихотворение" type="Жанр художественной литературы"></catref>
<catref target="nan" type="Уточнение жанра"></catref>
<catref target="Я" type="Метр"></catref>
<catref target="6" type="Длина строки"></catref>
<catref target="регулярная" type="Клаузула"></catref>
<catref target="мж" type="Уточнение клаузулы"></catref>
<catref target="nan" type="Классическая строфа"></catref>
<catref target="перекрестная" type="Рифма"></catref>
<catref target="абаб" type="Схема рифмовки"></catref>
<catref target="Я6мж" type="Метрическая формула"></catref>
<catref target="nan" type="Дополнительные параметры"></catref>
<catref target="16" type="Число строк"></catref>
<catref target="nan" type="Автор оригинала"></catref>
<catref target="nan" type="Язык оригинала"></catref>
</textclass></profiledesc>
</teiheader>
<text>
<body>
<div1 n="1" type="volume">
<div2 n="164" type="part">
<head>164.</head>
<lg type="quatrain">
<l n="1">С веселым ржанием пасутся табуны,</l>
<l n="2">И римской ржавчиной окрасилась долина;</l>
<l n="3">Сухое золото классической весны</l>
<l n="4">Уносит времени прозрачная стремнина.</l>
</lg>
<lg type="quatrain">
<l n="5">Топча по осени дубовые листы,</l>
<l n="6">Что густо стелются пустынною тропинкой,</l>
<l n="7">Я вспомню Цезаря прекрасные черты —<rs ref="Цезарь, Гай Юлий" type="person"></rs></l>
<l n="8">Сей профиль женственный с коварною горбинкой!</l>
</lg>
<lg type="quatrain">
<l n="9">Здесь, Капитолия и Форума вдали,<rs ref="Рим" type="geo_index"></rs></l>
<l n="10">Средь увядания спокойного природы,</l>
<l n="11">Я слышу Августа и на краю земли<rs ref="Август, Октавиан" type="person"></rs></l>
<l n="12">Державным яблоком катящиеся годы.</l>
</lg>
<lg type="quatrain">
<l n="13">Да будет в старости печаль моя светла:</l>
<l n="14">Я в Риме родился, и он ко мне вернулся;</l>
<l n="15">Мне осень добрая волчицею была</l>
<l n="16">И — месяц Цезаря — мне август улыбнулся.<rs ref="Цезарь, Гай Юлий" type="person"></rs></l>
</lg>
<date when="1915-08">Август 1915</date>
</div2>
</div1>
</body>
</text>
</tei>
