<?xml version='1.0' encoding='UTF8'?>
<tei xmlns="http://www.tei-c.org/ns/1.0">
<teiheader>
<filedesc>
<titlestmt>
<title>Зверинец</title>
<author>О.Э. Мандельштам</author>
</titlestmt>
<publicationstmt>
<p>АРТ-БИЗНЕС-ЦЕНТР МОСКВА 1993</p>
<biblstruct>
<biblscope n="" type="volume"></biblscope>
<biblscope n="" type="part"></biblscope>
</biblstruct></publicationstmt>
<sourcedesc>
<p>Издание подготовлено Мандельштамовским обществом</p>
</sourcedesc>
<respstmt>
<resp>Подготовка и разметка файлов - Алексей Литвинцев, Вероника Файнберг. Создание
          электронного ресурса - Тимофей Молчанов. Руководители проекта - Центр Digital Humanities,
          Мандельштамовское общество (НИУ ВШЭ).</resp>
</respstmt></filedesc>
<profiledesc>
<textdesc n="poem"></textdesc>
<textclass>
<catref target="1_168" type="ID"></catref>
<catref target="О.Э. Мандельштам. Собрание сочинений в 4-х т. -- М.: Терра, 1991" type="Источник"></catref>
<catref target="стихотворение" type="Жанр художественной литературы"></catref>
<catref target="nan" type="Уточнение жанра"></catref>
<catref target="Я" type="Метр"></catref>
<catref target="4" type="Длина строки"></catref>
<catref target="вольная" type="Клаузула"></catref>
<catref target="ж, м" type="Уточнение клаузулы"></catref>
<catref target="nan" type="Классическая строфа"></catref>
<catref target="охватная" type="Рифма"></catref>
<catref target="абба" type="Схема рифмовки"></catref>
<catref target="Я4ж,м" type="Метрическая формула"></catref>
<catref target="nan" type="Дополнительные параметры"></catref>
<catref target="48" type="Число строк"></catref>
<catref target="nan" type="Автор оригинала"></catref>
<catref target="nan" type="Язык оригинала"></catref>
</textclass></profiledesc>
</teiheader>
<text>
<body>
<div1 n="1" type="volume">
<div2 n="168" type="part">
<head>168.
Зверинец</head>
<lg type="tercet">
<l n="1">Отверженное слово «мир»</l>
<l n="2">В начале оскорбленной эры;</l>
<l n="3">Светильник в глубине пещеры</l>
</lg>
<lg type="octet">
<l n="4">Пока ягнята и волы</l>
<l n="5">На тучных пастбищах водились</l>
<l n="6">И дружелюбные садились</l>
<l n="7">На плечи сонных скал орлы,</l>
<l n="8">Германец выкормил орла,</l>
<l n="9">И лев британцу покорился,</l>
<l n="10">И галльский гребень появился</l>
<l n="11">Из петушиного хохла.</l>
</lg>
<lg type="octet">
<l n="12">А ныне завладел дикарь</l>
<l n="13">Священной палицей Геракла,<rs ref="Геракл" type="myth_index"></rs></l>
<l n="14">И черная земля иссякла,</l>
<l n="15">Неблагодарная, как встарь.</l>
<l n="16">Я палочку возьму сухую,</l>
<l n="17">Огонь добуду из нее,</l>
<l n="18">Пускай уходит в ночь глухую</l>
<l n="19">Мной всполошенное зверье!</l>
</lg>
<lg type="octet">
<l n="20">Петух и лев, широкохмурый</l>
<l n="21">Орел и ласковый медведь —</l>
<l n="22">Мы для войны построим клеть,</l>
<l n="23">Звериные пригреем шкуры.</l>
<l n="24">А я пою вино времен —</l>
<l n="25">Источник речи италийской —</l>
<l n="26">И в колыбели праарийской</l>
<l n="27">Славянский и германский лен!</l>
</lg>
<lg type="octet">
<l n="28">Италия, тебе не лень</l>
<l n="29">Тревожить Рима колесницы,<rs ref="Трезена" type="geo_index"></rs></l>
<l n="30">С кудахтаньем домашней птицы</l>
<l n="31">Перелетев через плетень?</l>
<l n="32">И ты, соседка, не взыщи, —</l>
<l n="33">Орел топорщится и злится:</l>
<l n="34">Что, если для твоей пращи</l>
<l n="35">Тяжелый камень не годится?</l>
</lg>
<lg type="octet">
<l n="36">В зверинце заперев зверей,</l>
<l n="37">Мы успокоимся надолго,</l>
<l n="38">И станет полноводней Волга,<rs ref="Волга" type="geo_index"></rs></l>
<l n="39">И рейнская струя светлей, —</l>
<l n="40">И умудренный человек</l>
<l n="41">Почтит невольно чужестранца,</l>
<l n="42">Как полубога, буйством танца</l>
<l n="43">На берегах великих рек.</l>
</lg>
<date when="1916-01">Январь 1916, 1935</date>
<date when="1935">Январь 1916, 1935</date>
</div2>
</div1>
</body>
</text>
</tei>
