<?xml version='1.0' encoding='UTF8'?>
<tei xmlns="http://www.tei-c.org/ns/1.0">
<teiheader>
<filedesc>
<titlestmt>
<title>«Я не увижу знаменитой «Федры»...»</title>
<author>О.Э. Мандельштам</author>
</titlestmt>
<publicationstmt>
<p>АРТ-БИЗНЕС-ЦЕНТР МОСКВА 1993</p>
<biblstruct>
<biblscope n="" type="volume"></biblscope>
<biblscope n="" type="part"></biblscope>
</biblstruct></publicationstmt>
<sourcedesc>
<p>Издание подготовлено Мандельштамовским обществом</p>
</sourcedesc>
<respstmt>
<resp>Подготовка и разметка файлов - Алексей Литвинцев, Вероника Файнберг. Создание
          электронного ресурса - Тимофей Молчанов. Руководители проекта - Центр Digital Humanities,
          Мандельштамовское общество (НИУ ВШЭ).</resp>
</respstmt></filedesc>
<profiledesc>
<textdesc n="poem"></textdesc>
<textclass>
<catref target="1_166" type="ID"></catref>
<catref target="О.Э. Мандельштам. Собрание сочинений в 4-х т. -- М.: Терра, 1991" type="Источник"></catref>
<catref target="стихотворение" type="Жанр художественной литературы"></catref>
<catref target="nan" type="Уточнение жанра"></catref>
<catref target="Я" type="Метр"></catref>
<catref target="5" type="Длина строки"></catref>
<catref target="вольная" type="Клаузула"></catref>
<catref target="ж, м" type="Уточнение клаузулы"></catref>
<catref target="nan" type="Классическая строфа"></catref>
<catref target="0" type="Рифма"></catref>
<catref target="nan" type="Схема рифмовки"></catref>
<catref target="Я5ж,м" type="Метрическая формула"></catref>
<catref target="nan" type="Дополнительные параметры"></catref>
<catref target="27" type="Число строк"></catref>
<catref target="nan" type="Автор оригинала"></catref>
<catref target="nan" type="Язык оригинала"></catref>
</textclass></profiledesc>
</teiheader>
<text>
<body>
<div1 n="1" type="volume">
<div2 n="166" type="part">
<head>166.</head>
<lg type="octet">
<l n="1">Я не увижу знаменитой «Федры»<rs ref="Федра" type="myth_index"></rs></l>
<l n="2">В старинном многоярусном театре,</l>
<l n="3">С прокопченной высокой галереи,</l>
<l n="4">При свете оплывающих свечей.</l>
<l n="5">И, равнодушен к суете актеров,</l>
<l n="6">Сбирающих рукоплесканий жатву,</l>
<l n="7">Я не услышу обращенный к рампе,</l>
<l n="8">Двойною рифмой оперенный стих:</l>
</lg>
<lg type="1_line">
<l n="9">— Как эти покрывала мне постылы...</l>
</lg>
<lg type="octet">
<l n="10">Театр Расина! Мощная завеса<rs ref="Расин, Жан" type="person"></rs></l>
<l n="11">Нас отделяет от другого мира;</l>
<l n="12">Глубокими морщинами волнуя,</l>
<l n="13">Меж ним и нами занавес лежит.</l>
<l n="14">Спадают с плеч классические шали,</l>
<l n="15">Расплавленный страданьем крепнет голос,<rs ref="Расин, Жан" type="person"></rs></l>
<l n="16">И достигает скорбного закала</l>
<l n="17">Негодованьем раскаленный слог...</l>
</lg>
<lg type="1_line">
<l n="18">Я опоздал на празднество Расина!<rs ref="Расин, Жан" type="person"></rs></l>
</lg>
<lg type="octet">
<l n="19">Вновь шелестят истлевшие афиши,</l>
<l n="20">И слабо пахнет апельсинной коркой,</l>
<l n="21">И словно из столетней летаргии</l>
<l n="22">Очнувшийся сосед мне говорит:</l>
<l n="23">— Измученный безумством Мельпомены,<rs ref="Мельпомена" type="myth_index"></rs></l>
<l n="24">Я в этой жизни жажду только мира;</l>
<l n="25">Уйдем, покуда зрители-шакалы</l>
<l n="26">На растерзанье Музы не пришли!<rs ref="Музы" type="myth_index"></rs></l>
</lg>
<lg type="1_line">
<l n="27">Когда бы грек увидел наши игры...</l>
</lg>
<date when="1915-11">‹Ноябрь› 1915</date>
</div2>
</div1>
</body>
</text>
</tei>
