<?xml version='1.0' encoding='UTF8'?>
<tei xmlns="http://www.tei-c.org/ns/1.0">
<teiheader>
<filedesc>
<titlestmt>
<title>Соломинка. 1. «Когда, соломинка, не спишь в огромной спальне...»</title>
<author>О.Э. Мандельштам</author>
</titlestmt>
<publicationstmt>
<p>АРТ-БИЗНЕС-ЦЕНТР МОСКВА 1993</p>
<biblstruct>
<biblscope n="" type="volume"></biblscope>
<biblscope n="" type="part"></biblscope>
</biblstruct></publicationstmt>
<sourcedesc>
<p>Издание подготовлено Мандельштамовским обществом</p>
</sourcedesc>
<respstmt>
<resp>Подготовка и разметка файлов - Алексей Литвинцев, Вероника Файнберг. Создание
          электронного ресурса - Тимофей Молчанов. Руководители проекта - Центр Digital Humanities,
          Мандельштамовское общество (НИУ ВШЭ).</resp>
</respstmt></filedesc>
<profiledesc>
<textdesc n="poem"></textdesc>
<textclass>
<catref target="1_177" type="ID"></catref>
<catref target="О.Э. Мандельштам. Собрание сочинений в 4-х т. -- М.: Терра, 1991" type="Источник"></catref>
<catref target="стихотворение" type="Жанр художественной литературы"></catref>
<catref target="цикл" type="Уточнение жанра"></catref>
<catref target="Я" type="Метр"></catref>
<catref target="6" type="Длина строки"></catref>
<catref target="регулярная" type="Клаузула"></catref>
<catref target="жм" type="Уточнение клаузулы"></catref>
<catref target="nan" type="Классическая строфа"></catref>
<catref target="перекрестная" type="Рифма"></catref>
<catref target="абаб" type="Схема рифмовки"></catref>
<catref target="Я6жм" type="Метрическая формула"></catref>
<catref target="nan" type="Дополнительные параметры"></catref>
<catref target="20" type="Число строк"></catref>
<catref target="nan" type="Автор оригинала"></catref>
<catref target="nan" type="Язык оригинала"></catref>
</textclass></profiledesc>
</teiheader>
<text>
<body>
<div1 n="1" type="volume">
<div2 n="1" type="part">
<head>177—178.
Соломинка</head>
<lg type="quatrain">
<l n="1">Когда, соломинка, не спишь в огромной спальне</l>
<l n="2">И ждешь, бессонная, чтоб, важен и высок,</l>
<l n="3">Спокойной тяжестью — что может быть печальней —</l>
<l n="4">На веки чуткие спустился потолок,</l>
</lg>
<lg type="quatrain">
<l n="5">Соломка звонкая, соломинка сухая,</l>
<l n="6">Всю смерть ты выпила и сделалась нежней,</l>
<l n="7">Сломалась милая соломка неживая,</l>
<l n="8">Не Саломея, нет, соломинка скорей!</l>
</lg>
<lg type="quatrain">
<l n="9">В часы бессонницы предметы тяжелее,</l>
<l n="10">Как будто меньше их — такая тишина!</l>
<l n="11">Мерцают в зеркале подушки, чуть белея,</l>
<l n="12">И в круглом омуте кровать отражена.</l>
</lg>
<lg type="quatrain">
<l n="13">Нет, не соломинка в торжественном атласе,</l>
<l n="14">В огромной комнате над черною Невой,</l>
<l n="15">Двенадцать месяцев поют о смертном часе,</l>
<l n="16">Струится в воздухе лед бледно-голубой.</l>
</lg>
<lg type="quatrain">
<l n="17">Декабрь торжественный струит свое дыханье,</l>
<l n="18">Как будто в комнате тяжелая Нева.</l>
<l n="19">Нет, не соломинка — Лигейя, умиранье, —</l>
<l n="20">Я научился вам, блаженные слова.</l>
</lg>
</div2>
</div1>
</body>
</text>
</tei>
