<?xml version='1.0' encoding='UTF8'?>
<tei xmlns="http://www.tei-c.org/ns/1.0">
<teiheader>
<filedesc>
<titlestmt>
<title>«Эта ночь непоправима...»</title>
<author>О.Э. Мандельштам</author>
</titlestmt>
<publicationstmt>
<p>АРТ-БИЗНЕС-ЦЕНТР МОСКВА 1993</p>
<biblstruct>
<biblscope n="" type="volume"></biblscope>
<biblscope n="" type="part"></biblscope>
</biblstruct></publicationstmt>
<sourcedesc>
<p>Издание подготовлено Мандельштамовским обществом</p>
</sourcedesc>
<respstmt>
<resp>Подготовка и разметка файлов - Алексей Литвинцев, Вероника Файнберг. Создание
          электронного ресурса - Тимофей Молчанов. Руководители проекта - Центр Digital Humanities,
          Мандельштамовское общество (НИУ ВШЭ).</resp>
</respstmt></filedesc>
<profiledesc>
<textdesc n="poem"></textdesc>
<textclass>
<catref target="1_175" type="ID"></catref>
<catref target="О.Э. Мандельштам. Собрание сочинений в 4-х т. -- М.: Терра, 1991" type="Источник"></catref>
<catref target="стихотворение" type="Жанр художественной литературы"></catref>
<catref target="nan" type="Уточнение жанра"></catref>
<catref target="Х" type="Метр"></catref>
<catref target="4" type="Длина строки"></catref>
<catref target="регулярная" type="Клаузула"></catref>
<catref target="жм" type="Уточнение клаузулы"></catref>
<catref target="nan" type="Классическая строфа"></catref>
<catref target="перекрестная" type="Рифма"></catref>
<catref target="абаб" type="Схема рифмовки"></catref>
<catref target="Х4жм" type="Метрическая формула"></catref>
<catref target="nan" type="Дополнительные параметры"></catref>
<catref target="16" type="Число строк"></catref>
<catref target="nan" type="Автор оригинала"></catref>
<catref target="nan" type="Язык оригинала"></catref>
</textclass></profiledesc>
</teiheader>
<text>
<body>
<div1 n="1" type="volume">
<div2 n="175" type="part">
<head>175.</head>
<lg type="quatrain">
<l n="1">Эта ночь непоправима,</l>
<l n="2">А у вас еще светло.</l>
<l n="3">У ворот Ерусалима</l>
<l n="4">Солнце черное взошло.</l>
</lg>
<lg type="quatrain">
<l n="5">Солнце желтое страшнее, —</l>
<l n="6">Баю-баюшки-баю, —</l>
<l n="7">В светлом храме иудеи</l>
<l n="8">Хоронили мать мою.</l>
</lg>
<lg type="quatrain">
<l n="9">Благодати не имея<rs ref="Москва" type="geo_index"></rs></l>
<l n="10">И священства лишены,</l>
<l n="11">В светлом храме иудеи</l>
<l n="12">Отпевали прах жены.</l>
</lg>
<lg type="quatrain">
<l n="13">И над матерью звенели</l>
<l n="14">Голоса израильтян.</l>
<l n="15">Я проснулся в колыбели —</l>
<l n="16">Черным солнцем осиян.</l>
</lg>
<date when="1916">1916</date>
</div2>
</div1>
</body>
</text>
</tei>
