<?xml version='1.0' encoding='UTF8'?>
<tei xmlns="http://www.tei-c.org/ns/1.0">
<teiheader>
<filedesc>
<titlestmt>
<title>‹Петрополь›. 2. «В Петрополе прозрачном мы умрем...»</title>
<author>О.Э. Мандельштам</author>
</titlestmt>
<publicationstmt>
<p>АРТ-БИЗНЕС-ЦЕНТР МОСКВА 1993</p>
<biblstruct>
<biblscope n="" type="volume"></biblscope>
<biblscope n="" type="part"></biblscope>
</biblstruct></publicationstmt>
<sourcedesc>
<p>Издание подготовлено Мандельштамовским обществом</p>
</sourcedesc>
<respstmt>
<resp>Подготовка и разметка файлов - Алексей Литвинцев, Вероника Файнберг. Создание
          электронного ресурса - Тимофей Молчанов. Руководители проекта - Центр Digital Humanities,
          Мандельштамовское общество (НИУ ВШЭ).</resp>
</respstmt></filedesc>
<profiledesc>
<textdesc n="poem"></textdesc>
<textclass>
<catref target="1_173" type="ID"></catref>
<catref target="О.Э. Мандельштам. Собрание сочинений в 4-х т. -- М.: Терра, 1991" type="Источник"></catref>
<catref target="стихотворение" type="Жанр художественной литературы"></catref>
<catref target="цикл" type="Уточнение жанра"></catref>
<catref target="Я" type="Метр"></catref>
<catref target="5" type="Длина строки"></catref>
<catref target="вольная" type="Клаузула"></catref>
<catref target="ж, м" type="Уточнение клаузулы"></catref>
<catref target="nan" type="Классическая строфа"></catref>
<catref target="вольная" type="Рифма"></catref>
<catref target="nan" type="Схема рифмовки"></catref>
<catref target="Я5ж,м" type="Метрическая формула"></catref>
<catref target="nan" type="Дополнительные параметры"></catref>
<catref target="8" type="Число строк"></catref>
<catref target="nan" type="Автор оригинала"></catref>
<catref target="nan" type="Язык оригинала"></catref>
</textclass></profiledesc>
</teiheader>
<text>
<body>
<div1 n="1" type="volume">
<div2 n="2" type="part">
<lg type="octet">
<l n="1">В Петрополе прозрачном мы умрем,<rs ref="Петербург (Ленинград, Петрополь)" type="geo_index"></rs><rs ref="Москва" type="geo_index"></rs></l>
<l n="2">Где властвует над нами Прозерпина.</l>
<l n="3">Мы в каждом вздохе смертный воздух пьем,</l>
<l n="4">И каждый час нам смертная година.</l>
<l n="5">Богиня моря, грозная Афина,</l>
<l n="6">Сними могучий каменный шелом.</l>
<l n="7">В Петрополе прозрачном мы умрем, —<rs ref="Петербург (Ленинград, Петрополь)" type="geo_index"></rs><rs ref="Москва" type="geo_index"></rs></l>
<l n="8">Здесь царствуешь не ты, а Прозерпина.</l>
</lg>
<date when="1916-05">Май 1916</date>
</div2>
</div1>
</body>
</text>
</tei>
