<?xml version='1.0' encoding='UTF8'?>
<tei xmlns="http://www.tei-c.org/ns/1.0">
<teiheader>
<filedesc>
<titlestmt>
<title>Соломинка. 2. «Я научился вам, блаженные слова...»</title>
<author>О.Э. Мандельштам</author>
</titlestmt>
<publicationstmt>
<p>АРТ-БИЗНЕС-ЦЕНТР МОСКВА 1993</p>
<biblstruct>
<biblscope n="" type="volume"></biblscope>
<biblscope n="" type="part"></biblscope>
</biblstruct></publicationstmt>
<sourcedesc>
<p>Издание подготовлено Мандельштамовским обществом</p>
</sourcedesc>
<respstmt>
<resp>Подготовка и разметка файлов - Алексей Литвинцев, Вероника Файнберг. Создание
          электронного ресурса - Тимофей Молчанов. Руководители проекта - Центр Digital Humanities,
          Мандельштамовское общество (НИУ ВШЭ).</resp>
</respstmt></filedesc>
<profiledesc>
<textdesc n="poem"></textdesc>
<textclass>
<catref target="1_178" type="ID"></catref>
<catref target="О.Э. Мандельштам. Собрание сочинений в 4-х т. -- М.: Терра, 1991" type="Источник"></catref>
<catref target="стихотворение" type="Жанр художественной литературы"></catref>
<catref target="цикл" type="Уточнение жанра"></catref>
<catref target="Я" type="Метр"></catref>
<catref target="6" type="Длина строки"></catref>
<catref target="вольная" type="Клаузула"></catref>
<catref target="ж, м" type="Уточнение клаузулы"></catref>
<catref target="nan" type="Классическая строфа"></catref>
<catref target="вольная" type="Рифма"></catref>
<catref target="nan" type="Схема рифмовки"></catref>
<catref target="Я6ж,м" type="Метрическая формула"></catref>
<catref target="nan" type="Дополнительные параметры"></catref>
<catref target="12" type="Число строк"></catref>
<catref target="nan" type="Автор оригинала"></catref>
<catref target="nan" type="Язык оригинала"></catref>
</textclass></profiledesc>
</teiheader>
<text>
<body>
<div1 n="1" type="volume">
<div2 n="2" type="part">
<lg type="quatrain">
<l n="1">Я научился вам, блаженные слова:</l>
<l n="2">Ленор, Соломинка, Лигейя, Серафита.</l>
<l n="3">В огромной комнате тяжелая Нева,</l>
<l n="4">И голубая кровь струится из гранита.</l>
</lg>
<lg type="quatrain">
<l n="5">Декабрь торжественный сияет над Невой.</l>
<l n="6">Двенадцать месяцев поют о смертном часе.</l>
<l n="7">Нет, не соломинка в торжественном атласе</l>
<l n="8">Вкушает медленный томительный покой.</l>
</lg>
<lg type="quatrain">
<l n="9">В моей крови живет декабрьская Лигейя,</l>
<l n="10">Чья в саркофаге спит блаженная любовь.</l>
<l n="11">А та, соломинка — быть может, Саломея,<rs ref="Саломея" type="myth_index"></rs><rs ref="Саламин" type="geo_index"></rs></l>
<l n="12">Убита жалостью и не вернется вновь!</l>
</lg>
<date when="1916-12">Декабрь 1916</date>
</div2>
</div1>
</body>
</text>
</tei>
