<?xml version='1.0' encoding='UTF8'?>
<tei xmlns="http://www.tei-c.org/ns/1.0">
<teiheader>
<filedesc>
<titlestmt>
<title>«Не веря воскресенья чуду...»</title>
<author>О.Э. Мандельштам</author>
</titlestmt>
<publicationstmt>
<p>АРТ-БИЗНЕС-ЦЕНТР МОСКВА 1993</p>
<biblstruct>
<biblscope n="" type="volume"></biblscope>
<biblscope n="" type="part"></biblscope>
</biblstruct></publicationstmt>
<sourcedesc>
<p>Издание подготовлено Мандельштамовским обществом</p>
</sourcedesc>
<respstmt>
<resp>Подготовка и разметка файлов - Алексей Литвинцев, Вероника Файнберг. Создание
          электронного ресурса - Тимофей Молчанов. Руководители проекта - Центр Digital Humanities,
          Мандельштамовское общество (НИУ ВШЭ).</resp>
</respstmt></filedesc>
<profiledesc>
<textdesc n="poem"></textdesc>
<textclass>
<catref target="1_174" type="ID"></catref>
<catref target="О.Э. Мандельштам. Собрание сочинений в 4-х т. -- М.: Терра, 1991" type="Источник"></catref>
<catref target="стихотворение" type="Жанр художественной литературы"></catref>
<catref target="nan" type="Уточнение жанра"></catref>
<catref target="Я" type="Метр"></catref>
<catref target="4" type="Длина строки"></catref>
<catref target="регулярная" type="Клаузула"></catref>
<catref target="жм" type="Уточнение клаузулы"></catref>
<catref target="nan" type="Классическая строфа"></catref>
<catref target="перекрестная" type="Рифма"></catref>
<catref target="абаб" type="Схема рифмовки"></catref>
<catref target="Я4жм" type="Метрическая формула"></catref>
<catref target="нарушения строфики, холостая строка" type="Дополнительные параметры"></catref>
<catref target="30" type="Число строк"></catref>
<catref target="nan" type="Автор оригинала"></catref>
<catref target="nan" type="Язык оригинала"></catref>
</textclass></profiledesc>
</teiheader>
<text>
<body>
<div1 n="1" type="volume">
<div2 n="174" type="part">
<head>174.</head>
<lg type="quatrain">
<l n="1">Не веря воскресенья чуду,</l>
<l n="2">На кладбище гуляли мы.</l>
<l n="3">— Ты знаешь, мне земля повсюду</l>
<l n="4">Напоминает те холмы.</l>
</lg>
<lg type="octet">
<l n="5">От монастырских косогоров</l>
<l n="6">Широкий убегает луг.</l>
<l n="7">Мне от владимирских просторов</l>
<l n="8">Так не хотелося на юг,</l>
<l n="9">Но в этой темной, деревянной</l>
<l n="10">И юродивой слободе</l>
<l n="11">С такой монашкою туманной</l>
<l n="12">Остаться — значит, быть беде.</l>
</lg>
<lg type="octet">
<l n="13">Целую локоть загорелый</l>
<l n="14">И лба кусочек восковой.</l>
<l n="15">Я знаю — он остался белый</l>
<l n="16">Под смуглой прядью золотой.</l>
<l n="17">Целую кисть, где от браслета</l>
<l n="18">Еще белеет полоса.</l>
<l n="19">Тавриды пламенное лето</l>
<l n="20">Творит такие чудеса.</l>
</lg>
<lg type="octet">
<l n="21">Как скоро ты смуглянкой стала</l>
<l n="22">И к Спасу бедному пришла,</l>
<l n="23">Не отрываясь целовала,</l>
<l n="24">А гордою в Москве была.<rs ref="Москва" type="geo_index"></rs><rs ref="Москва" type="geo_index"></rs></l>
<l n="25">Нам остается только имя:</l>
<l n="26">Чудесный звук, на долгий срок.</l>
<l n="27">Прими ж ладонями моими</l>
<l n="28">Пересыпаемый песок.</l>
</lg>
<date when="1916-06">Июнь 1916</date>
</div2>
</div1>
</body>
</text>
</tei>
