<?xml version='1.0' encoding='UTF8'?>
<tei xmlns="http://www.tei-c.org/ns/1.0">
<teiheader>
<filedesc>
<titlestmt>
<title>«— Я потеряла нежную камею...»</title>
<author>О.Э. Мандельштам</author>
</titlestmt>
<publicationstmt>
<p>АРТ-БИЗНЕС-ЦЕНТР МОСКВА 1993</p>
<biblstruct>
<biblscope n="" type="volume"></biblscope>
<biblscope n="" type="part"></biblscope>
</biblstruct></publicationstmt>
<sourcedesc>
<p>Издание подготовлено Мандельштамовским обществом</p>
</sourcedesc>
<respstmt>
<resp>Подготовка и разметка файлов - Алексей Литвинцев, Вероника Файнберг. Создание
          электронного ресурса - Тимофей Молчанов. Руководители проекта - Центр Digital Humanities,
          Мандельштамовское общество (НИУ ВШЭ).</resp>
</respstmt></filedesc>
<profiledesc>
<textdesc n="poem"></textdesc>
<textclass>
<catref target="1_176" type="ID"></catref>
<catref target="О.Э. Мандельштам. Собрание сочинений в 4-х т. -- М.: Терра, 1991" type="Источник"></catref>
<catref target="стихотворение" type="Жанр художественной литературы"></catref>
<catref target="nan" type="Уточнение жанра"></catref>
<catref target="Я" type="Метр"></catref>
<catref target="5" type="Длина строки"></catref>
<catref target="регулярная" type="Клаузула"></catref>
<catref target="жм" type="Уточнение клаузулы"></catref>
<catref target="nan" type="Классическая строфа"></catref>
<catref target="перекрестная" type="Рифма"></catref>
<catref target="абаб" type="Схема рифмовки"></catref>
<catref target="Я5жм" type="Метрическая формула"></catref>
<catref target="nan" type="Дополнительные параметры"></catref>
<catref target="12" type="Число строк"></catref>
<catref target="nan" type="Автор оригинала"></catref>
<catref target="nan" type="Язык оригинала"></catref>
</textclass></profiledesc>
</teiheader>
<text>
<body>
<div1 n="1" type="volume">
<div2 n="176" type="part">
<head>176.</head>
<lg type="quatrain">
<l n="1">— Я потеряла нежную камею,</l>
<l n="2">Не знаю где, на берегу Невы.</l>
<l n="3">Я римлянку прелестную жалею, —</l>
<l n="4">Чуть не в слезах мне говорили вы.</l>
</lg>
<lg type="quatrain">
<l n="5">Но для чего, прекрасная грузинка,</l>
<l n="6">Тревожить прах божественных гробниц?</l>
<l n="7">Еще одна пушистая снежинка</l>
<l n="8">Растаяла на веере ресниц.</l>
</lg>
<lg type="quatrain">
<l n="9">И кроткую вы наклонили шею.</l>
<l n="10">Камеи нет — нет римлянки, увы.<rs ref="Петербург (Ленинград, Петрополь)" type="geo_index"></rs></l>
<l n="11">Я Тинотину смуглую жалею —</l>
<l n="12">Девичий Рим на берегу Невы.</l>
</lg>
<date from="1916-09" to="1916-011">Осень 1916</date>
</div2>
</div1>
</body>
</text>
</tei>
