<?xml version='1.0' encoding='UTF8'?>
<tei xmlns="http://www.tei-c.org/ns/1.0">
<teiheader>
<filedesc>
<titlestmt>
<title>Мадригал. («Дочь Андроника Комнена...»)</title>
<author>О.Э. Мандельштам</author>
</titlestmt>
<publicationstmt>
<p>АРТ-БИЗНЕС-ЦЕНТР МОСКВА 1993</p>
<biblstruct>
<biblscope n="" type="volume"></biblscope>
<biblscope n="" type="part"></biblscope>
</biblstruct></publicationstmt>
<sourcedesc>
<p>Издание подготовлено Мандельштамовским обществом</p>
</sourcedesc>
<respstmt>
<resp>Подготовка и разметка файлов - Алексей Литвинцев, Вероника Файнберг. Создание
          электронного ресурса - Тимофей Молчанов. Руководители проекта - Центр Digital Humanities,
          Мандельштамовское общество (НИУ ВШЭ).</resp>
</respstmt></filedesc>
<profiledesc>
<textdesc n="poem"></textdesc>
<textclass>
<catref target="1_179" type="ID"></catref>
<catref target="О.Э. Мандельштам. Собрание сочинений в 4-х т. -- М.: Терра, 1991" type="Источник"></catref>
<catref target="стихотворение" type="Жанр художественной литературы"></catref>
<catref target="мадригал" type="Уточнение жанра"></catref>
<catref target="Х" type="Метр"></catref>
<catref target="4" type="Длина строки"></catref>
<catref target="вольная" type="Клаузула"></catref>
<catref target="ж, м" type="Уточнение клаузулы"></catref>
<catref target="nan" type="Классическая строфа"></catref>
<catref target="вольная" type="Рифма"></catref>
<catref target="nan" type="Схема рифмовки"></catref>
<catref target="Х4ж,м" type="Метрическая формула"></catref>
<catref target="nan" type="Дополнительные параметры"></catref>
<catref target="8" type="Число строк"></catref>
<catref target="nan" type="Автор оригинала"></catref>
<catref target="nan" type="Язык оригинала"></catref>
</textclass></profiledesc>
</teiheader>
<text>
<body>
<div1 n="1" type="volume">
<div2 n="179" type="part">
<head>179.
Мадригал</head>
<div type="dedication">Кн. Андрониковой</div>
<rs ref="Андроник I Комнен (Комнин)" type="person"></rs>
<lg type="octet">
<l n="1">Дочь Андроника Комнена,<rs ref="Андроник I Комнен (Комнин)" type="person"></rs></l>
<l n="2">Византийской славы дочь!</l>
<l n="3">Помоги мне в эту ночь</l>
<l n="4">Солнце выручить из плена,</l>
<l n="5">Помоги мне пышность тлена</l>
<l n="6">Стройной песнью превозмочь,</l>
<l n="7">Дочь Андроника Комнена,<rs ref="Андроник I Комнен (Комнин)" type="person"></rs></l>
<l n="8">Византийской славы дочь!</l>
</lg>
<date when="1916">1916</date>
</div2>
</div1>
</body>
</text>
</tei>
