<?xml version='1.0' encoding='UTF8'?>
<tei xmlns="http://www.tei-c.org/ns/1.0">
<teiheader>
<filedesc>
<titlestmt>
<title>‹Петрополь›. 1. «Мне холодно. Прозрачная весна...»</title>
<author>О.Э. Мандельштам</author>
</titlestmt>
<publicationstmt>
<p>АРТ-БИЗНЕС-ЦЕНТР МОСКВА 1993</p>
<biblstruct>
<biblscope n="" type="volume"></biblscope>
<biblscope n="" type="part"></biblscope>
</biblstruct></publicationstmt>
<sourcedesc>
<p>Издание подготовлено Мандельштамовским обществом</p>
</sourcedesc>
<respstmt>
<resp>Подготовка и разметка файлов - Алексей Литвинцев, Вероника Файнберг. Создание
          электронного ресурса - Тимофей Молчанов. Руководители проекта - Центр Digital Humanities,
          Мандельштамовское общество (НИУ ВШЭ).</resp>
</respstmt></filedesc>
<profiledesc>
<textdesc n="poem"></textdesc>
<textclass>
<catref target="1_172" type="ID"></catref>
<catref target="О.Э. Мандельштам. Собрание сочинений в 4-х т. -- М.: Терра, 1991" type="Источник"></catref>
<catref target="стихотворение" type="Жанр художественной литературы"></catref>
<catref target="цикл" type="Уточнение жанра"></catref>
<catref target="Я" type="Метр"></catref>
<catref target="5" type="Длина строки"></catref>
<catref target="вольная" type="Клаузула"></catref>
<catref target="ж, м" type="Уточнение клаузулы"></catref>
<catref target="nan" type="Классическая строфа"></catref>
<catref target="вольная" type="Рифма"></catref>
<catref target="nan" type="Схема рифмовки"></catref>
<catref target="Я5ж,м" type="Метрическая формула"></catref>
<catref target="nan" type="Дополнительные параметры"></catref>
<catref target="10" type="Число строк"></catref>
<catref target="nan" type="Автор оригинала"></catref>
<catref target="nan" type="Язык оригинала"></catref>
</textclass></profiledesc>
</teiheader>
<text>
<body>
<div1 n="1" type="volume">
<div2 n="1" type="part">
<head>172—173.
‹Петрополь›</head>
<lg type="10_line">
<l n="1">Мне холодно. Прозрачная весна</l>
<l n="2">В зеленый пух Петрополь одевает,<rs ref="Петербург (Ленинград, Петрополь)" type="geo_index"></rs><rs ref="Москва" type="geo_index"></rs></l>
<l n="3">Но, как медуза, невская волна</l>
<l n="4">Мне отвращенье легкое внушает.</l>
<l n="5">По набережной северной реки</l>
<l n="6">Автомобилей мчатся светляки,</l>
<l n="7">Летят стрекозы и жуки стальные,</l>
<l n="8">Мерцают звезд булавки золотые,</l>
<l n="9">Но никакие звезды не убьют</l>
<l n="10">Морской воды тяжелый изумруд.</l>
</lg>
</div2>
</div1>
</body>
</text>
</tei>
