<?xml version='1.0' encoding='UTF8'?>
<tei xmlns="http://www.tei-c.org/ns/1.0">
<teiheader>
<filedesc>
<titlestmt>
<title>«На розвальнях, уложенных соломой...»</title>
<author>О.Э. Мандельштам</author>
</titlestmt>
<publicationstmt>
<p>АРТ-БИЗНЕС-ЦЕНТР МОСКВА 1993</p>
<biblstruct>
<biblscope n="" type="volume"></biblscope>
<biblscope n="" type="part"></biblscope>
</biblstruct></publicationstmt>
<sourcedesc>
<p>Издание подготовлено Мандельштамовским обществом</p>
</sourcedesc>
<respstmt>
<resp>Подготовка и разметка файлов - Алексей Литвинцев, Вероника Файнберг. Создание
          электронного ресурса - Тимофей Молчанов. Руководители проекта - Центр Digital Humanities,
          Мандельштамовское общество (НИУ ВШЭ).</resp>
</respstmt></filedesc>
<profiledesc>
<textdesc n="poem"></textdesc>
<textclass>
<catref target="1_170" type="ID"></catref>
<catref target="О.Э. Мандельштам. Собрание сочинений в 4-х т. -- М.: Терра, 1991" type="Источник"></catref>
<catref target="стихотворение" type="Жанр художественной литературы"></catref>
<catref target="nan" type="Уточнение жанра"></catref>
<catref target="Я" type="Метр"></catref>
<catref target="5(4,6)" type="Длина строки"></catref>
<catref target="регулярная" type="Клаузула"></catref>
<catref target="жм" type="Уточнение клаузулы"></catref>
<catref target="nan" type="Классическая строфа"></catref>
<catref target="перекрестная" type="Рифма"></catref>
<catref target="абаб" type="Схема рифмовки"></catref>
<catref target="Я5жм. Я4м, Я6ж,м" type="Метрическая формула"></catref>
<catref target="nan" type="Дополнительные параметры"></catref>
<catref target="20" type="Число строк"></catref>
<catref target="nan" type="Автор оригинала"></catref>
<catref target="nan" type="Язык оригинала"></catref>
</textclass></profiledesc>
</teiheader>
<text>
<body>
<div1 n="1" type="volume">
<div2 n="170" type="part">
<head>170.</head>
<lg type="quatrain">
<l n="1">На розвальнях, уложенных соломой,</l>
<l n="2">Едва прикрытые рогожей роковой,</l>
<l n="3">От Воробьевых гор до церковки знакомой<rs ref="Москва" type="geo_index"></rs></l>
<l n="4">Мы ехали огромною Москвой.<rs ref="Москва" type="geo_index"></rs><rs ref="Москва" type="geo_index"></rs></l>
</lg>
<lg type="quatrain">
<l n="5">А в Угличе играют дети в бабки<rs ref="Углич" type="geo_index"></rs></l>
<l n="6">И пахнет хлеб, оставленный в печи.</l>
<l n="7">По улицам меня везут без шапки,</l>
<l n="8">И теплятся в часовне три свечи.</l>
</lg>
<lg type="quatrain">
<l n="9">Не три свечи горели, а три встречи —</l>
<l n="10">Одну из них сам Бог благословил,</l>
<l n="11">Четвертой не бывать, а Рим далече,</l>
<l n="12">И никогда он Рима не любил.</l>
</lg>
<lg type="quatrain">
<l n="13">Ныряли сани в черные ухабы,</l>
<l n="14">И возвращался с гульбища народ.</l>
<l n="15">Худые мужики и злые бабы</l>
<l n="16">Переминались у ворот.</l>
</lg>
<lg type="quatrain">
<l n="17">Сырая даль от птичьих стай чернела,</l>
<l n="18">И связанные руки затекли;</l>
<l n="19">Царевича везут, немеет страшно тело —</l>
<l n="20">И рыжую солому подожгли.</l>
</lg>
<date when="1916-05">Март 1916</date>
</div2>
</div1>
</body>
</text>
</tei>
