<?xml version='1.0' encoding='UTF8'?>
<tei xmlns="http://www.tei-c.org/ns/1.0">
<teiheader>
<filedesc>
<titlestmt>
<title>«О, этот воздух, смутой пьяный...»</title>
<author>О.Э. Мандельштам</author>
</titlestmt>
<publicationstmt>
<p>АРТ-БИЗНЕС-ЦЕНТР МОСКВА 1993</p>
<biblstruct>
<biblscope n="" type="volume"></biblscope>
<biblscope n="" type="part"></biblscope>
</biblstruct></publicationstmt>
<sourcedesc>
<p>Издание подготовлено Мандельштамовским обществом</p>
</sourcedesc>
<respstmt>
<resp>Подготовка и разметка файлов - Алексей Литвинцев, Вероника Файнберг. Создание
          электронного ресурса - Тимофей Молчанов. Руководители проекта - Центр Digital Humanities,
          Мандельштамовское общество (НИУ ВШЭ).</resp>
</respstmt></filedesc>
<profiledesc>
<textdesc n="poem"></textdesc>
<textclass>
<catref target="1_171" type="ID"></catref>
<catref target="О.Э. Мандельштам. Собрание сочинений в 4-х т. -- М.: Терра, 1991" type="Источник"></catref>
<catref target="стихотворение" type="Жанр художественной литературы"></catref>
<catref target="nan" type="Уточнение жанра"></catref>
<catref target="Я" type="Метр"></catref>
<catref target="4" type="Длина строки"></catref>
<catref target="регулярная" type="Клаузула"></catref>
<catref target="жм" type="Уточнение клаузулы"></catref>
<catref target="nan" type="Классическая строфа"></catref>
<catref target="перекрестная" type="Рифма"></catref>
<catref target="абаб" type="Схема рифмовки"></catref>
<catref target="Я4жм" type="Метрическая формула"></catref>
<catref target="nan" type="Дополнительные параметры"></catref>
<catref target="20" type="Число строк"></catref>
<catref target="nan" type="Автор оригинала"></catref>
<catref target="nan" type="Язык оригинала"></catref>
</textclass></profiledesc>
</teiheader>
<text>
<body>
<div1 n="1" type="volume">
<div2 n="171" type="part">
<head>171.</head>
<lg type="quatrain">
<l n="1">О, этот воздух, смутой пьяный</l>
<l n="2">На черной площади Кремля.<rs ref="Москва" type="geo_index"></rs></l>
<l n="3">Качают шаткий «мир» смутьяны,</l>
<l n="4">Тревожно пахнут тополя.</l>
</lg>
<lg type="quatrain">
<l n="5">Соборов восковые лики,</l>
<l n="6">Колоколов дремучий лес,</l>
<l n="7">Как бы разбойник безъязыкий</l>
<l n="8">В стропилах каменных исчез.</l>
</lg>
<lg type="quatrain">
<l n="9">А в запечатанных соборах,</l>
<l n="10">Где и прохладно и темно,</l>
<l n="11">Как в нежных глиняных амфорах,</l>
<l n="12">Играет русское вино.</l>
</lg>
<lg type="quatrain">
<l n="13">Успенский, дивно округленный,<rs ref="Москва" type="geo_index"></rs></l>
<l n="14">Весь удивленье райских дуг,</l>
<l n="15">И Благовещенский, зеленый,<rs ref="Москва" type="geo_index"></rs></l>
<l n="16">И, мнится, заворкует вдруг.</l>
</lg>
<lg type="quatrain">
<l n="17">Архангельский и Воскресенья<rs ref="Москва" type="geo_index"></rs></l>
<l n="18">Просвечивают, как ладонь, —</l>
<l n="19">Повсюду скрытое горенье,</l>
<l n="20">В кувшинах спрятанный огонь...</l>
</lg>
<date when="1916-04">Апрель 1916</date>
</div2>
</div1>
</body>
</text>
</tei>
