<?xml version='1.0' encoding='UTF8'?>
<tei xmlns="http://www.tei-c.org/ns/1.0">
<teiheader>
<filedesc>
<titlestmt>
<title>Декабрист</title>
<author>О.Э. Мандельштам</author>
</titlestmt>
<publicationstmt>
<p>АРТ-БИЗНЕС-ЦЕНТР МОСКВА 1993</p>
<biblstruct>
<biblscope n="" type="volume"></biblscope>
<biblscope n="" type="part"></biblscope>
</biblstruct></publicationstmt>
<sourcedesc>
<p>Издание подготовлено Мандельштамовским обществом</p>
</sourcedesc>
<respstmt>
<resp>Подготовка и разметка файлов - Алексей Литвинцев, Вероника Файнберг. Создание
          электронного ресурса - Тимофей Молчанов. Руководители проекта - Центр Digital Humanities,
          Мандельштамовское общество (НИУ ВШЭ).</resp>
</respstmt></filedesc>
<profiledesc>
<textdesc n="poem"></textdesc>
<textclass>
<catref target="1_181" type="ID"></catref>
<catref target="О.Э. Мандельштам. Собрание сочинений в 4-х т. -- М.: Терра, 1991" type="Источник"></catref>
<catref target="стихотворение" type="Жанр художественной литературы"></catref>
<catref target="nan" type="Уточнение жанра"></catref>
<catref target="Я" type="Метр"></catref>
<catref target="регулярная" type="Длина строки"></catref>
<catref target="регулярная" type="Клаузула"></catref>
<catref target="мж" type="Уточнение клаузулы"></catref>
<catref target="nan" type="Классическая строфа"></catref>
<catref target="перекрестная" type="Рифма"></catref>
<catref target="абаб" type="Схема рифмовки"></catref>
<catref target="Я6м+Я4ж" type="Метрическая формула"></catref>
<catref target="nan" type="Дополнительные параметры"></catref>
<catref target="24" type="Число строк"></catref>
<catref target="nan" type="Автор оригинала"></catref>
<catref target="nan" type="Язык оригинала"></catref>
</textclass></profiledesc>
</teiheader>
<text>
<body>
<div1 n="1" type="volume">
<div2 n="181" type="part">
<head>181.
Декабрист</head>
<lg type="quatrain">
<l n="1">— Тому свидетельство языческий сенат —</l>
<l n="2">Сии дела не умирают!</l>
<l n="3">Он раскурил чубук и запахнул халат,</l>
<l n="4">А рядом в шахматы играют.</l>
</lg>
<lg type="quatrain">
<l n="5">Честолюбивый сон он променял на сруб</l>
<l n="6">В глухом урочище Сибири<rs ref="Сибирь" type="geo_index"></rs></l>
<l n="7">И вычурный чубук у ядовитых губ,</l>
<l n="8">Сказавших правду в скорбном мире.</l>
</lg>
<lg type="quatrain">
<l n="9">Шумели в первый раз германские дубы,</l>
<l n="10">Европа плакала в тенетах.</l>
<l n="11">Квадриги черные вставали на дыбы</l>
<l n="12">На триумфальных поворотах.</l>
</lg>
<lg type="quatrain">
<l n="13">Бывало, голубой в стаканах пунш горит,</l>
<l n="14">С широким шумом самовара</l>
<l n="15">Подруга рейнская тихонько говорит,</l>
<l n="16">Вольнолюбивая гитара.</l>
</lg>
<lg type="quatrain">
<l n="17">— Еще волнуются живые голоса</l>
<l n="18">О сладкой вольности гражданства!</l>
<l n="19">Но жертвы не хотят слепые небеса:</l>
<l n="20">Вернее труд и постоянство.</l>
</lg>
<lg type="quatrain">
<l n="21">Все перепуталось, и некому сказать,</l>
<l n="22">Что, постепенно холодея,</l>
<l n="23">Все перепуталось, и сладко повторять:</l>
<l n="24">Россия, Лета, Лорелея.<rs ref="Лета" type="myth_index"></rs><rs ref="Россия (СССР)" type="geo_index"></rs></l>
</lg>
<date when="1917-06">Июнь 1917</date>
</div2>
</div1>
</body>
</text>
</tei>
