<?xml version='1.0' encoding='UTF8'?>
<tei xmlns="http://www.tei-c.org/ns/1.0">
<teiheader>
<filedesc>
<titlestmt>
<title>Кассандре</title>
<author>О.Э. Мандельштам</author>
</titlestmt>
<publicationstmt>
<p>АРТ-БИЗНЕС-ЦЕНТР МОСКВА 1993</p>
<biblstruct>
<biblscope n="" type="volume"></biblscope>
<biblscope n="" type="part"></biblscope>
</biblstruct></publicationstmt>
<sourcedesc>
<p>Издание подготовлено Мандельштамовским обществом</p>
</sourcedesc>
<respstmt>
<resp>Подготовка и разметка файлов - Алексей Литвинцев, Вероника Файнберг. Создание
          электронного ресурса - Тимофей Молчанов. Руководители проекта - Центр Digital Humanities,
          Мандельштамовское общество (НИУ ВШЭ).</resp>
</respstmt></filedesc>
<profiledesc>
<textdesc n="poem"></textdesc>
<textclass>
<catref target="1_188" type="ID"></catref>
<catref target="О.Э. Мандельштам. Собрание сочинений в 4-х т. -- М.: Терра, 1991" type="Источник"></catref>
<catref target="стихотворение" type="Жанр художественной литературы"></catref>
<catref target="послание" type="Уточнение жанра"></catref>
<catref target="Я" type="Метр"></catref>
<catref target="вольная" type="Длина строки"></catref>
<catref target="регулярная" type="Клаузула"></catref>
<catref target="жм" type="Уточнение клаузулы"></catref>
<catref target="nan" type="Классическая строфа"></catref>
<catref target="перекрестная" type="Рифма"></catref>
<catref target="абаб" type="Схема рифмовки"></catref>
<catref target="Я4,5,6жм" type="Метрическая формула"></catref>
<catref target="nan" type="Дополнительные параметры"></catref>
<catref target="24" type="Число строк"></catref>
<catref target="nan" type="Автор оригинала"></catref>
<catref target="nan" type="Язык оригинала"></catref>
</textclass></profiledesc>
</teiheader>
<text>
<body>
<div1 n="1" type="volume">
<div2 n="188" type="part">
<head>188.
Кассандре</head>
<lg type="quatrain">
<l n="1">Я не искал в цветущие мгновенья</l>
<l n="2">Твоих, Кассандра, губ, твоих, Кассандра, глаз,</l>
<l n="3">Но в декабре — торжественное бденье —</l>
<l n="4">Воспоминанье мучит нас!</l>
</lg>
<lg type="quatrain">
<l n="5">И в декабре семнадцатого года</l>
<l n="6">Все потеряли мы, любя:</l>
<l n="7">Один ограблен волею народа,</l>
<l n="8">Другой ограбил сам себя...</l>
</lg>
<lg type="quatrain">
<l n="9">Но, если эта жизнь — необходимость бреда</l>
<l n="10">И корабельный лес — высокие дома, —</l>
<l n="11">Лети, безрукая победа —</l>
<l n="12">Гиперборейская чума!</l>
</lg>
<lg type="quatrain">
<l n="13">На площади с броневиками</l>
<l n="14">Я вижу человека: он</l>
<l n="15">Волков горящими пугает головнями:</l>
<l n="16">Свобода, равенство, закон!</l>
</lg>
<lg type="quatrain">
<l n="17">Касатка милая, Кассандра,</l>
<l n="18">Ты стонешь, ты горишь — зачем</l>
<l n="19">Сияло солнце Александра,</l>
<l n="20">Сто лет назад, сияло всем?</l>
</lg>
<lg type="quatrain">
<l n="21">Когда-нибудь в столице шалой,</l>
<l n="22">На скифском празднике, на берегу Невы,</l>
<l n="23">При звуках омерзительного бала</l>
<l n="24">Сорвут платок с прекрасной головы...</l>
</lg>
<date when="1917-12">‹Декабрь› 1917</date>
</div2>
</div1>
</body>
</text>
</tei>
