<?xml version='1.0' encoding='UTF8'?>
<tei xmlns="http://www.tei-c.org/ns/1.0">
<teiheader>
<filedesc>
<titlestmt>
<title>«Собирались эллины войною...»</title>
<author>О.Э. Мандельштам</author>
</titlestmt>
<publicationstmt>
<p>АРТ-БИЗНЕС-ЦЕНТР МОСКВА 1993</p>
<biblstruct>
<biblscope n="" type="volume"></biblscope>
<biblscope n="" type="part"></biblscope>
</biblstruct></publicationstmt>
<sourcedesc>
<p>Издание подготовлено Мандельштамовским обществом</p>
</sourcedesc>
<respstmt>
<resp>Подготовка и разметка файлов - Алексей Литвинцев, Вероника Файнберг. Создание
          электронного ресурса - Тимофей Молчанов. Руководители проекта - Центр Digital Humanities,
          Мандельштамовское общество (НИУ ВШЭ).</resp>
</respstmt></filedesc>
<profiledesc>
<textdesc n="poem"></textdesc>
<textclass>
<catref target="1_180" type="ID"></catref>
<catref target="О.Э. Мандельштам. Собрание сочинений в 4-х т. -- М.: Терра, 1991" type="Источник"></catref>
<catref target="стихотворение" type="Жанр художественной литературы"></catref>
<catref target="nan" type="Уточнение жанра"></catref>
<catref target="Х" type="Метр"></catref>
<catref target="5" type="Длина строки"></catref>
<catref target="регулярная" type="Клаузула"></catref>
<catref target="жм" type="Уточнение клаузулы"></catref>
<catref target="nan" type="Классическая строфа"></catref>
<catref target="перекрестная" type="Рифма"></catref>
<catref target="абаб" type="Схема рифмовки"></catref>
<catref target="Х5жм" type="Метрическая формула"></catref>
<catref target="nan" type="Дополнительные параметры"></catref>
<catref target="12" type="Число строк"></catref>
<catref target="nan" type="Автор оригинала"></catref>
<catref target="nan" type="Язык оригинала"></catref>
</textclass></profiledesc>
</teiheader>
<text>
<body>
<div1 n="1" type="volume">
<div2 n="180" type="part">
<head>180.</head>
<lg type="quatrain">
<l n="1">Собирались эллины войною</l>
<l n="2">На прелестный остров Саламин, —<rs ref="Саломея" type="myth_index"></rs><rs ref="Саламин" type="geo_index"></rs></l>
<l n="3">Он, отторгнут вражеской рукою,</l>
<l n="4">Виден был из гавани Афин.<rs ref="Афины" type="geo_index"></rs></l>
</lg>
<lg type="quatrain">
<l n="5">А теперь друзья-островитяне</l>
<l n="6">Снаряжают наши корабли —</l>
<l n="7">Не любили раньше англичане</l>
<l n="8">Европейской сладостной земли.<rs ref="Европа" type="geo_index"></rs></l>
</lg>
<lg type="quatrain">
<l n="9">О, Европа, новая Эллада!<rs ref="Европа" type="geo_index"></rs></l>
<l n="10">Охраняй, Акрополь и Пирей!<rs ref="Пирей" type="geo_index"></rs><rs ref="Афины" type="geo_index"></rs></l>
<l n="11">Нам подарков с острова не надо —</l>
<l n="12">Целый лес незваных кораблей.</l>
</lg>
<date when="1916-12">Декабрь 1916</date>
</div2>
</div1>
</body>
</text>
</tei>
