<?xml version='1.0' encoding='UTF8'?>
<tei xmlns="http://www.tei-c.org/ns/1.0">
<teiheader>
<filedesc>
<titlestmt>
<title>«Среди священников левитом молодым...»</title>
<author>О.Э. Мандельштам</author>
</titlestmt>
<publicationstmt>
<p>АРТ-БИЗНЕС-ЦЕНТР МОСКВА 1993</p>
<biblstruct>
<biblscope n="" type="volume"></biblscope>
<biblscope n="" type="part"></biblscope>
</biblstruct></publicationstmt>
<sourcedesc>
<p>Издание подготовлено Мандельштамовским обществом</p>
</sourcedesc>
<respstmt>
<resp>Подготовка и разметка файлов - Алексей Литвинцев, Вероника Файнберг. Создание
          электронного ресурса - Тимофей Молчанов. Руководители проекта - Центр Digital Humanities,
          Мандельштамовское общество (НИУ ВШЭ).</resp>
</respstmt></filedesc>
<profiledesc>
<textdesc n="poem"></textdesc>
<textclass>
<catref target="1_184" type="ID"></catref>
<catref target="О.Э. Мандельштам. Собрание сочинений в 4-х т. -- М.: Терра, 1991" type="Источник"></catref>
<catref target="стихотворение" type="Жанр художественной литературы"></catref>
<catref target="nan" type="Уточнение жанра"></catref>
<catref target="Я" type="Метр"></catref>
<catref target="6" type="Длина строки"></catref>
<catref target="вольная" type="Клаузула"></catref>
<catref target="ж, м" type="Уточнение клаузулы"></catref>
<catref target="nan" type="Классическая строфа"></catref>
<catref target="вольная" type="Рифма"></catref>
<catref target="nan" type="Схема рифмовки"></catref>
<catref target="Я6ж,м" type="Метрическая формула"></catref>
<catref target="nan" type="Дополнительные параметры"></catref>
<catref target="12" type="Число строк"></catref>
<catref target="nan" type="Автор оригинала"></catref>
<catref target="nan" type="Язык оригинала"></catref>
</textclass></profiledesc>
</teiheader>
<text>
<body>
<div1 n="1" type="volume">
<div2 n="184" type="part">
<head>184.</head>
<div type="dedication">А. В. Карташеву</div>
<rs ref="Карташов, Антон Владимирович" type="person"></rs>
<lg type="quatrain">
<l n="1">Среди священников левитом молодым</l>
<l n="2">На страже утренней он долго оставался.</l>
<l n="3">Ночь иудейская сгущалася над ним,</l>
<l n="4">И храм разрушенный угрюмо созидался.</l>
</lg>
<lg type="quatrain">
<l n="5">Он говорил: небес тревожна желтизна!</l>
<l n="6">Уж над Евфратом ночь: бегите, иереи!<rs ref="Евфрат" type="geo_index"></rs></l>
<l n="7">А старцы думали: не наша в том вина —</l>
<l n="8">Се черно-желтый свет, се радость Иудеи!<rs ref="Иудея" type="geo_index"></rs></l>
</lg>
<lg type="quatrain">
<l n="9">Он с нами был, когда на берегу ручья</l>
<l n="10">Мы в драгоценный лен Субботу пеленали</l>
<l n="11">И семисвещником тяжелым освещали</l>
<l n="12">Ерусалима ночь и чад небытия.</l>
</lg>
<date when="1917">1917</date>
</div2>
</div1>
</body>
</text>
</tei>
