<?xml version='1.0' encoding='UTF8'?>
<tei xmlns="http://www.tei-c.org/ns/1.0">
<teiheader>
<filedesc>
<titlestmt>
<title>« В тот вечер не гудел стрельчатый лес органа...»</title>
<author>О.Э. Мандельштам</author>
</titlestmt>
<publicationstmt>
<p>АРТ-БИЗНЕС-ЦЕНТР МОСКВА 1993</p>
<biblstruct>
<biblscope n="" type="volume"></biblscope>
<biblscope n="" type="part"></biblscope>
</biblstruct></publicationstmt>
<sourcedesc>
<p>Издание подготовлено Мандельштамовским обществом</p>
</sourcedesc>
<respstmt>
<resp>Подготовка и разметка файлов - Алексей Литвинцев, Вероника Файнберг. Создание
          электронного ресурса - Тимофей Молчанов. Руководители проекта - Центр Digital Humanities,
          Мандельштамовское общество (НИУ ВШЭ).</resp>
</respstmt></filedesc>
<profiledesc>
<textdesc n="poem"></textdesc>
<textclass>
<catref target="1_189" type="ID"></catref>
<catref target="О.Э. Мандельштам. Собрание сочинений в 4-х т. -- М.: Терра, 1991" type="Источник"></catref>
<catref target="стихотворение" type="Жанр художественной литературы"></catref>
<catref target="послание" type="Уточнение жанра"></catref>
<catref target="Я" type="Метр"></catref>
<catref target="6" type="Длина строки"></catref>
<catref target="регулярная" type="Клаузула"></catref>
<catref target="жм" type="Уточнение клаузулы"></catref>
<catref target="nan" type="Классическая строфа"></catref>
<catref target="перекрестная" type="Рифма"></catref>
<catref target="абаб" type="Схема рифмовки"></catref>
<catref target="Я6жм. Я4м, Я5ж" type="Метрическая формула"></catref>
<catref target="nan" type="Дополнительные параметры"></catref>
<catref target="12" type="Число строк"></catref>
<catref target="nan" type="Автор оригинала"></catref>
<catref target="nan" type="Язык оригинала"></catref>
</textclass></profiledesc>
</teiheader>
<text>
<body>
<div1 n="1" type="volume">
<div2 n="189" type="part">
<head>189.</head>
<epigraph>
<quote>Du, Doppelgänger, du, bleicher Geselle!..*</quote>
</epigraph>
<lg type="quatrain">
<l n="1">В тот вечер не гудел стрельчатый лес органа.</l>
<l n="2">Нам пели Шуберта — родная колыбель!<rs ref="Шуберт, Франц Петер" type="person"></rs></l>
<l n="3">Шумела мельница, и в песнях урагана</l>
<l n="4">Смеялся музыки голубоглазый хмель!</l>
</lg>
<lg type="quatrain">
<l n="5">Старинной песни мир — коричневый, зеленый,</l>
<l n="6">Но только вечно-молодой,</l>
<l n="7">Где соловьиных лип рокочущие кроны</l>
<l n="8">С безумной яростью качает царь лесной.</l>
</lg>
<lg type="quatrain">
<l n="9">И сила страшная ночного возвращенья —</l>
<l n="10">Та песня дикая, как черное вино:</l>
<l n="11">Это двойник — пустое привиденье —</l>
<l n="12">Бессмысленно глядит в холодное окно!</l>
</lg>
<date when="1918-01">Январь 1918</date>
<note>
* О, ‹мой› двойник, о, ‹мой› бледный собрат!.. ‹Г. Гейне› (нем.)
</note>
<rs ref="Гейне, Генрих" type="person"></rs>
</div2>
</div1>
</body>
</text>
</tei>
