<?xml version='1.0' encoding='UTF8'?>
<tei xmlns="http://www.tei-c.org/ns/1.0">
<teiheader>
<filedesc>
<titlestmt>
<title>«Когда на площадях и в тишине келейной...»</title>
<author>О.Э. Мандельштам</author>
</titlestmt>
<publicationstmt>
<p>АРТ-БИЗНЕС-ЦЕНТР МОСКВА 1993</p>
<biblstruct>
<biblscope n="" type="volume"></biblscope>
<biblscope n="" type="part"></biblscope>
</biblstruct></publicationstmt>
<sourcedesc>
<p>Издание подготовлено Мандельштамовским обществом</p>
</sourcedesc>
<respstmt>
<resp>Подготовка и разметка файлов - Алексей Литвинцев, Вероника Файнберг. Создание
          электронного ресурса - Тимофей Молчанов. Руководители проекта - Центр Digital Humanities,
          Мандельштамовское общество (НИУ ВШЭ).</resp>
</respstmt></filedesc>
<profiledesc>
<textdesc n="poem"></textdesc>
<textclass>
<catref target="1_187" type="ID"></catref>
<catref target="О.Э. Мандельштам. Собрание сочинений в 4-х т. -- М.: Терра, 1991" type="Источник"></catref>
<catref target="стихотворение" type="Жанр художественной литературы"></catref>
<catref target="nan" type="Уточнение жанра"></catref>
<catref target="Я" type="Метр"></catref>
<catref target="вольная" type="Длина строки"></catref>
<catref target="регулярная" type="Клаузула"></catref>
<catref target="жм" type="Уточнение клаузулы"></catref>
<catref target="nan" type="Классическая строфа"></catref>
<catref target="перекрестная" type="Рифма"></catref>
<catref target="абаб" type="Схема рифмовки"></catref>
<catref target="Я4,5,6жм" type="Метрическая формула"></catref>
<catref target="nan" type="Дополнительные параметры"></catref>
<catref target="16" type="Число строк"></catref>
<catref target="nan" type="Автор оригинала"></catref>
<catref target="nan" type="Язык оригинала"></catref>
</textclass></profiledesc>
</teiheader>
<text>
<body>
<div1 n="1" type="volume">
<div2 n="187" type="part">
<head>187.</head>
<lg type="quatrain">
<l n="1">Когда на площадях и в тишине келейной</l>
<l n="2">Мы сходим медленно с ума,</l>
<l n="3">Холодного и чистого рейнвейна</l>
<l n="4">Предложит нам жестокая зима.</l>
</lg>
<lg type="quatrain">
<l n="5">В серебряном ведре нам предлагает стужа</l>
<l n="6">Валгаллы белое вино,</l>
<l n="7">И светлый образ северного мужа</l>
<l n="8">Напоминает нам оно.</l>
</lg>
<lg type="quatrain">
<l n="9">Но северные скальды грубы,</l>
<l n="10">Не знают радостей игры,</l>
<l n="11">И северным дружинам любы</l>
<l n="12">Янтарь, пожары и пиры.</l>
</lg>
<lg type="quatrain">
<l n="13">Им только снится воздух юга —</l>
<l n="14">Чужого неба волшебство, —</l>
<l n="15">И все-таки упрямая подруга</l>
<l n="16">Откажется попробовать его.</l>
</lg>
<date when="1917-12">‹Декабрь› 1917</date>
</div2>
</div1>
</body>
</text>
</tei>
