<?xml version='1.0' encoding='UTF8'?>
<tei xmlns="http://www.tei-c.org/ns/1.0">
<teiheader>
<filedesc>
<titlestmt>
<title>«Когда октябрьский нам готовил временщик...»</title>
<author>О.Э. Мандельштам</author>
</titlestmt>
<publicationstmt>
<p>АРТ-БИЗНЕС-ЦЕНТР МОСКВА 1993</p>
<biblstruct>
<biblscope n="" type="volume"></biblscope>
<biblscope n="" type="part"></biblscope>
</biblstruct></publicationstmt>
<sourcedesc>
<p>Издание подготовлено Мандельштамовским обществом</p>
</sourcedesc>
<respstmt>
<resp>Подготовка и разметка файлов - Алексей Литвинцев, Вероника Файнберг. Создание
          электронного ресурса - Тимофей Молчанов. Руководители проекта - Центр Digital Humanities,
          Мандельштамовское общество (НИУ ВШЭ).</resp>
</respstmt></filedesc>
<profiledesc>
<textdesc n="poem"></textdesc>
<textclass>
<catref target="1_185" type="ID"></catref>
<catref target="О.Э. Мандельштам. Собрание сочинений в 4-х т. -- М.: Терра, 1991" type="Источник"></catref>
<catref target="стихотворение" type="Жанр художественной литературы"></catref>
<catref target="nan" type="Уточнение жанра"></catref>
<catref target="Я" type="Метр"></catref>
<catref target="регулярная" type="Длина строки"></catref>
<catref target="регулярная" type="Клаузула"></catref>
<catref target="мж" type="Уточнение клаузулы"></catref>
<catref target="nan" type="Классическая строфа"></catref>
<catref target="перекрестная" type="Рифма"></catref>
<catref target="абаб" type="Схема рифмовки"></catref>
<catref target="Я6м+Я4ж" type="Метрическая формула"></catref>
<catref target="nan" type="Дополнительные параметры"></catref>
<catref target="20" type="Число строк"></catref>
<catref target="nan" type="Автор оригинала"></catref>
<catref target="nan" type="Язык оригинала"></catref>
</textclass></profiledesc>
</teiheader>
<text>
<body>
<div1 n="1" type="volume">
<div2 n="185" type="part">
<head>185.</head>
<lg type="quatrain">
<l n="1">Когда октябрьский нам готовил временщик</l>
<l n="2">Ярмо насилия и злобы</l>
<l n="3">И ощетинился убийца-броневик,</l>
<l n="4">И пулеметчик низколобый, —</l>
</lg>
<lg type="quatrain">
<l n="5">— Керенского распять! — потребовал солдат,</l>
<l n="6">И злая чернь рукоплескала:</l>
<l n="7">Нам сердце на штыки позволил взять Пилат,<rs ref="Пилат Понтий" type="myth_index"></rs></l>
<l n="8">И сердце биться перестало!</l>
</lg>
<lg type="quatrain">
<l n="9">И укоризненно мелькает эта тень,</l>
<l n="10">Где зданий красная подкова;</l>
<l n="11">Как будто слышу я в октябрьский тусклый день:</l>
<l n="12">— Вязать его, щенка Петрова!<rs ref="Москва" type="geo_index"></rs><rs ref="Петр I" type="person"></rs></l>
</lg>
<lg type="quatrain">
<l n="13">Среди гражданских бурь и яростных личин,</l>
<l n="14">Тончайшим гневом пламенея,</l>
<l n="15">Ты шел бестрепетно, свободный гражданин,</l>
<l n="16">Куда вела тебя Психея.<rs ref="Психея" type="myth_index"></rs></l>
</lg>
<lg type="quatrain">
<l n="17">И если для других восторженный народ</l>
<l n="18">Венки свивает золотые, —</l>
<l n="19">Благословить тебя в далекий ад сойдет<rs ref="Москва" type="geo_index"></rs></l>
<l n="20">Стопами легкими Россия.<rs ref="Россия (СССР)" type="geo_index"></rs></l>
</lg>
<date when="1917-11">Ноябрь 1917</date>
</div2>
</div1>
</body>
</text>
</tei>
