<?xml version='1.0' encoding='UTF8'?>
<tei xmlns="http://www.tei-c.org/ns/1.0">
<teiheader>
<filedesc>
<titlestmt>
<title>«Золотистого меда струя из бутылки текла...»</title>
<author>О.Э. Мандельштам</author>
</titlestmt>
<publicationstmt>
<p>АРТ-БИЗНЕС-ЦЕНТР МОСКВА 1993</p>
<biblstruct>
<biblscope n="" type="volume"></biblscope>
<biblscope n="" type="part"></biblscope>
</biblstruct></publicationstmt>
<sourcedesc>
<p>Издание подготовлено Мандельштамовским обществом</p>
</sourcedesc>
<respstmt>
<resp>Подготовка и разметка файлов - Алексей Литвинцев, Вероника Файнберг. Создание
          электронного ресурса - Тимофей Молчанов. Руководители проекта - Центр Digital Humanities,
          Мандельштамовское общество (НИУ ВШЭ).</resp>
</respstmt></filedesc>
<profiledesc>
<textdesc n="poem"></textdesc>
<textclass>
<catref target="1_182" type="ID"></catref>
<catref target="О.Э. Мандельштам. Собрание сочинений в 4-х т. -- М.: Терра, 1991" type="Источник"></catref>
<catref target="стихотворение" type="Жанр художественной литературы"></catref>
<catref target="nan" type="Уточнение жанра"></catref>
<catref target="Ан" type="Метр"></catref>
<catref target="5" type="Длина строки"></catref>
<catref target="регулярная" type="Клаузула"></catref>
<catref target="мж" type="Уточнение клаузулы"></catref>
<catref target="nan" type="Классическая строфа"></catref>
<catref target="перекрестная" type="Рифма"></catref>
<catref target="абаб" type="Схема рифмовки"></catref>
<catref target="Ан5мж" type="Метрическая формула"></catref>
<catref target="nan" type="Дополнительные параметры"></catref>
<catref target="25" type="Число строк"></catref>
<catref target="nan" type="Автор оригинала"></catref>
<catref target="nan" type="Язык оригинала"></catref>
</textclass></profiledesc>
</teiheader>
<text>
<body>
<div1 n="1" type="volume">
<div2 n="182" type="part">
<head>182.</head>
<div type="dedication">Вере Артуровне и Сергею
Юрьевичу С‹удейкиным›</div>
<lg type="quatrain">
<l n="1">Золотистого меда струя из бутылки текла</l>
<l n="2">Так тягуче и долго, что молвить хозяйка успела:</l>
<l n="3">— Здесь, в печальной Тавриде, куда нас судьба занесла,</l>
<l n="4">Мы совсем не скучаем, — и через плечо поглядела.</l>
</lg>
<lg type="quatrain">
<l n="5">Всюду Бахуса службы, как будто на свете одни<rs ref="Бахус" type="myth_index"></rs></l>
<l n="6">Сторожа и собаки, — идешь, никого не заметишь.</l>
<l n="7">Как тяжелые бочки, спокойные катятся дни.</l>
<l n="8">Далеко в шалаше голоса — не поймешь, не ответишь.</l>
</lg>
<lg type="quatrain">
<l n="9">После чаю мы вышли в огромный коричневый сад,</l>
<l n="10">Как ресницы на окнах опущены темные шторы.</l>
<l n="11">Мимо белых колонн мы пошли посмотреть виноград,</l>
<l n="12">Где воздушным стеклом обливаются сонные горы.</l>
</lg>
<lg type="quatrain">
<l n="13">Я сказал: виноград, как старинная битва, живет,</l>
<l n="14">Где курчавые всадники бьются в кудрявом порядке;</l>
<l n="15">В каменистой Тавриде наука Эллады — и вот<rs ref="Эллада" type="geo_index"></rs></l>
<l n="16">Золотых десятин благородные, ржавые грядки.</l>
</lg>
<lg type="quatrain">
<l n="17">Ну, а в комнате белой, как прялка, стоит тишина,</l>
<l n="18">Пахнет уксусом, краской и свежим вином из подвала.</l>
<l n="19">Помнишь, в греческом доме: любимая всеми жена —</l>
<l n="20">Не Елена — другая, — как долго она вышивала?<rs ref="Елена" type="myth_index"></rs></l>
</lg>
<lg type="quatrain">
<l n="21">Золотое руно, где же ты, золотое руно?</l>
<l n="22">Всю дорогу шумели морские тяжелые волны,</l>
<l n="23">И, покинув корабль, натрудивший в морях полотно,</l>
<l n="24">Одиссей возвратился, пространством и временем полный.<rs ref="Одиссей (Улисс)" type="myth_index"></rs></l>
</lg>
<date when="1917-08-11">11 августа 1917, Алушта</date>
<rs ref="Алушта" type="geo_index"></rs>
</div2>
</div1>
</body>
</text>
</tei>
