<?xml version='1.0' encoding='UTF8'?>
<tei xmlns="http://www.tei-c.org/ns/1.0">
<teiheader>
<filedesc>
<titlestmt>
<title>«Все чуждо нам в столице непотребной...»</title>
<author>О.Э. Мандельштам</author>
</titlestmt>
<publicationstmt>
<p>АРТ-БИЗНЕС-ЦЕНТР МОСКВА 1993</p>
<biblstruct>
<biblscope n="" type="volume"></biblscope>
<biblscope n="" type="part"></biblscope>
</biblstruct></publicationstmt>
<sourcedesc>
<p>Издание подготовлено Мандельштамовским обществом</p>
</sourcedesc>
<respstmt>
<resp>Подготовка и разметка файлов - Алексей Литвинцев, Вероника Файнберг. Создание
          электронного ресурса - Тимофей Молчанов. Руководители проекта - Центр Digital Humanities,
          Мандельштамовское общество (НИУ ВШЭ).</resp>
</respstmt></filedesc>
<profiledesc>
<textdesc n="poem"></textdesc>
<textclass>
<catref target="1_195" type="ID"></catref>
<catref target="О.Э. Мандельштам. Собрание сочинений в 4-х т. -- М.: Терра, 1991" type="Источник"></catref>
<catref target="стихотворение" type="Жанр художественной литературы"></catref>
<catref target="nan" type="Уточнение жанра"></catref>
<catref target="Я" type="Метр"></catref>
<catref target="5" type="Длина строки"></catref>
<catref target="регулярная" type="Клаузула"></catref>
<catref target="жм" type="Уточнение клаузулы"></catref>
<catref target="nan" type="Классическая строфа"></catref>
<catref target="перекрестная" type="Рифма"></catref>
<catref target="абаб" type="Схема рифмовки"></catref>
<catref target="Я5жм" type="Метрическая формула"></catref>
<catref target="nan" type="Дополнительные параметры"></catref>
<catref target="16" type="Число строк"></catref>
<catref target="nan" type="Автор оригинала"></catref>
<catref target="nan" type="Язык оригинала"></catref>
</textclass></profiledesc>
</teiheader>
<text>
<body>
<div1 n="1" type="volume">
<div2 n="195" type="part">
<head>195.</head>
<lg type="quatrain">
<l n="1">Все чуждо нам в столице непотребной:</l>
<l n="2">Ее сухая черствая земля,</l>
<l n="3">И буйный торг на Сухаревке хлебной,<rs ref="Москва" type="geo_index"></rs></l>
<l n="4">И страшный вид разбойного Кремля.<rs ref="Москва" type="geo_index"></rs></l>
</lg>
<lg type="quatrain">
<l n="5">Она, дремучая, всем миром правит.</l>
<l n="6">Мильонами скрипучих арб она</l>
<l n="7">Качнулась в путь — и полвселенной давит</l>
<l n="8">Ее базаров бабья ширина.</l>
</lg>
<lg type="quatrain">
<l n="9">Ее церквей благоуханных соты —</l>
<l n="10">Как дикий мед, заброшенный в леса,</l>
<l n="11">И птичьих стай густые перелеты</l>
<l n="12">Угрюмые волнуют небеса.</l>
</lg>
<lg type="quatrain">
<l n="13">Она в торговле хитрая лисица,</l>
<l n="14">А перед князем — жалкая раба.</l>
<l n="15">Удельной речки мутная водица</l>
<l n="16">Течет, как встарь, в сухие желоба.</l>
</lg>
<date from="1918-05" to="1918-06">‹Май-июнь› 1918</date>
</div2>
</div1>
</body>
</text>
</tei>
