<?xml version='1.0' encoding='UTF8'?>
<tei xmlns="http://www.tei-c.org/ns/1.0">
<teiheader>
<filedesc>
<titlestmt>
<title>«В хрустальном омуте какая крутизна!..»</title>
<author>О.Э. Мандельштам</author>
</titlestmt>
<publicationstmt>
<p>АРТ-БИЗНЕС-ЦЕНТР МОСКВА 1993</p>
<biblstruct>
<biblscope n="" type="volume"></biblscope>
<biblscope n="" type="part"></biblscope>
</biblstruct></publicationstmt>
<sourcedesc>
<p>Издание подготовлено Мандельштамовским обществом</p>
</sourcedesc>
<respstmt>
<resp>Подготовка и разметка файлов - Алексей Литвинцев, Вероника Файнберг. Создание
          электронного ресурса - Тимофей Молчанов. Руководители проекта - Центр Digital Humanities,
          Мандельштамовское общество (НИУ ВШЭ).</resp>
</respstmt></filedesc>
<profiledesc>
<textdesc n="poem"></textdesc>
<textclass>
<catref target="1_199" type="ID"></catref>
<catref target="О.Э. Мандельштам. Собрание сочинений в 4-х т. -- М.: Терра, 1991" type="Источник"></catref>
<catref target="стихотворение" type="Жанр художественной литературы"></catref>
<catref target="nan" type="Уточнение жанра"></catref>
<catref target="Я" type="Метр"></catref>
<catref target="6" type="Длина строки"></catref>
<catref target="регулярная" type="Клаузула"></catref>
<catref target="мжжм" type="Уточнение клаузулы"></catref>
<catref target="nan" type="Классическая строфа"></catref>
<catref target="охватная" type="Рифма"></catref>
<catref target="абба" type="Схема рифмовки"></catref>
<catref target="Я6мж" type="Метрическая формула"></catref>
<catref target="nan" type="Дополнительные параметры"></catref>
<catref target="16" type="Число строк"></catref>
<catref target="nan" type="Автор оригинала"></catref>
<catref target="nan" type="Язык оригинала"></catref>
</textclass></profiledesc>
</teiheader>
<text>
<body>
<div1 n="1" type="volume">
<div2 n="199" type="part">
<head>199.</head>
<lg type="quatrain">
<l n="1">В хрустальном омуте какая крутизна!</l>
<l n="2">За нас сиенские предстательствуют горы,</l>
<l n="3">И сумасшедших скал колючие соборы</l>
<l n="4">Повисли в воздухе, где шерсть и тишина.</l>
</lg>
<lg type="quatrain">
<l n="5">С висячей лестницы пророков и царей</l>
<l n="6">Спускается орган, Святого Духа крепость,</l>
<l n="7">Овчарок бодрый лай и добрая свирепость,</l>
<l n="8">Овчины пастухов и посохи судей.</l>
</lg>
<lg type="quatrain">
<l n="9">Вот неподвижная земля, и вместе с ней</l>
<l n="10">Я христианства пью холодный горный воздух,</l>
<l n="11">Крутое «Верую» и псалмопевца роздых,</l>
<l n="12">Ключи и рубища апостольских церквей.</l>
</lg>
<lg type="quatrain">
<l n="13">Какая линия могла бы передать</l>
<l n="14">Хрусталь высоких нот в эфире укрепленном,</l>
<l n="15">И с христианских гор в пространстве изумленном,</l>
<l n="16">Как Палестрины песнь, нисходит благодать.<rs ref="Палестрина" type="person"></rs></l>
</lg>
<date from="1919-09" to="1919-011">‹Осень› 1919</date>
</div2>
</div1>
</body>
</text>
</tei>
