<?xml version='1.0' encoding='UTF8'?>
<tei xmlns="http://www.tei-c.org/ns/1.0">
<teiheader>
<filedesc>
<titlestmt>
<title>«Что поют часы-кузнечик...»</title>
<author>О.Э. Мандельштам</author>
</titlestmt>
<publicationstmt>
<p>АРТ-БИЗНЕС-ЦЕНТР МОСКВА 1993</p>
<biblstruct>
<biblscope n="" type="volume"></biblscope>
<biblscope n="" type="part"></biblscope>
</biblstruct></publicationstmt>
<sourcedesc>
<p>Издание подготовлено Мандельштамовским обществом</p>
</sourcedesc>
<respstmt>
<resp>Подготовка и разметка файлов - Алексей Литвинцев, Вероника Файнберг. Создание
          электронного ресурса - Тимофей Молчанов. Руководители проекта - Центр Digital Humanities,
          Мандельштамовское общество (НИУ ВШЭ).</resp>
</respstmt></filedesc>
<profiledesc>
<textdesc n="poem"></textdesc>
<textclass>
<catref target="1_191" type="ID"></catref>
<catref target="О.Э. Мандельштам. Собрание сочинений в 4-х т. -- М.: Терра, 1991" type="Источник"></catref>
<catref target="стихотворение" type="Жанр художественной литературы"></catref>
<catref target="nan" type="Уточнение жанра"></catref>
<catref target="Х" type="Метр"></catref>
<catref target="4" type="Длина строки"></catref>
<catref target="регулярная" type="Клаузула"></catref>
<catref target="жм" type="Уточнение клаузулы"></catref>
<catref target="nan" type="Классическая строфа"></catref>
<catref target="перекрестная" type="Рифма"></catref>
<catref target="абаб" type="Схема рифмовки"></catref>
<catref target="Х4жм" type="Метрическая формула"></catref>
<catref target="nan" type="Дополнительные параметры"></catref>
<catref target="16" type="Число строк"></catref>
<catref target="nan" type="Автор оригинала"></catref>
<catref target="nan" type="Язык оригинала"></catref>
</textclass></profiledesc>
</teiheader>
<text>
<body>
<div1 n="1" type="volume">
<div2 n="191" type="part">
<head>191.</head>
<lg type="quatrain">
<l n="1">Что поют часы-кузнечик,</l>
<l n="2">Лихорадка шелестит</l>
<l n="3">И шуршит сухая печка —</l>
<l n="4">Это красный шелк горит.</l>
</lg>
<lg type="quatrain">
<l n="5">Что зубами мыши точат</l>
<l n="6">Жизни тоненькое дно —</l>
<l n="7">Это ласточка и дочка</l>
<l n="8">Отвязала мой челнок.</l>
</lg>
<lg type="quatrain">
<l n="9">Что на крыше дождь бормочет —</l>
<l n="10">Это черный шелк горит,</l>
<l n="11">Но черемуха услышит</l>
<l n="12">И на дне морском простит.</l>
</lg>
<lg type="quatrain">
<l n="13">Потому что смерть невинна,</l>
<l n="14">И ничем нельзя помочь,</l>
<l n="15">Что в горячке соловьиной</l>
<l n="16">Сердце теплое еще.</l>
</lg>
<date when="1918">Начало 1918</date>
</div2>
</div1>
</body>
</text>
</tei>
