<?xml version='1.0' encoding='UTF8'?>
<tei xmlns="http://www.tei-c.org/ns/1.0">
<teiheader>
<filedesc>
<titlestmt>
<title>«Твое чудесное произношенье...»</title>
<author>О.Э. Мандельштам</author>
</titlestmt>
<publicationstmt>
<p>АРТ-БИЗНЕС-ЦЕНТР МОСКВА 1993</p>
<biblstruct>
<biblscope n="" type="volume"></biblscope>
<biblscope n="" type="part"></biblscope>
</biblstruct></publicationstmt>
<sourcedesc>
<p>Издание подготовлено Мандельштамовским обществом</p>
</sourcedesc>
<respstmt>
<resp>Подготовка и разметка файлов - Алексей Литвинцев, Вероника Файнберг. Создание
          электронного ресурса - Тимофей Молчанов. Руководители проекта - Центр Digital Humanities,
          Мандельштамовское общество (НИУ ВШЭ).</resp>
</respstmt></filedesc>
<profiledesc>
<textdesc n="poem"></textdesc>
<textclass>
<catref target="1_190" type="ID"></catref>
<catref target="О.Э. Мандельштам. Собрание сочинений в 4-х т. -- М.: Терра, 1991" type="Источник"></catref>
<catref target="стихотворение" type="Жанр художественной литературы"></catref>
<catref target="nan" type="Уточнение жанра"></catref>
<catref target="Я" type="Метр"></catref>
<catref target="4(5)" type="Длина строки"></catref>
<catref target="регулярная" type="Клаузула"></catref>
<catref target="жм" type="Уточнение клаузулы"></catref>
<catref target="nan" type="Классическая строфа"></catref>
<catref target="перекрестная" type="Рифма"></catref>
<catref target="абаб" type="Схема рифмовки"></catref>
<catref target="Я4жм. Я5ж" type="Метрическая формула"></catref>
<catref target="nan" type="Дополнительные параметры"></catref>
<catref target="16" type="Число строк"></catref>
<catref target="nan" type="Автор оригинала"></catref>
<catref target="nan" type="Язык оригинала"></catref>
</textclass></profiledesc>
</teiheader>
<text>
<body>
<div1 n="1" type="volume">
<div2 n="190" type="part">
<head>190.</head>
<lg type="quatrain">
<l n="1">Твое чудесное произношенье —</l>
<l n="2">Горячий посвист хищных птиц;</l>
<l n="3">Скажу ль: живое впечатленье</l>
<l n="4">Каких-то шелковых зарниц.</l>
</lg>
<lg type="quatrain">
<l n="5">«Что» — голова отяжелела.</l>
<l n="6">«Цо» — это я тебя зову!</l>
<l n="7">И далеко прошелестело:</l>
<l n="8">— Я тоже на земле живу.</l>
</lg>
<lg type="quatrain">
<l n="9">Пусть говорят: любовь крылата, —</l>
<l n="10">Смерть окрыленнее стократ.</l>
<l n="11">Еще душа борьбой объята,</l>
<l n="12">А наши губы к ней летят.</l>
</lg>
<lg type="quatrain">
<l n="13">И столько воздуха и шелка</l>
<l n="14">И ветра в шопоте твоем,</l>
<l n="15">И как слепые ночью долгой</l>
<l n="16">Мы смесь бессолнечную пьем.</l>
</lg>
<date when="1918">Начало 1918</date>
</div2>
</div1>
</body>
</text>
</tei>
