<?xml version='1.0' encoding='UTF8'?>
<tei xmlns="http://www.tei-c.org/ns/1.0">
<teiheader>
<filedesc>
<titlestmt>
<title>Телефон</title>
<author>О.Э. Мандельштам</author>
</titlestmt>
<publicationstmt>
<p>АРТ-БИЗНЕС-ЦЕНТР МОСКВА 1993</p>
<biblstruct>
<biblscope n="" type="volume"></biblscope>
<biblscope n="" type="part"></biblscope>
</biblstruct></publicationstmt>
<sourcedesc>
<p>Издание подготовлено Мандельштамовским обществом</p>
</sourcedesc>
<respstmt>
<resp>Подготовка и разметка файлов - Алексей Литвинцев, Вероника Файнберг. Создание
          электронного ресурса - Тимофей Молчанов. Руководители проекта - Центр Digital Humanities,
          Мандельштамовское общество (НИУ ВШЭ).</resp>
</respstmt></filedesc>
<profiledesc>
<textdesc n="poem"></textdesc>
<textclass>
<catref target="1_196" type="ID"></catref>
<catref target="О.Э. Мандельштам. Собрание сочинений в 4-х т. -- М.: Терра, 1991" type="Источник"></catref>
<catref target="стихотворение" type="Жанр художественной литературы"></catref>
<catref target="nan" type="Уточнение жанра"></catref>
<catref target="Я" type="Метр"></catref>
<catref target="4(5,6)" type="Длина строки"></catref>
<catref target="регулярная" type="Клаузула"></catref>
<catref target="жм" type="Уточнение клаузулы"></catref>
<catref target="nan" type="Классическая строфа"></catref>
<catref target="перекрестная" type="Рифма"></catref>
<catref target="абаб" type="Схема рифмовки"></catref>
<catref target="Я4жм. Я5м, Я6ж" type="Метрическая формула"></catref>
<catref target="nan" type="Дополнительные параметры"></catref>
<catref target="24" type="Число строк"></catref>
<catref target="nan" type="Автор оригинала"></catref>
<catref target="nan" type="Язык оригинала"></catref>
</textclass></profiledesc>
</teiheader>
<text>
<body>
<div1 n="1" type="volume">
<div2 n="196" type="part">
<head>196.
Телефон</head>
<lg type="quatrain">
<l n="1">На этом диком страшном свете</l>
<l n="2">Ты, друг полночных похорон,</l>
<l n="3">В высоком строгом кабинете</l>
<l n="4">Самоубийцы — телефон!</l>
</lg>
<lg type="quatrain">
<l n="5">Асфальта черные озера</l>
<l n="6">Изрыты яростью копыт,</l>
<l n="7">И скоро будет солнце — скоро</l>
<l n="8">Безумный петел прокричит.</l>
</lg>
<lg type="quatrain">
<l n="9">А там дубовая Валгалла<rs ref="Валгалла (Вальхалла)" type="myth_index"></rs></l>
<l n="10">И старый пиршественный сон:</l>
<l n="11">Судьба велела, ночь решала,</l>
<l n="12">Когда проснулся телефон.</l>
</lg>
<lg type="quatrain">
<l n="13">Весь воздух выпили тяжелые портьеры,</l>
<l n="14">На театральной площади темно.</l>
<l n="15">Звонок — и закружились сферы:</l>
<l n="16">Самоубийство решено.</l>
</lg>
<lg type="quatrain">
<l n="17">Куда бежать от жизни гулкой,</l>
<l n="18">От этой каменной уйти?</l>
<l n="19">Молчи, проклятая шкатулка!</l>
<l n="20">На дне морском цветет: прости!</l>
</lg>
<lg type="quatrain">
<l n="21">И только голос, голос-птица</l>
<l n="22">Летит на пиршественный сон.</l>
<l n="23">Ты — избавленье и зарница</l>
<l n="24">Самоубийства — телефон!</l>
</lg>
<date when="1918-06">Июнь 1918</date>
</div2>
</div1>
</body>
</text>
</tei>
