<?xml version='1.0' encoding='UTF8'?>
<tei xmlns="http://www.tei-c.org/ns/1.0">
<teiheader>
<filedesc>
<titlestmt>
<title>«Когда в теплой ночи замирает...»</title>
<author>О.Э. Мандельштам</author>
</titlestmt>
<publicationstmt>
<p>АРТ-БИЗНЕС-ЦЕНТР МОСКВА 1993</p>
<biblstruct>
<biblscope n="" type="volume"></biblscope>
<biblscope n="" type="part"></biblscope>
</biblstruct></publicationstmt>
<sourcedesc>
<p>Издание подготовлено Мандельштамовским обществом</p>
</sourcedesc>
<respstmt>
<resp>Подготовка и разметка файлов - Алексей Литвинцев, Вероника Файнберг. Создание
          электронного ресурса - Тимофей Молчанов. Руководители проекта - Центр Digital Humanities,
          Мандельштамовское общество (НИУ ВШЭ).</resp>
</respstmt></filedesc>
<profiledesc>
<textdesc n="poem"></textdesc>
<textclass>
<catref target="1_194" type="ID"></catref>
<catref target="О.Э. Мандельштам. Собрание сочинений в 4-х т. -- М.: Терра, 1991" type="Источник"></catref>
<catref target="стихотворение" type="Жанр художественной литературы"></catref>
<catref target="nan" type="Уточнение жанра"></catref>
<catref target="Ан" type="Метр"></catref>
<catref target="3" type="Длина строки"></catref>
<catref target="регулярная" type="Клаузула"></catref>
<catref target="жм" type="Уточнение клаузулы"></catref>
<catref target="nan" type="Классическая строфа"></catref>
<catref target="0" type="Рифма"></catref>
<catref target="nan" type="Схема рифмовки"></catref>
<catref target="Ан3жм" type="Метрическая формула"></catref>
<catref target="nan" type="Дополнительные параметры"></catref>
<catref target="16" type="Число строк"></catref>
<catref target="nan" type="Автор оригинала"></catref>
<catref target="nan" type="Язык оригинала"></catref>
</textclass></profiledesc>
</teiheader>
<text>
<body>
<div1 n="1" type="volume">
<div2 n="194" type="part">
<head>194.</head>
<lg type="quatrain">
<l n="1">Когда в теплой ночи замирает</l>
<l n="2">Лихорадочный Форум Москвы<rs ref="Москва" type="geo_index"></rs><rs ref="Москва" type="geo_index"></rs></l>
<l n="3">И театров широкие зевы</l>
<l n="4">Возвращают толпу площадям, —</l>
</lg>
<lg type="quatrain">
<l n="5">Протекает по улицам пышным</l>
<l n="6">Оживленье ночных похорон;</l>
<l n="7">Льются мрачно-веселые толпы</l>
<l n="8">Из каких-то божественных недр.</l>
</lg>
<lg type="quatrain">
<l n="9">Это солнце ночное хоронит</l>
<l n="10">Возбужденная играми чернь,</l>
<l n="11">Возвращаясь с полночного пира</l>
<l n="12">Под глухие удары копыт,</l>
</lg>
<lg type="quatrain">
<l n="13">И как новый встает Геркуланум<rs ref="Геркуланум" type="geo_index"></rs></l>
<l n="14">Спящий город в сияньи луны,</l>
<l n="15">И убогого рынка лачуги,</l>
<l n="16">И могучий дорический ствол!</l>
</lg>
<date when="1918-05">Май 1918</date>
</div2>
</div1>
</body>
</text>
</tei>
