<?xml version='1.0' encoding='UTF8'?>
<tei xmlns="http://www.tei-c.org/ns/1.0">
<teiheader>
<filedesc>
<titlestmt>
<title>Tristia</title>
<author>О.Э. Мандельштам</author>
</titlestmt>
<publicationstmt>
<p>АРТ-БИЗНЕС-ЦЕНТР МОСКВА 1993</p>
<biblstruct>
<biblscope n="" type="volume"></biblscope>
<biblscope n="" type="part"></biblscope>
</biblstruct></publicationstmt>
<sourcedesc>
<p>Издание подготовлено Мандельштамовским обществом</p>
</sourcedesc>
<respstmt>
<resp>Подготовка и разметка файлов - Алексей Литвинцев, Вероника Файнберг. Создание
          электронного ресурса - Тимофей Молчанов. Руководители проекта - Центр Digital Humanities,
          Мандельштамовское общество (НИУ ВШЭ).</resp>
</respstmt></filedesc>
<profiledesc>
<textdesc n="poem"></textdesc>
<textclass>
<catref target="1_197" type="ID"></catref>
<catref target="О.Э. Мандельштам. Собрание сочинений в 4-х т. -- М.: Терра, 1991" type="Источник"></catref>
<catref target="стихотворение" type="Жанр художественной литературы"></catref>
<catref target="nan" type="Уточнение жанра"></catref>
<catref target="Я" type="Метр"></catref>
<catref target="5" type="Длина строки"></catref>
<catref target="регулярная" type="Клаузула"></catref>
<catref target="жм" type="Уточнение клаузулы"></catref>
<catref target="nan" type="Классическая строфа"></catref>
<catref target="перекрестная" type="Рифма"></catref>
<catref target="абаб" type="Схема рифмовки"></catref>
<catref target="Я5жм" type="Метрическая формула"></catref>
<catref target="nan" type="Дополнительные параметры"></catref>
<catref target="32" type="Число строк"></catref>
<catref target="nan" type="Автор оригинала"></catref>
<catref target="nan" type="Язык оригинала"></catref>
</textclass></profiledesc>
</teiheader>
<text>
<body>
<div1 n="1" type="volume">
<div2 n="197" type="part">
<head>197.
Tristia</head>
<lg type="octet">
<l n="1">Я изучил науку расставанья</l>
<l n="2">В простоволосых жалобах ночных.</l>
<l n="3">Жуют волы, и длится ожиданье —</l>
<l n="4">Последний час вигилий городских.</l>
<l n="5">И чту обряд той петушиной ночи,</l>
<l n="6">Когда, подняв дорожной скорби груз,</l>
<l n="7">Глядели вдаль заплаканные очи</l>
<l n="8">И женский плач мешался с пеньем муз.</l>
</lg>
<lg type="octet">
<l n="9">Кто может знать при слове «расставанье»</l>
<l n="10">Какая нам разлука предстоит,</l>
<l n="11">Что нам сулит петушье восклицанье,</l>
<l n="12">Когда огонь в акрополе горит,</l>
<l n="13">И на заре какой-то новой жизни,</l>
<l n="14">Когда в сенях лениво вол жует,</l>
<l n="15">Зачем петух, глашатай новой жизни,</l>
<l n="16">На городской стене крылами бьет?</l>
</lg>
<lg type="octet">
<l n="17">И я люблю обыкновенье пряжи:</l>
<l n="18">Снует челнок, веретено жужжит.</l>
<l n="19">Смотри, навстречу, словно пух лебяжий,</l>
<l n="20">Уже босая Делия летит!<rs ref="Делия" type="myth_index"></rs></l>
<l n="21">О, нашей жизни скудная основа,</l>
<l n="22">Куда как беден радости язык!</l>
<l n="23">Все было встарь, все повторится снова,</l>
<l n="24">И сладок нам лишь узнаванья миг.</l>
</lg>
<lg type="octet">
<l n="25">Да будет так: прозрачная фигурка</l>
<l n="26">На чистом блюде глиняном лежит,</l>
<l n="27">Как беличья распластанная шкурка,</l>
<l n="28">Склонясь над воском, девушка глядит.</l>
<l n="29">Не нам гадать о греческом Эребе,</l>
<l n="30">Для женщин воск, что для мужчины медь.</l>
<l n="31">Нам только в битвах выпадает жребий,</l>
<l n="32">А им дано гадая умереть.</l>
</lg>
<date when="1918">1918</date>
</div2>
</div1>
</body>
</text>
</tei>
