<?xml version='1.0' encoding='UTF8'?>
<tei xmlns="http://www.tei-c.org/ns/1.0">
<teiheader>
<filedesc>
<titlestmt>
<title>Черепаха</title>
<author>О.Э. Мандельштам</author>
</titlestmt>
<publicationstmt>
<p>АРТ-БИЗНЕС-ЦЕНТР МОСКВА 1993</p>
<biblstruct>
<biblscope n="" type="volume"></biblscope>
<biblscope n="" type="part"></biblscope>
</biblstruct></publicationstmt>
<sourcedesc>
<p>Издание подготовлено Мандельштамовским обществом</p>
</sourcedesc>
<respstmt>
<resp>Подготовка и разметка файлов - Алексей Литвинцев, Вероника Файнберг. Создание
          электронного ресурса - Тимофей Молчанов. Руководители проекта - Центр Digital Humanities,
          Мандельштамовское общество (НИУ ВШЭ).</resp>
</respstmt></filedesc>
<profiledesc>
<textdesc n="poem"></textdesc>
<textclass>
<catref target="1_198" type="ID"></catref>
<catref target="О.Э. Мандельштам. Собрание сочинений в 4-х т. -- М.: Терра, 1991" type="Источник"></catref>
<catref target="стихотворение" type="Жанр художественной литературы"></catref>
<catref target="nan" type="Уточнение жанра"></catref>
<catref target="Я" type="Метр"></catref>
<catref target="5" type="Длина строки"></catref>
<catref target="регулярная" type="Клаузула"></catref>
<catref target="жм" type="Уточнение клаузулы"></catref>
<catref target="nan" type="Классическая строфа"></catref>
<catref target="перекрестная" type="Рифма"></catref>
<catref target="абаб" type="Схема рифмовки"></catref>
<catref target="Я5жм" type="Метрическая формула"></catref>
<catref target="nan" type="Дополнительные параметры"></catref>
<catref target="32" type="Число строк"></catref>
<catref target="nan" type="Автор оригинала"></catref>
<catref target="nan" type="Язык оригинала"></catref>
</textclass></profiledesc>
</teiheader>
<text>
<body>
<div1 n="1" type="volume">
<div2 n="198" type="part">
<head>198.
Черепаха</head>
<lg type="octet">
<l n="1">На каменных отрогах Пиэрии<rs ref="Пиэрия" type="geo_index"></rs></l>
<l n="2">Водили музы первый хоровод,</l>
<l n="3">Чтобы, как пчелы, лирники слепые</l>
<l n="4">Нам подарили ионийский мед.</l>
<l n="5">И холодком повеяло высоким</l>
<l n="6">От выпукло-девического лба,</l>
<l n="7">Чтобы раскрылись правнукам далеким</l>
<l n="8">Архипелага нежные гроба.</l>
</lg>
<lg type="octet">
<l n="9">Бежит весна топтать луга Эллады,<rs ref="Эллада" type="geo_index"></rs></l>
<l n="10">Обула Сафо пестрый сапожок,<rs ref="Сафо" type="person"></rs></l>
<l n="11">И молоточками куют цикады,</l>
<l n="12">Как в песенке поется, перстенек.</l>
<l n="13">Высокий дом построил плотник дюжий,</l>
<l n="14">На свадьбу всех передушили кур,</l>
<l n="15">И растянул сапожник неуклюжий</l>
<l n="16">На башмаки все пять воловьих шкур.</l>
</lg>
<lg type="octet">
<l n="17">Нерасторопна черепаха-лира,</l>
<l n="18">Едва-едва беспалая ползет,</l>
<l n="19">Лежит себе на солнышке Эпира,<rs ref="Эпир" type="geo_index"></rs></l>
<l n="20">Тихонько грея золотой живот.</l>
<l n="21">Ну, кто ее такую приласкает,</l>
<l n="22">Кто спящую ее перевернет?</l>
<l n="23">Она во сне Терпандра ожидает,<rs ref="Терпандр" type="person"></rs></l>
<l n="24">Сухих перстов предчувствуя налет.</l>
</lg>
<lg type="octet">
<l n="25">Поит дубы холодная криница,</l>
<l n="26">Простоволосая шумит трава,</l>
<l n="27">На радость осам пахнет медуница.</l>
<l n="28">О, где же вы, святые острова,</l>
<l n="29">Где не едят надломленного хлеба,</l>
<l n="30">Где только мед, вино и молоко,</l>
<l n="31">Скрипучий труд не омрачает неба</l>
<l n="32">И колесо вращается легко?</l>
</lg>
<date when="1919">1919</date>
</div2>
</div1>
</body>
</text>
</tei>
