<?xml version='1.0' encoding='UTF8'?>
<tei xmlns="http://www.tei-c.org/ns/1.0">
<teiheader>
<filedesc>
<titlestmt>
<title>«На страшной высоте блуждающий огонь!..»</title>
<author>О.Э. Мандельштам</author>
</titlestmt>
<publicationstmt>
<p>АРТ-БИЗНЕС-ЦЕНТР МОСКВА 1993</p>
<biblstruct>
<biblscope n="" type="volume"></biblscope>
<biblscope n="" type="part"></biblscope>
</biblstruct></publicationstmt>
<sourcedesc>
<p>Издание подготовлено Мандельштамовским обществом</p>
</sourcedesc>
<respstmt>
<resp>Подготовка и разметка файлов - Алексей Литвинцев, Вероника Файнберг. Создание
          электронного ресурса - Тимофей Молчанов. Руководители проекта - Центр Digital Humanities,
          Мандельштамовское общество (НИУ ВШЭ).</resp>
</respstmt></filedesc>
<profiledesc>
<textdesc n="poem"></textdesc>
<textclass>
<catref target="1_192" type="ID"></catref>
<catref target="О.Э. Мандельштам. Собрание сочинений в 4-х т. -- М.: Терра, 1991" type="Источник"></catref>
<catref target="стихотворение" type="Жанр художественной литературы"></catref>
<catref target="nan" type="Уточнение жанра"></catref>
<catref target="Я" type="Метр"></catref>
<catref target="регулярная" type="Длина строки"></catref>
<catref target="регулярная" type="Клаузула"></catref>
<catref target="мж" type="Уточнение клаузулы"></catref>
<catref target="nan" type="Классическая строфа"></catref>
<catref target="перекрестная" type="Рифма"></catref>
<catref target="абаб" type="Схема рифмовки"></catref>
<catref target="Я6м+Я4ж" type="Метрическая формула"></catref>
<catref target="тавторифма" type="Дополнительные параметры"></catref>
<catref target="16" type="Число строк"></catref>
<catref target="nan" type="Автор оригинала"></catref>
<catref target="nan" type="Язык оригинала"></catref>
</textclass></profiledesc>
</teiheader>
<text>
<body>
<div1 n="1" type="volume">
<div2 n="192" type="part">
<head>192.</head>
<lg type="quatrain">
<l n="1">На страшной высоте блуждающий огонь!</l>
<l n="2">Но разве так звезда мерцает?</l>
<l n="3">Прозрачная звезда, блуждающий огонь, —</l>
<l n="4">Твой брат, Петрополь, умирает!<rs ref="Петербург (Ленинград, Петрополь)" type="geo_index"></rs></l>
</lg>
<lg type="quatrain">
<l n="5">На страшной высоте земные сны горят,</l>
<l n="6">Зеленая звезда мерцает.</l>
<l n="7">О, если ты звезда — воды и неба брат,</l>
<l n="8">Твой брат, Петрополь, умирает!<rs ref="Петербург (Ленинград, Петрополь)" type="geo_index"></rs></l>
</lg>
<lg type="quatrain">
<l n="9">Чудовищный корабль на страшной высоте</l>
<l n="10">Несется, крылья расправляет...</l>
<l n="11">Зеленая звезда, — в прекрасной нищете</l>
<l n="12">Твой брат, Петрополь, умирает.<rs ref="Петербург (Ленинград, Петрополь)" type="geo_index"></rs></l>
</lg>
<lg type="quatrain">
<l n="13">Прозрачная весна над черною Невой</l>
<l n="14">Сломалась, воск бессмертья тает...</l>
<l n="15">О, если ты звезда, — Петрополь, город твой,<rs ref="Петербург (Ленинград, Петрополь)" type="geo_index"></rs></l>
<l n="16">Твой брат, Петрополь, умирает!<rs ref="Петербург (Ленинград, Петрополь)" type="geo_index"></rs></l>
</lg>
<date when="1918-05">Март 1918</date>
</div2>
</div1>
</body>
</text>
</tei>
