<?xml version='1.0' encoding='UTF8'?>
<tei xmlns="http://www.tei-c.org/ns/1.0">
<teiheader>
<filedesc>
<titlestmt>
<title>Сумерки свободы</title>
<author>О.Э. Мандельштам</author>
</titlestmt>
<publicationstmt>
<p>АРТ-БИЗНЕС-ЦЕНТР МОСКВА 1993</p>
<biblstruct>
<biblscope n="" type="volume"></biblscope>
<biblscope n="" type="part"></biblscope>
</biblstruct></publicationstmt>
<sourcedesc>
<p>Издание подготовлено Мандельштамовским обществом</p>
</sourcedesc>
<respstmt>
<resp>Подготовка и разметка файлов - Алексей Литвинцев, Вероника Файнберг. Создание
          электронного ресурса - Тимофей Молчанов. Руководители проекта - Центр Digital Humanities,
          Мандельштамовское общество (НИУ ВШЭ).</resp>
</respstmt></filedesc>
<profiledesc>
<textdesc n="poem"></textdesc>
<textclass>
<catref target="1_193" type="ID"></catref>
<catref target="О.Э. Мандельштам. Собрание сочинений в 4-х т. -- М.: Терра, 1991" type="Источник"></catref>
<catref target="стихотворение" type="Жанр художественной литературы"></catref>
<catref target="nan" type="Уточнение жанра"></catref>
<catref target="Я" type="Метр"></catref>
<catref target="вольная" type="Длина строки"></catref>
<catref target="регулярная" type="Клаузула"></catref>
<catref target="жм" type="Уточнение клаузулы"></catref>
<catref target="nan" type="Классическая строфа"></catref>
<catref target="перекрестная" type="Рифма"></catref>
<catref target="абабаб" type="Схема рифмовки"></catref>
<catref target="Я4,5,6жм" type="Метрическая формула"></catref>
<catref target="тавторифма" type="Дополнительные параметры"></catref>
<catref target="24" type="Число строк"></catref>
<catref target="nan" type="Автор оригинала"></catref>
<catref target="nan" type="Язык оригинала"></catref>
</textclass></profiledesc>
</teiheader>
<text>
<body>
<div1 n="1" type="volume">
<div2 n="193" type="part">
<head>193.
Сумерки свободы</head>
<lg type="sestet">
<l n="1">Прославим, братья, сумерки свободы,</l>
<l n="2">Великий сумеречный год!</l>
<l n="3">В кипящие ночные воды</l>
<l n="4">Опущен грузный лес тенет.</l>
<l n="5">Восходишь ты в глухие годы, —</l>
<l n="6">О, солнце, судия, народ.</l>
</lg>
<lg type="sestet">
<l n="7">Прославим роковое бремя,</l>
<l n="8">Которое в слезах народный вождь берет.</l>
<l n="9">Прославим власти сумрачное бремя,</l>
<l n="10">Ее невыносимый гнет.</l>
<l n="11">В ком сердце есть — тот должен слышать, время,</l>
<l n="12">Как твой корабль ко дну идет.</l>
</lg>
<lg type="sestet">
<l n="13">Мы в легионы боевые</l>
<l n="14">Связали ласточек — и вот</l>
<l n="15">Не видно солнца; вся стихия</l>
<l n="16">Щебечет, движется, живет;</l>
<l n="17">Сквозь сети — сумерки густые —</l>
<l n="18">Не видно солнца, и земля плывет.</l>
</lg>
<lg type="sestet">
<l n="19">Ну что ж, попробуем: огромный, неуклюжий,</l>
<l n="20">Скрипучий поворот руля.</l>
<l n="21">Земля плывет. Мужайтесь, мужи.</l>
<l n="22">Как плугом, океан деля,</l>
<l n="23">Мы будем помнить и в летейской стуже,</l>
<l n="24">Что десяти небес нам стоила земля.</l>
</lg>
<date when="1918-05">Май 1918, Москва</date>
<rs ref="Москва" type="geo_index"></rs>
</div2>
</div1>
</body>
</text>
</tei>
