<?xml version='1.0' encoding='UTF8'?>
<tei xmlns="http://www.tei-c.org/ns/1.0">
<teiheader>
<filedesc>
<titlestmt>
<title>Веницейская жизнь</title>
<author>О.Э. Мандельштам</author>
</titlestmt>
<publicationstmt>
<p>АРТ-БИЗНЕС-ЦЕНТР МОСКВА 1993</p>
<biblstruct>
<biblscope n="" type="volume"></biblscope>
<biblscope n="" type="part"></biblscope>
</biblstruct></publicationstmt>
<sourcedesc>
<p>Издание подготовлено Мандельштамовским обществом</p>
</sourcedesc>
<respstmt>
<resp>Подготовка и разметка файлов - Алексей Литвинцев, Вероника Файнберг. Создание
          электронного ресурса - Тимофей Молчанов. Руководители проекта - Центр Digital Humanities,
          Мандельштамовское общество (НИУ ВШЭ).</resp>
</respstmt></filedesc>
<profiledesc>
<textdesc n="poem"></textdesc>
<textclass>
<catref target="1_206" type="ID"></catref>
<catref target="О.Э. Мандельштам. Собрание сочинений в 4-х т. -- М.: Терра, 1991" type="Источник"></catref>
<catref target="стихотворение" type="Жанр художественной литературы"></catref>
<catref target="nan" type="Уточнение жанра"></catref>
<catref target="Х" type="Метр"></catref>
<catref target="вольная" type="Длина строки"></catref>
<catref target="регулярная" type="Клаузула"></catref>
<catref target="жм" type="Уточнение клаузулы"></catref>
<catref target="nan" type="Классическая строфа"></catref>
<catref target="перекрестная" type="Рифма"></catref>
<catref target="абаб" type="Схема рифмовки"></catref>
<catref target="Х4,5,6,7жм" type="Метрическая формула"></catref>
<catref target="nan" type="Дополнительные параметры"></catref>
<catref target="28" type="Число строк"></catref>
<catref target="nan" type="Автор оригинала"></catref>
<catref target="nan" type="Язык оригинала"></catref>
</textclass></profiledesc>
</teiheader>
<text>
<body>
<div1 n="1" type="volume">
<div2 n="206" type="part">
<head>206.
Веницейская жизнь</head>
<lg type="quatrain">
<l n="1">Веницейской жизни, мрачной и бесплодной,<rs ref="Венеция" type="geo_index"></rs></l>
<l n="2">Для меня значение светло.</l>
<l n="3">Вот она глядит с улыбкою холодной</l>
<l n="4">В голубое дряхлое стекло.</l>
</lg>
<lg type="quatrain">
<l n="5">Тонкий воздух кожи, синие прожилки,</l>
<l n="6">Белый снег, зеленая парча.</l>
<l n="7">Всех кладут на кипарисные носилки,</l>
<l n="8">Сонных, теплых вынимают из плаща.</l>
</lg>
<lg type="quatrain">
<l n="9">И горят, горят в корзинах свечи,</l>
<l n="10">Словно голубь залетел в ковчег.</l>
<l n="11">На театре и на праздном вече</l>
<l n="12">Умирает человек.</l>
</lg>
<lg type="quatrain">
<l n="13">Ибо нет спасенья от любви и страха,</l>
<l n="14">Тяжелее платины Сатурново кольцо,</l>
<l n="15">Черным бархатом завешенная плаха</l>
<l n="16">И прекрасное лицо.</l>
</lg>
<lg type="quatrain">
<l n="17">Тяжелы твои, Венеция, уборы,<rs ref="Венеция" type="geo_index"></rs></l>
<l n="18">В кипарисных рамах зеркала.</l>
<l n="19">Воздух твой граненый. В спальнях тают горы</l>
<l n="20">Голубого дряхлого стекла.</l>
</lg>
<lg type="quatrain">
<l n="21">Только в пальцах — роза или склянка,</l>
<l n="22">Адриатика зеленая, прости!<rs ref="Адриатическое море" type="geo_index"></rs></l>
<l n="23">Что же ты молчишь, скажи, венецианка,</l>
<l n="24">Как от этой смерти праздничной уйти?</l>
</lg>
<lg type="quatrain">
<l n="25">Черный Веспер в зеркале мерцает,</l>
<l n="26">Все проходит, истина темна.</l>
<l n="27">Человек родится, жемчуг умирает,</l>
<l n="28">И Сусанна старцев ждать должна.</l>
</lg>
<date when="1920">1920</date>
</div2>
</div1>
</body>
</text>
</tei>
