<?xml version='1.0' encoding='UTF8'?>
<tei xmlns="http://www.tei-c.org/ns/1.0">
<teiheader>
<filedesc>
<titlestmt>
<title>Ласточка</title>
<author>О.Э. Мандельштам</author>
</titlestmt>
<publicationstmt>
<p>АРТ-БИЗНЕС-ЦЕНТР МОСКВА 1993</p>
<biblstruct>
<biblscope n="" type="volume"></biblscope>
<biblscope n="" type="part"></biblscope>
</biblstruct></publicationstmt>
<sourcedesc>
<p>Издание подготовлено Мандельштамовским обществом</p>
</sourcedesc>
<respstmt>
<resp>Подготовка и разметка файлов - Алексей Литвинцев, Вероника Файнберг. Создание
          электронного ресурса - Тимофей Молчанов. Руководители проекта - Центр Digital Humanities,
          Мандельштамовское общество (НИУ ВШЭ).</resp>
</respstmt></filedesc>
<profiledesc>
<textdesc n="poem"></textdesc>
<textclass>
<catref target="1_207" type="ID"></catref>
<catref target="О.Э. Мандельштам. Собрание сочинений в 4-х т. -- М.: Терра, 1991" type="Источник"></catref>
<catref target="стихотворение" type="Жанр художественной литературы"></catref>
<catref target="nan" type="Уточнение жанра"></catref>
<catref target="Я" type="Метр"></catref>
<catref target="вольная" type="Длина строки"></catref>
<catref target="регулярная" type="Клаузула"></catref>
<catref target="мж" type="Уточнение клаузулы"></catref>
<catref target="nan" type="Классическая строфа"></catref>
<catref target="перекрестная" type="Рифма"></catref>
<catref target="абаб" type="Схема рифмовки"></catref>
<catref target="Я4,5,6мж" type="Метрическая формула"></catref>
<catref target="nan" type="Дополнительные параметры"></catref>
<catref target="24" type="Число строк"></catref>
<catref target="nan" type="Автор оригинала"></catref>
<catref target="nan" type="Язык оригинала"></catref>
</textclass></profiledesc>
</teiheader>
<text>
<body>
<div1 n="1" type="volume">
<div2 n="207" type="part">
<head>207.
Ласточка</head>
<lg type="quatrain">
<l n="1">Я слово позабыл, что я хотел сказать.</l>
<l n="2">Слепая ласточка в чертог теней вернется,</l>
<l n="3">На крыльях срезанных, с прозрачными играть.</l>
<l n="4">В беспамятстве ночная песнь поется.</l>
</lg>
<lg type="quatrain">
<l n="5">Не слышно птиц. Бессмертник не цветет,</l>
<l n="6">Прозрачны гривы табуна ночного.</l>
<l n="7">В сухой реке пустой челнок плывет,</l>
<l n="8">Среди кузнечиков беспамятствует слово.</l>
</lg>
<lg type="quatrain">
<l n="9">И медленно растет, как бы шатер иль храм,</l>
<l n="10">То вдруг прокинется безумной Антигоной,<rs ref="Антигона" type="myth_index"></rs></l>
<l n="11">То мертвой ласточкой бросается к ногам</l>
<l n="12">С стигийской нежностью и веткою зеленой.</l>
</lg>
<lg type="quatrain">
<l n="13">О, если бы вернуть и зрячих пальцев стыд,</l>
<l n="14">И выпуклую радость узнаванья.</l>
<l n="15">Я так боюсь рыданья Аонид,<rs ref="Аониды" type="myth_index"></rs></l>
<l n="16">Тумана, звона и зиянья.</l>
</lg>
<lg type="quatrain">
<l n="17">А смертным власть дана любить и узнавать,</l>
<l n="18">Для них и звук в персты прольется,</l>
<l n="19">Но я забыл, что я хочу сказать,</l>
<l n="20">И мысль бесплотная в чертог теней вернется.</l>
</lg>
<lg type="quatrain">
<l n="21">Все не о том прозрачная твердит,</l>
<l n="22">Все ласточка, подружка, Антигона...</l>
<l n="23">А на губах, как черный лед, горит</l>
<l n="24">Стигийского воспоминанье звона.</l>
</lg>
<date when="1920-11">Ноябрь 1920</date>
</div2>
</div1>
</body>
</text>
</tei>
