<?xml version='1.0' encoding='UTF8'?>
<tei xmlns="http://www.tei-c.org/ns/1.0">
<teiheader>
<filedesc>
<titlestmt>
<title>«Сестры тяжесть и нежность, одинаковы ваши приметы...»</title>
<author>О.Э. Мандельштам</author>
</titlestmt>
<publicationstmt>
<p>АРТ-БИЗНЕС-ЦЕНТР МОСКВА 1993</p>
<biblstruct>
<biblscope n="" type="volume"></biblscope>
<biblscope n="" type="part"></biblscope>
</biblstruct></publicationstmt>
<sourcedesc>
<p>Издание подготовлено Мандельштамовским обществом</p>
</sourcedesc>
<respstmt>
<resp>Подготовка и разметка файлов - Алексей Литвинцев, Вероника Файнберг. Создание
          электронного ресурса - Тимофей Молчанов. Руководители проекта - Центр Digital Humanities,
          Мандельштамовское общество (НИУ ВШЭ).</resp>
</respstmt></filedesc>
<profiledesc>
<textdesc n="poem"></textdesc>
<textclass>
<catref target="1_202" type="ID"></catref>
<catref target="О.Э. Мандельштам. Собрание сочинений в 4-х т. -- М.: Терра, 1991" type="Источник"></catref>
<catref target="стихотворение" type="Жанр художественной литературы"></catref>
<catref target="nan" type="Уточнение жанра"></catref>
<catref target="Ан, Д, тонический : Дк" type="Метр"></catref>
<catref target="5(4,6)" type="Длина строки"></catref>
<catref target="регулярная" type="Клаузула"></catref>
<catref target="жм" type="Уточнение клаузулы"></catref>
<catref target="nan" type="Классическая строфа"></catref>
<catref target="перекрестная" type="Рифма"></catref>
<catref target="абаб" type="Схема рифмовки"></catref>
<catref target="Дк5жм. Дк4,6ж" type="Метрическая формула"></catref>
<catref target="цезурные наращения, нарушения анакрусы" type="Дополнительные параметры"></catref>
<catref target="13" type="Число строк"></catref>
<catref target="nan" type="Автор оригинала"></catref>
<catref target="nan" type="Язык оригинала"></catref>
</textclass></profiledesc>
</teiheader>
<text>
<body>
<div1 n="1" type="volume">
<div2 n="202" type="part">
<head>202.</head>
<lg type="quatrain">
<l n="1">Сестры тяжесть и нежность, одинаковы ваши приметы.</l>
<l n="2">Медуницы и осы тяжелую розу сосут.</l>
<l n="3">Человек умирает. Песок остывает согретый,</l>
<l n="4">И вчерашнее солнце на черных носилках несут.</l>
</lg>
<lg type="quatrain">
<l n="5">Ах, тяжелые соты и нежные сети,</l>
<l n="6">Легче камень поднять, чем имя твое повторить!</l>
<l n="7">У меня остается одна забота на свете:</l>
<l n="8">Золотая забота, как времени бремя избыть.</l>
</lg>
<lg type="quatrain">
<l n="9">Словно темную воду, я пью помутившийся воздух.</l>
<l n="10">Время вспахано плугом, и роза землею была.</l>
<l n="11">В медленном водовороте тяжелые нежные розы,</l>
<l n="12">Розы тяжесть и нежность в двойные венки заплела!</l>
</lg>
<date when="1920-05">Март 1920</date>
</div2>
</div1>
</body>
</text>
</tei>
