<?xml version='1.0' encoding='UTF8'?>
<tei xmlns="http://www.tei-c.org/ns/1.0">
<teiheader>
<filedesc>
<titlestmt>
<title>«Мне Тифлис горбатый снится...»</title>
<author>О.Э. Мандельштам</author>
</titlestmt>
<publicationstmt>
<p>АРТ-БИЗНЕС-ЦЕНТР МОСКВА 1993</p>
<biblstruct>
<biblscope n="" type="volume"></biblscope>
<biblscope n="" type="part"></biblscope>
</biblstruct></publicationstmt>
<sourcedesc>
<p>Издание подготовлено Мандельштамовским обществом</p>
</sourcedesc>
<respstmt>
<resp>Подготовка и разметка файлов - Алексей Литвинцев, Вероника Файнберг. Создание
          электронного ресурса - Тимофей Молчанов. Руководители проекта - Центр Digital Humanities,
          Мандельштамовское общество (НИУ ВШЭ).</resp>
</respstmt></filedesc>
<profiledesc>
<textdesc n="poem"></textdesc>
<textclass>
<catref target="1_205" type="ID"></catref>
<catref target="О.Э. Мандельштам. Собрание сочинений в 4-х т. -- М.: Терра, 1991" type="Источник"></catref>
<catref target="стихотворение" type="Жанр художественной литературы"></catref>
<catref target="nan" type="Уточнение жанра"></catref>
<catref target="Х" type="Метр"></catref>
<catref target="4" type="Длина строки"></catref>
<catref target="регулярная" type="Клаузула"></catref>
<catref target="жмжжм" type="Уточнение клаузулы"></catref>
<catref target="nan" type="Классическая строфа"></catref>
<catref target="затянутая" type="Рифма"></catref>
<catref target="абааб" type="Схема рифмовки"></catref>
<catref target="Х4жм" type="Метрическая формула"></catref>
<catref target="nan" type="Дополнительные параметры"></catref>
<catref target="25" type="Число строк"></catref>
<catref target="nan" type="Автор оригинала"></catref>
<catref target="nan" type="Язык оригинала"></catref>
</textclass></profiledesc>
</teiheader>
<text>
<body>
<div1 n="1" type="volume">
<div2 n="205" type="part">
<head>205.</head>
<lg type="quintet">
<l n="1">Мне Тифлис горбатый снится,<rs ref="Тифлис" type="geo_index"></rs></l>
<l n="2">Сазандарей стон звенит,</l>
<l n="3">На мосту народ толпится,</l>
<l n="4">Вся ковровая столица,</l>
<l n="5">А внизу Кура шумит.<rs ref="Кура" type="geo_index"></rs></l>
</lg>
<lg type="quintet">
<l n="6">Над Курою есть духаны,<rs ref="Кура" type="geo_index"></rs></l>
<l n="7">Где вино и милый плов,</l>
<l n="8">И духанщик там румяный</l>
<l n="9">Подает гостям стаканы</l>
<l n="10">И служить тебе готов.</l>
</lg>
<lg type="quintet">
<l n="11">Кахетинское густое</l>
<l n="12">Хорошо в подвале пить, —</l>
<l n="13">Там в прохладе, там в покое</l>
<l n="14">Пейте вдоволь, пейте двое,</l>
<l n="15">Одному не надо пить!</l>
</lg>
<lg type="quintet">
<l n="16">В самом маленьком духане</l>
<l n="17">Ты обманщика найдешь,</l>
<l n="18">Если спросишь «Телиани»,</l>
<l n="19">Поплывет Тифлис в тумане,<rs ref="Тифлис" type="geo_index"></rs></l>
<l n="20">Ты в бутылке поплывешь.</l>
</lg>
<lg type="quintet">
<l n="21">Человек бывает старым,</l>
<l n="22">А барашек молодым,</l>
<l n="23">И под месяцем поджарым</l>
<l n="24">С розоватым винным паром</l>
<l n="25">Полетит шашлычный дым...</l>
</lg>
<date when="1920">1920, 1927, 7 ноября 1935</date>
<date when="1927">1920, 1927, 7 ноября 1935</date>
<date when="1935-11-07">1920, 1927, 7 ноября 1935</date>
</div2>
</div1>
</body>
</text>
</tei>
