<?xml version='1.0' encoding='UTF8'?>
<tei xmlns="http://www.tei-c.org/ns/1.0">
<teiheader>
<filedesc>
<titlestmt>
<title>«Где ночь бросает якоря...»</title>
<author>О.Э. Мандельштам</author>
</titlestmt>
<publicationstmt>
<p>АРТ-БИЗНЕС-ЦЕНТР МОСКВА 1993</p>
<biblstruct>
<biblscope n="" type="volume"></biblscope>
<biblscope n="" type="part"></biblscope>
</biblstruct></publicationstmt>
<sourcedesc>
<p>Издание подготовлено Мандельштамовским обществом</p>
</sourcedesc>
<respstmt>
<resp>Подготовка и разметка файлов - Алексей Литвинцев, Вероника Файнберг. Создание
          электронного ресурса - Тимофей Молчанов. Руководители проекта - Центр Digital Humanities,
          Мандельштамовское общество (НИУ ВШЭ).</resp>
</respstmt></filedesc>
<profiledesc>
<textdesc n="poem"></textdesc>
<textclass>
<catref target="1_204" type="ID"></catref>
<catref target="О.Э. Мандельштам. Собрание сочинений в 4-х т. -- М.: Терра, 1991" type="Источник"></catref>
<catref target="стихотворение" type="Жанр художественной литературы"></catref>
<catref target="nan" type="Уточнение жанра"></catref>
<catref target="Я" type="Метр"></catref>
<catref target="4(5)" type="Длина строки"></catref>
<catref target="регулярная" type="Клаузула"></catref>
<catref target="мж" type="Уточнение клаузулы"></catref>
<catref target="nan" type="Классическая строфа"></catref>
<catref target="перекрестная" type="Рифма"></catref>
<catref target="абаб" type="Схема рифмовки"></catref>
<catref target="Я4мж. Я5ж" type="Метрическая формула"></catref>
<catref target="nan" type="Дополнительные параметры"></catref>
<catref target="16" type="Число строк"></catref>
<catref target="nan" type="Автор оригинала"></catref>
<catref target="nan" type="Язык оригинала"></catref>
</textclass></profiledesc>
</teiheader>
<text>
<body>
<div1 n="1" type="volume">
<div2 n="204" type="part">
<head>204.</head>
<lg type="quatrain">
<l n="1">Где ночь бросает якоря</l>
<l n="2">В глухих созвездьях Зодиака,</l>
<l n="3">Сухие листья октября,</l>
<l n="4">Глухие вскормленники мрака,</l>
</lg>
<lg type="octet">
<l n="5">Для вас потомства нет — увы! —</l>
<l n="6">Бесполая владеет вами злоба,</l>
<l n="7">Бездетными сойдете вы</l>
<l n="8">В свои повапленные гробы,</l>
<l n="9">И на пороге тишины,</l>
<l n="10">Среди беспамятства природы,</l>
<l n="11">Не вам, не вам обречены,</l>
<l n="12">А звездам вечные народы.</l>
</lg>
<date from="1920-09" to="1920-11">‹Осень 1920 (1917?)›</date>
<date when="1917">‹Осень 1920 (1917?)›</date>
</div2>
</div1>
</body>
</text>
</tei>
