<?xml version='1.0' encoding='UTF8'?>
<tei xmlns="http://www.tei-c.org/ns/1.0">
<teiheader>
<filedesc>
<titlestmt>
<title>«Вернись в смесительное лоно...»</title>
<author>О.Э. Мандельштам</author>
</titlestmt>
<publicationstmt>
<p>АРТ-БИЗНЕС-ЦЕНТР МОСКВА 1993</p>
<biblstruct>
<biblscope n="" type="volume"></biblscope>
<biblscope n="" type="part"></biblscope>
</biblstruct></publicationstmt>
<sourcedesc>
<p>Издание подготовлено Мандельштамовским обществом</p>
</sourcedesc>
<respstmt>
<resp>Подготовка и разметка файлов - Алексей Литвинцев, Вероника Файнберг. Создание
          электронного ресурса - Тимофей Молчанов. Руководители проекта - Центр Digital Humanities,
          Мандельштамовское общество (НИУ ВШЭ).</resp>
</respstmt></filedesc>
<profiledesc>
<textdesc n="poem"></textdesc>
<textclass>
<catref target="1_203" type="ID"></catref>
<catref target="О.Э. Мандельштам. Собрание сочинений в 4-х т. -- М.: Терра, 1991" type="Источник"></catref>
<catref target="стихотворение" type="Жанр художественной литературы"></catref>
<catref target="nan" type="Уточнение жанра"></catref>
<catref target="Я" type="Метр"></catref>
<catref target="4" type="Длина строки"></catref>
<catref target="регулярная" type="Клаузула"></catref>
<catref target="жм" type="Уточнение клаузулы"></catref>
<catref target="nan" type="Классическая строфа"></catref>
<catref target="перекрестная" type="Рифма"></catref>
<catref target="абаб" type="Схема рифмовки"></catref>
<catref target="Я4жм" type="Метрическая формула"></catref>
<catref target="nan" type="Дополнительные параметры"></catref>
<catref target="16" type="Число строк"></catref>
<catref target="nan" type="Автор оригинала"></catref>
<catref target="nan" type="Язык оригинала"></catref>
</textclass></profiledesc>
</teiheader>
<text>
<body>
<div1 n="1" type="volume">
<div2 n="203" type="part">
<head>203.</head>
<lg type="quatrain">
<l n="1">Вернись в смесительное лоно,</l>
<l n="2">Откуда, Лия, ты пришла,</l>
<l n="3">За то, что солнцу Илиона</l>
<l n="4">Ты желтый сумрак предпочла.</l>
</lg>
<lg type="quatrain">
<l n="5">Иди, никто тебя не тронет,</l>
<l n="6">На грудь отца в глухую ночь</l>
<l n="7">Пускай главу свою уронит</l>
<l n="8">Кровосмесительница-дочь.</l>
</lg>
<lg type="quatrain">
<l n="9">Но роковая перемена</l>
<l n="10">В тебе исполниться должна:</l>
<l n="11">Ты будешь Лия — не Елена!</l>
<l n="12">Не потому наречена,</l>
</lg>
<lg type="quatrain">
<l n="13">Что царской крови тяжелее</l>
<l n="14">Струиться в жилах, чем другой, —</l>
<l n="15">Нет, ты полюбишь иудея,</l>
<l n="16">Исчезнешь в нем — и Бог с тобой.</l>
</lg>
<date when="1920">1920</date>
</div2>
</div1>
</body>
</text>
</tei>
