<?xml version='1.0' encoding='UTF8'?>
<tei xmlns="http://www.tei-c.org/ns/1.0">
<teiheader>
<filedesc>
<titlestmt>
<title>«Возьми на радость из моих ладоней...»</title>
<author>О.Э. Мандельштам</author>
</titlestmt>
<publicationstmt>
<p>АРТ-БИЗНЕС-ЦЕНТР МОСКВА 1993</p>
<biblstruct>
<biblscope n="" type="volume"></biblscope>
<biblscope n="" type="part"></biblscope>
</biblstruct></publicationstmt>
<sourcedesc>
<p>Издание подготовлено Мандельштамовским обществом</p>
</sourcedesc>
<respstmt>
<resp>Подготовка и разметка файлов - Алексей Литвинцев, Вероника Файнберг. Создание
          электронного ресурса - Тимофей Молчанов. Руководители проекта - Центр Digital Humanities,
          Мандельштамовское общество (НИУ ВШЭ).</resp>
</respstmt></filedesc>
<profiledesc>
<textdesc n="poem"></textdesc>
<textclass>
<catref target="1_208" type="ID"></catref>
<catref target="О.Э. Мандельштам. Собрание сочинений в 4-х т. -- М.: Терра, 1991" type="Источник"></catref>
<catref target="стихотворение" type="Жанр художественной литературы"></catref>
<catref target="nan" type="Уточнение жанра"></catref>
<catref target="Я" type="Метр"></catref>
<catref target="5" type="Длина строки"></catref>
<catref target="nan" type="Клаузула"></catref>
<catref target="ж" type="Уточнение клаузулы"></catref>
<catref target="nan" type="Классическая строфа"></catref>
<catref target="0" type="Рифма"></catref>
<catref target="nan" type="Схема рифмовки"></catref>
<catref target="Я5ж" type="Метрическая формула"></catref>
<catref target="nan" type="Дополнительные параметры"></catref>
<catref target="15" type="Число строк"></catref>
<catref target="nan" type="Автор оригинала"></catref>
<catref target="nan" type="Язык оригинала"></catref>
</textclass></profiledesc>
</teiheader>
<text>
<body>
<div1 n="1" type="volume">
<div2 n="208" type="part">
<head>208.</head>
<lg type="tercet">
<l n="1">Возьми на радость из моих ладоней</l>
<l n="2">Немного солнца и немного меда,</l>
<l n="3">Как нам велели пчелы Персефоны.</l>
</lg>
<lg type="tercet">
<l n="4">Не отвязать неприкрепленной лодки,</l>
<l n="5">Не услыхать в меха обутой тени,</l>
<l n="6">Не превозмочь в дремучей жизни страха.</l>
</lg>
<lg type="tercet">
<l n="7">Нам остаются только поцелуи,</l>
<l n="8">Мохнатые, как маленькие пчелы,</l>
<l n="9">Что умирают, вылетев из улья.</l>
</lg>
<lg type="tercet">
<l n="10">Они шуршат в прозрачных дебрях ночи,</l>
<l n="11">Их родина — дремучий лес Тайгета,<rs ref="Тайгет" type="geo_index"></rs></l>
<l n="12">Их пища — время, медуница, мята.</l>
</lg>
<lg type="tercet">
<l n="13">Возьми ж на радость дикий мой подарок —</l>
<l n="14">Невзрачное сухое ожерелье</l>
<l n="15">Из мертвых пчел, мед превративших в солнце.</l>
</lg>
<date when="1920-11">Ноябрь 1920</date>
</div2>
</div1>
</body>
</text>
</tei>
