<?xml version='1.0' encoding='UTF8'?>
<tei xmlns="http://www.tei-c.org/ns/1.0">
<teiheader>
<filedesc>
<titlestmt>
<title>Феодосия</title>
<author>О.Э. Мандельштам</author>
</titlestmt>
<publicationstmt>
<p>АРТ-БИЗНЕС-ЦЕНТР МОСКВА 1993</p>
<biblstruct>
<biblscope n="" type="volume"></biblscope>
<biblscope n="" type="part"></biblscope>
</biblstruct></publicationstmt>
<sourcedesc>
<p>Издание подготовлено Мандельштамовским обществом</p>
</sourcedesc>
<respstmt>
<resp>Подготовка и разметка файлов - Алексей Литвинцев, Вероника Файнберг. Создание
          электронного ресурса - Тимофей Молчанов. Руководители проекта - Центр Digital Humanities,
          Мандельштамовское общество (НИУ ВШЭ).</resp>
</respstmt></filedesc>
<profiledesc>
<textdesc n="poem"></textdesc>
<textclass>
<catref target="1_200" type="ID"></catref>
<catref target="О.Э. Мандельштам. Собрание сочинений в 4-х т. -- М.: Терра, 1991" type="Источник"></catref>
<catref target="стихотворение" type="Жанр художественной литературы"></catref>
<catref target="nan" type="Уточнение жанра"></catref>
<catref target="Я" type="Метр"></catref>
<catref target="5" type="Длина строки"></catref>
<catref target="nan" type="Клаузула"></catref>
<catref target="ж" type="Уточнение клаузулы"></catref>
<catref target="nan" type="Классическая строфа"></catref>
<catref target="перекрестная" type="Рифма"></catref>
<catref target="абаб" type="Схема рифмовки"></catref>
<catref target="Я5ж" type="Метрическая формула"></catref>
<catref target="nan" type="Дополнительные параметры"></catref>
<catref target="36" type="Число строк"></catref>
<catref target="nan" type="Автор оригинала"></catref>
<catref target="nan" type="Язык оригинала"></catref>
</textclass></profiledesc>
</teiheader>
<text>
<body>
<div1 n="1" type="volume">
<div2 n="200" type="part">
<head>200.
Феодосия</head>
<lg type="quatrain">
<l n="1">Окружена высокими холмами,</l>
<l n="2">Овечьим стадом ты с горы сбегаешь</l>
<l n="3">И розовыми, белыми камнями</l>
<l n="4">В сухом прозрачном воздухе сверкаешь.</l>
</lg>
<lg type="octet">
<l n="5">На все лады, оплаканное всеми,</l>
<l n="6">С утра до ночи «яблочко» поется.</l>
<l n="7">Уносит ветер золотое семя, —</l>
<l n="8">Оно пропало — больше не вернется.</l>
<l n="9">А в переулочках, чуть свечерело,</l>
<l n="10">Пиликают, согнувшись, музыканты,</l>
<l n="11">По двое и по трое, неумело,</l>
<l n="12">Невероятные свои варьянты.</l>
</lg>
<lg type="octet">
<l n="13">О, горбоносых странников фигурки!</l>
<l n="14">О, средиземный радостный зверинец!</l>
<l n="15">Расхаживают в полотенцах турки,</l>
<l n="16">Как петухи у маленьких гостиниц.</l>
<l n="17">Везут собак в тюрьмоподобной фуре,</l>
<l n="18">Сухая пыль по улицам несется,</l>
<l n="19">И хладнокровен средь базарных фурий</l>
<l n="20">Монументальный повар с броненосца.</l>
</lg>
<lg type="octet">
<l n="21">Идем туда, где разные науки</l>
<l n="22">И ремесло — шашлык и чебуреки,</l>
<l n="23">Где вывеска, изображая брюки,</l>
<l n="24">Дает понятье нам о человеке.</l>
<l n="25">Мужской сюртук — без головы стремленье,</l>
<l n="26">Цирюльника летающая скрипка</l>
<l n="27">И месмерический утюг — явленье</l>
<l n="28">Небесных прачек — тяжести улыбка.</l>
</lg>
<lg type="octet">
<l n="29">Здесь девушки стареющие в челках</l>
<l n="30">Обдумывают странные наряды</l>
<l n="31">И адмиралы в твердых треуголках</l>
<l n="32">Припоминают сон Шехерезады.</l>
<l n="33">Прозрачна даль. Немного винограда.</l>
<l n="34">И неизменно дует ветер свежий.</l>
<l n="35">Недалеко до Смирны и Багдада,<rs ref="Багдад" type="geo_index"></rs></l>
<l n="36">Но трудно плыть, а звезды всюду те же.</l>
</lg>
<date when="1919">1919 (1919—1920?)</date>
<date when="1919">1919 (1919—1920?)</date>
<date when="1920">1919 (1919—1920?)</date>
</div2>
</div1>
</body>
</text>
</tei>
