<?xml version='1.0' encoding='UTF8'?>
<tei xmlns="http://www.tei-c.org/ns/1.0">
<teiheader>
<filedesc>
<titlestmt>
<title>«Когда Психея-жизнь спускается к теням...»</title>
<author>О.Э. Мандельштам</author>
</titlestmt>
<publicationstmt>
<p>АРТ-БИЗНЕС-ЦЕНТР МОСКВА 1993</p>
<biblstruct>
<biblscope n="" type="volume"></biblscope>
<biblscope n="" type="part"></biblscope>
</biblstruct></publicationstmt>
<sourcedesc>
<p>Издание подготовлено Мандельштамовским обществом</p>
</sourcedesc>
<respstmt>
<resp>Подготовка и разметка файлов - Алексей Литвинцев, Вероника Файнберг. Создание
          электронного ресурса - Тимофей Молчанов. Руководители проекта - Центр Digital Humanities,
          Мандельштамовское общество (НИУ ВШЭ).</resp>
</respstmt></filedesc>
<profiledesc>
<textdesc n="poem"></textdesc>
<textclass>
<catref target="1_209" type="ID"></catref>
<catref target="О.Э. Мандельштам. Собрание сочинений в 4-х т. -- М.: Терра, 1991" type="Источник"></catref>
<catref target="стихотворение" type="Жанр художественной литературы"></catref>
<catref target="nan" type="Уточнение жанра"></catref>
<catref target="Я" type="Метр"></catref>
<catref target="6" type="Длина строки"></catref>
<catref target="регулярная" type="Клаузула"></catref>
<catref target="мж" type="Уточнение клаузулы"></catref>
<catref target="nan" type="Классическая строфа"></catref>
<catref target="перекрестная" type="Рифма"></catref>
<catref target="абаб" type="Схема рифмовки"></catref>
<catref target="Я6мж" type="Метрическая формула"></catref>
<catref target="nan" type="Дополнительные параметры"></catref>
<catref target="16" type="Число строк"></catref>
<catref target="nan" type="Автор оригинала"></catref>
<catref target="nan" type="Язык оригинала"></catref>
</textclass></profiledesc>
</teiheader>
<text>
<body>
<div1 n="1" type="volume">
<div2 n="209" type="part">
<head>209.</head>
<lg type="quatrain">
<l n="1">Когда Психея-жизнь спускается к теням<rs ref="Психея" type="myth_index"></rs></l>
<l n="2">В полупрозрачный лес, вослед за Персефоной,<rs ref="Персефона" type="myth_index"></rs></l>
<l n="3">Слепая ласточка бросается к ногам</l>
<l n="4">С стигийской нежностью и веткою зеленой.</l>
</lg>
<lg type="quatrain">
<l n="5">Навстречу беженке спешит толпа теней,</l>
<l n="6">Товарку новую встречая причитаньем,</l>
<l n="7">И руки слабые ломают перед ней</l>
<l n="8">С недоумением и робким упованьем.</l>
</lg>
<lg type="quatrain">
<l n="9">Кто держит зеркальце, кто баночку духов, —</l>
<l n="10">Душа ведь женщина, ей нравятся безделки,</l>
<l n="11">И лес безлиственный прозрачных голосов</l>
<l n="12">Сухие жалобы кропят, как дождик мелкий.</l>
</lg>
<lg type="quatrain">
<l n="13">И в нежной сутолке не зная, что начать,</l>
<l n="14">Душа не узнает прозрачные дубравы,</l>
<l n="15">Дохнет на зеркало и медлит передать</l>
<l n="16">Лепешку медную с туманной переправы.</l>
</lg>
<date when="1920-11">Ноябрь 1920, 22 марта 1937</date>
<date when="1937-03-22">Ноябрь 1920, 22 марта 1937</date>
</div2>
</div1>
</body>
</text>
</tei>
