<?xml version='1.0' encoding='UTF8'?>
<tei xmlns="http://www.tei-c.org/ns/1.0">
<teiheader>
<filedesc>
<titlestmt>
<title>Актер и рабочий</title>
<author>О.Э. Мандельштам</author>
</titlestmt>
<publicationstmt>
<p>АРТ-БИЗНЕС-ЦЕНТР МОСКВА 1993</p>
<biblstruct>
<biblscope n="" type="volume"></biblscope>
<biblscope n="" type="part"></biblscope>
</biblstruct></publicationstmt>
<sourcedesc>
<p>Издание подготовлено Мандельштамовским обществом</p>
</sourcedesc>
<respstmt>
<resp>Подготовка и разметка файлов - Алексей Литвинцев, Вероника Файнберг. Создание
          электронного ресурса - Тимофей Молчанов. Руководители проекта - Центр Digital Humanities,
          Мандельштамовское общество (НИУ ВШЭ).</resp>
</respstmt></filedesc>
<profiledesc>
<textdesc n="poem"></textdesc>
<textclass>
<catref target="1_201" type="ID"></catref>
<catref target="О.Э. Мандельштам. Собрание сочинений в 4-х т. -- М.: Терра, 1991" type="Источник"></catref>
<catref target="стихотворение" type="Жанр художественной литературы"></catref>
<catref target="nan" type="Уточнение жанра"></catref>
<catref target="Аф, Д, Я, тонический : Тк" type="Метр"></catref>
<catref target="4" type="Длина строки"></catref>
<catref target="регулярная" type="Клаузула"></catref>
<catref target="жм" type="Уточнение клаузулы"></catref>
<catref target="nan" type="Классическая строфа"></catref>
<catref target="перекрестная" type="Рифма"></catref>
<catref target="абаб" type="Схема рифмовки"></catref>
<catref target="Тк4жм" type="Метрическая формула"></catref>
<catref target="переменная анакруса" type="Дополнительные параметры"></catref>
<catref target="24" type="Число строк"></catref>
<catref target="nan" type="Автор оригинала"></catref>
<catref target="nan" type="Язык оригинала"></catref>
</textclass></profiledesc>
</teiheader>
<text>
<body>
<div1 n="1" type="volume">
<div2 n="201" type="part">
<head>201.
Актер и рабочий</head>
<lg type="quatrain">
<l n="1">Здесь, на твердой площадке яхт-клуба,</l>
<l n="2">Где высокая мачта и спасательный круг,</l>
<l n="3">У южного моря, под сенью юга</l>
<l n="4">Деревянный пахучий строился сруб!</l>
</lg>
<lg type="quatrain">
<l n="5">Это игра воздвигает здесь стены!</l>
<l n="6">Разве работать — не значит играть?</l>
<l n="7">По свежим доскам широкой сцены</l>
<l n="8">Какая радость впервые шагать!</l>
</lg>
<lg type="quatrain">
<l n="9">Актер — корабельщик на палубе мира!</l>
<l n="10">И дом актера стоит на волнах!</l>
<l n="11">Никогда, никогда не боялась лира</l>
<l n="12">Тяжелого молота в братских руках!</l>
</lg>
<lg type="quatrain">
<l n="13">Что сказал художник, сказал и работник:</l>
<l n="14">— Воистину, правда у нас одна!</l>
<l n="15">Единым духом жив и плотник,</l>
<l n="16">И поэт, вкусивший святого вина!</l>
</lg>
<lg type="quatrain">
<l n="17">А вам спасибо! И дни, и ночи</l>
<l n="18">Мы строим вместе — и наш дом готов!</l>
<l n="19">Под маской суровости скрывает рабочий</l>
<l n="20">Высокую нежность грядущих веков!</l>
</lg>
<lg type="quatrain">
<l n="21">Веселые стружки пахнут морем,</l>
<l n="22">Корабль оснащен — в добрый путь!</l>
<l n="23">Плывите же вместе к грядущим зорям,</l>
<l n="24">Актер и рабочий, вам нельзя отдохнуть!</l>
</lg>
<date from="1920-06" to="1920-08">Лето 1920</date>
</div2>
</div1>
</body>
</text>
</tei>
