<?xml version='1.0' encoding='UTF8'?>
<tei xmlns="http://www.tei-c.org/ns/1.0">
<teiheader>
<filedesc>
<titlestmt>
<title>«За то, что я руки твои не сумел удержать...»</title>
<author>О.Э. Мандельштам</author>
</titlestmt>
<publicationstmt>
<p>АРТ-БИЗНЕС-ЦЕНТР МОСКВА 1993</p>
<biblstruct>
<biblscope n="" type="volume"></biblscope>
<biblscope n="" type="part"></biblscope>
</biblstruct></publicationstmt>
<sourcedesc>
<p>Издание подготовлено Мандельштамовским обществом</p>
</sourcedesc>
<respstmt>
<resp>Подготовка и разметка файлов - Алексей Литвинцев, Вероника Файнберг. Создание
          электронного ресурса - Тимофей Молчанов. Руководители проекта - Центр Digital Humanities,
          Мандельштамовское общество (НИУ ВШЭ).</resp>
</respstmt></filedesc>
<profiledesc>
<textdesc n="poem"></textdesc>
<textclass>
<catref target="1_212" type="ID"></catref>
<catref target="О.Э. Мандельштам. Собрание сочинений в 4-х т. -- М.: Терра, 1991" type="Источник"></catref>
<catref target="стихотворение" type="Жанр художественной литературы"></catref>
<catref target="nan" type="Уточнение жанра"></catref>
<catref target="Аф" type="Метр"></catref>
<catref target="5" type="Длина строки"></catref>
<catref target="регулярная" type="Клаузула"></catref>
<catref target="мж" type="Уточнение клаузулы"></catref>
<catref target="nan" type="Классическая строфа"></catref>
<catref target="перекрестная" type="Рифма"></catref>
<catref target="абаб" type="Схема рифмовки"></catref>
<catref target="Аф5мж" type="Метрическая формула"></catref>
<catref target="nan" type="Дополнительные параметры"></catref>
<catref target="24" type="Число строк"></catref>
<catref target="nan" type="Автор оригинала"></catref>
<catref target="nan" type="Язык оригинала"></catref>
</textclass></profiledesc>
</teiheader>
<text>
<body>
<div1 n="1" type="volume">
<div2 n="212" type="part">
<head>212.</head>
<lg type="quatrain">
<l n="1">За то, что я руки твои не сумел удержать,</l>
<l n="2">За то, что я предал соленые нежные губы,</l>
<l n="3">Я должен рассвета в дремучем акрополе ждать.</l>
<l n="4">Как я ненавижу пахучие древние срубы!</l>
</lg>
<lg type="quatrain">
<l n="5">Ахейские мужи во тьме снаряжают коня,</l>
<l n="6">Зубчатыми пилами в стены вгрызаются крепко;</l>
<l n="7">Никак не уляжется крови сухая возня,</l>
<l n="8">И нет для тебя ни названья, ни звука, ни слепка.</l>
</lg>
<lg type="quatrain">
<l n="9">Как мог я подумать, что ты возвратишься, как смел?</l>
<l n="10">Зачем преждевременно я от тебя оторвался?</l>
<l n="11">Еще не рассеялся мрак и петух не пропел,</l>
<l n="12">Еще в древесину горячий топор не врезался.</l>
</lg>
<lg type="quatrain">
<l n="13">Прозрачной слезой на стенах проступила смола,</l>
<l n="14">И чувствует город свои деревянные ребра,</l>
<l n="15">Но хлынула к лестницам кровь и на приступ пошла,</l>
<l n="16">И трижды приснился мужам соблазнительный образ.</l>
</lg>
<lg type="quatrain">
<l n="17">Где милая Троя? Где царский, где девичий дом?<rs ref="Троя (Илион)" type="geo_index"></rs></l>
<l n="18">Он будет разрушен, высокий Приамов скворешник.<rs ref="Приам" type="myth_index"></rs></l>
<l n="19">И падают стрелы сухим деревянным дождем,</l>
<l n="20">И стрелы другие растут на земле, как орешник.</l>
</lg>
<lg type="quatrain">
<l n="21">Последней звезды безболезненно гаснет укол,</l>
<l n="22">И серою ласточкой утро в окно постучится,</l>
<l n="23">И медленный день, как в соломе проснувшийся вол,</l>
<l n="24">На стогнах, шершавых от долгого сна, шевелится.</l>
</lg>
<date when="1920-11">Ноябрь 1920</date>
</div2>
</div1>
</body>
</text>
</tei>
