<?xml version='1.0' encoding='UTF8'?>
<tei xmlns="http://www.tei-c.org/ns/1.0">
<teiheader>
<filedesc>
<titlestmt>
<title>«Люблю под сводами седыя тишины...»</title>
<author>О.Э. Мандельштам</author>
</titlestmt>
<publicationstmt>
<p>АРТ-БИЗНЕС-ЦЕНТР МОСКВА 1993</p>
<biblstruct>
<biblscope n="" type="volume"></biblscope>
<biblscope n="" type="part"></biblscope>
</biblstruct></publicationstmt>
<sourcedesc>
<p>Издание подготовлено Мандельштамовским обществом</p>
</sourcedesc>
<respstmt>
<resp>Подготовка и разметка файлов - Алексей Литвинцев, Вероника Файнберг. Создание
          электронного ресурса - Тимофей Молчанов. Руководители проекта - Центр Digital Humanities,
          Мандельштамовское общество (НИУ ВШЭ).</resp>
</respstmt></filedesc>
<profiledesc>
<textdesc n="poem"></textdesc>
<textclass>
<catref target="1_217" type="ID"></catref>
<catref target="О.Э. Мандельштам. Собрание сочинений в 4-х т. -- М.: Терра, 1991" type="Источник"></catref>
<catref target="стихотворение" type="Жанр художественной литературы"></catref>
<catref target="nan" type="Уточнение жанра"></catref>
<catref target="Я" type="Метр"></catref>
<catref target="регулярная" type="Длина строки"></catref>
<catref target="регулярная" type="Клаузула"></catref>
<catref target="мж" type="Уточнение клаузулы"></catref>
<catref target="nan" type="Классическая строфа"></catref>
<catref target="перекрестная" type="Рифма"></catref>
<catref target="абаб" type="Схема рифмовки"></catref>
<catref target="Я6м+Я4ж" type="Метрическая формула"></catref>
<catref target="nan" type="Дополнительные параметры"></catref>
<catref target="24" type="Число строк"></catref>
<catref target="nan" type="Автор оригинала"></catref>
<catref target="nan" type="Язык оригинала"></catref>
</textclass></profiledesc>
</teiheader>
<text>
<body>
<div1 n="1" type="volume">
<div2 n="217" type="part">
<head>217.</head>
<lg type="quatrain">
<l n="1">Люблю под сводами седыя тишины</l>
<l n="2">Молебнов, панихид блужданье</l>
<l n="3">И трогательный чин — ему же все должны, —</l>
<l n="4">У Исаака отпеванье.<rs ref="Петербург (Ленинград, Петрополь)" type="geo_index"></rs></l>
</lg>
<lg type="quatrain">
<l n="5">Люблю священника неторопливый шаг,</l>
<l n="6">Широкий вынос плащаницы</l>
<l n="7">И в ветхом неводе генисаретский мрак</l>
<l n="8">Великопостныя седмицы.</l>
</lg>
<lg type="quatrain">
<l n="9">Ветхозаветный дым на теплых алтарях</l>
<l n="10">И иерея возглас сирый,</l>
<l n="11">Смиренник царственный — снег чистый на плечах</l>
<l n="12">И одичалые порфиры.</l>
</lg>
<lg type="quatrain">
<l n="13">Соборы вечные Софии и Петра,<rs ref="Петербург (Ленинград, Петрополь)" type="geo_index"></rs><rs ref="Рим" type="geo_index"></rs></l>
<l n="14">Амбары воздуха и света,</l>
<l n="15">Зернохранилища вселенского добра</l>
<l n="16">И риги Новаго Завета.</l>
</lg>
<lg type="quatrain">
<l n="17">Не к вам влечется дух в годины тяжких бед,</l>
<l n="18">Сюда влачится по ступеням</l>
<l n="19">Широкопасмурным несчастья волчий след,</l>
<l n="20">Ему ж вовеки не изменим.</l>
</lg>
<lg type="quatrain">
<l n="21">Зане свободен раб, преодолевший страх,</l>
<l n="22">И сохранилось свыше меры</l>
<l n="23">В прохладных житницах, в глубоких закромах</l>
<l n="24">Зерно глубокой, полной веры.</l>
</lg>
<date from="1922-03" to="1922-05">Весна 1921, весна 1922</date>
<date when="1922">Весна 1921, весна 1922</date>
</div2>
</div1>
</body>
</text>
</tei>
