<?xml version='1.0' encoding='UTF8'?>
<tei xmlns="http://www.tei-c.org/ns/1.0">
<teiheader>
<filedesc>
<titlestmt>
<title>«Чуть мерцает призрачная сцена...»</title>
<author>О.Э. Мандельштам</author>
</titlestmt>
<publicationstmt>
<p>АРТ-БИЗНЕС-ЦЕНТР МОСКВА 1993</p>
<biblstruct>
<biblscope n="" type="volume"></biblscope>
<biblscope n="" type="part"></biblscope>
</biblstruct></publicationstmt>
<sourcedesc>
<p>Издание подготовлено Мандельштамовским обществом</p>
</sourcedesc>
<respstmt>
<resp>Подготовка и разметка файлов - Алексей Литвинцев, Вероника Файнберг. Создание
          электронного ресурса - Тимофей Молчанов. Руководители проекта - Центр Digital Humanities,
          Мандельштамовское общество (НИУ ВШЭ).</resp>
</respstmt></filedesc>
<profiledesc>
<textdesc n="poem"></textdesc>
<textclass>
<catref target="1_210" type="ID"></catref>
<catref target="О.Э. Мандельштам. Собрание сочинений в 4-х т. -- М.: Терра, 1991" type="Источник"></catref>
<catref target="стихотворение" type="Жанр художественной литературы"></catref>
<catref target="nan" type="Уточнение жанра"></catref>
<catref target="Х" type="Метр"></catref>
<catref target="вольная" type="Длина строки"></catref>
<catref target="регулярная" type="Клаузула"></catref>
<catref target="жм" type="Уточнение клаузулы"></catref>
<catref target="nan" type="Классическая строфа"></catref>
<catref target="перекрестная" type="Рифма"></catref>
<catref target="абаб" type="Схема рифмовки"></catref>
<catref target="Х4,5жм. Х6ж,м" type="Метрическая формула"></catref>
<catref target="nan" type="Дополнительные параметры"></catref>
<catref target="32" type="Число строк"></catref>
<catref target="nan" type="Автор оригинала"></catref>
<catref target="nan" type="Язык оригинала"></catref>
</textclass></profiledesc>
</teiheader>
<text>
<body>
<div1 n="1" type="volume">
<div2 n="210" type="part">
<head>210.</head>
<lg type="octet">
<l n="1">Чуть мерцает призрачная сцена,</l>
<l n="2">Хоры слабые теней,</l>
<l n="3">Захлестнула шелком Мельпомена</l>
<l n="4">Окна храмины своей.</l>
<l n="5">Черным табором стоят кареты,</l>
<l n="6">На дворе мороз трещит,</l>
<l n="7">Все космато — люди и предметы,</l>
<l n="8">И горячий снег хрустит.</l>
</lg>
<lg type="octet">
<l n="9">Понемногу челядь разбирает</l>
<l n="10">Шуб медвежьих вороха.</l>
<l n="11">В суматохе бабочка летает,</l>
<l n="12">Розу кутают в меха.</l>
<l n="13">Модной пестряди кружки и мошки,</l>
<l n="14">Театральный легкий жар,</l>
<l n="15">А на улице мигают плошки</l>
<l n="16">И тяжелый валит пар.</l>
</lg>
<lg type="octet">
<l n="17">Кучера измаялись от крика,</l>
<l n="18">И храпит и дышит тьма.</l>
<l n="19">Ничего, голубка Эвридика,</l>
<l n="20">Что у нас студеная зима.</l>
<l n="21">Слаще пенья итальянской речи</l>
<l n="22">Для меня родной язык,</l>
<l n="23">Ибо в нем таинственно лепечет</l>
<l n="24">Чужеземных арф родник.</l>
</lg>
<lg type="quatrain">
<l n="25">Пахнет дымом бедная овчина,</l>
<l n="26">От сугроба улица черна.</l>
<l n="27">Из блаженного, певучего притина</l>
<l n="28">К нам летит бессмертная весна.</l>
</lg>
<date when="1920-11">Ноябрь 1920</date>
</div2>
</div1>
</body>
</text>
</tei>
