<?xml version='1.0' encoding='UTF8'?>
<tei xmlns="http://www.tei-c.org/ns/1.0">
<teiheader>
<filedesc>
<titlestmt>
<title>«Мне жалко, что теперь зима...»</title>
<author>О.Э. Мандельштам</author>
</titlestmt>
<publicationstmt>
<p>АРТ-БИЗНЕС-ЦЕНТР МОСКВА 1993</p>
<biblstruct>
<biblscope n="" type="volume"></biblscope>
<biblscope n="" type="part"></biblscope>
</biblstruct></publicationstmt>
<sourcedesc>
<p>Издание подготовлено Мандельштамовским обществом</p>
</sourcedesc>
<respstmt>
<resp>Подготовка и разметка файлов - Алексей Литвинцев, Вероника Файнберг. Создание
          электронного ресурса - Тимофей Молчанов. Руководители проекта - Центр Digital Humanities,
          Мандельштамовское общество (НИУ ВШЭ).</resp>
</respstmt></filedesc>
<profiledesc>
<textdesc n="poem"></textdesc>
<textclass>
<catref target="1_214" type="ID"></catref>
<catref target="О.Э. Мандельштам. Собрание сочинений в 4-х т. -- М.: Терра, 1991" type="Источник"></catref>
<catref target="стихотворение" type="Жанр художественной литературы"></catref>
<catref target="nan" type="Уточнение жанра"></catref>
<catref target="Я" type="Метр"></catref>
<catref target="4" type="Длина строки"></catref>
<catref target="регулярная" type="Клаузула"></catref>
<catref target="мж" type="Уточнение клаузулы"></catref>
<catref target="nan" type="Классическая строфа"></catref>
<catref target="перекрестная" type="Рифма"></catref>
<catref target="абаб" type="Схема рифмовки"></catref>
<catref target="Я4мж" type="Метрическая формула"></catref>
<catref target="nan" type="Дополнительные параметры"></catref>
<catref target="32" type="Число строк"></catref>
<catref target="nan" type="Автор оригинала"></catref>
<catref target="nan" type="Язык оригинала"></catref>
</textclass></profiledesc>
</teiheader>
<text>
<body>
<div1 n="1" type="volume">
<div2 n="214" type="part">
<head>214.</head>
<lg type="quatrain">
<l n="1">Мне жалко, что теперь зима</l>
<l n="2">И комаров не слышно в доме,</l>
<l n="3">Но ты напомнила сама</l>
<l n="4">О легкомысленной соломе.</l>
</lg>
<lg type="quatrain">
<l n="5">Стрекозы вьются в синеве,</l>
<l n="6">И ласточкой кружится мода;</l>
<l n="7">Корзиночка на голове</l>
<l n="8">Или напыщенная ода?</l>
</lg>
<lg type="quatrain">
<l n="9">Советовать я не берусь,</l>
<l n="10">И бесполезны отговорки,</l>
<l n="11">Но взбитых сливок вечен вкус</l>
<l n="12">И запах апельсинной корки.</l>
</lg>
<lg type="quatrain">
<l n="13">Ты все толкуешь наобум,</l>
<l n="14">От этого ничуть не хуже,</l>
<l n="15">Что делать: самый нежный ум</l>
<l n="16">Весь помещается снаружи.</l>
</lg>
<lg type="quatrain">
<l n="17">И ты пытаешься желток</l>
<l n="18">Взбивать рассерженною ложкой,</l>
<l n="19">Он побелел, он изнемог.</l>
<l n="20">И все-таки еще немножко...</l>
</lg>
<lg type="quatrain">
<l n="21">И право, не твоя вина, —</l>
<l n="22">Зачем оценки и изнанки?</l>
<l n="23">Ты как нарочно создана</l>
<l n="24">Для комедийной перебранки.</l>
</lg>
<lg type="quatrain">
<l n="25">В тебе все дразнит, все поет,</l>
<l n="26">Как итальянская рулада.</l>
<l n="27">И маленький вишневый рот</l>
<l n="28">Сухого просит винограда.</l>
</lg>
<lg type="quatrain">
<l n="29">Так не старайся быть умней,</l>
<l n="30">В тебе все прихоть, все минута,</l>
<l n="31">И тень от шапочки твоей —</l>
<l n="32">Венецианская баута.<rs ref="Венеция" type="geo_index"></rs></l>
</lg>
<date when="1920-12">Декабрь 1920</date>
</div2>
</div1>
</body>
</text>
</tei>
