<?xml version='1.0' encoding='UTF8'?>
<tei xmlns="http://www.tei-c.org/ns/1.0">
<teiheader>
<filedesc>
<titlestmt>
<title>из «Антологии античной глупости». ‹1›. «Сын Леонида был скуп, и кратеры берег он ревниво...»</title>
<author>О.Э. Мандельштам</author>
</titlestmt>
<publicationstmt>
<p>АРТ-БИЗНЕС-ЦЕНТР МОСКВА 1993</p>
<biblstruct>
<biblscope n="" type="volume"></biblscope>
<biblscope n="" type="part"></biblscope>
</biblstruct></publicationstmt>
<sourcedesc>
<p>Издание подготовлено Мандельштамовским обществом</p>
</sourcedesc>
<respstmt>
<resp>Подготовка и разметка файлов - Алексей Литвинцев, Вероника Файнберг. Создание
          электронного ресурса - Тимофей Молчанов. Руководители проекта - Центр Digital Humanities,
          Мандельштамовское общество (НИУ ВШЭ).</resp>
</respstmt></filedesc>
<profiledesc>
<textdesc n="poem"></textdesc>
<textclass>
<catref target="1_226" type="ID"></catref>
<catref target="О.Э. Мандельштам. Собрание сочинений в 4-х т. -- М.: Терра, 1991" type="Источник"></catref>
<catref target="стихотворение" type="Жанр художественной литературы"></catref>
<catref target="эпиграмма" type="Уточнение жанра"></catref>
<catref target="Д" type="Метр"></catref>
<catref target="6" type="Длина строки"></catref>
<catref target="регулярная" type="Клаузула"></catref>
<catref target="жм" type="Уточнение клаузулы"></catref>
<catref target="элегический дистих" type="Классическая строфа"></catref>
<catref target="0" type="Рифма"></catref>
<catref target="nan" type="Схема рифмовки"></catref>
<catref target="Д6ж+Д3м~Д3м" type="Метрическая формула"></catref>
<catref target="цезурные усечения" type="Дополнительные параметры"></catref>
<catref target="4" type="Число строк"></catref>
<catref target="nan" type="Автор оригинала"></catref>
<catref target="nan" type="Язык оригинала"></catref>
</textclass></profiledesc>
</teiheader>
<text>
<body>
<div1 n="1" type="volume">
<div2 n="1" type="part">
<head>226—232.
из «Антологии античной глупости»</head>
<div type="dedication">М. Лозинскому</div>
<rs ref="Лозинский, Михаил Леонидович" type="person"></rs>
<lg type="quatrain">
<l n="1">Сын Леонида был скуп, и кратеры берег он ревниво,</l>
<l n="2">Редко он другу струил пенное в чаши вино.</l>
<l n="3">Так он любил говорить, возлежа за трапезой с пришельцем:</l>
<l n="4">— Скифам любезно вино, — мне же любезны друзья.</l>
</lg>
</div2>
</div1>
</body>
</text>
</tei>
