<?xml version='1.0' encoding='UTF8'?>
<tei xmlns="http://www.tei-c.org/ns/1.0">
<teiheader>
<filedesc>
<titlestmt>
<title>из «Антологии античной глупости». ‹3›. «Смертный, откуда идешь? — Я был в гостях у Шилейко...»</title>
<author>О.Э. Мандельштам</author>
</titlestmt>
<publicationstmt>
<p>АРТ-БИЗНЕС-ЦЕНТР МОСКВА 1993</p>
<biblstruct>
<biblscope n="" type="volume"></biblscope>
<biblscope n="" type="part"></biblscope>
</biblstruct></publicationstmt>
<sourcedesc>
<p>Издание подготовлено Мандельштамовским обществом</p>
</sourcedesc>
<respstmt>
<resp>Подготовка и разметка файлов - Алексей Литвинцев, Вероника Файнберг. Создание
          электронного ресурса - Тимофей Молчанов. Руководители проекта - Центр Digital Humanities,
          Мандельштамовское общество (НИУ ВШЭ).</resp>
</respstmt></filedesc>
<profiledesc>
<textdesc n="poem"></textdesc>
<textclass>
<catref target="1_228" type="ID"></catref>
<catref target="О.Э. Мандельштам. Собрание сочинений в 4-х т. -- М.: Терра, 1991" type="Источник"></catref>
<catref target="стихотворение" type="Жанр художественной литературы"></catref>
<catref target="эпиграмма" type="Уточнение жанра"></catref>
<catref target="Д, тонический : Гек + Пен" type="Метр"></catref>
<catref target="6" type="Длина строки"></catref>
<catref target="регулярная" type="Клаузула"></catref>
<catref target="жм" type="Уточнение клаузулы"></catref>
<catref target="элегический дистих" type="Классическая строфа"></catref>
<catref target="0" type="Рифма"></catref>
<catref target="nan" type="Схема рифмовки"></catref>
<catref target="Гек6ж+Пен6м" type="Метрическая формула"></catref>
<catref target="цезурные усечения" type="Дополнительные параметры"></catref>
<catref target="6" type="Число строк"></catref>
<catref target="nan" type="Автор оригинала"></catref>
<catref target="nan" type="Язык оригинала"></catref>
</textclass></profiledesc>
</teiheader>
<text>
<body>
<div1 n="1" type="volume">
<div2 n="3" type="part">
<div type="dedication">В. Шилейко</div>
<rs ref="Шилейко, Владимир Казимирович" type="person"></rs>
<lg type="sestet">
<l n="1">— Смертный, откуда идешь? — Я был в гостях у Шилейко.<rs ref="Шилейко, Владимир Казимирович" type="person"></rs></l>
<l n="2">Дивно живет человек, смотришь — не веришь очам:</l>
<l n="3">В креслах глубоких сидит, за обедом кушает гуся.</l>
<l n="4">Кнопки коснется рукой — сам зажигается свет.</l>
<l n="5">— Если такие живут на Четвертой Рождественской люди,<rs ref="Петербург (Ленинград, Петрополь)" type="geo_index"></rs><rs ref="Рождественский, Всеволод Александрович" type="person"></rs></l>
<l n="6">Путник, скажи мне, прошу, — как же живут на Осьмой?</l>
</lg>
</div2>
</div1>
</body>
</text>
</tei>
