<?xml version='1.0' encoding='UTF8'?>
<tei xmlns="http://www.tei-c.org/ns/1.0">
<teiheader>
<filedesc>
<titlestmt>
<title>Актеру, игравшему испанца</title>
<author>О.Э. Мандельштам</author>
</titlestmt>
<publicationstmt>
<p>АРТ-БИЗНЕС-ЦЕНТР МОСКВА 1993</p>
<biblstruct>
<biblscope n="" type="volume"></biblscope>
<biblscope n="" type="part"></biblscope>
</biblstruct></publicationstmt>
<sourcedesc>
<p>Издание подготовлено Мандельштамовским обществом</p>
</sourcedesc>
<respstmt>
<resp>Подготовка и разметка файлов - Алексей Литвинцев, Вероника Файнберг. Создание
          электронного ресурса - Тимофей Молчанов. Руководители проекта - Центр Digital Humanities,
          Мандельштамовское общество (НИУ ВШЭ).</resp>
</respstmt></filedesc>
<profiledesc>
<textdesc n="poem"></textdesc>
<textclass>
<catref target="1_242" type="ID"></catref>
<catref target="О.Э. Мандельштам. Собрание сочинений в 4-х т. -- М.: Терра, 1991" type="Источник"></catref>
<catref target="стихотворение" type="Жанр художественной литературы"></catref>
<catref target="послание" type="Уточнение жанра"></catref>
<catref target="Я" type="Метр"></catref>
<catref target="5" type="Длина строки"></catref>
<catref target="вольная" type="Клаузула"></catref>
<catref target="ж, м" type="Уточнение клаузулы"></catref>
<catref target="nan" type="Классическая строфа"></catref>
<catref target="вольная" type="Рифма"></catref>
<catref target="nan" type="Схема рифмовки"></catref>
<catref target="Я5ж,м" type="Метрическая формула"></catref>
<catref target="монотонная рифма" type="Дополнительные параметры"></catref>
<catref target="14" type="Число строк"></catref>
<catref target="nan" type="Автор оригинала"></catref>
<catref target="nan" type="Язык оригинала"></catref>
</textclass></profiledesc>
</teiheader>
<text>
<body>
<div1 n="1" type="volume">
<div2 n="242" type="part">
<head>242.
Актеру, игравшему испанца</head>
<lg type="14_line">
<l n="1">Испанец собирается порой</l>
<l n="2">На похороны тетки в Сарагосу,</l>
<l n="3">Но все же он не опускает носу</l>
<l n="4">Пред теткой бездыханной, дорогой.</l>
<l n="5">Он выкурит в Севилье пахитосу</l>
<l n="6">И быстро возвращается домой.</l>
<l n="7">Любовника с испанкой молодой</l>
<l n="8">Он застает и хвать ее за косу!</l>
<l n="9">Он говорит: не ездил я порой</l>
<l n="10">На похороны тетки в Сарагосу,</l>
<l n="11">Я тетки не имею никакой.</l>
<l n="12">Я выкурил в Севилье пахитосу.</l>
<l n="13">И вот я здесь, клянусь в том бородой,</l>
<l n="14">Билибердосою и Бомбардосой!</l>
</lg>
<date when="1917">‹1917 (1918?)›</date>
<date when="1918">‹1917 (1918?)›</date>
</div2>
</div1>
</body>
</text>
</tei>
