<?xml version='1.0' encoding='UTF8'?>
<tei xmlns="http://www.tei-c.org/ns/1.0">
<teiheader>
<filedesc>
<titlestmt>
<title>Умеревший офицер</title>
<author>О.Э. Мандельштам</author>
</titlestmt>
<publicationstmt>
<p>АРТ-БИЗНЕС-ЦЕНТР МОСКВА 1993</p>
<biblstruct>
<biblscope n="" type="volume"></biblscope>
<biblscope n="" type="part"></biblscope>
</biblstruct></publicationstmt>
<sourcedesc>
<p>Издание подготовлено Мандельштамовским обществом</p>
</sourcedesc>
<respstmt>
<resp>Подготовка и разметка файлов - Алексей Литвинцев, Вероника Файнберг. Создание
          электронного ресурса - Тимофей Молчанов. Руководители проекта - Центр Digital Humanities,
          Мандельштамовское общество (НИУ ВШЭ).</resp>
</respstmt></filedesc>
<profiledesc>
<textdesc n="poem"></textdesc>
<textclass>
<catref target="1_244" type="ID"></catref>
<catref target="О.Э. Мандельштам. Собрание сочинений в 4-х т. -- М.: Терра, 1991" type="Источник"></catref>
<catref target="стихотворение" type="Жанр художественной литературы"></catref>
<catref target="пародия" type="Уточнение жанра"></catref>
<catref target="Ан, Аф, Я, тонический : Дк" type="Метр"></catref>
<catref target="вольная" type="Длина строки"></catref>
<catref target="nan" type="Клаузула"></catref>
<catref target="м" type="Уточнение клаузулы"></catref>
<catref target="nan" type="Классическая строфа"></catref>
<catref target="парная" type="Рифма"></catref>
<catref target="аа" type="Схема рифмовки"></catref>
<catref target="Дк2,3,4м" type="Метрическая формула"></catref>
<catref target="переменная анакруса" type="Дополнительные параметры"></catref>
<catref target="6" type="Число строк"></catref>
<catref target="nan" type="Автор оригинала"></catref>
<catref target="nan" type="Язык оригинала"></catref>
</textclass></profiledesc>
</teiheader>
<text>
<body>
<div1 n="1" type="volume">
<div2 n="244" type="part">
<head>244.
Умеревший офицер</head>
<div type="dedication">‹Н. Оцупу›</div>
<rs ref="Оцуп, Николай Авдиевич" type="person"></rs>
<lg type="couplet">
<l n="1">Полковнику Белавенцу<rs ref="Белавенец" type="person"></rs></l>
<l n="2">Каждый дал по яйцу.</l>
</lg>
<lg type="couplet">
<l n="3">Полковник Белавенец<rs ref="Белавенец" type="person"></rs></l>
<l n="4">Съел много яец.</l>
</lg>
<lg type="couplet">
<l n="5">Пожалейте Белавенца,<rs ref="Белавенец" type="person"></rs></l>
<l n="6">Умеревшего от яйца.</l>
</lg>
<date when="1920">Конец 1920</date>
</div2>
</div1>
</body>
</text>
</tei>
