<?xml version='1.0' encoding='UTF8'?>
<tei xmlns="http://www.tei-c.org/ns/1.0">
<teiheader>
<filedesc>
<titlestmt>
<title>Переводы. Из Малларме. Плоть опечалена, и книги надоели...</title>
<author>О.Э. Мандельштам</author>
</titlestmt>
<publicationstmt>
<p>АРТ-БИЗНЕС-ЦЕНТР МОСКВА 1993</p>
<biblstruct>
<biblscope n="" type="volume"></biblscope>
<biblscope n="" type="part"></biblscope>
</biblstruct></publicationstmt>
<sourcedesc>
<p>Издание подготовлено Мандельштамовским обществом</p>
</sourcedesc>
<respstmt>
<resp>Подготовка и разметка файлов - Алексей Литвинцев, Вероника Файнберг. Создание
          электронного ресурса - Тимофей Молчанов. Руководители проекта - Центр Digital Humanities,
          Мандельштамовское общество (НИУ ВШЭ).</resp>
</respstmt></filedesc>
<profiledesc>
<textdesc n="poem"></textdesc>
<textclass>
<catref target="1_247" type="ID"></catref>
<catref target="О.Э. Мандельштам. Собрание сочинений в 4-х т. -- М.: Терра, 1991" type="Источник"></catref>
<catref target="стихотворение" type="Жанр художественной литературы"></catref>
<catref target="перевод" type="Уточнение жанра"></catref>
<catref target="Я" type="Метр"></catref>
<catref target="6(5)" type="Длина строки"></catref>
<catref target="регулярная" type="Клаузула"></catref>
<catref target="жжмм" type="Уточнение клаузулы"></catref>
<catref target="александрийский стих" type="Классическая строфа"></catref>
<catref target="парная" type="Рифма"></catref>
<catref target="аа" type="Схема рифмовки"></catref>
<catref target="Я6жжмм. Я5ж" type="Метрическая формула"></catref>
<catref target="nan" type="Дополнительные параметры"></catref>
<catref target="8" type="Число строк"></catref>
<catref target="С. Малларме" type="Автор оригинала"></catref>
<catref target="французский" type="Язык оригинала"></catref>
</textclass></profiledesc>
</teiheader>
<text>
<body>
<div1 n="1" type="volume">
<div2 n="" type="part">
<head>ПЕРЕВОДЫ</head>
<head>СТЕФАН МАЛЛАРМЕ</head>
<head>247.</head>
<epigraph>
<quote>La chair est triste, helas...</quote>
</epigraph>
<lg type="octet">
<l n="1">Плоть опечалена, и книги надоели...</l>
<l n="2">Бежать... Я чувствую, как птицы опьянели</l>
<l n="3">От новизны небес и вспененной воды.</l>
<l n="4">Нет — ни в глазах моих старинные сады</l>
<l n="5">Не остановят сердца, пляшущего, доле;</l>
<l n="6">Ни с лампою в пустынном ореоле</l>
<l n="7">На неисписанных и девственных листах;</l>
<l n="8">Ни молодая мать с ребенком на руках...</l>
</lg>
</div2>
</div1>
</body>
</text>
</tei>
