<?xml version='1.0' encoding='UTF8'?>
<tei xmlns="http://www.tei-c.org/ns/1.0">
<teiheader>
<filedesc>
<titlestmt>
<title>(Рец.) Джек Лондон. Собрание сочинений с предисловием Л.Андреева</title>
<author>О.Э. Мандельштам</author>
</titlestmt>
<publicationstmt>
<p>АРТ-БИЗНЕС-ЦЕНТР МОСКВА 1993</p>
<biblstruct>
<biblscope n="" type="volume"></biblscope>
<biblscope n="" type="part"></biblscope>
</biblstruct></publicationstmt>
<sourcedesc>
<p>Издание подготовлено Мандельштамовским обществом</p>
</sourcedesc>
<respstmt>
<resp>Подготовка и разметка файлов - Алексей Литвинцев, Вероника Файнберг. Создание
          электронного ресурса - Тимофей Молчанов. Руководители проекта - Центр Digital Humanities,
          Мандельштамовское общество (НИУ ВШЭ).</resp>
</respstmt></filedesc>
<profiledesc>
<textdesc n="prose"></textdesc>
<textclass>
<catref target="Series([], Name: ID, dtype: object)" type="ID"></catref>
<catref target="Series([], Name: Источник, dtype: object)" type="Источник"></catref>
<catref target="Series([], Name: Жанр художественной литературы, dtype: object)" type="Жанр художественной литературы"></catref>
<catref target="Series([], Name: Уточнение жанра 1, dtype: object)" type="Уточнение жанра"></catref>
<catref target="Series([], Name: Метр, dtype: object)" type="Метр"></catref>
<catref target="Series([], Name: Длина строки, dtype: object)" type="Длина строки"></catref>
<catref target="Series([], Name: Клаузула, dtype: object)" type="Клаузула"></catref>
<catref target="Series([], Name: Уточнение клаузулы 1, dtype: object)" type="Уточнение клаузулы"></catref>
<catref target="Series([], Name: Классическая строфа, dtype: object)" type="Классическая строфа"></catref>
<catref target="Series([], Name: Рифма, dtype: object)" type="Рифма"></catref>
<catref target="Series([], Name: Схема рифмовки, dtype: object)" type="Схема рифмовки"></catref>
<catref target="Series([], Name: Метрическая формула, dtype: object)" type="Метрическая формула"></catref>
<catref target="Series([], Name: Дополнительные параметры, dtype: object)" type="Дополнительные параметры"></catref>
<catref target="Series([], Name: Число строк, dtype: int64)" type="Число строк"></catref>
<catref target="Series([], Name: Автор оригинала, dtype: object)" type="Автор оригинала"></catref>
<catref target="Series([], Name: Язык оригинала, dtype: object)" type="Язык оригинала"></catref>
</textclass></profiledesc>
</teiheader>
<text>
<body>
<div1 n="1" type="volume">
<div2 n="254" type="part">
<head>254.
ДЖЕК ЛОНДОН.
Собрание сочинений с предисловием Л. Андреева. Перевод с английского под редакцией А.Н. Кудрявцевой. СПб. 1912. Кн-во «Прометей» Н.Н. Михайлова.</head>
<p>На обложках Джека Лондона печатается похвальный отзыв Леонида Андреева. Если бы издатель пожелал заручиться мнением настоящего профессора «дурного вкуса», он не мог бы сделать лучшего выбора. Как всегда беспомощный в выборе своих эпитетов, Л. Андреев называет Джека Лондона «свежим» талантом, между тем как эта определенная в применении к сливочному маслу похвала ни с какой стороны не характерна для художественного дарования. Анемичному русскому обывателю необузданный здоровяк Лондон пришелся как нельзя более по вкусу: его герои живут особенно охотно за полярным кругом, отличаются железной выносливостью, пьют виски, как воду, и т. п.<rs ref="Андреев, Леонид Николаевич" type="person"></rs><rs ref="Лондон, Джек" type="person"></rs></p>
<p>Однако связь этого мнимого дикаря с новейшим, чисто американским развитием техники — несомненна. В универсальном техническом прогрессе человеческая машина-организм занимает одно из последних мест, но могущественный спорт в союзе с разнообразными идеалами физического процветания идет навстречу этому чувствительному</p>
<p>техническому пробелу современности. С прозорливостью янки Джек Лондон взял патент на усовершенствованного нового человека еще раньше, чем его тип был осуществлен в действительности естественным подбором и спортивными упражнениями. Полярный скороход, проходящий на пари две тысячи миль в 60 дней при 90o мороза, — («Сын Солнца») — или плантатор, больной дизентерией, исключительно волевым напряжением властвующий над толпой людоедов на Соломоновых островах, — («Приключение») — великолепные человеческие особи. И нужно отдать справедливость Лондону: фантастическая мужественность его героев временами правдоподобна и подчас внушает уважение. На примере Лондона можно видеть, чего может достигнуть художественно бесплодный и духовно весьма скудный писатель, если он находится в добром согласии с инстинктами и заповедями своей расы. Отсутствие всякой сентиментальности в миросозерцании и суровая деловитость в отношении к жизни англосакса привлекательны для размягченной славянской души. Гений расы, о котором любит говорить Лондон, покровительствует ему и создает иллюзию художественного дарования.<rs ref="Соломоновы о-ва" type="geo_index"></rs><rs ref="Лондон, Джек" type="person"></rs><rs ref="Лондон, Джек" type="person"></rs></p>
<p>Но художественная значительность произведения измеряется не глубиной мыслей, высказываемых автором, а теми непроизвольными духовными испарениями, которые создают атмосферу произведения. Вокруг приключений Джека Лондона — самая обыкновенная духовная пустота, как вокруг газетного фельетона или рассказа Конан-Дойля. Как и прочие англо-американские писатели-спекулянты, Джек Лондон искусственно вызывает острое любопытство с тем, чтобы сполна и добросовестно его удовлетворить; если на первой странице рассказ пленительно нов, то на последней — смертельная скука ликвидации и погашенных векселей. Джек Лондон никогда не поднимается выше мудрости кинематографа, и роман как-то сам принимает у него очертание мелодрамы с добродетельным финалом на лоне природы и «головкой героини на плече героя». Лучшее в кинематографе — так называемые «видовые картины»: и Лондон развертывает бесконечную ленту монотонного северного пейзажа, аляповатого, как панорама, и мелькающего, как живая фотография, гипнотизируя читателя автоматической готовностью показать сколько угодно тысяч метров.<rs ref="Дойль, Артур Конан" type="person"></rs><rs ref="Лондон, Джек" type="person"></rs></p>
<p>«Художественный» прием Лондона — непрерывность действия. Каждая страница дает новую сенсацию подобно<rs ref="Лондон, Джек" type="person"></rs></p>
<p>тому, как номер американской газеты содержит очередное убийство. Джек Лондон так мало знает, что ему делать с людьми, и — что весьма отрадно — ему так не хочется обращать их в манекенов, что он предпочитает убивать их, как только они сделают свое сенсационное дело. Идеология Джека Лондона поражает своим убожеством и своей старомодностью с европейской точки зрения: весьма последовательный и хорошо усвоенный дарвинизм, к сожалению, прикрашенный дешевым и дурно понятым ницшеанством, — он выдает за мудрость самой природы и непоколебимый закон жизни.<rs ref="Лондон, Джек" type="person"></rs></p>
<p>В одном месте Лондон обмолвился значительным признанием: «огромная, страшная и чужая вещь, которая называется культурой». Эта скромная самооценка и наивное благоговение перед чужой и непонятной сложностью культуры — пожалуй, самое ценное в Лондоне. Болезнь Нового Света, тайный недуг чудовищных городов — культурное одичание нашло в Джеке Лондоне неожиданно привлекательного выразителя. Дело в том, что у Лондона это историческое одичание не обусловлено личным вырождением, а выступает особенно наглядно на фоне безукоризненного физического и душевного здоровья. Современному человеку нет надобности ехать в Клондайк или на остров Тихого океана, чтобы почувствовать себя дикарем: так легко заблудиться в лабиринте Нью-Йорка или С‹ан›-Франциско, в стихийном лесу молодой цивилизации, мощная растительность которого непроницаема для живительных лучей культуры. Безобидная занимательность и душевная ясность Лондона делают его незаменимым писателем для юношества. Наивное увлечение Лондоном взрослых читателей можно только приветствовать: оно показывает, насколько поверхностны были прежние увлечения читательской толпы, и что если подлинное искусство пользовалось успехом, то проникало в умы контрабандой, под флагом посторонних соображений.<rs ref="Клондайк" type="geo_index"></rs><rs ref="Нью-Йорк" type="geo_index"></rs><rs ref="Тихий океан" type="geo_index"></rs><rs ref="Лондон, Джек" type="person"></rs></p>
<p>Перевод, который очень бранили в прессе, сделан хорошим фельетонным языком; другого перевода Лондон, бесконечно равнодушный к задачам стиля, не заслуживает.<rs ref="Лондон, Джек" type="person"></rs><rs ref="Лондон, Джек" type="person"></rs></p>
<date when="1913">‹1913›</date>
</div2>
</div1>
</body>
</text>
</tei>
