<?xml version='1.0' encoding='UTF8'?>
<tei xmlns="http://www.tei-c.org/ns/1.0">
<teiheader>
<filedesc>
<titlestmt>
<title>Петр Чаадаев</title>
<author>О.Э. Мандельштам</author>
</titlestmt>
<publicationstmt>
<p>АРТ-БИЗНЕС-ЦЕНТР МОСКВА 1993</p>
<biblstruct>
<biblscope n="" type="volume"></biblscope>
<biblscope n="" type="part"></biblscope>
</biblstruct></publicationstmt>
<sourcedesc>
<p>Издание подготовлено Мандельштамовским обществом</p>
</sourcedesc>
<respstmt>
<resp>Подготовка и разметка файлов - Алексей Литвинцев, Вероника Файнберг. Создание
          электронного ресурса - Тимофей Молчанов. Руководители проекта - Центр Digital Humanities,
          Мандельштамовское общество (НИУ ВШЭ).</resp>
</respstmt></filedesc>
<profiledesc>
<textdesc n="prose"></textdesc>
<textclass>
<catref target="Series([], Name: ID, dtype: object)" type="ID"></catref>
<catref target="Series([], Name: Источник, dtype: object)" type="Источник"></catref>
<catref target="Series([], Name: Жанр художественной литературы, dtype: object)" type="Жанр художественной литературы"></catref>
<catref target="Series([], Name: Уточнение жанра 1, dtype: object)" type="Уточнение жанра"></catref>
<catref target="Series([], Name: Метр, dtype: object)" type="Метр"></catref>
<catref target="Series([], Name: Длина строки, dtype: object)" type="Длина строки"></catref>
<catref target="Series([], Name: Клаузула, dtype: object)" type="Клаузула"></catref>
<catref target="Series([], Name: Уточнение клаузулы 1, dtype: object)" type="Уточнение клаузулы"></catref>
<catref target="Series([], Name: Классическая строфа, dtype: object)" type="Классическая строфа"></catref>
<catref target="Series([], Name: Рифма, dtype: object)" type="Рифма"></catref>
<catref target="Series([], Name: Схема рифмовки, dtype: object)" type="Схема рифмовки"></catref>
<catref target="Series([], Name: Метрическая формула, dtype: object)" type="Метрическая формула"></catref>
<catref target="Series([], Name: Дополнительные параметры, dtype: object)" type="Дополнительные параметры"></catref>
<catref target="Series([], Name: Число строк, dtype: int64)" type="Число строк"></catref>
<catref target="Series([], Name: Автор оригинала, dtype: object)" type="Автор оригинала"></catref>
<catref target="Series([], Name: Язык оригинала, dtype: object)" type="Язык оригинала"></catref>
</textclass></profiledesc>
</teiheader>
<text>
<body>
<div1 n="1" type="volume">
<div2 n="" type="part">
<head>259.
ПЕТР ЧААДАЕВ</head>
<p>След, оставленный Чаадаевым в сознании русского общества, — такой глубокий и неизгладимый, что невольно возникает вопрос: уж не алмазом ли проведен он по стеклу? Это тем более замечательно, что Чаадаев не был деятелем: профессиональным писателем или трибуном. По всему своему складу он был «частный» человек, что называется «рrivatier»<rs ref="Чаадаев, Петр Яковлевич" type="person"></rs></p>
<p>. Но, как бы сознавая, что его личность не принадлежит ему, а должна перейти в потомство, он относился к ней с некоторым смирением: что бы он ни делал — казалось, что он служил, священнодействовал.</p>
<p>Все те свойства, которых была лишена русская жизнь, о которых она даже не подозревала, как нарочно соединялись в личности Чаадаева: огромная внутренняя дисциплина, высокий интеллектуализм, нравственная архитектоника и холод маски, медали, которым окружает себя человек, сознавая, что в веках он — только форма, и заранее подготовляя слепок для своего бессмертия.<rs ref="Чаадаев, Петр Яковлевич" type="person"></rs></p>
<p>Еще более необычным для России был дуализм Чаадаева, ясное им различение материи и духа. В младенческой стране, стране полуживой материи и полумертвого духа, седая антиномия косной глыбы и организующей идеи была почти неизвестна. Россия, в глазах Чаадаева, принадлежала еще вся целиком к неорганизованному миру. Он сам был плоть от плоти этой России и посмотрел на себя как на сырой материал. Результаты получились удивительные. Идея организовала его личность, не только ум, дала этой личности строй, архитектуру, подчинила ее себе всю без остатка и, в награду за абсолютное подчинение, подарила ей абсолютную свободу. <rs ref="Россия (СССР)" type="geo_index"></rs><rs ref="Россия (СССР)" type="geo_index"></rs><rs ref="Чаадаев, Петр Яковлевич" type="person"></rs></p>
<p>Глубокая гармония, почти слияние нравственного и умственного элемента придают личности Чаадаева особую устойчивость. Трудно сказать — где кончается умственная и где начинается нравственная личность Чаадаева, до такой степени они близятся к полному слиянию. Сильнейшая потребность ума была для него в то же время и величайшей нравственной необходимостью.<rs ref="Чаадаев, Петр Яковлевич" type="person"></rs></p>
<p>Я говорю о потребности единства, определяющей строй избранных умов.</p>
<p>«О чем же мы станем беседовать?— спрашивал он Пушкина в одном из своих писем. — У меня, вы знаете, всего одна идея, и если бы ненароком в моем мозгу оказались еще какие-нибудь идеи, они, конечно, тотчас прилепились бы к той одной: удобно ли это для вас?»<rs ref="Пушкин, Александр Сергеевич" type="person"></rs></p>
<p>Что же такое прославленный «ум» Чаадаева, этот «гордый» ум, почтительно воспетый Пушкиным, освистанный задорным Языковым, как не слияние нравственного и умственного начала — слияние, которое столь характерно для Чаадаева и в направлении которого совершался рост его личности.<rs ref="Пушкин, Александр Сергеевич" type="person"></rs><rs ref="Чаадаев, Петр Яковлевич" type="person"></rs><rs ref="Языков, Николай Михайлович" type="person"></rs></p>
<p>С этой глубокой, неискоренимой потребностью единства, высшего исторического синтеза родился Чаадаев в России. Уроженец равнины захотел дышать воздухом альпийских вершин и, как мы увидим, нашел его в своей груди.<rs ref="Россия (СССР)" type="geo_index"></rs><rs ref="Чаадаев, Петр Яковлевич" type="person"></rs></p>
<p>На Западе есть единство! С тех пор, как эти слова вспыхнули в сознании Чаадаева, он уже не принадлежал себе и навеки оторвался от «домашних» людей и интересов. У него хватило мужества сказать России в глаза страшную правду, что она отрезана от всемирного единства, отлучена от истории, этого «воспитания народов Богом».<rs ref="Россия (СССР)" type="geo_index"></rs><rs ref="Чаадаев, Петр Яковлевич" type="person"></rs></p>
<p>Дело в том, что понимание Чаадаевым истории исключает возможность всякого <rs ref="Чаадаев, Петр Яковлевич" type="person"></rs></p>
<p> на исторический путь. В духе этого понимания, на историческом пути можно находиться только ранее всякого начала. История — это лестница Иакова, по которой ангелы сходят с неба на землю. Священной должна она называться на основании преемственности духа благодати, который в ней живет. Поэтому Чаадаев и словом не обмолвился о «Москве — третьем Риме». В этой идее он мог увидеть только чахлую выдумку киевских монахов. Мало одной готовности, мало доброго желания, чтобы начать историю. Ее вообще немыслимо <rs ref="Иаков (Израиль)" type="myth_index"></rs><rs ref="Москва" type="geo_index"></rs><rs ref="Москва" type="geo_index"></rs><rs ref="Чаадаев, Петр Яковлевич" type="person"></rs></p>
<p>. Не хватает преемственности, единства. Единства не создать, не выдумать, ему не научиться. Где нет его, там в лучшем случае — «прогресс», а не история, механическое движение часовой стрелки, а не священная связь и смена событий.</p>
<p>Как очарованный, смотрел Чаадаев в одну точку — туда, где это единство стало плотью, бережно хранимой, завещаемой из поколения в поколение. «Но папа! папа! Ну, что же? Разве и он — не просто идея, не чистая абстракция? Взгляните на этого старца, несомого в своем паланкине под балдахином, в своей тройной короне, теперь так же, как тысячу лет назад, точно ничего в мире не изменилось: поистине, где здесь человек? Не всемогущий ли это символ времени, — не того, которое идет, а того, которое неподвижно, чрез которое все проходит, но которое само стоит невозмутимо и в котором и посредством которого все совершается?» <rs ref="Чаадаев, Петр Яковлевич" type="person"></rs></p>
<p>И вот, в августе 1825 года, в приморской деревушке близ Брайтона появился иностранец, соединявший в своей осанке торжественность епископа с безукоризненной корректностью светского человека.<rs ref="Брайтон" type="geo_index"></rs></p>
<p>Это был Чаадаев, бежавший из России на случайном корабле, с такой поспешностью, как если бы ему грозила опасность, однако без внешнего принуждения, но с твердым намерением — никогда больше не возвращаться.<rs ref="Россия (СССР)" type="geo_index"></rs><rs ref="Чаадаев, Петр Яковлевич" type="person"></rs><rs ref="Чаадаев, Петр Яковлевич" type="person"></rs></p>
<p>Больной, мнительный, причудливый пациент иностранных докторов, никогда не знавший другого общения с людьми, кроме чисто интеллектуального, скрывая даже от близких страшное смятение духа, он пришел увидеть свой Запад, царство истории и величия, родину духа, воплощенного в церкви и архитектуре. Это странное путешествие, занявшее два года жизни Чаадаева, о которых мы знаем очень мало, больше похоже на томление в пустыне, чем на паломничество, а потом Москва, деревянный флигель-особняк, «Апология сумасшедшего» и долгие размеренные годы проповеди в «аглицком» клубе.<rs ref="Москва" type="geo_index"></rs><rs ref="Москва" type="geo_index"></rs><rs ref="Москва" type="geo_index"></rs><rs ref="Чаадаев, Петр Яковлевич" type="person"></rs></p>
<p>Или Чаадаев устал? Или его готическая мысль смирилась и перестала возносить к небу свои стрельчатые башни? Нет, Чаадаев не смирился, хотя время своим тупым напильником коснулось и его мысли.<rs ref="Чаадаев, Петр Яковлевич" type="person"></rs></p>
<p>О, наследство мыслителя! Драгоценные клочки! Фрагменты, которые обрываются как раз там, где всего больше хочется продолжения, грандиозные вступления, о которых не знаешь — что это: начертанный план или уже само его осуществление? Напрасно добросовестный исследователь вздыхает об утраченном, о недостающих звеньях: их и не было, они никогда не выпадали.</p>
<p>Фрагментарная форма «Философических Писем» внутренне обоснована, так же как и присущий им характер обширного введения.</p>
<p>Чтобы понять форму и дух «Философических Писем», нужно представить себе, что Россия служит для них огромным и страшным грунтом. Зияние пустоты между написанными известными отрывками — это отсутствующая мысль о России.<rs ref="Россия (СССР)" type="geo_index"></rs><rs ref="Россия (СССР)" type="geo_index"></rs><rs ref="Россия (СССР)" type="geo_index"></rs></p>
<p>Лучше не касаться «Апологии». Конечно, не здесь сказал Чаадаев то, что он думал о России.<rs ref="Россия (СССР)" type="geo_index"></rs><rs ref="Чаадаев, Петр Яковлевич" type="person"></rs></p>
<p>И, как безнадежная плоская равнина, развивается последний, незаконченный период «Апологии», это унылое, широковещательное и, вместе, ничего не обещающее начало, после того как уже столько было сказано: «Есть один факт, который властно господствует над нашим историческим движением, который красной нитью проходит через всю нашу историю, который содержит в себе, так сказать, всю ее</p>
<p>философию, который проявляется во все эпохи нашей общественной жизни и определяет их характер... Это — факт географический»...</p>
<p>Из «Философических Писем» можно только узнать, что Россия была причиной мысли Чаадаева. Что он думал о России — остается тайной. Начертав прекрасные слова: «истина дороже родины», Чаадаев не раскрыл их вещего смысла. Но разве не удивительное зрелище та «истина», которая со всех сторон, как неким хаосом, окружена чуждой и странной «родиной»?<rs ref="Россия (СССР)" type="geo_index"></rs><rs ref="Россия (СССР)" type="geo_index"></rs><rs ref="Россия (СССР)" type="geo_index"></rs><rs ref="Чаадаев, Петр Яковлевич" type="person"></rs></p>
<p>Попробуем проявить «Философические Письма», как негативную пластинку. Может быть, те места, которые просветлеют, окажутся именно о России. <rs ref="Россия (СССР)" type="geo_index"></rs></p>
<p>Есть великая славянская мечта о прекращении истории в западном значении слова, как ее понимал Чаадаев. Это — мечта о всеобщем духовном разоружении, после которого наступит некоторое состояние, именуемое «миром». Мечта о духовном разоружении так завладела нашим домашним кругозором, что рядовой русский интеллигент иначе и не представляет себе конечной цели прогресса, как в виде этого неисторического «мира». Еще недавно сам Толстой обращался к человечеству с призывом прекратить лживую и ненужную комедию истории и начать «просто» жить. В «простоте» — искушение идеи «мира»:<rs ref="Толстой, Лев Николаевич" type="person"></rs><rs ref="Толстой, Лев Николаевич" type="person"></rs><rs ref="Чаадаев, Петр Яковлевич" type="person"></rs></p>
<p>Навеки упраздняются, за ненадобностью, земные и небесные иерархии. Церковь, государство, право исчезают из сознания, как нелепые химеры, которыми человек от нечего делать, по глупости, населил «простой», «Божий» мир, и наконец остаются наедине, без докучных посредников, двое — человек и вселенная: </p>
<p>Мысль Чаадаева — строгий отвес к традиционному русскому мышлению. Он бежал, как чумы, этого бесформенного рая.<rs ref="Чаадаев, Петр Яковлевич" type="person"></rs></p>
<p>Некоторые историки увидели в колонизации, в стремлении расселиться возможно вольготнее на возможно больших пространствах — господствующую тенденцию русской истории.</p>
<p>В могучем стремлении населить внешний мир идеями, ценностями и образами, в стремлении, которое уже столько веков составляет мучение и счастие Запада и ввергнуло его народы в лабиринт истории, где они блуждают до сих пор, — можно усмотреть параллель этой внешней колонизации.</p>
<p>Там, в лесу социальной церкви, где готическая хвоя не пропускает другого света, кроме света идеи, укрывалась и созревала главная мысль Чаадаева, его немая мысль о России.<rs ref="Россия (СССР)" type="geo_index"></rs><rs ref="Чаадаев, Петр Яковлевич" type="person"></rs></p>
<p>Запад Чаадаева нисколько не похож на расчищенные дорожки цивилизации. Он, в полном смысле слова, открыл свой Запад. Поистине, в эти дебри культуры еще не ступала нога человека. <rs ref="Чаадаев, Петр Яковлевич" type="person"></rs></p>
<p>Мысль Чаадаева, национальная в своих истоках, национальна и там, где вливается в Рим. Только русский человек мог открыть этот Запад, который сгущеннее, конкретнее самого исторического Запада. Чаадаев именно по праву русского человека вступил на священную почву традиции, с которой он не был связан преемственностью. Туда, где все — необходимость, где каждый камень, покрытый патиной времени, дремлет, замурованный в своде, Чаадаев принес нравственную свободу, дар русской земли, лучший цветок, ею взращенный. Эта свобода стоит величия, застывшего в архитектурных формах, она равноценна всему, что создал Запад в области материальной культуры, и я вижу, как папа, «этот старец, несомый в своем паланкине под балдахином, в своей тройной короне», приподнялся, чтобы приветствовать ее. <rs ref="Толстой, Лев Николаевич" type="person"></rs><rs ref="Чаадаев, Петр Яковлевич" type="person"></rs></p>
<p>Лучше всего характеризовать мысль Чаадаева как национально-синтетическую. Синтетическая народность не склоняет головы перед фактом национального самосознания, а возносится над ним в суверенной личности, самобытной, а потому национальной.<rs ref="Чаадаев, Петр Яковлевич" type="person"></rs></p>
<p>Современники изумлялись гордости Чаадаева, а сам он верил в свое избранничество. На нем почила гиератическая<rs ref="Чаадаев, Петр Яковлевич" type="person"></rs></p>
<p>торжественность, и даже дети чувствовали значительность его присутствия, хотя он ни в чем не отступал от общепринятого. Он ощущал себя избранником и сосудом истинной народности, но народ уже был ему не судия!</p>
<p>Какая разительная противоположность национализму, этому нищенству духа, который непрерывно апеллирует к чудовищному судилищу толпы!</p>
<p>У России нашелся для Чаадаева только один дар: нравственная свобода, свобода выбора. Никогда на Западе она не осуществлялась в таком величии, в такой чистоте и полноте. Чаадаев принял ее, как священный посох, и пошел в Рим. <rs ref="Россия (СССР)" type="geo_index"></rs><rs ref="Чаадаев, Петр Яковлевич" type="person"></rs></p>
<p>Я думаю, что страна и народ уже оправдали себя, если они создали хоть одного совершенно свободного человека, который пожелал и сумел воспользоваться своей свободой.</p>
<p>Но ведь и первые голуби не вернулись обратно в ковчег.</p>
<p>Чаадаев был первым русским, в самом деле, идейно, побывавшим на Западе и нашедшим дорогу обратно. Современники это инстинктивно чувствовали и страшно ценили присутствие среди них Чаадаева.<rs ref="Чаадаев, Петр Яковлевич" type="person"></rs></p>
<p>На него могли показывать с суеверным уважением, как некогда на Данте: «Этот был там, он видел — и вернулся».<rs ref="Данте Алигьери" type="person"></rs></p>
<p>А сколькие из нас духовно эмигрировали на Запад! Сколько среди нас — живущих в бессознательном раздвоении, чье тело здесь, а душа осталась там!</p>
<p>Чаадаев знаменует собой новое, углубленное понимание народности как высшего расцвета личности — и России — как источника абсолютной нравственной свободы.<rs ref="Россия (СССР)" type="geo_index"></rs><rs ref="Чаадаев, Петр Яковлевич" type="person"></rs></p>
<p>Наделив нас внутренней свободой, Россия предоставляет нам выбор, и те, кто сделал этот выбор, — настоящие русские люди, куда бы они ни примкнули. Но горе тем, кто, покружив около родного гнезда, малодушно возвращается обратно!<rs ref="Россия (СССР)" type="geo_index"></rs><rs ref="Россия (СССР)" type="geo_index"></rs><rs ref="Россия (СССР)" type="geo_index"></rs></p>
<date when="1914">1914 </date>
<note>
1 «Частное лицо» (фр.).
</note>
</div2>
</div1>
</body>
</text>
</tei>
