<?xml version='1.0' encoding='UTF8'?>
<tei xmlns="http://www.tei-c.org/ns/1.0">
<teiheader>
<filedesc>
<titlestmt>
<title>(Рец.) Ж.К. Гюисманс. Парижские арабески.</title>
<author>О.Э. Мандельштам</author>
</titlestmt>
<publicationstmt>
<p>АРТ-БИЗНЕС-ЦЕНТР МОСКВА 1993</p>
<biblstruct>
<biblscope n="" type="volume"></biblscope>
<biblscope n="" type="part"></biblscope>
</biblstruct></publicationstmt>
<sourcedesc>
<p>Издание подготовлено Мандельштамовским обществом</p>
</sourcedesc>
<respstmt>
<resp>Подготовка и разметка файлов - Алексей Литвинцев, Вероника Файнберг. Создание
          электронного ресурса - Тимофей Молчанов. Руководители проекта - Центр Digital Humanities,
          Мандельштамовское общество (НИУ ВШЭ).</resp>
</respstmt></filedesc>
<profiledesc>
<textdesc n="prose"></textdesc>
<textclass>
<catref target="Series([], Name: ID, dtype: object)" type="ID"></catref>
<catref target="Series([], Name: Источник, dtype: object)" type="Источник"></catref>
<catref target="Series([], Name: Жанр художественной литературы, dtype: object)" type="Жанр художественной литературы"></catref>
<catref target="Series([], Name: Уточнение жанра 1, dtype: object)" type="Уточнение жанра"></catref>
<catref target="Series([], Name: Метр, dtype: object)" type="Метр"></catref>
<catref target="Series([], Name: Длина строки, dtype: object)" type="Длина строки"></catref>
<catref target="Series([], Name: Клаузула, dtype: object)" type="Клаузула"></catref>
<catref target="Series([], Name: Уточнение клаузулы 1, dtype: object)" type="Уточнение клаузулы"></catref>
<catref target="Series([], Name: Классическая строфа, dtype: object)" type="Классическая строфа"></catref>
<catref target="Series([], Name: Рифма, dtype: object)" type="Рифма"></catref>
<catref target="Series([], Name: Схема рифмовки, dtype: object)" type="Схема рифмовки"></catref>
<catref target="Series([], Name: Метрическая формула, dtype: object)" type="Метрическая формула"></catref>
<catref target="Series([], Name: Дополнительные параметры, dtype: object)" type="Дополнительные параметры"></catref>
<catref target="Series([], Name: Число строк, dtype: int64)" type="Число строк"></catref>
<catref target="Series([], Name: Автор оригинала, dtype: object)" type="Автор оригинала"></catref>
<catref target="Series([], Name: Язык оригинала, dtype: object)" type="Язык оригинала"></catref>
</textclass></profiledesc>
</teiheader>
<text>
<body>
<div1 n="1" type="volume">
<div2 n="255" type="part">
<head>255.
Ж.К. ГЮИСМАНС. ПАРИЖСКИЕ АРАБЕСКИ.
Москва, кн-во К.Ф.Некрасова. Перевод Ю.Спасского.</head>
<p>«Парижские арабески» — ранняя книга Гюисманса — возвращает нас к истокам его творчества. Книга эта как бы намеренно физиологична. Столкновение беззащитных, но утонченных внешних органов восприятия с оскорбительной действительностью — вот главная ее тема. Париж есть ад. Уже Бальзак соглашается с этой аксиомой. Бодлер и Гюисманс сделали из нее последние выводы. Для обоих поэтов жить в аду — великая честь, столь крайнее несчастье — королевский удел. Дерзость и новизна Гюисманса в том, что в кипящей смоле он сумел остаться убежденным гедонистом. Так он изображает мученичество Фолантена, мелкого чиновника с тонкой организацией, все существование которого — цепь ничтожных страданий и отвращений. Странное дело: достаточно отнять у дез-Эссента капитал и сокровища эрудиции, чтобы он превратился в своеобразного декадентского Акакия Акакиевича! Келейный эстетизм не есть последнее слово Гюисманса. Декаденты не любили действительности, но знали ее, чем отличаются от романтиков. Она была нужна им, как берег, чтобы оттолкнуться от него. Гюисманс особенно ценный декадент, так как его «другой берег», la-bas, — несомненная вещность. Не в воображаемом средневековье, а в подлинном — он нашел великое противоядие современности. Для восприятия бесконечной сложности средневековья необходима физиологическая изощренность — качество, которое Гюисманс с ненавистью и ожесточением вырабатывает в «Парижских арабесках».</p>
<p>Не будучи Симеоном Столпником стиля, вроде Флобера, Гюисманс имел органический стиль. Г. Спасский передает его только грамотно, часто подпадая под гипноз французской фразы. Ошибка переводчика еще в том, что он уснастил свой перевод чисто русскими, московскими словечками.</p>
<date when="1913">1913</date>
</div2>
</div1>
</body>
</text>
</tei>
