<?xml version='1.0' encoding='UTF8'?>
<tei xmlns="http://www.tei-c.org/ns/1.0">
<teiheader>
<filedesc>
<titlestmt>
<title>(Рец.) С.Городецкий. Старые гнезда</title>
<author>О.Э. Мандельштам</author>
</titlestmt>
<publicationstmt>
<p>АРТ-БИЗНЕС-ЦЕНТР МОСКВА 1993</p>
<biblstruct>
<biblscope n="" type="volume"></biblscope>
<biblscope n="" type="part"></biblscope>
</biblstruct></publicationstmt>
<sourcedesc>
<p>Издание подготовлено Мандельштамовским обществом</p>
</sourcedesc>
<respstmt>
<resp>Подготовка и разметка файлов - Алексей Литвинцев, Вероника Файнберг. Создание
          электронного ресурса - Тимофей Молчанов. Руководители проекта - Центр Digital Humanities,
          Мандельштамовское общество (НИУ ВШЭ).</resp>
</respstmt></filedesc>
<profiledesc>
<textdesc n="prose"></textdesc>
<textclass>
<catref target="Series([], Name: ID, dtype: object)" type="ID"></catref>
<catref target="Series([], Name: Источник, dtype: object)" type="Источник"></catref>
<catref target="Series([], Name: Жанр художественной литературы, dtype: object)" type="Жанр художественной литературы"></catref>
<catref target="Series([], Name: Уточнение жанра 1, dtype: object)" type="Уточнение жанра"></catref>
<catref target="Series([], Name: Метр, dtype: object)" type="Метр"></catref>
<catref target="Series([], Name: Длина строки, dtype: object)" type="Длина строки"></catref>
<catref target="Series([], Name: Клаузула, dtype: object)" type="Клаузула"></catref>
<catref target="Series([], Name: Уточнение клаузулы 1, dtype: object)" type="Уточнение клаузулы"></catref>
<catref target="Series([], Name: Классическая строфа, dtype: object)" type="Классическая строфа"></catref>
<catref target="Series([], Name: Рифма, dtype: object)" type="Рифма"></catref>
<catref target="Series([], Name: Схема рифмовки, dtype: object)" type="Схема рифмовки"></catref>
<catref target="Series([], Name: Метрическая формула, dtype: object)" type="Метрическая формула"></catref>
<catref target="Series([], Name: Дополнительные параметры, dtype: object)" type="Дополнительные параметры"></catref>
<catref target="Series([], Name: Число строк, dtype: int64)" type="Число строк"></catref>
<catref target="Series([], Name: Автор оригинала, dtype: object)" type="Автор оригинала"></catref>
<catref target="Series([], Name: Язык оригинала, dtype: object)" type="Язык оригинала"></catref>
</textclass></profiledesc>
</teiheader>
<text>
<body>
<div1 n="1" type="volume">
<div2 n="257" type="part">
<head>257. 
С.ГОРОДЕЦКИЙ. 
СТАРЫЕ ГНЕЗДА.
Повести и рассказы.
Изд. т-ва А.С.Суворина. С.-Петербург. 1914.</head>
<p>Двойственное впечатление оставляет последняя книга рассказов Городецкого. Свободный полет душевной жизни, пламенная и зрелая любовь к России уживается у поэта с унылой покорностью трафаретам отечественной беллетристики. Умирание дворянских усадеб, история блудного сына, разлад и гниение в зажиточной крестьянской семье достаточно знакомы читателю. Только вспышка острой наблюдательности, порою остроумия, и неожиданные стилистические вдохновения, а также отсутствие тупого пристрастия к определенному классу или сословию поднимает эту книгу над подобными ей. Если есть у автора пристрастие — то предмет его дети: «милое родимое зверье, босоногое наше будущее».<rs ref="Россия (СССР)" type="geo_index"></rs><rs ref="Городецкий, Сергей Митрофанович" type="person"></rs></p>
<p>В рассказе «Глухая тропа», пожалуй, лучшем в книге, прекрасно передано смутное детское влечение к смерти: гимназист Митя травится медленно уксусом и под страшной клятвой выдает свою тайну девочкам Зое и Рае, которые, пачкая светлые туфельки, бегут на мельничную плотину и бросают в воду свой завтрак, чтобы сделать первый шаг к небытию.</p>
<p>Городецкий не создает в прозе собственного мира. Русская действительность, не очищенная в горниле художественного созерцания, предстает в его рассказах несколько кошмарной.<rs ref="Городецкий, Сергей Митрофанович" type="person"></rs><rs ref="Городецкий, Сергей Митрофанович" type="person"></rs></p>
<p>Кажется, что с годами автор пришел к сознанию невозможности для прозаического повествователя непосредственно заглядывать в сокровенное изображаемых людей и предоставил догадываться о нем читателю на основании неслучайных слов, жестов и положений, закрепленных писателем.</p>
<date when="1913">1913</date>
</div2>
</div1>
</body>
</text>
</tei>
