<?xml version='1.0' encoding='UTF8'?>
<tei xmlns="http://www.tei-c.org/ns/1.0">
<teiheader>
<filedesc>
<titlestmt>
<title>(Рец.) Игорь Северянин. Громокипящий кубок.</title>
<author>О.Э. Мандельштам</author>
</titlestmt>
<publicationstmt>
<p>АРТ-БИЗНЕС-ЦЕНТР МОСКВА 1993</p>
<biblstruct>
<biblscope n="" type="volume"></biblscope>
<biblscope n="" type="part"></biblscope>
</biblstruct></publicationstmt>
<sourcedesc>
<p>Издание подготовлено Мандельштамовским обществом</p>
</sourcedesc>
<respstmt>
<resp>Подготовка и разметка файлов - Алексей Литвинцев, Вероника Файнберг. Создание
          электронного ресурса - Тимофей Молчанов. Руководители проекта - Центр Digital Humanities,
          Мандельштамовское общество (НИУ ВШЭ).</resp>
</respstmt></filedesc>
<profiledesc>
<textdesc n="prose"></textdesc>
<textclass>
<catref target="Series([], Name: ID, dtype: object)" type="ID"></catref>
<catref target="Series([], Name: Источник, dtype: object)" type="Источник"></catref>
<catref target="Series([], Name: Жанр художественной литературы, dtype: object)" type="Жанр художественной литературы"></catref>
<catref target="Series([], Name: Уточнение жанра 1, dtype: object)" type="Уточнение жанра"></catref>
<catref target="Series([], Name: Метр, dtype: object)" type="Метр"></catref>
<catref target="Series([], Name: Длина строки, dtype: object)" type="Длина строки"></catref>
<catref target="Series([], Name: Клаузула, dtype: object)" type="Клаузула"></catref>
<catref target="Series([], Name: Уточнение клаузулы 1, dtype: object)" type="Уточнение клаузулы"></catref>
<catref target="Series([], Name: Классическая строфа, dtype: object)" type="Классическая строфа"></catref>
<catref target="Series([], Name: Рифма, dtype: object)" type="Рифма"></catref>
<catref target="Series([], Name: Схема рифмовки, dtype: object)" type="Схема рифмовки"></catref>
<catref target="Series([], Name: Метрическая формула, dtype: object)" type="Метрическая формула"></catref>
<catref target="Series([], Name: Дополнительные параметры, dtype: object)" type="Дополнительные параметры"></catref>
<catref target="Series([], Name: Число строк, dtype: int64)" type="Число строк"></catref>
<catref target="Series([], Name: Автор оригинала, dtype: object)" type="Автор оригинала"></catref>
<catref target="Series([], Name: Язык оригинала, dtype: object)" type="Язык оригинала"></catref>
</textclass></profiledesc>
</teiheader>
<text>
<body>
<div1 n="1" type="volume">
<div2 n="252" type="part">
<head>252.
ИГОРЬ СЕВЕРЯНИН. ГРОМОКИПЯЩИЙ КУБОК.
Поэзы. Предисловие Федора Сологуба. Изд. «Гриф.» Москва. 1913 г. </head>
<p>Поэтическое лицо Игоря Северянина определяется главным образом недостатками его поэзии. Чудовищные неологизмы и, по-видимому, экзотически обаятельные для автора<rs ref="Северянин, Игорь" type="person"></rs></p>
<p>иностранные слова пестрят в его обиходе. Не чувствуя законов русского языка, не слыша, как растет и прозябает слово, он предпочитает словам живым слова, отпавшие от языка или не вошедшие в него. Часто он видит красоту в образе «галантерейности». И все-таки легкая восторженность и сухая жизнерадостность делают Северянина поэтом. Стих его отличается сильной мускулатурой кузнечика. Безнадежно перепутав все культуры, поэт умеет иногда дать очаровательные формы хаосу, царящему в его представлении. Нельзя писать «просто хорошие» стихи. Если «я» Северянина трудно уловимо, это не значит, что его нет. Он умеет быть своеобразным лишь в поверхностных своих проявлениях, наше дело заключить по ним об его глубине.<rs ref="Северянин, Игорь" type="person"></rs></p>
<date when="1913">1913</date>
</div2>
</div1>
</body>
</text>
</tei>
