<?xml version='1.0' encoding='UTF8'?>
<tei xmlns="http://www.tei-c.org/ns/1.0">
<teiheader>
<filedesc>
<titlestmt>
<title>О собеседнике</title>
<author>О.Э. Мандельштам</author>
</titlestmt>
<publicationstmt>
<p>АРТ-БИЗНЕС-ЦЕНТР МОСКВА 1993</p>
<biblstruct>
<biblscope n="" type="volume"></biblscope>
<biblscope n="" type="part"></biblscope>
</biblstruct></publicationstmt>
<sourcedesc>
<p>Издание подготовлено Мандельштамовским обществом</p>
</sourcedesc>
<respstmt>
<resp>Подготовка и разметка файлов - Алексей Литвинцев, Вероника Файнберг. Создание
          электронного ресурса - Тимофей Молчанов. Руководители проекта - Центр Digital Humanities,
          Мандельштамовское общество (НИУ ВШЭ).</resp>
</respstmt></filedesc>
<profiledesc>
<textdesc n="prose"></textdesc>
<textclass>
<catref target="Series([], Name: ID, dtype: object)" type="ID"></catref>
<catref target="Series([], Name: Источник, dtype: object)" type="Источник"></catref>
<catref target="Series([], Name: Жанр художественной литературы, dtype: object)" type="Жанр художественной литературы"></catref>
<catref target="Series([], Name: Уточнение жанра 1, dtype: object)" type="Уточнение жанра"></catref>
<catref target="Series([], Name: Метр, dtype: object)" type="Метр"></catref>
<catref target="Series([], Name: Длина строки, dtype: object)" type="Длина строки"></catref>
<catref target="Series([], Name: Клаузула, dtype: object)" type="Клаузула"></catref>
<catref target="Series([], Name: Уточнение клаузулы 1, dtype: object)" type="Уточнение клаузулы"></catref>
<catref target="Series([], Name: Классическая строфа, dtype: object)" type="Классическая строфа"></catref>
<catref target="Series([], Name: Рифма, dtype: object)" type="Рифма"></catref>
<catref target="Series([], Name: Схема рифмовки, dtype: object)" type="Схема рифмовки"></catref>
<catref target="Series([], Name: Метрическая формула, dtype: object)" type="Метрическая формула"></catref>
<catref target="Series([], Name: Дополнительные параметры, dtype: object)" type="Дополнительные параметры"></catref>
<catref target="Series([], Name: Число строк, dtype: int64)" type="Число строк"></catref>
<catref target="Series([], Name: Автор оригинала, dtype: object)" type="Автор оригинала"></catref>
<catref target="Series([], Name: Язык оригинала, dtype: object)" type="Язык оригинала"></catref>
</textclass></profiledesc>
</teiheader>
<text>
<body>
<div1 n="1" type="volume">
<div2 n="" type="part">
<head>253.
О СОБЕСЕДНИКЕ</head>
<p>Скажите, что в безумце производит на вас наиболее грозное впечатление безумия? Расширенные зрачки — потому что они невидящие, ни на что в частности не устремленные, пустые. Безумные речи, — потому что, обращаясь к вам, безумный не считается с вами, с вашим существованием, как бы не желает его признавать, абсолютно не интересуется вами. Мы боимся в сумасшедшем главным образом того жуткого абсолютного безразличия, которое он выказывает нам. Нет ничего более страшного для человека, чем другой человек, которому нет до него никакого дела. Глубокий смысл имеет культурное притворство, вежливость, с помощью которой мы ежеминутно подчеркиваем интерес друг к другу.</p>
<p>Обыкновенно человек, когда имеет что-нибудь сказать, идет к людям, ищет слушателей; — поэт же наоборот, — бежит «на берега пустынных волн, в широкошумные дубровы». Ненормальность очевидна... Подозрение в безумии падает на поэта. И люди правы, когда клеймят именем безумца того, чьи речи обращены к бездушным предметам, к природе, а не к живым братьям. И были бы вправе в ужасе</p>
<p>отшатнуться от поэта, как от безумного, если бы слово его действительно ни к кому не обращалось. Но это не так.</p>
<p>Да простит мне читатель наивный пример, но и с птичкой Пушкина дело обстоит не так уж просто. Прежде, чем запеть, она «гласу Бога внемлет». Очевидно, ее связывает «естественный договор» с хрестоматийным Богом — честь, о которой не смеет мечтать самый гениальный поэт... С кем же говорит поэт? Вопрос мучительный и всегда современный. Предположим, что некто, оставляя совершенно в стороне юридическое, так сказать, взаимоотношение, которым сопровождается акт речи (я говорю — значит, меня слушают, и слушают не даром, не из любезности, а потому, что обязаны), обратил свое внимание исключительно на акустику. Он бросает звук в архитектуру души и, со свойстве��ной ему самовлюбленностью, следит за блужданиями его под сводами чужой психики. Он учитывает звуковое приращение, происходящее от хорошей акустики, и называет этот расчет магией. В этом отношении он будет похож на «prestre Martin»<rs ref="Пушкин, Александр Сергеевич" type="person"></rs></p>
<p> средневековой французской пословицы, который сам служит мессу и слушает ее. Поэт не только музыкант, он же и Страдивариус, великий мастер по фабрикации скрипок, озабоченный вычислением пропорций «коробки» — психики слушателя. В зависимости от этих пропорций — удар смычка или получает царственную полноту, или звучит убого и неуверенно. Но, друзья мои, ведь музыкальная пьеса существует независимо от того, кто ее исполняет, в каком зале и на какой скрипке! Почему же поэт должен быть столь предусмотрителен и заботлив? Где, наконец, тот поставщик живых скрипок для надобностей поэта — слушателей, чья психика равноценна «раковине» работы Страдивариуса? Не знаем, никогда не знаем, где эти слушатели... Франсуа Виллон писал для парижского сброда середины XV века, а мы находим в его стихах живую прелесть... <rs ref="Страдивариус (Страдивари), Антонио" type="person"></rs><rs ref="Страдивариус (Страдивари), Антонио" type="person"></rs></p>
<p>своей судьбы. Спустя долгие годы, скитаясь по дюнам, я нахожу ее в песке, прочитываю письмо, узнаю дату события, последнюю волю погибшего. Я вправе был сделать это. Я не распечатал чужого письма. Письмо, запечатанное в бутылке, адресовано тому, кто найдет ее. Нашел я. Значит, я и есть таинственный адресат. </p>
<p>Читая стихотворение Боратынского, я испытываю то же самое чувство, как если бы в мои руки попала такая бутылка. Океан всей своей огромной стихией пришел ей на помощь, — и помог исполнить ее предназначение, и чувство провиденциального охватывает нашедшего. В бросании мореходом бутылки в волны и в посылке стихотворения Боратынским есть два одинаковых отчетливо выраженных момента. Письмо, равно и стихотворение, ни к кому в частности не адресованы. Тем не менее оба имеют адресата: письмо — того, кто случайно заметил бутылку в песке, стихотворение — «читателя в потомстве». Хотел бы я знать, кто из тех, кому попадутся на глаза названные строки Боратынского, не вздрогнет радостной и жуткой дрожью, какая бывает, когда неожиданно окликнут по имени. </p>
<p>Какой контраст представляет неприятный, заискивающий тон этих строк с глубоким и скромным достоинством стихов</p>
<p>Боратынского. Бальмонт оправдывается, как бы извиняется. Непростительно! Недопустимо для поэта! Единственное, чего нельзя простить. Ведь поэзия есть сознание своей правоты. Горе тому, кто утратил это сознание. Он явно потерял точку опоры. Первая строка убивает все стихотворение. Поэт сразу определенно заявляет, что мы ему неинтересны: <rs ref="Бальмонт, Константин Дмитриевич" type="person"></rs></p>
<p>Неожиданно для него, мы платим ему той же монетой: если мы тебе не интересны, и ты нам не интересен. Какое мне дело до какого-то облачка, их много плавает... Настоящие облака, по крайней мере, не издеваются над людьми. Отказ от «собеседника» красной чертой проходит через поэзию, которую я условно называю бальмонтовской. Нельзя третировать собеседника: непонятый и непризнанный, он жестоко мстит. У него мы ищем санкции, подтверждения нашей правоте. Тем более поэт. Заметьте, как любит Бальмонт ошеломлять прямыми и резкими обращениями на «ты": в манере дурного гипнотизера. «Ты» Бальмонта никогда не находит адресата, проносясь мимо, как стрела, сорвавшаяся со слишком тугой тетивы.<rs ref="Бальмонт, Константин Дмитриевич" type="person"></rs></p>
<p>Проницательный взор Боратынского устремляется мимо поколения, — а в поколении есть друзья, — чтобы остановиться на неизвестном, но определенном «читателе». И каждый, кому попадутся стихи Боратынского, чувствует себя таким «читателем»— избранным, окликнутым по имени... Почему же не живой конкретный собеседник, не «представитель эпохи», не «друг в поколеньи»? Я отвечаю: обращение к конкретному собеседнику обескрыливает стих, лишает его воздуха, полета. Воздух стиха есть </p>
<p>. Обращаясь к известному, мы можем сказать только известное. Это — властный, неколебимый психологический закон. Нельзя достаточно сильно подчеркнуть его значение для поэзии.</p>
<p>Страх перед конкретным собеседником, слушателем из «эпохи», тем самым «другом в поколеньи», настойчиво<rs ref="Страдивариус (Страдивари), Антонио" type="person"></rs></p>
<p>преследовал поэтов во все времена. Чем гениальнее был поэт, тем в более острой форме болел он этим страхом. Отсюда пресловутая враждебность художника и общества. Что верно по отношению к литератору, сочинителю, абсолютно неприменимо к поэту. Разница между литературой и поэзией следующая: литератор всегда обращается к конкретному слушателю, живому представителю эпохи. Даже если он пророчествует, он имеет в виду современника будущего. Литератор обязан быть «выше», «превосходнее» общества. Поучение — нерв литературы. Поэтому для литератора необходим пьедестал. Другое дело поэзия. Поэт связан только с провиденциальным собеседником. Быть выше своей эпохи, лучше своего общества для него не обязательно. Тот же Франсуа Виллон стоит гораздо ниже среднего нравственного и умственного уровня культуры ХV века.</p>
<p>Ссору Пушкина с чернью можно рассматривать как проявление того антагонизма между поэтом и конкретным слушателем, который я пытаюсь отметить. С удивительным беспристрастием Пушкин предоставляет черни оправдываться. Оказывается, чернь не так уж дика и непросвещенна. Чем же провинилась эта очень деликатная и проникнутая лучшими намерениями «чернь» перед поэтом? Когда чернь оправдывается, с языка ее слетает одно неосторожное выражение: оно-то переполняет чашу терпения поэта и распаляет его ненависть: <rs ref="Пушкин, Александр Сергеевич" type="person"></rs></p>
<p>вот это бестактное выражение. Тупая пошлость этих, казалось бы, безобидных слов очевидна. Недаром поэт именно здесь, негодуя, перебивает чернь... Отвратителен вид руки, протянутой за подаянием, и ухо, которое насторожилось, чтобы слушать, может расположить к вдохновению кого угодно — оратора, трибуна, литератора — только не поэта... Конкретные люди, «обыватели поэзии», составляющие «чернь», позволяют «давать им смелые уроки» и вообще готовы выслушать что угодно, лишь бы на посылке поэта был обозначен точный адрес. Так дети и простолюдины чувствуют себя польщенными, читая свое имя на конверте письма. Бывали целые эпохи, когда в жертву этому далеко не безобидному требованию приносились прелесть и сущность поэзии. Таковы ложногражданская поэзия и нудная лирика </p>
<p>восьмидесятых годов. Гражданское и тенденциозное направление прекрасно само по себе: </p>
<p>отличный стих, летящий на сильных крыльях к провиденциальному собеседнику. Но поставьте на его место российского обывателя такого-то десятилетия, насквозь знакомого, заранее известного, — и вам сразу станет скучно.</p>
<p>Да, когда я говорю с кем-нибудь, — я не знаю того, с кем я говорю, и не желаю, не могу желать его знать. Нет лирики без диалога. А единственное, что толкает нас в объятия собеседника, — это желание удивиться своим собственным словам, плениться их новизной и неожиданностью. Логика неумолима. Если я знаю того, с кем я говорю, — я знаю наперед, как отнесется он к тому, что я скажу, — что бы я ни сказал, а следовательно, мне не удастся изумиться его изумлением, обрадоваться его радостью, полюбить его любовью. Расстояние разлуки стирает черты милого человека. Только тогда у меня возникает желание сказать ему то важное, что я не мог сказать, когда владел его обликом во всей его реальной полноте. Я позволю себе сформулировать это наблюдение так: вкус сообщительности обратно пропорционален нашему реальному знанию о собеседнике и прямо пропорционален стремлению заинтересовать его собой. Не об акустике следует заботиться: она придет сама. Скорее о расстоянии. Скучно перешептываться с соседом. Бесконечно нудно буравить собственную душу. Но обменяться сигналами с Марсом — задача, достойная лирики, уважающей собеседника и сознающей свою беспричинную правоту. Эти два превосходных качества поэзии тесно связаны с «огромного размера дистанцией», какая предполагается между нами и неизвестным другом — собеседником.</p>
<p>Этим строкам, чтобы дойти по адресу, требуется астрономическое время, как планете, пересылающей свой свет на другую.</p>
<p>Итак, если отдельные стихотворения (в форме посланий или посвящений) и могут обращаться к конкретным лицам, поэзия, как целое, всегда направляется к более или менее далекому, неизвестному адресату, в существовании которого поэт не может сомневаться, не усумнившись в себе. Только реальность может вызвать к жизни другую реальность.</p>
<p>Дело обстоит очень просто: если бы у нас не было знакомых, мы не писали бы им писем и не наслаждались бы психологической свежестью и новизной, свойственной этому занятию.</p>
<date when="1913">1913 (1912?), 1927</date>
<date when="1912">1913 (1912?), 1927</date>
<date when="1927">1913 (1912?), 1927</date>
<note>
1 «Отец Мартин» (фр.).
</note>
</div2>
</div1>
</body>
</text>
</tei>
