<?xml version='1.0' encoding='UTF8'?>
<tei xmlns="http://www.tei-c.org/ns/1.0">
<teiheader>
<filedesc>
<titlestmt>
<title>(Рец.) И.Эренбург. Одуванчики</title>
<author>О.Э. Мандельштам</author>
</titlestmt>
<publicationstmt>
<p>АРТ-БИЗНЕС-ЦЕНТР МОСКВА 1993</p>
<biblstruct>
<biblscope n="" type="volume"></biblscope>
<biblscope n="" type="part"></biblscope>
</biblstruct></publicationstmt>
<sourcedesc>
<p>Издание подготовлено Мандельштамовским обществом</p>
</sourcedesc>
<respstmt>
<resp>Подготовка и разметка файлов - Алексей Литвинцев, Вероника Файнберг. Создание
          электронного ресурса - Тимофей Молчанов. Руководители проекта - Центр Digital Humanities,
          Мандельштамовское общество (НИУ ВШЭ).</resp>
</respstmt></filedesc>
<profiledesc>
<textdesc n="prose"></textdesc>
<textclass>
<catref target="Series([], Name: ID, dtype: object)" type="ID"></catref>
<catref target="Series([], Name: Источник, dtype: object)" type="Источник"></catref>
<catref target="Series([], Name: Жанр художественной литературы, dtype: object)" type="Жанр художественной литературы"></catref>
<catref target="Series([], Name: Уточнение жанра 1, dtype: object)" type="Уточнение жанра"></catref>
<catref target="Series([], Name: Метр, dtype: object)" type="Метр"></catref>
<catref target="Series([], Name: Длина строки, dtype: object)" type="Длина строки"></catref>
<catref target="Series([], Name: Клаузула, dtype: object)" type="Клаузула"></catref>
<catref target="Series([], Name: Уточнение клаузулы 1, dtype: object)" type="Уточнение клаузулы"></catref>
<catref target="Series([], Name: Классическая строфа, dtype: object)" type="Классическая строфа"></catref>
<catref target="Series([], Name: Рифма, dtype: object)" type="Рифма"></catref>
<catref target="Series([], Name: Схема рифмовки, dtype: object)" type="Схема рифмовки"></catref>
<catref target="Series([], Name: Метрическая формула, dtype: object)" type="Метрическая формула"></catref>
<catref target="Series([], Name: Дополнительные параметры, dtype: object)" type="Дополнительные параметры"></catref>
<catref target="Series([], Name: Число строк, dtype: int64)" type="Число строк"></catref>
<catref target="Series([], Name: Автор оригинала, dtype: object)" type="Автор оригинала"></catref>
<catref target="Series([], Name: Язык оригинала, dtype: object)" type="Язык оригинала"></catref>
</textclass></profiledesc>
</teiheader>
<text>
<body>
<div1 n="1" type="volume">
<div2 n="251" type="part">
<head>251. 
И.ЭРЕНБУРГ. ОДУВАНЧИКИ. 
Париж. 1912.</head>
<p>«Одуванчики» — третья книга Эренбурга. Острая парижская тоска растворяется в безнадежной «левитановской» влюбленности в русскую природу. Но скромная, серьезная быль г. Эренбурга гораздо лучше и пленительнее его «сказок». Очень простыми средствами он достигает подчас высокого впечатления беспомощности и покинутости. Он пользуется своеобразным «тютчевским» приемом, вполне в духе русского стиха, облекая наиболее жалобные сетования в ритмически суровый ямб. Приятно читать книгу поэта, взволнованного своей судьбой, и осязать небольшие, но крепкие корни неслучайных лирических настроений. Эпитеты бледны, но обдуманны, неожиданности нет, но нет и скуки. Один из немногих, г. Эренбург понял, что от поэта не требуется исключительных переживаний. Тем ценнее общеобязательность лирического события. Однако несколько застенчивое, несвободное отношение автора к явлениям своей душевной жизни передается читателю, между тем как истинное поэтическое целомудрие делает ненужным стыдливое отношение к собственной душе.<rs ref="Эренбург, Илья Григорьевич" type="person"></rs></p>
<date when="1912">1912</date>
</div2>
</div1>
</body>
</text>
</tei>
