<?xml version='1.0' encoding='UTF8'?>
<tei xmlns="http://www.tei-c.org/ns/1.0">
<teiheader>
<filedesc>
<titlestmt>
<title>Утро акмеизма</title>
<author>О.Э. Мандельштам</author>
</titlestmt>
<publicationstmt>
<p>АРТ-БИЗНЕС-ЦЕНТР МОСКВА 1993</p>
<biblstruct>
<biblscope n="" type="volume"></biblscope>
<biblscope n="" type="part"></biblscope>
</biblstruct></publicationstmt>
<sourcedesc>
<p>Издание подготовлено Мандельштамовским обществом</p>
</sourcedesc>
<respstmt>
<resp>Подготовка и разметка файлов - Алексей Литвинцев, Вероника Файнберг. Создание
          электронного ресурса - Тимофей Молчанов. Руководители проекта - Центр Digital Humanities,
          Мандельштамовское общество (НИУ ВШЭ).</resp>
</respstmt></filedesc>
<profiledesc>
<textdesc n="prose"></textdesc>
<textclass>
<catref target="Series([], Name: ID, dtype: object)" type="ID"></catref>
<catref target="Series([], Name: Источник, dtype: object)" type="Источник"></catref>
<catref target="Series([], Name: Жанр художественной литературы, dtype: object)" type="Жанр художественной литературы"></catref>
<catref target="Series([], Name: Уточнение жанра 1, dtype: object)" type="Уточнение жанра"></catref>
<catref target="Series([], Name: Метр, dtype: object)" type="Метр"></catref>
<catref target="Series([], Name: Длина строки, dtype: object)" type="Длина строки"></catref>
<catref target="Series([], Name: Клаузула, dtype: object)" type="Клаузула"></catref>
<catref target="Series([], Name: Уточнение клаузулы 1, dtype: object)" type="Уточнение клаузулы"></catref>
<catref target="Series([], Name: Классическая строфа, dtype: object)" type="Классическая строфа"></catref>
<catref target="Series([], Name: Рифма, dtype: object)" type="Рифма"></catref>
<catref target="Series([], Name: Схема рифмовки, dtype: object)" type="Схема рифмовки"></catref>
<catref target="Series([], Name: Метрическая формула, dtype: object)" type="Метрическая формула"></catref>
<catref target="Series([], Name: Дополнительные параметры, dtype: object)" type="Дополнительные параметры"></catref>
<catref target="Series([], Name: Число строк, dtype: int64)" type="Число строк"></catref>
<catref target="Series([], Name: Автор оригинала, dtype: object)" type="Автор оригинала"></catref>
<catref target="Series([], Name: Язык оригинала, dtype: object)" type="Язык оригинала"></catref>
</textclass></profiledesc>
</teiheader>
<text>
<body>
<div1 n="1" type="volume">
<div2 n="" type="part">
<head>250.
УТРО АКМЕИЗМА</head>
<p>При огромном эмоциональном волнении, связанном с произведениями искусства, желательно, чтобы разговоры об искусстве отличались величайшей сдержанностью. Для огромного большинства произведение искусства соблазнительно, лишь поскольку в нем просвечивает мироощущение художника. Между тем мироощущение для художника орудие и средство, как молоток в руках каменщика, и единственно реальное — это само произведение.</p>
<p>Существовать — высшее самолюбие художника. Он не хочет другого рая, кроме бытия, и когда ему говорят о действительности, он только горько усмехается, потому что знает бесконечно более убедительную действительность искусства. Зрелище математика, не задумываясь возводящего в квадрат какое-нибудь десятизначное число, наполняет нас некоторым удивлением. Но слишком часто мы упускаем из виду, что поэт возводит явление в десятизначную степень, и скромная внешность произведения искусства нередко обманывает нас относительно чудовищно-уплотненной реальности, которой оно обладает.</p>
<p>Эта реальность в поэзии — слово как таковое. Сейчас, например, излагая свою мысль по возможности в точной, но отнюдь не поэтической форме, я говорю, в сущности, знаками, а не словом. Глухонемые отлично понимают друг друга, и железнодорожные семафоры выполняют весьма сложное назначение, не прибегая к помощи слова. Таким образом, если смысл считать содержанием, все остальное, что есть в слове, приходится считать простым механическим привеском, только затрудняющим быструю передачу мысли. Медленно рождалось «слово как таковое». Постепенно, один за другим, все элементы слова втягивались в понятие формы, только сознательный смысл, Логос, до сих пор ошибочно и произвольно почитается содержанием. От этого ненужного почета Логос только проигрывает. Логос требует только равноправия с другими элементами слова. Футурист, не справившись с сознательным смыслом как с материалом</p>
<p>творчества, легкомысленно выбросил его за борт и, по существу, повторил грубую ошибку своих предшественников.</p>
<p>Для акмеистов сознательный смысл слова, Логос, такая же прекрасная форма, как музыка для символистов.</p>
<p>И, если у футуристов слово как таковое еще ползает на четвереньках, в акмеизме оно впервые принимает более достойное вертикальное положение и вступает в каменный век своего существования.</p>
<p>Острие акмеизма — не стилет и не жало декадентства. Акмеизм — для тех, кто, обуянный духом строительства, не отказывается малодушно от своей тяжести, а радостно принимает ее, чтобы разбудить и использовать архитектурно спящие в ней силы. Зодчий говорит: я строю, — значит я прав. Сознание своей правоты нам дороже всего в поэзии, и, с презрением отбрасывая бирюльки футуристов, для которых нет высшего наслаждения, как зацепить вязальной спицей трудное слово, мы вводим готику в отношения слов, подобно тому как Себастьян Бах утвердил ее в музыке.<rs ref="Бах, Иоганн Себастьян" type="person"></rs></p>
<p>Какой безумец согласится строить, если он не верит в реальность материала, сопротивление которого он должен победить? Булыжник под руками зодчего превращается в субстанцию, и тот не рожден строительствовать, для кого звук долота, разбивающего камень, не есть метафизическое доказательство. Владимир Соловьев испытывал особый пророческий ужас перед седыми финскими валунами. Немое красноречие гранитной глыбы волновало его, как злое колдовство. Но камень Тютчева, что, «с горы скатившись, лег в долине, сорвавшись сам собой иль был низвергнут мыслящей рукой», — есть слово. Голос материи в этом неожиданном паденьи звучит как членораздельная речь. На этот вызов можно ответить только архитектурой. Акмеисты с благоговением поднимают таинственный тютчевский камень и кладут его в основу своего здания.<rs ref="Соловьев, Владимир Сергеевич" type="person"></rs><rs ref="Тютчев, Федор Иванович" type="person"></rs></p>
<p>Камень как бы возжаждал иного бытия. Он сам обнаружил скрытую в нем потенциально способность динамики — как бы попросился в «крестовый свод» — участвовать в радостном взаимодействии себе подобных.</p>
<p>Символисты были плохими домоседами, они любили путешествия, но им было плохо, не по себе в клети своего организма и в той мировой клети, которую с помощью своих категорий построил Кант. Для того, чтобы успешно строить, первое условие — искренний пиэтет к трем измерениям пространства — смотреть на них не как на обузу и на несчастную случайность, а как на Богом данный дворец. В самом деле: что вы скажете о неблагодарном госте, который живет за счет хозяина, пользуется его гостеприимством, а между тем в душе презирает его и только и думает о том, как бы его перехитрить. Строить можно только во имя «трех измерений», так как они есть условие всякого зодчества. Вот почему архитектор должен быть хорошим домоседом, а символисты были плохими зодчими. Строить — значит бороться с пустотой, гипнотизировать пространство. Хорошая стрела готической колокольни — злая, потому что весь ее смысл — уколоть небо, попрекнуть его тем, что оно пусто.<rs ref="Кант, Иммануил" type="person"></rs></p>
<p>Своеобразие человека, то, что делает его особью, подразумевается нами и входит в гораздо более значительное понятие организма. Любовь к организму и организации акмеисты разделяют с физиологически-гениальным средневековьем. В погоне за утонченностью XIX век потерял секрет настоящей сложности. То, что в XIII казалось логическим развитием понятия организма — готический собор, — ныне эстетически действует как чудовищное: Notre Dame есть праздник физиологии, ее дионисийский разгул. Мы не хотим развлекать себя прогулкой в «лесу символов», потому что у нас есть более девственный, более дремучий лес — божественная физиология, бесконечная сложность нашего темного организма.</p>
<p>Средневековье, определяя по-своему удельный вес человека, чувствовало и признавало его за каждым, совершенно независимо от его заслуг. Титул мэтра применялся охотно и без колебаний. Самый скромный ремесленник, самый последний клерк владел тайной солидной важности, благочестивого достоинства, столь характерного для этой эпохи. Да, Европа прошла сквозь лабиринт ажурно-тонкой культуры, когда абстрактное бытие, ничем не прикрашенное личное существование ценилось как подвиг. Отсюда аристократическая интимность,<rs ref="Европа" type="geo_index"></rs></p>
<p>связующая всех людей, столь чуждая по духу «равенству и братству» Великой Революции. Нет равенства, нет соперничества, есть сообщничество сущих в заговоре против пустоты и небытия.</p>
<p>Любите существование вещи больше самой вещи и свое бытие больше самих себя — вот высшая заповедь акмеизма.</p>
<p>А=А: какая прекрасная поэтическая тема. Символизм томился, скучал законом тождества, акмеизм делает его своим лозунгом и предлагает его вместо сомнительного a realibus ad realiora</p>
<p>. Способность удивляться — главная добродетель поэта. Но как же не удивиться тогда плодотворнейшему из законов — закону тождества? Кто проникся благоговейным удивлением перед этим законом — тот несомненный поэт. Таким образом, признав суверенитет закона тождества, поэзия получает в пожизненное ленное обладание все сущее без условий и ограничений. Логика есть царство неожиданности. Мыслить логически — значит непрерывно удивляться. Мы полюбили музыку доказательства. Логическая связь — для нас не песенка о чижике, а симфония с органом и пением, такая трудная и вдохновенная, что дирижеру приходится напрягать все свои способности, чтобы сдержать исполнителей в повиновении.</p>
<p>Как убедительна музыка Баха! Какая мощь доказательства! Доказывать и доказывать до конца: принимать в искусстве что-нибудь на веру недостойно художника, легко и скучно...<rs ref="Бах, Иоганн Себастьян" type="person"></rs></p>
<p>Мы не летаем, мы поднимаемся только на те башни, какие сами можем построить.</p>
<p>Средневековье дорого нам потому, что обладало в высокой степени чувством граней и перегородок. Оно никогда не смешивало различных планов и к потустороннему относилось с огромной сдержанностью. Благородная смесь рассудочности и мистики и ощущение мира как живого равновесия роднит нас с этой эпохой и побуждает черпать силы в произведениях, возникших на романской почве около 1200 года. </p>
<p>Будем же доказывать свою правоту так, чтобы в ответ нам содрогалась вся цепь причин и следствий от альфы до омеги, научимся носить «легче и вольнее подвижные оковы бытия».</p>
<date when="1912">1912 (1913?) (1914?)</date>
<date when="1913">1912 (1913?) (1914?)</date>
<date when="1914">1912 (1913?) (1914?)</date>
<note>
1 «От реального к реальнейшему» — лозунг, выдвинутый Вяч. Ивановым в его книге «По звездам. Опыты философские, эстетические и критические». СПб., 1909, с. 305.
</note>
<rs ref="Иванов, Вячеслав Иванович" type="person"></rs>
</div2>
</div1>
</body>
</text>
</tei>
