<?xml version='1.0' encoding='UTF8'?>
<tei xmlns="http://www.tei-c.org/ns/1.0">
<teiheader>
<filedesc>
<titlestmt>
<title>Ранние варианты. «Когда удар с ударами встречается...»</title>
<author>О.Э. Мандельштам</author>
</titlestmt>
<publicationstmt>
<p>АРТ-БИЗНЕС-ЦЕНТР МОСКВА 1993</p>
<biblstruct>
<biblscope n="" type="volume"></biblscope>
<biblscope n="" type="part"></biblscope>
</biblstruct></publicationstmt>
<sourcedesc>
<p>Издание подготовлено Мандельштамовским обществом</p>
</sourcedesc>
<respstmt>
<resp>Подготовка и разметка файлов - Алексей Литвинцев, Вероника Файнберг. Создание
          электронного ресурса - Тимофей Молчанов. Руководители проекта - Центр Digital Humanities,
          Мандельштамовское общество (НИУ ВШЭ).</resp>
</respstmt></filedesc>
<profiledesc>
<textdesc n="poem"></textdesc>
<textclass>
<catref target="Series([], Name: ID, dtype: object)" type="ID"></catref>
<catref target="Series([], Name: Источник, dtype: object)" type="Источник"></catref>
<catref target="Series([], Name: Жанр художественной литературы, dtype: object)" type="Жанр художественной литературы"></catref>
<catref target="Series([], Name: Уточнение жанра 1, dtype: object)" type="Уточнение жанра"></catref>
<catref target="Series([], Name: Метр, dtype: object)" type="Метр"></catref>
<catref target="Series([], Name: Длина строки, dtype: object)" type="Длина строки"></catref>
<catref target="Series([], Name: Клаузула, dtype: object)" type="Клаузула"></catref>
<catref target="Series([], Name: Уточнение клаузулы 1, dtype: object)" type="Уточнение клаузулы"></catref>
<catref target="Series([], Name: Классическая строфа, dtype: object)" type="Классическая строфа"></catref>
<catref target="Series([], Name: Рифма, dtype: object)" type="Рифма"></catref>
<catref target="Series([], Name: Схема рифмовки, dtype: object)" type="Схема рифмовки"></catref>
<catref target="Series([], Name: Метрическая формула, dtype: object)" type="Метрическая формула"></catref>
<catref target="Series([], Name: Дополнительные параметры, dtype: object)" type="Дополнительные параметры"></catref>
<catref target="Series([], Name: Число строк, dtype: int64)" type="Число строк"></catref>
<catref target="Series([], Name: Автор оригинала, dtype: object)" type="Автор оригинала"></catref>
<catref target="Series([], Name: Язык оригинала, dtype: object)" type="Язык оригинала"></catref>
</textclass></profiledesc>
</teiheader>
<text>
<body>
<div1 n="1" type="volume">
<div2 n="39" type="part">
<head>39a.</head>
<lg type="quatrain">
<l n="1">Когда удар с ударами встречается</l>
<l n="2">И надо мною роковой,</l>
<l n="3">Неутомимый маятник качается</l>
<l n="4">И хочет быть моей судьбой,</l>
</lg>
<lg type="quatrain">
<l n="5">Торопится и грубо остановится,</l>
<l n="6">И упадет веретено —</l>
<l n="7">И невозможно встретиться, условиться,</l>
<l n="8">И уклониться не дано.</l>
</lg>
<lg type="quatrain">
<l n="9">Узоры острые переплетаются,</l>
<l n="10">И, все быстрее и быстрей,</l>
<l n="11">Отравленные дротики взвиваются</l>
<l n="12">В руках отважных дикарей.</l>
</lg>
<lg type="quatrain">
<l n="13">И вереница стройная уносится</l>
<l n="14">С весенним трепетом, и вдруг —</l>
<l n="15">Одумалась и прямо в сердце просится</l>
<l n="16">Стрела, описывая круг.</l>
</lg>
<date when="1910">1910</date>
</div2>
</div1>
</body>
</text>
</tei>
