<?xml version='1.0' encoding='UTF8'?>
<tei xmlns="http://www.tei-c.org/ns/1.0">
<teiheader>
<filedesc>
<titlestmt>
<title>Слово и культура</title>
<author>О.Э. Мандельштам</author>
</titlestmt>
<publicationstmt>
<p>АРТ-БИЗНЕС-ЦЕНТР МОСКВА 1993</p>
<biblstruct>
<biblscope n="" type="volume"></biblscope>
<biblscope n="" type="part"></biblscope>
</biblstruct></publicationstmt>
<sourcedesc>
<p>Издание подготовлено Мандельштамовским обществом</p>
</sourcedesc>
<respstmt>
<resp>Подготовка и разметка файлов - Алексей Литвинцев, Вероника Файнберг. Создание
          электронного ресурса - Тимофей Молчанов. Руководители проекта - Центр Digital Humanities,
          Мандельштамовское общество (НИУ ВШЭ).</resp>
</respstmt></filedesc>
<profiledesc>
<textdesc n="prose"></textdesc>
<textclass>
<catref target="Series([], Name: ID, dtype: object)" type="ID"></catref>
<catref target="Series([], Name: Источник, dtype: object)" type="Источник"></catref>
<catref target="Series([], Name: Жанр художественной литературы, dtype: object)" type="Жанр художественной литературы"></catref>
<catref target="Series([], Name: Уточнение жанра 1, dtype: object)" type="Уточнение жанра"></catref>
<catref target="Series([], Name: Метр, dtype: object)" type="Метр"></catref>
<catref target="Series([], Name: Длина строки, dtype: object)" type="Длина строки"></catref>
<catref target="Series([], Name: Клаузула, dtype: object)" type="Клаузула"></catref>
<catref target="Series([], Name: Уточнение клаузулы 1, dtype: object)" type="Уточнение клаузулы"></catref>
<catref target="Series([], Name: Классическая строфа, dtype: object)" type="Классическая строфа"></catref>
<catref target="Series([], Name: Рифма, dtype: object)" type="Рифма"></catref>
<catref target="Series([], Name: Схема рифмовки, dtype: object)" type="Схема рифмовки"></catref>
<catref target="Series([], Name: Метрическая формула, dtype: object)" type="Метрическая формула"></catref>
<catref target="Series([], Name: Дополнительные параметры, dtype: object)" type="Дополнительные параметры"></catref>
<catref target="Series([], Name: Число строк, dtype: int64)" type="Число строк"></catref>
<catref target="Series([], Name: Автор оригинала, dtype: object)" type="Автор оригинала"></catref>
<catref target="Series([], Name: Язык оригинала, dtype: object)" type="Язык оригинала"></catref>
</textclass></profiledesc>
</teiheader>
<text>
<body>
<div1 n="1" type="volume">
<div2 n="263" type="part">
<head>263.
СЛОВО И КУЛЬТУРА</head>
<p>Трава на петербургских улицах — первые побеги девственного леса, который покроет место современных городов. Эта яркая, нежная зелень, свежестью своей удивительная, принадлежит новой, одухотворенной природе. Воистину Петербург самый передовой город мира. Не мэтрополитеном, не небоскребом измеряется бег современности — скорость, а веселой травкой, которая пробивается из-под городских камней.<rs ref="Петербург (Ленинград, Петрополь)" type="geo_index"></rs></p>
<p>Наша кровь, наша музыка, наша государственность — все это найдет свое продолжение в нежном бытии новой природы, природы-Психеи. В этом царстве духа без человека каждое дерево будет дриадой и каждое явление будет говорить о своей метаморфозе.<rs ref="Психея" type="myth_index"></rs><rs ref="Психея" type="myth_index"></rs></p>
<p>Остановить? Зачем? Кто остановит солнце, когда оно мчится на воробьиной упряжи в отчий дом, обуянное жаждой возвращения? Не лучше ли подарить его дифирамбом, чем вымаливать у него подачки? </p>
<p>Спасибо вам, «чужие люди», за трогательную заботу, за нежную опеку над старым миром, который уже «не от мира сего», который весь ушел в чаянье и подготовку к грядущей метаморфозе: </p>
<p>Да, старый мир — «не от мира сего», но он жив более, чем когда-либо. Культура стала церковью. Произошло отделение церкви-культуры от государства. Светская жизнь нас больше не касается, у нас не еда, а трапеза, не комната, а келья, не одежда, а одеяние. Наконец, мы обрели внутреннюю свободу, настоящее внутреннее веселье. Воду в глиняных кувшинах пьем, как вино, и солнцу больше нравится в монастырской столовой, чем в ресторане. Яблоки, хлеб, картофель — отныне утоляют не только физический, но и духовный голод. Христианин, а теперь всякий культурный человек — христианин, не знает только физического голода, только духовной пищи. Для него и слово — плоть, и простой хлеб — веселье и та��на.</p>
<p>Социальные различия и классовые противоположности бледнеют перед разделением ныне людей на друзей и врагов слова. Подлинно агнцы и козлища. Я чувствую почти физически нечистый козлиный дух, идущий от врагов слова. Здесь</p>
<p>вполне уместен аргумент, приходящий последним при всяком серьезном разногласии: мой противник дурно пахнет.</p>
<p>Отделение культуры от государства — наиболее значительное событие нашей революции. Процесс обмирщения государственности не остановился на отделении церкви от государства, как его понимала французская революция. Социальный переворот принес более глубокую секуляризацию. Государство ныне проявляет к культуре то своеобразное отношение, которое лучше всего передает термин терпимость. Но в то же время намечается и органический тип новых взаимоотношений, связывающий государство с культурой наподобие того, как удельные князья были связаны с монастырями. Князья держали монастыри для совета. Этим все сказано. Внеположность государства по отношению к культурным ценностям ставит его в полную зависимость от культуры. Культурные ценности окрашивают государственность, сообщают ей цвет, форму и, если хотите, даже пол. Надписи на государственных зданиях, гробницах, воротах страхуют государство от разрушения времени.</p>
<p>Поэзия — плуг, взрывающий время так, что глубинные слои времени, его чернозем, оказываются сверху. Но бывают такие эпохи, когда человечество, не довольствуясь сегодняшним днем, тоскуя по глубинным слоям времени, как пахарь, жаждет целины времен. Революция в искусстве неизбежно приводит к классицизму. Не потому, что Давид снял жатву Робеспьера, а потому что так хочет земля.<rs ref="Давид, Жак Луи" type="person"></rs><rs ref="Робеспьер, Максимилиан Мари Изидор" type="person"></rs></p>
<p>Часто приходится слышать: это хорошо, но это вчерашний день. А я говорю: вчерашний день еще не родился. Его еще не было по-настоящему. Я хочу снова Овидия, Пушкина, Катулла, и меня не удовлетворяет исторический Овидий, Пушкин, Катулл.<rs ref="Катулл, Гай Валерий" type="person"></rs><rs ref="Овидий" type="person"></rs><rs ref="Пушкин, Александр Сергеевич" type="person"></rs></p>
<p>Удивительно, в самом деле, что все возятся с поэтами и никак с ними не развяжутся. Казалось бы — прочел, и ладно. Преодолел, как теперь говорят. Ничего подобного. Серебряная труба Катулла:<rs ref="Катулл, Гай Валерий" type="person"></rs></p>
<p>мучит и тревожит сильнее, чем любая футуристическая загадка. Этого нет по-русски. Но ведь это должно быть </p>
<p>по-русски. Я взял латинские стихи потому, что русским читателем они явно воспринимаются как аллегория долженствования; императив звучит в них нагляднее. Но это свойство всякой поэзии, поскольку она классична. Она воспринимается как то, что должно быть, а не как то, что уже было. </p>
<p>Итак, ни одного поэта еще не было. Мы свободны от груза воспоминаний. Зато сколько редкостных предчувствий: Пушкин, Овидий, Гомер. Когда любовник в тишине путается в нежных именах и вдруг вспоминает, что это уже было: и слова, и волосы — и петух, который прокричал за окном, кричал уже в Овидиевых тристиях, глубокая радость повторенья охватывает его, головокружительная радость: <rs ref="Гомер" type="person"></rs><rs ref="Овидий" type="person"></rs><rs ref="Пушкин, Александр Сергеевич" type="person"></rs></p>
<p>Так и поэт не боится повторений и легко пьянеет классическим вином.</p>
<p>То, что верно об одном поэте, верно обо всех. Не стоит создавать никаких школ. Не стоит выдумывать своей поэтики. </p>
<p>Аналитический метод в применении к слову, движению и форме — вполне законный и искусный прием. В последнее время разрушение сделалось чисто формальной предпосылкой искусства. Распад, тление, гниение — все это еще decadence. Но декаденты были христианские художники, своего рода последние христианские мученики. Музыка тления была для них музыкой воскресения. «Charogne»</p>
<p> Бодлэра — высокий пример христианского отчаяния. Совсем другое дело сознательное разрушение формы. Безболезненный супрематизм. Отрицание лица явлений. Самоубийство по расчету, любопытства ради. Можно разобрать, можно и сложить: как будто испытуется форма, а на самом деле гниет и разлагается дух (кстати, назвав Бодлэра, мне хотелось бы помянуть его значение как подвижника, в самом подлинном христианском смысле слова: martyre<rs ref="Бодлер, Шарль" type="person"></rs></p>
<p>).</p>
<p>голодное: время. Время хочет пожрать государство. Как трубный глас звучит угроза, нацарапанная Державиным на грифельной доске. Кто поднимет слово и покажет его времени, как священник евхаристию, — будет вторым Иисусом Навином. Нет ничего более голодного, чем современное государство, а голодное государство страшнее голодного человека. Сострадание к государству, отрицающему слово, — общественный путь и подвиг современного поэта. <rs ref="Иисус Навин" type="myth_index"></rs><rs ref="Державин, Гаврила Романович" type="person"></rs></p>
<p>Не требуйте от поэзии сугубой вещности, конкретности, материальности. Это тот же революционный голод. Сомнение Фомы. К чему обязательно осязать перстами? А главное, зачем отождествлять слово с вещью, с травою, с предметом, который оно обозначает? <rs ref="Фома Неверующий" type="myth_index"></rs></p>
<p>Разве вещь хозяин слова? Слово — Психея. Живое слово не обозначает предметы, а свободно выбирает, как бы для жилья, ту или иную предметную значимость, вещность, милое тело. И вокруг вещи слово блуждает свободно, как душа вокруг брошенного, но не забытого тела.</p>
<p>То, что сказано о вещности, звучит несколько иначе в применении к образности: </p>
<p>Пиши безобразные стихи, если сможешь, если сумеешь. Слепой узнает милое лицо, едва прикоснувшись к нему зрячими перстами, и слезы радости, настоящей радости узнаванья, брызнут из глаз его после долгой разлуки. Стихотворение живо внутренним образом, тем звучащим слепком формы, который предваряет написанное стихотворение. Ни одного слова еще нет, а стихотворение уже звучит. Это звучит внутренний образ, это его осязает слух поэта. </p>
<p>Ныне происходит как бы явление глоссолалии. В священном исступлении поэты говорят на языке всех времен, всех культур. Нет ничего невозможного. Как комната умирающего открыта для всех, так и дверь старого мира настежь распахнута перед толпой. Внезапно все стало достоянием общим. Идите и берите. Все доступно: все лабиринты, все тайники, все заповедные ходы. Слово стало не семиствольной, а тысячествольной цевницей, оживляемой сразу дыханьем всех веков. В глоссолалии самое поразительное, что говорящий не знает языка, на котором говорит. Он говорит на совершенно неизвестном языке. И всем и ему кажется, что он говорит по-гречески или по-халдейски. Нечто совершенно обратное эрудиции. Современная поэзия, при всей своей сложности и внутренней исхищренности, наивна:</p>
<p>Синтетический поэт современности представляется мне не Верхарном, а каким-то Верлэном культуры. Для него вся сложность старого мира та же пушкинская цевница. В нем поют идеи, научные системы, государственные теории так же точно, как в его предшественниках пели соловьи и розы. Говорят, что причина революции — голод в междупланетных пространствах. Нужно рассыпать пшеницу по эфиру.<rs ref="Верлен, Поль" type="person"></rs><rs ref="Верлен, Поль" type="person"></rs><rs ref="Верхарн, Эмиль" type="person"></rs></p>
<p>Классическая поэзия — поэзия революции. </p>
<date when="1921">1921</date>
<note>
1 Только представлю себе той ночи печальнейший образ
Той, что в Граде была ночью последней мой,
Только лишь вспомню, как я со всем дорогим расставался, —
льются слезы из глаз даже сейчас у меня. 
(Пер. С.В. Шервинского)
(лат.: Публий Овидий Назон. Скорбные элегии, кн. I, элегия 3, ст. 1—4.).

1 К знаменитым летим азийским градам (лат.; пер. С. В. Шервинского). — Из ст-ния Катулла XLVI, ст. 6.

1 «Падаль» (фр.). — название стихотворения Ш. Бодлера.
2 «Мученик» (фр.). — название стихотворения Ш. Бодлера.

1 Букв.: «Возьми красноречие и сверни ему шею!»  (фр.) — строка из стихотворения П. Верлена «Art роétique». 

1 Послушайте простую песенку... (фр.) — контаминация строк двух стихотворений П. Верлена — «Ecoutez la chanson bien douce» (букв.: «Послушайте нежную песенку...») и «Art роétique» («Rien de plus cher que la chanson grise» — «Нет ничего дороже простой песенки...»).
</note>
<rs ref="Бодлер, Шарль" type="person"></rs>
</div2>
</div1>
</body>
</text>
</tei>
