<?xml version='1.0' encoding='UTF8'?>
<tei xmlns="http://www.tei-c.org/ns/1.0">
<teiheader>
<filedesc>
<titlestmt>
<title>О современной поэзии (К выходу «Альманаха муз»)</title>
<author>О.Э. Мандельштам</author>
</titlestmt>
<publicationstmt>
<p>АРТ-БИЗНЕС-ЦЕНТР МОСКВА 1993</p>
<biblstruct>
<biblscope n="" type="volume"></biblscope>
<biblscope n="" type="part"></biblscope>
</biblstruct></publicationstmt>
<sourcedesc>
<p>Издание подготовлено Мандельштамовским обществом</p>
</sourcedesc>
<respstmt>
<resp>Подготовка и разметка файлов - Алексей Литвинцев, Вероника Файнберг. Создание
          электронного ресурса - Тимофей Молчанов. Руководители проекта - Центр Digital Humanities,
          Мандельштамовское общество (НИУ ВШЭ).</resp>
</respstmt></filedesc>
<profiledesc>
<textdesc n="prose"></textdesc>
<textclass>
<catref target="Series([], Name: ID, dtype: object)" type="ID"></catref>
<catref target="Series([], Name: Источник, dtype: object)" type="Источник"></catref>
<catref target="Series([], Name: Жанр художественной литературы, dtype: object)" type="Жанр художественной литературы"></catref>
<catref target="Series([], Name: Уточнение жанра 1, dtype: object)" type="Уточнение жанра"></catref>
<catref target="Series([], Name: Метр, dtype: object)" type="Метр"></catref>
<catref target="Series([], Name: Длина строки, dtype: object)" type="Длина строки"></catref>
<catref target="Series([], Name: Клаузула, dtype: object)" type="Клаузула"></catref>
<catref target="Series([], Name: Уточнение клаузулы 1, dtype: object)" type="Уточнение клаузулы"></catref>
<catref target="Series([], Name: Классическая строфа, dtype: object)" type="Классическая строфа"></catref>
<catref target="Series([], Name: Рифма, dtype: object)" type="Рифма"></catref>
<catref target="Series([], Name: Схема рифмовки, dtype: object)" type="Схема рифмовки"></catref>
<catref target="Series([], Name: Метрическая формула, dtype: object)" type="Метрическая формула"></catref>
<catref target="Series([], Name: Дополнительные параметры, dtype: object)" type="Дополнительные параметры"></catref>
<catref target="Series([], Name: Число строк, dtype: int64)" type="Число строк"></catref>
<catref target="Series([], Name: Автор оригинала, dtype: object)" type="Автор оригинала"></catref>
<catref target="Series([], Name: Язык оригинала, dtype: object)" type="Язык оригинала"></catref>
</textclass></profiledesc>
</teiheader>
<text>
<body>
<div1 n="1" type="volume">
<div2 n="261" type="part">
<head>261.
О СОВРЕМЕННОЙ ПОЭЗИИ
(К выходу «Альманаха Муз»)</head>
<p>Вышел альманах с произведениями двадцати пяти современных поэтов. По этому случаю можно бы сказать, как полагается, о высоком техническом уровне современной поэзии, упомянуть о том, что все теперь умеют писать стихи, и жалеть, как у нынешних искусственно и мертво выходит. Однако я ничего подобного не скажу: почему-то критики очень любят предаваться грустным размышлениям, где только увидят кучу стихов. Очень немного им нужно, чтобы показалось «высоким уровнем», а огульным упреком в искусственности они избавляют себя от труда, часто непосильного, разбираться в сложностях искусства. Чтобы раз навсегда прекратились эти лицемерные жалобы равнодушных и посторонних людей на мнимое оскудение поэзии, будто бы застывшей в «александрийском совершенстве», полезно разъяснить, что такое «прогресс» в поэзии. Никакого «высокого уровня» у современников в сравнении с прошлым нет. Большинство стихов и теперь просто плохи, как были плохи всегда большинство стихов. Плохие стихи имеют свою преемственность — если хотите, они совершенствуются, поспешая за хорошими, своеобразно перерабатывая и искажая их. Теперь пишут плохо по-новому — вот и вся разница! Да и какой вообще может быть прогресс в поэзии в смысле улучшения? Разве Пушкин усовершенствовал Державина, то есть в некотором роде отменил его? Державинской или ломоносовской оды никто теперь не напишет, несмотря на все наши «завоевания». Оглядываясь назад, можно представить путь поэзии как непоправимую, невознаградимую утрату. Сколько же новшеств, сколько потерянных секретов: пропорции непревзойденного Страдивариуса и рецепт для краски старинных художников лишают всякого смысла разговоры о прогрессе в искусстве.</p>
<p>«Альманах Муз» составлен крайне разнообразно: в нем представлены многочисленные разновидности плохих и хороших стихов; ни о каком среднем уровне и говорить не приходится, так как некоторым участникам сборника как до звезды небесной далеко до других.</p>
<p>Из поэтов старшего поколения представлены В. Брюсов и Вячеслав Иванов, стихи коих уже могли бы возбуждать благородную печаль о том, что теперь так не пишут. В стихах В. Иванова какая-то пресыщенность, все заранее известно. Поэт достиг, очевидно, того величия, когда ему позволено и сонному прикасаться к кифаре, чуть касаясь ее перстами:<rs ref="Брюсов, Валерий Яковлевич" type="person"></rs><rs ref="Иванов, Вячеслав Иванович" type="person"></rs></p>
<p>Валерий Брюсов обладает свойством быть энергичным и в наиболее слабых своих стихах. Два стихотворения Брюсова в «Альманахе Муз» принадлежат к самой неприятной его манере и воскрешают весьма суетное литературное настроение, к счастью, отошедшее вместе с определенной эпохой. Нескромное прославление стихосложения врывается в довольно бледный пейзаж:<rs ref="Брюсов, Валерий Яковлевич" type="person"></rs></p>
<p>А в другом:</p>
<p>«Вещим магом» теперь никого не удивишь. Мишурная мантия ложного символизма совершенно вылиняла, потеряла всякий вид и по справедливости вызывает веселую улыбку поэтической молодежи.</p>
<p>Пленителен классицизм Кузмина. Сладостно читать живущего среди нас классического поэта, чувствовать гетевское слияние «формы» и «содержания», убеждаться, что душа наша не субстанция, сделанная из метафизической ваты, а легкая и нежная Психея. Стихи Кузмина не только запоминаются отлично, но как бы припоминаются (впечатление припоминания при первом же чтении), выплывая из забвения (классицизм):<rs ref="Психея" type="myth_index"></rs><rs ref="Кузмин, Михаил Алексеевич" type="person"></rs></p>
<p>Однако кларизм Кузмина имеет свою опасную сторону. Кажется, что такой хорошей погоды, какая случается особенно в его последних стихах, и вообще не бывает.<rs ref="Кузмин, Михаил Алексеевич" type="person"></rs></p>
<p>Сочетание тончайшего психологизма (школа Анненского) с песенным ладом поражает в стихах Ахматовой наш слух, привыкший с понятием песни связывать некоторую душевную элементарность, если не бедность. Психологический <rs ref="Анненский, Иннокентий Федорович" type="person"></rs><rs ref="Ахматова (Горенко), Анна Андреевна" type="person"></rs></p>
<p>узор в ахматовской песне так же естественен, как прожилки кленового листа:</p>
<p>Однако стихи «Альманаха» мало характерны для «новой» Ахматовой. В них еще много острот и эпиграмм, между тем для Ахматовой настала иная пора. В последних стихах Ахматовой произошел перелом к гиератической важности, религиозной простоте и торжественности: я бы сказал, после женщины настал черед <rs ref="Ахматова (Горенко), Анна Андреевна" type="person"></rs></p>
<p>. Помните: «смиренная, одетая убого, но видом величавая жена». Голос отречения крепнет все более и более в стихах Ахматовой, и в настоящее время ее поэзия близится к тому, чтобы стать одним из символов величия России.<rs ref="Россия (СССР)" type="geo_index"></rs><rs ref="Ахматова (Горенко), Анна Андреевна" type="person"></rs></p>
<date when="1916">1916</date>
</div2>
</div1>
</body>
</text>
</tei>
