<?xml version='1.0' encoding='UTF8'?>
<tei xmlns="http://www.tei-c.org/ns/1.0">
<teiheader>
<filedesc>
<titlestmt>
<title>Ранние варианты. Царское Село</title>
<author>О.Э. Мандельштам</author>
</titlestmt>
<publicationstmt>
<p>АРТ-БИЗНЕС-ЦЕНТР МОСКВА 1993</p>
<biblstruct>
<biblscope n="" type="volume"></biblscope>
<biblscope n="" type="part"></biblscope>
</biblstruct></publicationstmt>
<sourcedesc>
<p>Издание подготовлено Мандельштамовским обществом</p>
</sourcedesc>
<respstmt>
<resp>Подготовка и разметка файлов - Алексей Литвинцев, Вероника Файнберг. Создание
          электронного ресурса - Тимофей Молчанов. Руководители проекта - Центр Digital Humanities,
          Мандельштамовское общество (НИУ ВШЭ).</resp>
</respstmt></filedesc>
<profiledesc>
<textdesc n="poem"></textdesc>
<textclass>
<catref target="Series([], Name: ID, dtype: object)" type="ID"></catref>
<catref target="Series([], Name: Источник, dtype: object)" type="Источник"></catref>
<catref target="Series([], Name: Жанр художественной литературы, dtype: object)" type="Жанр художественной литературы"></catref>
<catref target="Series([], Name: Уточнение жанра 1, dtype: object)" type="Уточнение жанра"></catref>
<catref target="Series([], Name: Метр, dtype: object)" type="Метр"></catref>
<catref target="Series([], Name: Длина строки, dtype: object)" type="Длина строки"></catref>
<catref target="Series([], Name: Клаузула, dtype: object)" type="Клаузула"></catref>
<catref target="Series([], Name: Уточнение клаузулы 1, dtype: object)" type="Уточнение клаузулы"></catref>
<catref target="Series([], Name: Классическая строфа, dtype: object)" type="Классическая строфа"></catref>
<catref target="Series([], Name: Рифма, dtype: object)" type="Рифма"></catref>
<catref target="Series([], Name: Схема рифмовки, dtype: object)" type="Схема рифмовки"></catref>
<catref target="Series([], Name: Метрическая формула, dtype: object)" type="Метрическая формула"></catref>
<catref target="Series([], Name: Дополнительные параметры, dtype: object)" type="Дополнительные параметры"></catref>
<catref target="Series([], Name: Число строк, dtype: int64)" type="Число строк"></catref>
<catref target="Series([], Name: Автор оригинала, dtype: object)" type="Автор оригинала"></catref>
<catref target="Series([], Name: Язык оригинала, dtype: object)" type="Язык оригинала"></catref>
</textclass></profiledesc>
</teiheader>
<text>
<body>
<div1 n="1" type="volume">
<div2 n="95а" type="part">
<head>95а.
Царское Село</head>
<div type="dedication">Георгию Иванову</div>
<rs ref="Иванов, Георгий Владимирович" type="person"></rs>
<lg type="quintet">
<l n="1">Поедем в Царское Село!<rs ref="Царское (Детское) Село (г. Пушкин)" type="geo_index"></rs></l>
<l n="2">Свободны, ветрены и пьяны,</l>
<l n="3">Там улыбаются уланы,</l>
<l n="4">Вскочив на крепкое седло...</l>
<l n="5">Поедем в Царское Село!<rs ref="Царское (Детское) Село (г. Пушкин)" type="geo_index"></rs></l>
</lg>
<lg type="quintet">
<l n="6">Казармы, парки и дворцы,<rs ref="Петербург (Ленинград, Петрополь)" type="geo_index"></rs></l>
<l n="7">А на деревьях — клочья ваты,</l>
<l n="8">И грянут «здравия» раскаты</l>
<l n="9">На крик «здорово, молодцы!»</l>
<l n="10">Казармы, парки и дворцы...<rs ref="Петербург (Ленинград, Петрополь)" type="geo_index"></rs></l>
</lg>
<lg type="quintet">
<l n="11">Одноэтажные дома,</l>
<l n="12">Где однодумы-генералы</l>
<l n="13">Свой коротают век усталый,</l>
<l n="14">Читая «Ниву» и Дюма...<rs ref="Дюма, Александр" type="person"></rs></l>
<l n="15">Особняки — а не дома!</l>
</lg>
<lg type="quintet">
<l n="16">Свист паровоза... Едет князь.</l>
<l n="17">В стеклянном павильоне свита!..</l>
<l n="18">И, саблю волоча сердито,</l>
<l n="19">Выходит офицер, кичась, —</l>
<l n="20">Не сомневаюсь — это князь...</l>
</lg>
<lg type="quintet">
<l n="21">И возвращается домой —</l>
<l n="22">Конечно, в царство этикета,</l>
<l n="23">Внушая тайный страх, карета</l>
<l n="24">С мощами фрейлины седой —</l>
<l n="25">Что возвращается домой...</l>
</lg>
<date when="1912">1912</date>
</div2>
</div1>
</body>
</text>
</tei>
