<?xml version='1.0' encoding='UTF8'?>
<tei xmlns="http://www.tei-c.org/ns/1.0">
<teiheader>
<filedesc>
<titlestmt>
<title>Ранние варианты. «Дождик ласковый, мелкий и тонкий...»</title>
<author>О.Э. Мандельштам</author>
</titlestmt>
<publicationstmt>
<p>АРТ-БИЗНЕС-ЦЕНТР МОСКВА 1993</p>
<biblstruct>
<biblscope n="" type="volume"></biblscope>
<biblscope n="" type="part"></biblscope>
</biblstruct></publicationstmt>
<sourcedesc>
<p>Издание подготовлено Мандельштамовским обществом</p>
</sourcedesc>
<respstmt>
<resp>Подготовка и разметка файлов - Алексей Литвинцев, Вероника Файнберг. Создание
          электронного ресурса - Тимофей Молчанов. Руководители проекта - Центр Digital Humanities,
          Мандельштамовское общество (НИУ ВШЭ).</resp>
</respstmt></filedesc>
<profiledesc>
<textdesc n="poem"></textdesc>
<textclass>
<catref target="Series([], Name: ID, dtype: object)" type="ID"></catref>
<catref target="Series([], Name: Источник, dtype: object)" type="Источник"></catref>
<catref target="Series([], Name: Жанр художественной литературы, dtype: object)" type="Жанр художественной литературы"></catref>
<catref target="Series([], Name: Уточнение жанра 1, dtype: object)" type="Уточнение жанра"></catref>
<catref target="Series([], Name: Метр, dtype: object)" type="Метр"></catref>
<catref target="Series([], Name: Длина строки, dtype: object)" type="Длина строки"></catref>
<catref target="Series([], Name: Клаузула, dtype: object)" type="Клаузула"></catref>
<catref target="Series([], Name: Уточнение клаузулы 1, dtype: object)" type="Уточнение клаузулы"></catref>
<catref target="Series([], Name: Классическая строфа, dtype: object)" type="Классическая строфа"></catref>
<catref target="Series([], Name: Рифма, dtype: object)" type="Рифма"></catref>
<catref target="Series([], Name: Схема рифмовки, dtype: object)" type="Схема рифмовки"></catref>
<catref target="Series([], Name: Метрическая формула, dtype: object)" type="Метрическая формула"></catref>
<catref target="Series([], Name: Дополнительные параметры, dtype: object)" type="Дополнительные параметры"></catref>
<catref target="Series([], Name: Число строк, dtype: int64)" type="Число строк"></catref>
<catref target="Series([], Name: Автор оригинала, dtype: object)" type="Автор оригинала"></catref>
<catref target="Series([], Name: Язык оригинала, dtype: object)" type="Язык оригинала"></catref>
</textclass></profiledesc>
</teiheader>
<text>
<body>
<div1 n="1" type="volume">
<div2 n="74" type="part">
<head>74a.</head>
<lg type="quatrain">
<l n="1">Дождик ласковый, мелкий и тонкий,</l>
<l n="2">Осторожный, колючий, слепой,</l>
<l n="3">Капли строгие скупы и звонки</l>
<l n="4">И отточен их звук тишиной.</l>
</lg>
<lg type="quatrain">
<l n="5">[То — утешены счастием скромным,</l>
<l n="6">Что упасть на стекло довелось;</l>
<l n="7">Так — подхвачены нежно-огромным</l>
<l n="8">Мраком — струи отпрянули вкось.]</l>
</lg>
<lg type="quatrain">
<l n="9">Я рожден провидением темным,</l>
<l n="10">Чтоб созреть и упасть, как-нибудь;</l>
<l n="11">Так, подхвачены нежно-огромным</l>
<l n="12">Ветром — струи и брошены в путь.</l>
</lg>
<lg type="quatrain">
<l n="13">Тайный ропот, мольба о прощеньи:</l>
<l n="14">Я люблю непонятный язык!</l>
<l n="15">И сольются в одном ощущеньи</l>
<l n="16">Вся жестокость, вся кротость на миг.</l>
</lg>
<lg type="quatrain">
<l n="17">В цепких лапах у царственной скуки</l>
<l n="18">Сердце сжалось, как маленький мяч:</l>
<l n="19">Полон музыки, Музы и муки</l>
<l n="20">Жизни тающей сладостный плач!</l>
</lg>
<date when="1911-08-22">22 августа 1911</date>
</div2>
</div1>
</body>
</text>
</tei>
