<?xml version='1.0' encoding='UTF8'?>
<tei xmlns="http://www.tei-c.org/ns/1.0">
<teiheader>
<filedesc>
<titlestmt>
<title>Ранние варианты. «Качает ветер тоненькие прутья...»</title>
<author>О.Э. Мандельштам</author>
</titlestmt>
<publicationstmt>
<p>АРТ-БИЗНЕС-ЦЕНТР МОСКВА 1993</p>
<biblstruct>
<biblscope n="" type="volume"></biblscope>
<biblscope n="" type="part"></biblscope>
</biblstruct></publicationstmt>
<sourcedesc>
<p>Издание подготовлено Мандельштамовским обществом</p>
</sourcedesc>
<respstmt>
<resp>Подготовка и разметка файлов - Алексей Литвинцев, Вероника Файнберг. Создание
          электронного ресурса - Тимофей Молчанов. Руководители проекта - Центр Digital Humanities,
          Мандельштамовское общество (НИУ ВШЭ).</resp>
</respstmt></filedesc>
<profiledesc>
<textdesc n="poem"></textdesc>
<textclass>
<catref target="Series([], Name: ID, dtype: object)" type="ID"></catref>
<catref target="Series([], Name: Источник, dtype: object)" type="Источник"></catref>
<catref target="Series([], Name: Жанр художественной литературы, dtype: object)" type="Жанр художественной литературы"></catref>
<catref target="Series([], Name: Уточнение жанра 1, dtype: object)" type="Уточнение жанра"></catref>
<catref target="Series([], Name: Метр, dtype: object)" type="Метр"></catref>
<catref target="Series([], Name: Длина строки, dtype: object)" type="Длина строки"></catref>
<catref target="Series([], Name: Клаузула, dtype: object)" type="Клаузула"></catref>
<catref target="Series([], Name: Уточнение клаузулы 1, dtype: object)" type="Уточнение клаузулы"></catref>
<catref target="Series([], Name: Классическая строфа, dtype: object)" type="Классическая строфа"></catref>
<catref target="Series([], Name: Рифма, dtype: object)" type="Рифма"></catref>
<catref target="Series([], Name: Схема рифмовки, dtype: object)" type="Схема рифмовки"></catref>
<catref target="Series([], Name: Метрическая формула, dtype: object)" type="Метрическая формула"></catref>
<catref target="Series([], Name: Дополнительные параметры, dtype: object)" type="Дополнительные параметры"></catref>
<catref target="Series([], Name: Число строк, dtype: int64)" type="Число строк"></catref>
<catref target="Series([], Name: Автор оригинала, dtype: object)" type="Автор оригинала"></catref>
<catref target="Series([], Name: Язык оригинала, dtype: object)" type="Язык оригинала"></catref>
</textclass></profiledesc>
</teiheader>
<text>
<body>
<div1 n="1" type="volume">
<div2 n="83а" type="part">
<head>83а.</head>
<lg type="quatrain">
<l n="1">Качает ветер тоненькие прутья,</l>
<l n="2">И крепнет голос проволоки медной,</l>
<l n="3">И пятна снега — яркие лоскутья —</l>
<l n="4">Все, что осталось от тетрадки бедной.</l>
</lg>
<lg type="quatrain">
<l n="5">О, небо, небо, ты мне будешь сниться;</l>
<l n="6">Не может быть, чтоб ты совсем ослепло,</l>
<l n="7">И день сгорел, как белая страница:</l>
<l n="8">Немного дыма и немного пепла!</l>
</lg>
<lg type="quatrain">
<l n="9">Жемчужный почерк оказался ложью,</l>
<l n="10">И кружева не нужен смысл узорный;</l>
<l n="11">И только медь — непобедимой дрожью —</l>
<l n="12">Пространство режет, нижет бисер черный.</l>
</lg>
<lg type="quatrain">
<l n="13">Разве я знаю, отчего я плачу?</l>
<l n="14">Я только петь и умирать умею.</l>
<l n="15">Не мучь меня: я ничего не значу</l>
<l n="16">И черный хаос в черных снах лелею!</l>
</lg>
<date when="1911-11-24">24 ноября 1911</date>
</div2>
</div1>
</body>
</text>
</tei>
