<?xml version='1.0' encoding='UTF8'?>
<tei xmlns="http://www.tei-c.org/ns/1.0">
<teiheader>
<filedesc>
<titlestmt>
<title>Ранние варианты. «Из омута злого и вязкого...»</title>
<author>О.Э. Мандельштам</author>
</titlestmt>
<publicationstmt>
<p>АРТ-БИЗНЕС-ЦЕНТР МОСКВА 1993</p>
<biblstruct>
<biblscope n="" type="volume"></biblscope>
<biblscope n="" type="part"></biblscope>
</biblstruct></publicationstmt>
<sourcedesc>
<p>Издание подготовлено Мандельштамовским обществом</p>
</sourcedesc>
<respstmt>
<resp>Подготовка и разметка файлов - Алексей Литвинцев, Вероника Файнберг. Создание
          электронного ресурса - Тимофей Молчанов. Руководители проекта - Центр Digital Humanities,
          Мандельштамовское общество (НИУ ВШЭ).</resp>
</respstmt></filedesc>
<profiledesc>
<textdesc n="poem"></textdesc>
<textclass>
<catref target="Series([], Name: ID, dtype: object)" type="ID"></catref>
<catref target="Series([], Name: Источник, dtype: object)" type="Источник"></catref>
<catref target="Series([], Name: Жанр художественной литературы, dtype: object)" type="Жанр художественной литературы"></catref>
<catref target="Series([], Name: Уточнение жанра 1, dtype: object)" type="Уточнение жанра"></catref>
<catref target="Series([], Name: Метр, dtype: object)" type="Метр"></catref>
<catref target="Series([], Name: Длина строки, dtype: object)" type="Длина строки"></catref>
<catref target="Series([], Name: Клаузула, dtype: object)" type="Клаузула"></catref>
<catref target="Series([], Name: Уточнение клаузулы 1, dtype: object)" type="Уточнение клаузулы"></catref>
<catref target="Series([], Name: Классическая строфа, dtype: object)" type="Классическая строфа"></catref>
<catref target="Series([], Name: Рифма, dtype: object)" type="Рифма"></catref>
<catref target="Series([], Name: Схема рифмовки, dtype: object)" type="Схема рифмовки"></catref>
<catref target="Series([], Name: Метрическая формула, dtype: object)" type="Метрическая формула"></catref>
<catref target="Series([], Name: Дополнительные параметры, dtype: object)" type="Дополнительные параметры"></catref>
<catref target="Series([], Name: Число строк, dtype: int64)" type="Число строк"></catref>
<catref target="Series([], Name: Автор оригинала, dtype: object)" type="Автор оригинала"></catref>
<catref target="Series([], Name: Язык оригинала, dtype: object)" type="Язык оригинала"></catref>
</textclass></profiledesc>
</teiheader>
<text>
<body>
<div1 n="1" type="volume">
<div2 n="62а" type="part">
<head>62а.</head>
<lg type="quatrain">
<l n="1">Из омута злого и вязкого</l>
<l n="2">Я вырос, тростинкой шурша, —</l>
<l n="3">И страстно, и томно, и ласково</l>
<l n="4">Запретною жизнью дыша.</l>
</lg>
<lg type="quatrain">
<l n="5">И никну, никем не замеченный,</l>
<l n="6">В холодный и топкий приют,</l>
<l n="7">Приветственным шелестом встреченный</l>
<l n="8">Коротких осенних минут.</l>
</lg>
<lg type="quatrain">
<l n="9">Я счастлив жестокой обидою,</l>
<l n="10">И в жизни, похожей на сон,</l>
<l n="11">Я каждому тайно завидую</l>
<l n="12">И в каждого тайно влюблен.</l>
</lg>
<lg type="quatrain">
<l n="13">Ни сладости в пытке не ведаю,</l>
<l n="14">Ни смысла я в ней не ищу;</l>
<l n="15">Но близкой, последней победою,</l>
<l n="16">Быть может, за все отомщу.</l>
</lg>
<date from="1910-09" to="1910-011">‹Осень› 1910</date>
</div2>
</div1>
</body>
</text>
</tei>
