<?xml version='1.0' encoding='UTF8'?>
<tei xmlns="http://www.tei-c.org/ns/1.0">
<teiheader>
<filedesc>
<titlestmt>
<title>Ранние варианты. «В душном баре иностранец...»</title>
<author>О.Э. Мандельштам</author>
</titlestmt>
<publicationstmt>
<p>АРТ-БИЗНЕС-ЦЕНТР МОСКВА 1993</p>
<biblstruct>
<biblscope n="" type="volume"></biblscope>
<biblscope n="" type="part"></biblscope>
</biblstruct></publicationstmt>
<sourcedesc>
<p>Издание подготовлено Мандельштамовским обществом</p>
</sourcedesc>
<respstmt>
<resp>Подготовка и разметка файлов - Алексей Литвинцев, Вероника Файнберг. Создание
          электронного ресурса - Тимофей Молчанов. Руководители проекта - Центр Digital Humanities,
          Мандельштамовское общество (НИУ ВШЭ).</resp>
</respstmt></filedesc>
<profiledesc>
<textdesc n="poem"></textdesc>
<textclass>
<catref target="Series([], Name: ID, dtype: object)" type="ID"></catref>
<catref target="Series([], Name: Источник, dtype: object)" type="Источник"></catref>
<catref target="Series([], Name: Жанр художественной литературы, dtype: object)" type="Жанр художественной литературы"></catref>
<catref target="Series([], Name: Уточнение жанра 1, dtype: object)" type="Уточнение жанра"></catref>
<catref target="Series([], Name: Метр, dtype: object)" type="Метр"></catref>
<catref target="Series([], Name: Длина строки, dtype: object)" type="Длина строки"></catref>
<catref target="Series([], Name: Клаузула, dtype: object)" type="Клаузула"></catref>
<catref target="Series([], Name: Уточнение клаузулы 1, dtype: object)" type="Уточнение клаузулы"></catref>
<catref target="Series([], Name: Классическая строфа, dtype: object)" type="Классическая строфа"></catref>
<catref target="Series([], Name: Рифма, dtype: object)" type="Рифма"></catref>
<catref target="Series([], Name: Схема рифмовки, dtype: object)" type="Схема рифмовки"></catref>
<catref target="Series([], Name: Метрическая формула, dtype: object)" type="Метрическая формула"></catref>
<catref target="Series([], Name: Дополнительные параметры, dtype: object)" type="Дополнительные параметры"></catref>
<catref target="Series([], Name: Число строк, dtype: int64)" type="Число строк"></catref>
<catref target="Series([], Name: Автор оригинала, dtype: object)" type="Автор оригинала"></catref>
<catref target="Series([], Name: Язык оригинала, dtype: object)" type="Язык оригинала"></catref>
</textclass></profiledesc>
</teiheader>
<text>
<body>
<div1 n="1" type="volume">
<div2 n="106а" type="part">
<head>106а.</head>
<lg type="quatrain">
<l n="1">В душном баре иностранец,</l>
<l n="2">Я нередко, в час глухой,</l>
<l n="3">Уходя от тусклых пьяниц,</l>
<l n="4">Становлюсь самим собой.</l>
</lg>
<lg type="quatrain">
<l n="5">Дев полуночных отвага</l>
<l n="6">И безумных звезд разбег,</l>
<l n="7">Да привяжется бродяга,</l>
<l n="8">Вымогая на ночлег.</l>
</lg>
<lg type="quatrain">
<l n="9">Кто, скажите, мне сознанье</l>
<l n="10">Виноградом замутит,</l>
<l n="11">Если явь — Петра созданье,<rs ref="Петербург (Ленинград, Петрополь)" type="geo_index"></rs><rs ref="Петр I" type="person"></rs></l>
<l n="12">Медный всадник и гранит?</l>
</lg>
<lg type="quatrain">
<l n="13">Слышу с крепости сигналы,</l>
<l n="14">Замечаю, как тепло.</l>
<l n="15">Выстрел пушечный в подвалы,</l>
<l n="16">Вероятно, донесло.<rs ref="Верлен, Поль" type="person"></rs></l>
</lg>
<lg type="quatrain">
<l n="17">И гораздо глубже бреда</l>
<l n="18">Воспаленной головы —</l>
<l n="19">Звезды, трезвая беседа,</l>
<l n="20">Ветер западный с Невы.</l>
</lg>
<date from="1913-01" to="1913-02">‹Январь—февраль› 1913</date>
</div2>
</div1>
</body>
</text>
</tei>
