<?xml version='1.0' encoding='UTF8'?>
<tei xmlns="http://www.tei-c.org/ns/1.0">
<teiheader>
<filedesc>
<titlestmt>
<title>Ранние варианты. Ода Бетховену</title>
<author>О.Э. Мандельштам</author>
</titlestmt>
<publicationstmt>
<p>АРТ-БИЗНЕС-ЦЕНТР МОСКВА 1993</p>
<biblstruct>
<biblscope n="" type="volume"></biblscope>
<biblscope n="" type="part"></biblscope>
</biblstruct></publicationstmt>
<sourcedesc>
<p>Издание подготовлено Мандельштамовским обществом</p>
</sourcedesc>
<respstmt>
<resp>Подготовка и разметка файлов - Алексей Литвинцев, Вероника Файнберг. Создание
          электронного ресурса - Тимофей Молчанов. Руководители проекта - Центр Digital Humanities,
          Мандельштамовское общество (НИУ ВШЭ).</resp>
</respstmt></filedesc>
<profiledesc>
<textdesc n="poem"></textdesc>
<textclass>
<catref target="Series([], Name: ID, dtype: object)" type="ID"></catref>
<catref target="Series([], Name: Источник, dtype: object)" type="Источник"></catref>
<catref target="Series([], Name: Жанр художественной литературы, dtype: object)" type="Жанр художественной литературы"></catref>
<catref target="Series([], Name: Уточнение жанра 1, dtype: object)" type="Уточнение жанра"></catref>
<catref target="Series([], Name: Метр, dtype: object)" type="Метр"></catref>
<catref target="Series([], Name: Длина строки, dtype: object)" type="Длина строки"></catref>
<catref target="Series([], Name: Клаузула, dtype: object)" type="Клаузула"></catref>
<catref target="Series([], Name: Уточнение клаузулы 1, dtype: object)" type="Уточнение клаузулы"></catref>
<catref target="Series([], Name: Классическая строфа, dtype: object)" type="Классическая строфа"></catref>
<catref target="Series([], Name: Рифма, dtype: object)" type="Рифма"></catref>
<catref target="Series([], Name: Схема рифмовки, dtype: object)" type="Схема рифмовки"></catref>
<catref target="Series([], Name: Метрическая формула, dtype: object)" type="Метрическая формула"></catref>
<catref target="Series([], Name: Дополнительные параметры, dtype: object)" type="Дополнительные параметры"></catref>
<catref target="Series([], Name: Число строк, dtype: int64)" type="Число строк"></catref>
<catref target="Series([], Name: Автор оригинала, dtype: object)" type="Автор оригинала"></catref>
<catref target="Series([], Name: Язык оригинала, dtype: object)" type="Язык оригинала"></catref>
</textclass></profiledesc>
</teiheader>
<text>
<body>
<div1 n="1" type="volume">
<div2 n="153а" type="part">
<head>153а.
ОДА БЕТХОВЕНУ</head>
<lg type="octet">
<l n="1">Бывает сердце так сурово,</l>
<l n="2">Что и любя его не тронь!</l>
<l n="3">И в темной комнате глухого</l>
<l n="4">Бетховена горит огонь.<rs ref="Бетховен, Людвиг ван" type="person"></rs></l>
<l n="5">И я не мог твоей, мучитель,</l>
<l n="6">Чрезмерной радости понять.</l>
<l n="7">Уже бросает исполнитель</l>
<l n="8">Испепеленную тетрадь.</l>
</lg>
<lg type="octet">
<l n="9">Когда земля гудит от грома</l>
<l n="10">И речка бурная ревет,</l>
<l n="11">Сильней грозы и бурелома,</l>
<l n="12">Кто этот дивный пешеход?</l>
<l n="13">Он так стремительно ступает</l>
<l n="14">С зеленой шляпою в руке,</l>
<l n="15">И ветер полы развевает</l>
<l n="16">На неуклюжем сюртуке, —</l>
</lg>
<lg type="quatrain">
<l n="17">С кем можно глубже и полнее</l>
<l n="18">Всю чашу нежности испить?</l>
<l n="19">Кто может, ярче пламенея,</l>
<l n="20">Усилье воли освятить?</l>
</lg>
<lg type="quatrain">
<l n="21">Кто по-крестьянски, сын фламандца,</l>
<l n="22">Мир пригласил на ритурнель</l>
<l n="23">И до тех пор не кончил танца,</l>
<l n="24">Пока не вышел буйный хмель?</l>
</lg>
<lg type="octet">
<l n="25">О, Дионис, как муж наивный</l>
<l n="26">И благодарный, как дитя!</l>
<l n="27">Ты перенес свой жребий дивный</l>
<l n="28">То негодуя, то шутя!</l>
<l n="29">С каким глухим негодованьем</l>
<l n="30">Ты собирал с князей оброк</l>
<l n="31">Или с рассеянным вниманьем</l>
<l n="32">На фортепьянный шел урок!</l>
</lg>
<lg type="octet">
<l n="33">Тебе монашеские кельи —</l>
<l n="34">Всемирной радости приют,</l>
<l n="35">Тебе в пророческом весельи</l>
<l n="36">Огнепоклонники поют;</l>
<l n="37">Огонь пылает в человеке,</l>
<l n="38">Его унять никто не мог.</l>
<l n="39">Тебя назвать боялись греки,</l>
<l n="40">Но чтили, неизвестный бог!</l>
</lg>
<lg type="octet">
<l n="41">О, величавой жертвы пламя!</l>
<l n="42">Полнеба охватил костер —</l>
<l n="43">И царской скинии над нами</l>
<l n="44">Разодран шелковый шатер.</l>
<l n="45">И в промежутке воспаленном,</l>
<l n="46">Где мы не видим ничего, —</l>
<l n="47">Ты указал в чертоге тронном</l>
<l n="48">На белой славы торжество!</l>
</lg>
<date when="1914-12">Декабрь 1914</date>
</div2>
</div1>
</body>
</text>
</tei>
