<?xml version='1.0' encoding='UTF8'?>
<tei xmlns="http://www.tei-c.org/ns/1.0">
<teiheader>
<filedesc>
<titlestmt>
<title>Ранние варианты. «Рассеен утренник тяжелый...»</title>
<author>О.Э. Мандельштам</author>
</titlestmt>
<publicationstmt>
<p>АРТ-БИЗНЕС-ЦЕНТР МОСКВА 1993</p>
<biblstruct>
<biblscope n="" type="volume"></biblscope>
<biblscope n="" type="part"></biblscope>
</biblstruct></publicationstmt>
<sourcedesc>
<p>Издание подготовлено Мандельштамовским обществом</p>
</sourcedesc>
<respstmt>
<resp>Подготовка и разметка файлов - Алексей Литвинцев, Вероника Файнберг. Создание
          электронного ресурса - Тимофей Молчанов. Руководители проекта - Центр Digital Humanities,
          Мандельштамовское общество (НИУ ВШЭ).</resp>
</respstmt></filedesc>
<profiledesc>
<textdesc n="poem"></textdesc>
<textclass>
<catref target="Series([], Name: ID, dtype: object)" type="ID"></catref>
<catref target="Series([], Name: Источник, dtype: object)" type="Источник"></catref>
<catref target="Series([], Name: Жанр художественной литературы, dtype: object)" type="Жанр художественной литературы"></catref>
<catref target="Series([], Name: Уточнение жанра 1, dtype: object)" type="Уточнение жанра"></catref>
<catref target="Series([], Name: Метр, dtype: object)" type="Метр"></catref>
<catref target="Series([], Name: Длина строки, dtype: object)" type="Длина строки"></catref>
<catref target="Series([], Name: Клаузула, dtype: object)" type="Клаузула"></catref>
<catref target="Series([], Name: Уточнение клаузулы 1, dtype: object)" type="Уточнение клаузулы"></catref>
<catref target="Series([], Name: Классическая строфа, dtype: object)" type="Классическая строфа"></catref>
<catref target="Series([], Name: Рифма, dtype: object)" type="Рифма"></catref>
<catref target="Series([], Name: Схема рифмовки, dtype: object)" type="Схема рифмовки"></catref>
<catref target="Series([], Name: Метрическая формула, dtype: object)" type="Метрическая формула"></catref>
<catref target="Series([], Name: Дополнительные параметры, dtype: object)" type="Дополнительные параметры"></catref>
<catref target="Series([], Name: Число строк, dtype: int64)" type="Число строк"></catref>
<catref target="Series([], Name: Автор оригинала, dtype: object)" type="Автор оригинала"></catref>
<catref target="Series([], Name: Язык оригинала, dtype: object)" type="Язык оригинала"></catref>
</textclass></profiledesc>
</teiheader>
<text>
<body>
<div1 n="1" type="volume">
<div2 n="122" type="part">
<head>(122, 123)а.</head>
<lg type="quatrain">
<l n="1">Рассеен утренник тяжелый,</l>
<l n="2">На босу ногу день пришел;</l>
<l n="3">А на дворе военной школы</l>
<l n="4">Играют мальчики в футбол.</l>
</lg>
<lg type="quatrain">
<l n="5">Чуть-чуть неловки, мешковаты —</l>
<l n="6">Как подобает в их лета;</l>
<l n="7">Кто мяч толкает угловатый,</l>
<l n="8">Кто охраняет ворота.</l>
</lg>
<lg type="quatrain">
<l n="9">[Потерян пояс, шапка сбита.</l>
<l n="10">Околыш на сырой земле.</l>
<l n="11">А дядьки вечером сердито</l>
<l n="12">Мундир утюжат на столе.]</l>
</lg>
<lg type="quatrain">
<l n="13">Мундир обрызган. Шапка сбита.</l>
<l n="14">Околыш красный на земле.</l>
<l n="15">А в парке путаницы сито,</l>
<l n="16">Деревья мокрые в золе.</l>
</lg>
<lg type="couplet">
<l n="17">Глухая битва закипает:</l>
<l n="18">На месте топчутся и вот</l>
</lg>
<lg type="couplet">
<l n="19">Один мячом завладевает</l>
<l n="20">И как герой в толпе живет.</l>
</lg>
<lg type="quatrain">
<l n="21">С улыбкой тонко-лицемерной</l>
<l n="22">Не так ли кончиком ноги</l>
<l n="23">Над головою Олоферна</l>
<l n="24">Юдифь глумилась [и враги.]</l>
</lg>
<date when="1913">1913</date>
</div2>
</div1>
</body>
</text>
</tei>
