<?xml version='1.0' encoding='UTF8'?>
<tei xmlns="http://www.tei-c.org/ns/1.0">
<teiheader>
<filedesc>
<titlestmt>
<title>Ранние варианты. Приглашение на луну</title>
<author>О.Э. Мандельштам</author>
</titlestmt>
<publicationstmt>
<p>АРТ-БИЗНЕС-ЦЕНТР МОСКВА 1993</p>
<biblstruct>
<biblscope n="" type="volume"></biblscope>
<biblscope n="" type="part"></biblscope>
</biblstruct></publicationstmt>
<sourcedesc>
<p>Издание подготовлено Мандельштамовским обществом</p>
</sourcedesc>
<respstmt>
<resp>Подготовка и разметка файлов - Алексей Литвинцев, Вероника Файнберг. Создание
          электронного ресурса - Тимофей Молчанов. Руководители проекта - Центр Digital Humanities,
          Мандельштамовское общество (НИУ ВШЭ).</resp>
</respstmt></filedesc>
<profiledesc>
<textdesc n="poem"></textdesc>
<textclass>
<catref target="Series([], Name: ID, dtype: object)" type="ID"></catref>
<catref target="Series([], Name: Источник, dtype: object)" type="Источник"></catref>
<catref target="Series([], Name: Жанр художественной литературы, dtype: object)" type="Жанр художественной литературы"></catref>
<catref target="Series([], Name: Уточнение жанра 1, dtype: object)" type="Уточнение жанра"></catref>
<catref target="Series([], Name: Метр, dtype: object)" type="Метр"></catref>
<catref target="Series([], Name: Длина строки, dtype: object)" type="Длина строки"></catref>
<catref target="Series([], Name: Клаузула, dtype: object)" type="Клаузула"></catref>
<catref target="Series([], Name: Уточнение клаузулы 1, dtype: object)" type="Уточнение клаузулы"></catref>
<catref target="Series([], Name: Классическая строфа, dtype: object)" type="Классическая строфа"></catref>
<catref target="Series([], Name: Рифма, dtype: object)" type="Рифма"></catref>
<catref target="Series([], Name: Схема рифмовки, dtype: object)" type="Схема рифмовки"></catref>
<catref target="Series([], Name: Метрическая формула, dtype: object)" type="Метрическая формула"></catref>
<catref target="Series([], Name: Дополнительные параметры, dtype: object)" type="Дополнительные параметры"></catref>
<catref target="Series([], Name: Число строк, dtype: int64)" type="Число строк"></catref>
<catref target="Series([], Name: Автор оригинала, dtype: object)" type="Автор оригинала"></catref>
<catref target="Series([], Name: Язык оригинала, dtype: object)" type="Язык оригинала"></catref>
</textclass></profiledesc>
</teiheader>
<text>
<body>
<div1 n="1" type="volume">
<div2 n="144а" type="part">
<head>144а.
Приглашение на луну</head>
<lg type="sestet">
<l n="1">У меня на луне</l>
<l n="2">Вафли ежедневно,</l>
<l n="3">Приезжайте ко мне,</l>
<l n="4">Милая царевна!</l>
<l n="5">Хлеба нет на луне, —</l>
<l n="6">Вафли ежедневно.</l>
</lg>
<lg type="sestet">
<l n="7">На луне не растет</l>
<l n="8">Ни одной былинки;</l>
<l n="9">На луне весь народ</l>
<l n="10">Делает корзинки —</l>
<l n="11">Из соломы плетет</l>
<l n="12">Легкие корзинки.</l>
</lg>
<lg type="sestet">
<l n="13">На луне полутьма</l>
<l n="14">И дома опрятней;</l>
<l n="15">На луне не дома —</l>
<l n="16">Просто голубятни;</l>
<l n="17">Голубые дома —</l>
<l n="18">Чудо-голубятни.</l>
</lg>
<lg type="sestet">
<l n="19">Убежим на часок</l>
<l n="20">От земли-злодейки!</l>
<l n="21">На луне нет дорог</l>
<l n="22">И везде скамейки,</l>
<l n="23">Что ни шаг, то прыжок</l>
<l n="24">Через три скамейки.</l>
</lg>
<lg type="sestet">
<l n="25">Захватите с собой</l>
<l n="26">Молока котенку,</l>
<l n="27">Земляники лесной,</l>
<l n="28">Зонтик и гребенку...</l>
<l n="29">На луне голубой</l>
<l n="30">Я сварю вам жженку.</l>
</lg>
<date when="1914">1914</date>
</div2>
</div1>
</body>
</text>
</tei>
