<?xml version='1.0' encoding='UTF8'?>
<tei xmlns="http://www.tei-c.org/ns/1.0">
<teiheader>
<filedesc>
<titlestmt>
<title>Ранние варианты. Европа</title>
<author>О.Э. Мандельштам</author>
</titlestmt>
<publicationstmt>
<p>АРТ-БИЗНЕС-ЦЕНТР МОСКВА 1993</p>
<biblstruct>
<biblscope n="" type="volume"></biblscope>
<biblscope n="" type="part"></biblscope>
</biblstruct></publicationstmt>
<sourcedesc>
<p>Издание подготовлено Мандельштамовским обществом</p>
</sourcedesc>
<respstmt>
<resp>Подготовка и разметка файлов - Алексей Литвинцев, Вероника Файнберг. Создание
          электронного ресурса - Тимофей Молчанов. Руководители проекта - Центр Digital Humanities,
          Мандельштамовское общество (НИУ ВШЭ).</resp>
</respstmt></filedesc>
<profiledesc>
<textdesc n="poem"></textdesc>
<textclass>
<catref target="Series([], Name: ID, dtype: object)" type="ID"></catref>
<catref target="Series([], Name: Источник, dtype: object)" type="Источник"></catref>
<catref target="Series([], Name: Жанр художественной литературы, dtype: object)" type="Жанр художественной литературы"></catref>
<catref target="Series([], Name: Уточнение жанра 1, dtype: object)" type="Уточнение жанра"></catref>
<catref target="Series([], Name: Метр, dtype: object)" type="Метр"></catref>
<catref target="Series([], Name: Длина строки, dtype: object)" type="Длина строки"></catref>
<catref target="Series([], Name: Клаузула, dtype: object)" type="Клаузула"></catref>
<catref target="Series([], Name: Уточнение клаузулы 1, dtype: object)" type="Уточнение клаузулы"></catref>
<catref target="Series([], Name: Классическая строфа, dtype: object)" type="Классическая строфа"></catref>
<catref target="Series([], Name: Рифма, dtype: object)" type="Рифма"></catref>
<catref target="Series([], Name: Схема рифмовки, dtype: object)" type="Схема рифмовки"></catref>
<catref target="Series([], Name: Метрическая формула, dtype: object)" type="Метрическая формула"></catref>
<catref target="Series([], Name: Дополнительные параметры, dtype: object)" type="Дополнительные параметры"></catref>
<catref target="Series([], Name: Число строк, dtype: int64)" type="Число строк"></catref>
<catref target="Series([], Name: Автор оригинала, dtype: object)" type="Автор оригинала"></catref>
<catref target="Series([], Name: Язык оригинала, dtype: object)" type="Язык оригинала"></catref>
</textclass></profiledesc>
</teiheader>
<text>
<body>
<div1 n="1" type="volume">
<div2 n="147а" type="part">
<head>147а.
ЕВРОПА</head>
<lg type="quatrain">
<l n="1">Как средиземный краб или звезда морская,</l>
<l n="2">Был выброшен водой последний материк.</l>
<l n="3">К широкой Азии, к Америке привык,</l>
<l n="4">Слабеет океан, Европу омывая.</l>
</lg>
<lg type="quatrain">
<l n="5">Изрезаны ее живые берега,</l>
<l n="6">И полуостровов воздушны изваянья;</l>
<l n="7">Немного женственны заливов очертанья:</l>
<l n="8">Бискайи, Генуи ленивая дуга.</l>
</lg>
<lg type="quatrain">
<l n="9">Европа Августа и Солнца-короля,</l>
<l n="10">А ныне в рубище Священного союза,</l>
<l n="11">Пята Испании и нежная Медуза</l>
<l n="12">Земля Италии, романская земля.</l>
</lg>
<lg type="quatrain">
<l n="13">Европа цезарей! С тех пор, как в Бонапарта</l>
<l n="14">Гусиное перо направил Меттерних, —</l>
<l n="15">Впервые за сто лет и на глазах моих</l>
<l n="16">Меняется твоя таинственная карта!</l>
</lg>
<date when="1914-09">Сентябрь 1914</date>
</div2>
</div1>
</body>
</text>
</tei>
