<?xml version='1.0' encoding='UTF8'?>
<tei xmlns="http://www.tei-c.org/ns/1.0">
<teiheader>
<filedesc>
<titlestmt>
<title>Ранние варианты. Старик</title>
<author>О.Э. Мандельштам</author>
</titlestmt>
<publicationstmt>
<p>АРТ-БИЗНЕС-ЦЕНТР МОСКВА 1993</p>
<biblstruct>
<biblscope n="" type="volume"></biblscope>
<biblscope n="" type="part"></biblscope>
</biblstruct></publicationstmt>
<sourcedesc>
<p>Издание подготовлено Мандельштамовским обществом</p>
</sourcedesc>
<respstmt>
<resp>Подготовка и разметка файлов - Алексей Литвинцев, Вероника Файнберг. Создание
          электронного ресурса - Тимофей Молчанов. Руководители проекта - Центр Digital Humanities,
          Мандельштамовское общество (НИУ ВШЭ).</resp>
</respstmt></filedesc>
<profiledesc>
<textdesc n="poem"></textdesc>
<textclass>
<catref target="Series([], Name: ID, dtype: object)" type="ID"></catref>
<catref target="Series([], Name: Источник, dtype: object)" type="Источник"></catref>
<catref target="Series([], Name: Жанр художественной литературы, dtype: object)" type="Жанр художественной литературы"></catref>
<catref target="Series([], Name: Уточнение жанра 1, dtype: object)" type="Уточнение жанра"></catref>
<catref target="Series([], Name: Метр, dtype: object)" type="Метр"></catref>
<catref target="Series([], Name: Длина строки, dtype: object)" type="Длина строки"></catref>
<catref target="Series([], Name: Клаузула, dtype: object)" type="Клаузула"></catref>
<catref target="Series([], Name: Уточнение клаузулы 1, dtype: object)" type="Уточнение клаузулы"></catref>
<catref target="Series([], Name: Классическая строфа, dtype: object)" type="Классическая строфа"></catref>
<catref target="Series([], Name: Рифма, dtype: object)" type="Рифма"></catref>
<catref target="Series([], Name: Схема рифмовки, dtype: object)" type="Схема рифмовки"></catref>
<catref target="Series([], Name: Метрическая формула, dtype: object)" type="Метрическая формула"></catref>
<catref target="Series([], Name: Дополнительные параметры, dtype: object)" type="Дополнительные параметры"></catref>
<catref target="Series([], Name: Число строк, dtype: int64)" type="Число строк"></catref>
<catref target="Series([], Name: Автор оригинала, dtype: object)" type="Автор оригинала"></catref>
<catref target="Series([], Name: Язык оригинала, dtype: object)" type="Язык оригинала"></catref>
</textclass></profiledesc>
</teiheader>
<text>
<body>
<div1 n="1" type="volume">
<div2 n="112а" type="part">
<head>112а.
Старик</head>
<lg type="quatrain">
<l n="1">Уже светло, поет сирена</l>
<l n="2">В седьмом часу утра.</l>
<l n="3">Старик, похожий на Верлэна,<rs ref="Верлен, Поль" type="person"></rs></l>
<l n="4">Теперь твоя пора!</l>
</lg>
<lg type="quatrain">
<l n="5">В глазах лукавый или детский</l>
<l n="6">Зеленый огонек;</l>
<l n="7">На шею нацепил турецкий</l>
<l n="8">Узорчатый платок.</l>
</lg>
<lg type="quatrain">
<l n="9">Он богохульствует, бормочет</l>
<l n="10">Несвязные слова;</l>
<l n="11">Он исповедоваться хочет —</l>
<l n="12">Но согрешить сперва.</l>
</lg>
<lg type="quatrain">
<l n="13">Разочарованный рабочий</l>
<l n="14">Иль огорченный мот —</l>
<l n="15">А глаз, подбитый в недрах ночи,</l>
<l n="16">Как радуга цветет.</l>
</lg>
<lg type="quatrain">
<l n="17">Так, соблюдая день субботний,</l>
<l n="18">Плетется он, когда</l>
<l n="19">Глядит из каждой подворотни</l>
<l n="20">Веселая нужда;</l>
</lg>
<lg type="quatrain">
<l n="21">А дома — руганью крылатой,</l>
<l n="22">От ярости бледна,</l>
<l n="23">Встречает пьяного Сократа<rs ref="Сократ" type="person"></rs></l>
<l n="24">Суровая жена!</l>
</lg>
<date when="1913">1913</date>
</div2>
</div1>
</body>
</text>
</tei>
