<?xml version='1.0' encoding='UTF8'?>
<tei xmlns="http://www.tei-c.org/ns/1.0">
<teiheader>
<filedesc>
<titlestmt>
<title>Ранние варианты. Реймс и Кельн</title>
<author>О.Э. Мандельштам</author>
</titlestmt>
<publicationstmt>
<p>АРТ-БИЗНЕС-ЦЕНТР МОСКВА 1993</p>
<biblstruct>
<biblscope n="" type="volume"></biblscope>
<biblscope n="" type="part"></biblscope>
</biblstruct></publicationstmt>
<sourcedesc>
<p>Издание подготовлено Мандельштамовским обществом</p>
</sourcedesc>
<respstmt>
<resp>Подготовка и разметка файлов - Алексей Литвинцев, Вероника Файнберг. Создание
          электронного ресурса - Тимофей Молчанов. Руководители проекта - Центр Digital Humanities,
          Мандельштамовское общество (НИУ ВШЭ).</resp>
</respstmt></filedesc>
<profiledesc>
<textdesc n="poem"></textdesc>
<textclass>
<catref target="Series([], Name: ID, dtype: object)" type="ID"></catref>
<catref target="Series([], Name: Источник, dtype: object)" type="Источник"></catref>
<catref target="Series([], Name: Жанр художественной литературы, dtype: object)" type="Жанр художественной литературы"></catref>
<catref target="Series([], Name: Уточнение жанра 1, dtype: object)" type="Уточнение жанра"></catref>
<catref target="Series([], Name: Метр, dtype: object)" type="Метр"></catref>
<catref target="Series([], Name: Длина строки, dtype: object)" type="Длина строки"></catref>
<catref target="Series([], Name: Клаузула, dtype: object)" type="Клаузула"></catref>
<catref target="Series([], Name: Уточнение клаузулы 1, dtype: object)" type="Уточнение клаузулы"></catref>
<catref target="Series([], Name: Классическая строфа, dtype: object)" type="Классическая строфа"></catref>
<catref target="Series([], Name: Рифма, dtype: object)" type="Рифма"></catref>
<catref target="Series([], Name: Схема рифмовки, dtype: object)" type="Схема рифмовки"></catref>
<catref target="Series([], Name: Метрическая формула, dtype: object)" type="Метрическая формула"></catref>
<catref target="Series([], Name: Дополнительные параметры, dtype: object)" type="Дополнительные параметры"></catref>
<catref target="Series([], Name: Число строк, dtype: int64)" type="Число строк"></catref>
<catref target="Series([], Name: Автор оригинала, dtype: object)" type="Автор оригинала"></catref>
<catref target="Series([], Name: Язык оригинала, dtype: object)" type="Язык оригинала"></catref>
</textclass></profiledesc>
</teiheader>
<text>
<body>
<div1 n="1" type="volume">
<div2 n="149а" type="part">
<head>149а.
РЕЙМС И КЕЛЬН</head>
<lg type="quatrain">
<l n="1">Шатались башни, колокол звучал —</l>
<l n="2">Друг горожан, окрестностей отрада,</l>
<l n="3">Епископ все молитвы прочитал,</l>
<l n="4">И рухнула священная громада.</l>
</lg>
<lg type="quatrain">
<l n="5">Здесь нужен Роланд, чтоб трубить из рога</l>
<l n="6">Пока не разорвется Олифан.</l>
<l n="7">Нельзя судить бессмысленный таран</l>
<l n="8">Или германцев, позабывших Бога.</l>
</lg>
<lg type="quatrain">
<l n="9">Но в старом Кельне тоже есть собор,</l>
<l n="10">Неконченный и все-таки прекрасный,</l>
<l n="11">И хоть один священник беспристрастный,</l>
<l n="12">И в дивной целости стрельчатый бор.</l>
</lg>
<lg type="quatrain">
<l n="13">Он потрясен чудовищным набатом,</l>
<l n="14">И в грозный час, когда густеет мгла,</l>
<l n="15">Немецкие поют колокола:</l>
<l n="16">— Что сотворили вы над реймским братом?</l>
</lg>
<date when="1914-09">Сентябрь 1914</date>
</div2>
</div1>
</body>
</text>
</tei>
