<?xml version='1.0' encoding='UTF8'?>
<tei xmlns="http://www.tei-c.org/ns/1.0">
<teiheader>
<filedesc>
<titlestmt>
<title>Ранние варианты. Теннис</title>
<author>О.Э. Мандельштам</author>
</titlestmt>
<publicationstmt>
<p>АРТ-БИЗНЕС-ЦЕНТР МОСКВА 1993</p>
<biblstruct>
<biblscope n="" type="volume"></biblscope>
<biblscope n="" type="part"></biblscope>
</biblstruct></publicationstmt>
<sourcedesc>
<p>Издание подготовлено Мандельштамовским обществом</p>
</sourcedesc>
<respstmt>
<resp>Подготовка и разметка файлов - Алексей Литвинцев, Вероника Файнберг. Создание
          электронного ресурса - Тимофей Молчанов. Руководители проекта - Центр Digital Humanities,
          Мандельштамовское общество (НИУ ВШЭ).</resp>
</respstmt></filedesc>
<profiledesc>
<textdesc n="poem"></textdesc>
<textclass>
<catref target="Series([], Name: ID, dtype: object)" type="ID"></catref>
<catref target="Series([], Name: Источник, dtype: object)" type="Источник"></catref>
<catref target="Series([], Name: Жанр художественной литературы, dtype: object)" type="Жанр художественной литературы"></catref>
<catref target="Series([], Name: Уточнение жанра 1, dtype: object)" type="Уточнение жанра"></catref>
<catref target="Series([], Name: Метр, dtype: object)" type="Метр"></catref>
<catref target="Series([], Name: Длина строки, dtype: object)" type="Длина строки"></catref>
<catref target="Series([], Name: Клаузула, dtype: object)" type="Клаузула"></catref>
<catref target="Series([], Name: Уточнение клаузулы 1, dtype: object)" type="Уточнение клаузулы"></catref>
<catref target="Series([], Name: Классическая строфа, dtype: object)" type="Классическая строфа"></catref>
<catref target="Series([], Name: Рифма, dtype: object)" type="Рифма"></catref>
<catref target="Series([], Name: Схема рифмовки, dtype: object)" type="Схема рифмовки"></catref>
<catref target="Series([], Name: Метрическая формула, dtype: object)" type="Метрическая формула"></catref>
<catref target="Series([], Name: Дополнительные параметры, dtype: object)" type="Дополнительные параметры"></catref>
<catref target="Series([], Name: Число строк, dtype: int64)" type="Число строк"></catref>
<catref target="Series([], Name: Автор оригинала, dtype: object)" type="Автор оригинала"></catref>
<catref target="Series([], Name: Язык оригинала, dtype: object)" type="Язык оригинала"></catref>
</textclass></profiledesc>
</teiheader>
<text>
<body>
<div1 n="1" type="volume">
<div2 n="114а" type="part">
<head>114а.
Теннис</head>
<lg type="quatrain">
<l n="1">Средь аляповатых дач,</l>
<l n="2">Где скитается шарманка,</l>
<l n="3">Сам собой летает мяч —</l>
<l n="4">Как волшебная приманка.</l>
</lg>
<lg type="quatrain">
<l n="5">Кто, смиривший грубый пыл,</l>
<l n="6">Облеченный в снег альпийский,</l>
<l n="7">С резвой девушкой вступил</l>
<l n="8">В поединок олимпийский?</l>
</lg>
<lg type="quatrain">
<l n="9">Он творит игры обряд</l>
<l n="10">Так легко вооруженный —</l>
<l n="11">Как аттический солдат,</l>
<l n="12">В своего врага влюбленный!</l>
</lg>
<lg type="quatrain">
<l n="13">Вижу мельницы, как встарь,</l>
<l n="14">И гребцов на Темзе кроткой;<rs ref="Темза" type="geo_index"></rs></l>
<l n="15">Завладел спортсмэн-дикарь</l>
<l n="16">Многовесельною лодкой.</l>
</lg>
<lg type="quatrain">
<l n="17">Вижу стадо у воды;</l>
<l n="18">Стерегут овец овчарки.</l>
<l n="19">Без седла и без узды</l>
<l n="20">Пущен конь на клевер яркий.</l>
</lg>
<lg type="quatrain">
<l n="21">Это Англия цветет —<rs ref="Англия" type="geo_index"></rs></l>
<l n="22">Остров мирный и веселый...</l>
<l n="23">Здравствуй, тенниса полет,</l>
<l n="24">Полотно и локоть голый!</l>
</lg>
<date when="1913-05">‹Май› 1913</date>
</div2>
</div1>
</body>
</text>
</tei>
