<?xml version='1.0' encoding='UTF8'?>
<tei xmlns="http://www.tei-c.org/ns/1.0">
<teiheader>
<filedesc>
<titlestmt>
<title>Ранние варианты. «Как пахнут тополя — мы пьяны...»</title>
<author>О.Э. Мандельштам</author>
</titlestmt>
<publicationstmt>
<p>АРТ-БИЗНЕС-ЦЕНТР МОСКВА 1993</p>
<biblstruct>
<biblscope n="" type="volume"></biblscope>
<biblscope n="" type="part"></biblscope>
</biblstruct></publicationstmt>
<sourcedesc>
<p>Издание подготовлено Мандельштамовским обществом</p>
</sourcedesc>
<respstmt>
<resp>Подготовка и разметка файлов - Алексей Литвинцев, Вероника Файнберг. Создание
          электронного ресурса - Тимофей Молчанов. Руководители проекта - Центр Digital Humanities,
          Мандельштамовское общество (НИУ ВШЭ).</resp>
</respstmt></filedesc>
<profiledesc>
<textdesc n="poem"></textdesc>
<textclass>
<catref target="Series([], Name: ID, dtype: object)" type="ID"></catref>
<catref target="Series([], Name: Источник, dtype: object)" type="Источник"></catref>
<catref target="Series([], Name: Жанр художественной литературы, dtype: object)" type="Жанр художественной литературы"></catref>
<catref target="Series([], Name: Уточнение жанра 1, dtype: object)" type="Уточнение жанра"></catref>
<catref target="Series([], Name: Метр, dtype: object)" type="Метр"></catref>
<catref target="Series([], Name: Длина строки, dtype: object)" type="Длина строки"></catref>
<catref target="Series([], Name: Клаузула, dtype: object)" type="Клаузула"></catref>
<catref target="Series([], Name: Уточнение клаузулы 1, dtype: object)" type="Уточнение клаузулы"></catref>
<catref target="Series([], Name: Классическая строфа, dtype: object)" type="Классическая строфа"></catref>
<catref target="Series([], Name: Рифма, dtype: object)" type="Рифма"></catref>
<catref target="Series([], Name: Схема рифмовки, dtype: object)" type="Схема рифмовки"></catref>
<catref target="Series([], Name: Метрическая формула, dtype: object)" type="Метрическая формула"></catref>
<catref target="Series([], Name: Дополнительные параметры, dtype: object)" type="Дополнительные параметры"></catref>
<catref target="Series([], Name: Число строк, dtype: int64)" type="Число строк"></catref>
<catref target="Series([], Name: Автор оригинала, dtype: object)" type="Автор оригинала"></catref>
<catref target="Series([], Name: Язык оригинала, dtype: object)" type="Язык оригинала"></catref>
</textclass></profiledesc>
</teiheader>
<text>
<body>
<div1 n="1" type="volume">
<div2 n="171а" type="part">
<head>171а.</head>
<lg type="quatrain">
<l n="1">Как пахнут тополя — мы пьяны.</l>
<l n="2">Когда качается земля,</l>
<l n="3">Не ради смуты мы смутьяны,</l>
<l n="4">На черной площади Кремля.</l>
</lg>
<lg type="quatrain">
<l n="5">Соборов восковые лики,</l>
<l n="6">Спят; и разбойничать привык</l>
<l n="7">Без голоса Иван Великий,</l>
<l n="8">Как виселица, прям и дик.</l>
</lg>
<lg type="quatrain">
<l n="9">А в запечатанных соборах,</l>
<l n="10">Где и прохладно и темно,</l>
<l n="11">Как в нежных глиняных амфорах,</l>
<l n="12">Играет русское вино.</l>
</lg>
<lg type="quatrain">
<l n="13">Успенский, дивно округленный,</l>
<l n="14">Весь удивленье райских дуг,</l>
<l n="15">И Благовещенский, зеленый,</l>
<l n="16">И, мнится, заворкует вдруг.</l>
</lg>
<lg type="quatrain">
<l n="17">Архангельский собор — виденье,</l>
<l n="18">Успенский — если хочешь, тронь!</l>
<l n="19">И всюду скрытое горенье,</l>
<l n="20">В кувшинах спрятанный огонь.</l>
</lg>
<date when="1916-04">Апрель 1916</date>
</div2>
</div1>
</body>
</text>
</tei>
