<?xml version='1.0' encoding='UTF8'?>
<tei xmlns="http://www.tei-c.org/ns/1.0">
<teiheader>
<filedesc>
<titlestmt>
<title>Ранние варианты. «Не веря воскресенья чуду...»</title>
<author>О.Э. Мандельштам</author>
</titlestmt>
<publicationstmt>
<p>АРТ-БИЗНЕС-ЦЕНТР МОСКВА 1993</p>
<biblstruct>
<biblscope n="" type="volume"></biblscope>
<biblscope n="" type="part"></biblscope>
</biblstruct></publicationstmt>
<sourcedesc>
<p>Издание подготовлено Мандельштамовским обществом</p>
</sourcedesc>
<respstmt>
<resp>Подготовка и разметка файлов - Алексей Литвинцев, Вероника Файнберг. Создание
          электронного ресурса - Тимофей Молчанов. Руководители проекта - Центр Digital Humanities,
          Мандельштамовское общество (НИУ ВШЭ).</resp>
</respstmt></filedesc>
<profiledesc>
<textdesc n="poem"></textdesc>
<textclass>
<catref target="Series([], Name: ID, dtype: object)" type="ID"></catref>
<catref target="Series([], Name: Источник, dtype: object)" type="Источник"></catref>
<catref target="Series([], Name: Жанр художественной литературы, dtype: object)" type="Жанр художественной литературы"></catref>
<catref target="Series([], Name: Уточнение жанра 1, dtype: object)" type="Уточнение жанра"></catref>
<catref target="Series([], Name: Метр, dtype: object)" type="Метр"></catref>
<catref target="Series([], Name: Длина строки, dtype: object)" type="Длина строки"></catref>
<catref target="Series([], Name: Клаузула, dtype: object)" type="Клаузула"></catref>
<catref target="Series([], Name: Уточнение клаузулы 1, dtype: object)" type="Уточнение клаузулы"></catref>
<catref target="Series([], Name: Классическая строфа, dtype: object)" type="Классическая строфа"></catref>
<catref target="Series([], Name: Рифма, dtype: object)" type="Рифма"></catref>
<catref target="Series([], Name: Схема рифмовки, dtype: object)" type="Схема рифмовки"></catref>
<catref target="Series([], Name: Метрическая формула, dtype: object)" type="Метрическая формула"></catref>
<catref target="Series([], Name: Дополнительные параметры, dtype: object)" type="Дополнительные параметры"></catref>
<catref target="Series([], Name: Число строк, dtype: int64)" type="Число строк"></catref>
<catref target="Series([], Name: Автор оригинала, dtype: object)" type="Автор оригинала"></catref>
<catref target="Series([], Name: Язык оригинала, dtype: object)" type="Язык оригинала"></catref>
</textclass></profiledesc>
</teiheader>
<text>
<body>
<div1 n="1" type="volume">
<div2 n="" type="part">
<head>174а.</head>
<lg type="octet">
<l n="1">Не веря воскресенья чуду,</l>
<l n="2">На кладбище гуляли мы.</l>
<l n="3">— Ты знаешь, мне земля повсюду</l>
<l n="4">Напоминает те холмы.</l>
<l n="5">Я через овиди степные</l>
<l n="6">Тянулся в каменистый Крым,<rs ref="Крым" type="geo_index"></rs><rs ref="Москва" type="geo_index"></rs></l>
<l n="7">Где обрывается Россия<rs ref="Россия (СССР)" type="geo_index"></rs></l>
<l n="8">Над морем черным и глухим.</l>
</lg>
<lg type="octet">
<l n="9">От монастырских косогоров</l>
<l n="10">Широкий убегает луг.</l>
<l n="11">Мне от владимирских просторов</l>
<l n="12">Так не хотелося на юг,</l>
<l n="13">Но в этой темной, деревянной</l>
<l n="14">И юродивой слободе</l>
<l n="15">С такой монашкою туманной</l>
<l n="16">Остаться — значит быть беде.</l>
</lg>
<lg type="octet">
<l n="17">Целую локоть загорелый</l>
<l n="18">И лба кусочек восковой.</l>
<l n="19">Я знаю — он остался белый</l>
<l n="20">Под смуглой прядью золотой.</l>
<l n="21">Целую кисть, где от браслета</l>
<l n="22">Еще белеет полоса.</l>
<l n="23">Тавриды пламенное лето<rs ref="Петербург (Ленинград, Петрополь)" type="geo_index"></rs></l>
<l n="24">Творит такие чудеса.</l>
</lg>
<lg type="octet">
<l n="25">Как скоро ты смуглянкой стала</l>
<l n="26">И к Спасу бедному пришла,</l>
<l n="27">Не отрываясь целовала,</l>
<l n="28">А гордою в Москве была.<rs ref="Москва" type="geo_index"></rs><rs ref="Москва" type="geo_index"></rs></l>
<l n="29">Нам остается только имя:</l>
<l n="30">Чудесный звук, на долгий срок.</l>
<l n="31">Прими ж ладонями моими</l>
<l n="32">Пересыпаемый песок.</l>
</lg>
<date when="1916-06">Июнь 1916</date>
</div2>
</div1>
</body>
</text>
</tei>
