<?xml version='1.0' encoding='UTF8'?>
<tei xmlns="http://www.tei-c.org/ns/1.0">
<teiheader>
<filedesc>
<titlestmt>
<title>Ранние варианты. «Как этих покрывал и этого убора...»</title>
<author>О.Э. Мандельштам</author>
</titlestmt>
<publicationstmt>
<p>АРТ-БИЗНЕС-ЦЕНТР МОСКВА 1993</p>
<biblstruct>
<biblscope n="" type="volume"></biblscope>
<biblscope n="" type="part"></biblscope>
</biblstruct></publicationstmt>
<sourcedesc>
<p>Издание подготовлено Мандельштамовским обществом</p>
</sourcedesc>
<respstmt>
<resp>Подготовка и разметка файлов - Алексей Литвинцев, Вероника Файнберг. Создание
          электронного ресурса - Тимофей Молчанов. Руководители проекта - Центр Digital Humanities,
          Мандельштамовское общество (НИУ ВШЭ).</resp>
</respstmt></filedesc>
<profiledesc>
<textdesc n="poem"></textdesc>
<textclass>
<catref target="Series([], Name: ID, dtype: object)" type="ID"></catref>
<catref target="Series([], Name: Источник, dtype: object)" type="Источник"></catref>
<catref target="Series([], Name: Жанр художественной литературы, dtype: object)" type="Жанр художественной литературы"></catref>
<catref target="Series([], Name: Уточнение жанра 1, dtype: object)" type="Уточнение жанра"></catref>
<catref target="Series([], Name: Метр, dtype: object)" type="Метр"></catref>
<catref target="Series([], Name: Длина строки, dtype: object)" type="Длина строки"></catref>
<catref target="Series([], Name: Клаузула, dtype: object)" type="Клаузула"></catref>
<catref target="Series([], Name: Уточнение клаузулы 1, dtype: object)" type="Уточнение клаузулы"></catref>
<catref target="Series([], Name: Классическая строфа, dtype: object)" type="Классическая строфа"></catref>
<catref target="Series([], Name: Рифма, dtype: object)" type="Рифма"></catref>
<catref target="Series([], Name: Схема рифмовки, dtype: object)" type="Схема рифмовки"></catref>
<catref target="Series([], Name: Метрическая формула, dtype: object)" type="Метрическая формула"></catref>
<catref target="Series([], Name: Дополнительные параметры, dtype: object)" type="Дополнительные параметры"></catref>
<catref target="Series([], Name: Число строк, dtype: int64)" type="Число строк"></catref>
<catref target="Series([], Name: Автор оригинала, dtype: object)" type="Автор оригинала"></catref>
<catref target="Series([], Name: Язык оригинала, dtype: object)" type="Язык оригинала"></catref>
</textclass></profiledesc>
</teiheader>
<text>
<body>
<div1 n="1" type="volume">
<div2 n="167" type="part">
<head>167a.</head>
<lg type="couplet">
<l n="1">— Как этих покрывал и этого убора</l>
<l n="2">Мне пышность тяжела средь моего позора...</l>
</lg>
<lg type="octet">
<l n="3">Собирается в Трезене<rs ref="Трезена" type="geo_index"></rs></l>
<l n="4">Знаменитая беда:</l>
<l n="5">Царской лестницы ступени</l>
<l n="6">Покраснеют от стыда.</l>
<l n="7">Вот она: какие речи</l>
<l n="8">И какой ужасный вид!</l>
<l n="9">Избегает с нею встречи,</l>
<l n="10">Чуя правду, Ипполит.<rs ref="Ипполит" type="myth_index"></rs></l>
</lg>
<lg type="couplet">
<l n="11">— О, если б ненависть в груди моей кипела —</l>
<l n="12">Но видите — само — признанье с уст слетело.</l>
</lg>
<lg type="octet">
<l n="13">Черным факелом среди белого дня</l>
<l n="14">К Ипполиту любовью Федра зажглась<rs ref="Ипполит" type="myth_index"></rs><rs ref="Федра" type="myth_index"></rs></l>
<l n="15">И сама погибла, сына виня,</l>
<l n="16">У старой кормилицы учась.</l>
<l n="17">Позабыла свой род и царский сан;</l>
<l n="18">Возвела на юношу неправды тень,</l>
<l n="19">Заманила охотника в капкан.</l>
<l n="20">По тебе будут плакать леса, олень!</l>
</lg>
<lg type="couplet">
<l n="21">— Любовью черною я солнце запятнала...</l>
<l n="22">. . . . . . . . . . . . . . . . . . . . . .</l>
</lg>
<lg type="octet">
<l n="23">Мы боимся, мы не смеем</l>
<l n="24">Горю царскому помочь:</l>
<l n="25">Уязвленная Тезеем,<rs ref="Тезей (Тесей)" type="myth_index"></rs></l>
<l n="26">На него напала ночь.</l>
<l n="27">Мы же, песнью похоронной</l>
<l n="28">Провожая мертвых в дом,</l>
<l n="29">Страсти дикой и бессонной</l>
<l n="30">Солнце черное уймем.</l>
</lg>
<date when="1915-10-13">13 октября 1915</date>
</div2>
</div1>
</body>
</text>
</tei>
