<?xml version='1.0' encoding='UTF8'?>
<tei xmlns="http://www.tei-c.org/ns/1.0">
<teiheader>
<filedesc>
<titlestmt>
<title>Ранние варианты. «Уничтожает пламень...»</title>
<author>О.Э. Мандельштам</author>
</titlestmt>
<publicationstmt>
<p>АРТ-БИЗНЕС-ЦЕНТР МОСКВА 1993</p>
<biblstruct>
<biblscope n="" type="volume"></biblscope>
<biblscope n="" type="part"></biblscope>
</biblstruct></publicationstmt>
<sourcedesc>
<p>Издание подготовлено Мандельштамовским обществом</p>
</sourcedesc>
<respstmt>
<resp>Подготовка и разметка файлов - Алексей Литвинцев, Вероника Файнберг. Создание
          электронного ресурса - Тимофей Молчанов. Руководители проекта - Центр Digital Humanities,
          Мандельштамовское общество (НИУ ВШЭ).</resp>
</respstmt></filedesc>
<profiledesc>
<textdesc n="poem"></textdesc>
<textclass>
<catref target="Series([], Name: ID, dtype: object)" type="ID"></catref>
<catref target="Series([], Name: Источник, dtype: object)" type="Источник"></catref>
<catref target="Series([], Name: Жанр художественной литературы, dtype: object)" type="Жанр художественной литературы"></catref>
<catref target="Series([], Name: Уточнение жанра 1, dtype: object)" type="Уточнение жанра"></catref>
<catref target="Series([], Name: Метр, dtype: object)" type="Метр"></catref>
<catref target="Series([], Name: Длина строки, dtype: object)" type="Длина строки"></catref>
<catref target="Series([], Name: Клаузула, dtype: object)" type="Клаузула"></catref>
<catref target="Series([], Name: Уточнение клаузулы 1, dtype: object)" type="Уточнение клаузулы"></catref>
<catref target="Series([], Name: Классическая строфа, dtype: object)" type="Классическая строфа"></catref>
<catref target="Series([], Name: Рифма, dtype: object)" type="Рифма"></catref>
<catref target="Series([], Name: Схема рифмовки, dtype: object)" type="Схема рифмовки"></catref>
<catref target="Series([], Name: Метрическая формула, dtype: object)" type="Метрическая формула"></catref>
<catref target="Series([], Name: Дополнительные параметры, dtype: object)" type="Дополнительные параметры"></catref>
<catref target="Series([], Name: Число строк, dtype: int64)" type="Число строк"></catref>
<catref target="Series([], Name: Автор оригинала, dtype: object)" type="Автор оригинала"></catref>
<catref target="Series([], Name: Язык оригинала, dtype: object)" type="Язык оригинала"></catref>
</textclass></profiledesc>
</teiheader>
<text>
<body>
<div1 n="1" type="volume">
<div2 n="157а" type="part">
<head>157а.</head>
<lg type="quatrain">
<l n="1">Уничтожает пламень</l>
<l n="2">Сухую жизнь мою, —</l>
<l n="3">И ныне я не камень,</l>
<l n="4">А дерево пою.</l>
</lg>
<lg type="quatrain">
<l n="5">Оно легко и грубо:</l>
<l n="6">Из одного куска</l>
<l n="7">И сердцевина дуба,</l>
<l n="8">И весла рыбака.</l>
</lg>
<lg type="quatrain">
<l n="9">Вбивайте крепче сваи,</l>
<l n="10">Стучите молотки,</l>
<l n="11">О деревянном рае,</l>
<l n="12">Где вещи так легки!</l>
</lg>
<lg type="quatrain">
<l n="13">Поведайте пустыне</l>
<l n="14">О дереве креста;</l>
<l n="15">В глубокой сердцевине</l>
<l n="16">Какая красота!</l>
</lg>
<lg type="quatrain">
<l n="17">Из дерева простого</l>
<l n="18">Я смастерил челнок,</l>
<l n="19">И ничего иного</l>
<l n="20">Я выдумать не мог.</l>
</lg>
<date when="1915">1915</date>
</div2>
</div1>
</body>
</text>
</tei>
