<?xml version='1.0' encoding='UTF8'?>
<tei xmlns="http://www.tei-c.org/ns/1.0">
<teiheader>
<filedesc>
<titlestmt>
<title>Ранние варианты. «Негодованье старческой кифары...»</title>
<author>О.Э. Мандельштам</author>
</titlestmt>
<publicationstmt>
<p>АРТ-БИЗНЕС-ЦЕНТР МОСКВА 1993</p>
<biblstruct>
<biblscope n="" type="volume"></biblscope>
<biblscope n="" type="part"></biblscope>
</biblstruct></publicationstmt>
<sourcedesc>
<p>Издание подготовлено Мандельштамовским обществом</p>
</sourcedesc>
<respstmt>
<resp>Подготовка и разметка файлов - Алексей Литвинцев, Вероника Файнберг. Создание
          электронного ресурса - Тимофей Молчанов. Руководители проекта - Центр Digital Humanities,
          Мандельштамовское общество (НИУ ВШЭ).</resp>
</respstmt></filedesc>
<profiledesc>
<textdesc n="poem"></textdesc>
<textclass>
<catref target="Series([], Name: ID, dtype: object)" type="ID"></catref>
<catref target="Series([], Name: Источник, dtype: object)" type="Источник"></catref>
<catref target="Series([], Name: Жанр художественной литературы, dtype: object)" type="Жанр художественной литературы"></catref>
<catref target="Series([], Name: Уточнение жанра 1, dtype: object)" type="Уточнение жанра"></catref>
<catref target="Series([], Name: Метр, dtype: object)" type="Метр"></catref>
<catref target="Series([], Name: Длина строки, dtype: object)" type="Длина строки"></catref>
<catref target="Series([], Name: Клаузула, dtype: object)" type="Клаузула"></catref>
<catref target="Series([], Name: Уточнение клаузулы 1, dtype: object)" type="Уточнение клаузулы"></catref>
<catref target="Series([], Name: Классическая строфа, dtype: object)" type="Классическая строфа"></catref>
<catref target="Series([], Name: Рифма, dtype: object)" type="Рифма"></catref>
<catref target="Series([], Name: Схема рифмовки, dtype: object)" type="Схема рифмовки"></catref>
<catref target="Series([], Name: Метрическая формула, dtype: object)" type="Метрическая формула"></catref>
<catref target="Series([], Name: Дополнительные параметры, dtype: object)" type="Дополнительные параметры"></catref>
<catref target="Series([], Name: Число строк, dtype: int64)" type="Число строк"></catref>
<catref target="Series([], Name: Автор оригинала, dtype: object)" type="Автор оригинала"></catref>
<catref target="Series([], Name: Язык оригинала, dtype: object)" type="Язык оригинала"></catref>
</textclass></profiledesc>
</teiheader>
<text>
<body>
<div1 n="1" type="volume">
<div2 n="165" type="part">
<head>165a.</head>
<lg type="quatrain">
<l n="1">Негодованье старческой кифары...</l>
<l n="2">Еще жива несправедливость Рима,</l>
<l n="3">И воют псы, и бедные татары</l>
<l n="4">В глухих деревнях каменного Крыма...<rs ref="Крым" type="geo_index"></rs></l>
</lg>
<lg type="quatrain">
<l n="5">О Цезарь, Цезарь! Слышишь ли блеянье<rs ref="Цезарь, Гай Юлий" type="person"></rs></l>
<l n="6">Бараньих стад и смутных волн движенье?</l>
<l n="7">Что понапрасну льешь свое сиянье,</l>
<l n="8">Луна, без Рима жалкое явленье?</l>
</lg>
<lg type="quatrain">
<l n="9">Не та, что ночью смотрит в Капитолий<rs ref="Рим" type="geo_index"></rs></l>
<l n="10">И озаряет лес столпов холодных,</l>
<l n="11">А деревенская луна, не боле, —</l>
<l n="12">Луна, возлюбленная псов голодных.</l>
</lg>
<date when="1915-10">Октябрь 1915</date>
</div2>
</div1>
</body>
</text>
</tei>
