<?xml version='1.0' encoding='UTF8'?>
<tei xmlns="http://www.tei-c.org/ns/1.0">
<teiheader>
<filedesc>
<titlestmt>
<title>Ранние варианты. «Собирались эллины войною...»</title>
<author>О.Э. Мандельштам</author>
</titlestmt>
<publicationstmt>
<p>АРТ-БИЗНЕС-ЦЕНТР МОСКВА 1993</p>
<biblstruct>
<biblscope n="" type="volume"></biblscope>
<biblscope n="" type="part"></biblscope>
</biblstruct></publicationstmt>
<sourcedesc>
<p>Издание подготовлено Мандельштамовским обществом</p>
</sourcedesc>
<respstmt>
<resp>Подготовка и разметка файлов - Алексей Литвинцев, Вероника Файнберг. Создание
          электронного ресурса - Тимофей Молчанов. Руководители проекта - Центр Digital Humanities,
          Мандельштамовское общество (НИУ ВШЭ).</resp>
</respstmt></filedesc>
<profiledesc>
<textdesc n="poem"></textdesc>
<textclass>
<catref target="Series([], Name: ID, dtype: object)" type="ID"></catref>
<catref target="Series([], Name: Источник, dtype: object)" type="Источник"></catref>
<catref target="Series([], Name: Жанр художественной литературы, dtype: object)" type="Жанр художественной литературы"></catref>
<catref target="Series([], Name: Уточнение жанра 1, dtype: object)" type="Уточнение жанра"></catref>
<catref target="Series([], Name: Метр, dtype: object)" type="Метр"></catref>
<catref target="Series([], Name: Длина строки, dtype: object)" type="Длина строки"></catref>
<catref target="Series([], Name: Клаузула, dtype: object)" type="Клаузула"></catref>
<catref target="Series([], Name: Уточнение клаузулы 1, dtype: object)" type="Уточнение клаузулы"></catref>
<catref target="Series([], Name: Классическая строфа, dtype: object)" type="Классическая строфа"></catref>
<catref target="Series([], Name: Рифма, dtype: object)" type="Рифма"></catref>
<catref target="Series([], Name: Схема рифмовки, dtype: object)" type="Схема рифмовки"></catref>
<catref target="Series([], Name: Метрическая формула, dtype: object)" type="Метрическая формула"></catref>
<catref target="Series([], Name: Дополнительные параметры, dtype: object)" type="Дополнительные параметры"></catref>
<catref target="Series([], Name: Число строк, dtype: int64)" type="Число строк"></catref>
<catref target="Series([], Name: Автор оригинала, dtype: object)" type="Автор оригинала"></catref>
<catref target="Series([], Name: Язык оригинала, dtype: object)" type="Язык оригинала"></catref>
</textclass></profiledesc>
</teiheader>
<text>
<body>
<div1 n="1" type="volume">
<div2 n="180а" type="part">
<head>180а.</head>
<lg type="quatrain">
<l n="1">Собирались эллины войною</l>
<l n="2">На прелестный остров Саламин, —<rs ref="Саламин" type="geo_index"></rs></l>
<l n="3">Он, отторгнут вражеской рукою,</l>
<l n="4">Виден был из гавани Афин.<rs ref="Афины" type="geo_index"></rs></l>
</lg>
<lg type="quatrain">
<l n="5">А теперь друзья-островитяне</l>
<l n="6">Снаряжают наши корабли —</l>
<l n="7">Не любили раньше англичане</l>
<l n="8">Европейской сладостной земли.<rs ref="Европа" type="geo_index"></rs></l>
</lg>
<lg type="quatrain">
<l n="9">О, Европа, новая Эллада,<rs ref="Европа" type="geo_index"></rs></l>
<l n="10">Золотая житница гостей,</l>
<l n="11">Ни любви, ни дружбы нам не надо</l>
<l n="12">Альбиона каменных детей.</l>
</lg>
<lg type="quatrain">
<l n="13">На священной памяти народа</l>
<l n="14">Англичанин другом не слывет,</l>
<l n="15">Развалит Европу их свобода,<rs ref="Европа" type="geo_index"></rs></l>
<l n="16">Альбиона каменный приход.</l>
</lg>
<date when="1916-12">‹Декабрь 1916›</date>
</div2>
</div1>
</body>
</text>
</tei>
