<?xml version='1.0' encoding='UTF8'?>
<tei xmlns="http://www.tei-c.org/ns/1.0">
<teiheader>
<filedesc>
<titlestmt>
<title>Ранние варианты. «На страшной высоте блуждающий огонь...»</title>
<author>О.Э. Мандельштам</author>
</titlestmt>
<publicationstmt>
<p>АРТ-БИЗНЕС-ЦЕНТР МОСКВА 1993</p>
<biblstruct>
<biblscope n="" type="volume"></biblscope>
<biblscope n="" type="part"></biblscope>
</biblstruct></publicationstmt>
<sourcedesc>
<p>Издание подготовлено Мандельштамовским обществом</p>
</sourcedesc>
<respstmt>
<resp>Подготовка и разметка файлов - Алексей Литвинцев, Вероника Файнберг. Создание
          электронного ресурса - Тимофей Молчанов. Руководители проекта - Центр Digital Humanities,
          Мандельштамовское общество (НИУ ВШЭ).</resp>
</respstmt></filedesc>
<profiledesc>
<textdesc n="poem"></textdesc>
<textclass>
<catref target="Series([], Name: ID, dtype: object)" type="ID"></catref>
<catref target="Series([], Name: Источник, dtype: object)" type="Источник"></catref>
<catref target="Series([], Name: Жанр художественной литературы, dtype: object)" type="Жанр художественной литературы"></catref>
<catref target="Series([], Name: Уточнение жанра 1, dtype: object)" type="Уточнение жанра"></catref>
<catref target="Series([], Name: Метр, dtype: object)" type="Метр"></catref>
<catref target="Series([], Name: Длина строки, dtype: object)" type="Длина строки"></catref>
<catref target="Series([], Name: Клаузула, dtype: object)" type="Клаузула"></catref>
<catref target="Series([], Name: Уточнение клаузулы 1, dtype: object)" type="Уточнение клаузулы"></catref>
<catref target="Series([], Name: Классическая строфа, dtype: object)" type="Классическая строфа"></catref>
<catref target="Series([], Name: Рифма, dtype: object)" type="Рифма"></catref>
<catref target="Series([], Name: Схема рифмовки, dtype: object)" type="Схема рифмовки"></catref>
<catref target="Series([], Name: Метрическая формула, dtype: object)" type="Метрическая формула"></catref>
<catref target="Series([], Name: Дополнительные параметры, dtype: object)" type="Дополнительные параметры"></catref>
<catref target="Series([], Name: Число строк, dtype: int64)" type="Число строк"></catref>
<catref target="Series([], Name: Автор оригинала, dtype: object)" type="Автор оригинала"></catref>
<catref target="Series([], Name: Язык оригинала, dtype: object)" type="Язык оригинала"></catref>
</textclass></profiledesc>
</teiheader>
<text>
<body>
<div1 n="1" type="volume">
<div2 n="192" type="part">
<head>192a.</head>
<lg type="quatrain">
<l n="1">На страшной высоте блуждающий огонь,</l>
<l n="2">Но разве так звезда мерцает?</l>
<l n="3">Прозрачная звезда, блуждающий огонь,</l>
<l n="4">Твой брат, Петрополь, умирает.</l>
</lg>
<lg type="quatrain">
<l n="5">На страшной высоте земные сны горят,</l>
<l n="6">Зеленая звезда мерцает.</l>
<l n="7">О, если ты, звезда, воде и небу брат, —</l>
<l n="8">Твой брат, Петрополь, умирает.</l>
</lg>
<lg type="quatrain">
<l n="9">Чудовищный корабль на страшной высоте</l>
<l n="10">Несется, крылья расправляет —</l>
<l n="11">Зеленая звезда, в прекрасной нищете,</l>
<l n="12">Твой брат, Петрополь, умирает.</l>
</lg>
<lg type="quatrain">
<l n="13">Прозрачная весна над черною Невой</l>
<l n="14">Сломалась, воск бессмертья тает;</l>
<l n="15">О, если ты звезда, Петрополь — город твой,</l>
<l n="16">Твой брат, Петрополь, умирает.</l>
</lg>
<date when="1918-05">Март 1918, 1927</date>
<date when="1927">Март 1918, 1927</date>
</div2>
</div1>
</body>
</text>
</tei>
