<?xml version='1.0' encoding='UTF8'?>
<tei xmlns="http://www.tei-c.org/ns/1.0">
<teiheader>
<filedesc>
<titlestmt>
<title>Ранние варианты. «Идем туда, где разные науки...»</title>
<author>О.Э. Мандельштам</author>
</titlestmt>
<publicationstmt>
<p>АРТ-БИЗНЕС-ЦЕНТР МОСКВА 1993</p>
<biblstruct>
<biblscope n="" type="volume"></biblscope>
<biblscope n="" type="part"></biblscope>
</biblstruct></publicationstmt>
<sourcedesc>
<p>Издание подготовлено Мандельштамовским обществом</p>
</sourcedesc>
<respstmt>
<resp>Подготовка и разметка файлов - Алексей Литвинцев, Вероника Файнберг. Создание
          электронного ресурса - Тимофей Молчанов. Руководители проекта - Центр Digital Humanities,
          Мандельштамовское общество (НИУ ВШЭ).</resp>
</respstmt></filedesc>
<profiledesc>
<textdesc n="poem"></textdesc>
<textclass>
<catref target="Series([], Name: ID, dtype: object)" type="ID"></catref>
<catref target="Series([], Name: Источник, dtype: object)" type="Источник"></catref>
<catref target="Series([], Name: Жанр художественной литературы, dtype: object)" type="Жанр художественной литературы"></catref>
<catref target="Series([], Name: Уточнение жанра 1, dtype: object)" type="Уточнение жанра"></catref>
<catref target="Series([], Name: Метр, dtype: object)" type="Метр"></catref>
<catref target="Series([], Name: Длина строки, dtype: object)" type="Длина строки"></catref>
<catref target="Series([], Name: Клаузула, dtype: object)" type="Клаузула"></catref>
<catref target="Series([], Name: Уточнение клаузулы 1, dtype: object)" type="Уточнение клаузулы"></catref>
<catref target="Series([], Name: Классическая строфа, dtype: object)" type="Классическая строфа"></catref>
<catref target="Series([], Name: Рифма, dtype: object)" type="Рифма"></catref>
<catref target="Series([], Name: Схема рифмовки, dtype: object)" type="Схема рифмовки"></catref>
<catref target="Series([], Name: Метрическая формула, dtype: object)" type="Метрическая формула"></catref>
<catref target="Series([], Name: Дополнительные параметры, dtype: object)" type="Дополнительные параметры"></catref>
<catref target="Series([], Name: Число строк, dtype: int64)" type="Число строк"></catref>
<catref target="Series([], Name: Автор оригинала, dtype: object)" type="Автор оригинала"></catref>
<catref target="Series([], Name: Язык оригинала, dtype: object)" type="Язык оригинала"></catref>
</textclass></profiledesc>
</teiheader>
<text>
<body>
<div1 n="1" type="volume">
<div2 n="" type="part">
<head>200a.</head>
<lg type="quatrain">
<l n="1">Идем туда, где разные науки,</l>
<l n="2">И ремесло — шашлык и чебуреки,</l>
<l n="3">Где вывеска, изображая брюки,</l>
<l n="4">Дает понятье нам о человеке.</l>
</lg>
<lg type="quatrain">
<l n="5">Мужской сюртук — без головы стремленье,</l>
<l n="6">Цирюльника летающая скрипка</l>
<l n="7">И месмерический утюг — явленье</l>
<l n="8">Небесных прачек — тяжести улыбка.</l>
</lg>
<lg type="octet">
<l n="9">Здесь девушки стареющие в челках</l>
<l n="10">Обдумывают странные наряды,</l>
<l n="11">И адмиралы в твердых треуголках</l>
<l n="12">Припоминают сон Шехерезады.</l>
<l n="13">Прозрачна даль. Немного винограда.</l>
<l n="14">И неизменно дует ветер свежий.</l>
<l n="15">Недалеко от Смирны и Багдада,<rs ref="Багдад" type="geo_index"></rs></l>
<l n="16">Но трудно плыть, а звезды всюду те же.</l>
</lg>
<date when="1919">1919</date>
</div2>
</div1>
</body>
</text>
</tei>
