<?xml version='1.0' encoding='UTF8'?>
<tei xmlns="http://www.tei-c.org/ns/1.0">
<teiheader>
<filedesc>
<titlestmt>
<title>Ранние варианты. Соломинка</title>
<author>О.Э. Мандельштам</author>
</titlestmt>
<publicationstmt>
<p>АРТ-БИЗНЕС-ЦЕНТР МОСКВА 1993</p>
<biblstruct>
<biblscope n="" type="volume"></biblscope>
<biblscope n="" type="part"></biblscope>
</biblstruct></publicationstmt>
<sourcedesc>
<p>Издание подготовлено Мандельштамовским обществом</p>
</sourcedesc>
<respstmt>
<resp>Подготовка и разметка файлов - Алексей Литвинцев, Вероника Файнберг. Создание
          электронного ресурса - Тимофей Молчанов. Руководители проекта - Центр Digital Humanities,
          Мандельштамовское общество (НИУ ВШЭ).</resp>
</respstmt></filedesc>
<profiledesc>
<textdesc n="poem"></textdesc>
<textclass>
<catref target="Series([], Name: ID, dtype: object)" type="ID"></catref>
<catref target="Series([], Name: Источник, dtype: object)" type="Источник"></catref>
<catref target="Series([], Name: Жанр художественной литературы, dtype: object)" type="Жанр художественной литературы"></catref>
<catref target="Series([], Name: Уточнение жанра 1, dtype: object)" type="Уточнение жанра"></catref>
<catref target="Series([], Name: Метр, dtype: object)" type="Метр"></catref>
<catref target="Series([], Name: Длина строки, dtype: object)" type="Длина строки"></catref>
<catref target="Series([], Name: Клаузула, dtype: object)" type="Клаузула"></catref>
<catref target="Series([], Name: Уточнение клаузулы 1, dtype: object)" type="Уточнение клаузулы"></catref>
<catref target="Series([], Name: Классическая строфа, dtype: object)" type="Классическая строфа"></catref>
<catref target="Series([], Name: Рифма, dtype: object)" type="Рифма"></catref>
<catref target="Series([], Name: Схема рифмовки, dtype: object)" type="Схема рифмовки"></catref>
<catref target="Series([], Name: Метрическая формула, dtype: object)" type="Метрическая формула"></catref>
<catref target="Series([], Name: Дополнительные параметры, dtype: object)" type="Дополнительные параметры"></catref>
<catref target="Series([], Name: Число строк, dtype: int64)" type="Число строк"></catref>
<catref target="Series([], Name: Автор оригинала, dtype: object)" type="Автор оригинала"></catref>
<catref target="Series([], Name: Язык оригинала, dtype: object)" type="Язык оригинала"></catref>
</textclass></profiledesc>
</teiheader>
<text>
<body>
<div1 n="1" type="volume">
<div2 n="177а" type="part">
<head>177а.
СОЛОМИНКА</head>
<lg type="quatrain">
<l n="1">Когда, соломинка, не спишь в огромной спальне</l>
<l n="2">И ждешь, бессонная, чтоб, важен и высок,</l>
<l n="3">Спокойной тяжестью, — что может быть печальней, —</l>
<l n="4">На веки чуткие спустился потолок,</l>
</lg>
<lg type="quatrain">
<l n="5">В часы бессонницы предметы тяжелее,</l>
<l n="6">Как будто меньше их — такая тишина.</l>
<l n="7">Мерцают в зеркале подушки, чуть белея,</l>
<l n="8">И в круглом омуте кровать отражена.</l>
</lg>
<lg type="quatrain">
<l n="9">И, к умирающим склоняясь в черной рясе,</l>
<l n="10">Заиндевелых роз мы дышим белизной.</l>
<l n="11">Что знает женщина одна о смертном часе?</l>
<l n="12">Клубится полог, свет струится ледяной.</l>
</lg>
<lg type="quatrain">
<l n="13">Соломка звонкая, соломинка сухая,</l>
<l n="14">Всю смерть ты выпила и сделалась нежней,</l>
<l n="15">Сломалась милая соломка неживая,</l>
<l n="16">С огромной жалостью, с бессонницей своей.</l>
</lg>
<lg type="quatrain">
<l n="17">Где голубая кровь декабрьских роз разлита</l>
<l n="18">И в саркофаге спит тяжелая Нева,</l>
<l n="19">Шуршит соломинка, соломинка убита —</l>
<l n="20">Что если жалостью убиты все слова?</l>
</lg>
<date when="1916-12">‹Декабрь 1916›</date>
</div2>
</div1>
</body>
</text>
</tei>
