<?xml version='1.0' encoding='UTF8'?>
<tei xmlns="http://www.tei-c.org/ns/1.0">
<teiheader>
<filedesc>
<titlestmt>
<title>Ранние варианты. «В Петербурге мы сойдемся снова...»</title>
<author>О.Э. Мандельштам</author>
</titlestmt>
<publicationstmt>
<p>АРТ-БИЗНЕС-ЦЕНТР МОСКВА 1993</p>
<biblstruct>
<biblscope n="" type="volume"></biblscope>
<biblscope n="" type="part"></biblscope>
</biblstruct></publicationstmt>
<sourcedesc>
<p>Издание подготовлено Мандельштамовским обществом</p>
</sourcedesc>
<respstmt>
<resp>Подготовка и разметка файлов - Алексей Литвинцев, Вероника Файнберг. Создание
          электронного ресурса - Тимофей Молчанов. Руководители проекта - Центр Digital Humanities,
          Мандельштамовское общество (НИУ ВШЭ).</resp>
</respstmt></filedesc>
<profiledesc>
<textdesc n="poem"></textdesc>
<textclass>
<catref target="Series([], Name: ID, dtype: object)" type="ID"></catref>
<catref target="Series([], Name: Источник, dtype: object)" type="Источник"></catref>
<catref target="Series([], Name: Жанр художественной литературы, dtype: object)" type="Жанр художественной литературы"></catref>
<catref target="Series([], Name: Уточнение жанра 1, dtype: object)" type="Уточнение жанра"></catref>
<catref target="Series([], Name: Метр, dtype: object)" type="Метр"></catref>
<catref target="Series([], Name: Длина строки, dtype: object)" type="Длина строки"></catref>
<catref target="Series([], Name: Клаузула, dtype: object)" type="Клаузула"></catref>
<catref target="Series([], Name: Уточнение клаузулы 1, dtype: object)" type="Уточнение клаузулы"></catref>
<catref target="Series([], Name: Классическая строфа, dtype: object)" type="Классическая строфа"></catref>
<catref target="Series([], Name: Рифма, dtype: object)" type="Рифма"></catref>
<catref target="Series([], Name: Схема рифмовки, dtype: object)" type="Схема рифмовки"></catref>
<catref target="Series([], Name: Метрическая формула, dtype: object)" type="Метрическая формула"></catref>
<catref target="Series([], Name: Дополнительные параметры, dtype: object)" type="Дополнительные параметры"></catref>
<catref target="Series([], Name: Число строк, dtype: int64)" type="Число строк"></catref>
<catref target="Series([], Name: Автор оригинала, dtype: object)" type="Автор оригинала"></catref>
<catref target="Series([], Name: Язык оригинала, dtype: object)" type="Язык оригинала"></catref>
</textclass></profiledesc>
</teiheader>
<text>
<body>
<div1 n="1" type="volume">
<div2 n="211а" type="part">
<head>211а.</head>
<lg type="octet">
<l n="1">В Петербурге мы сойдемся снова —<rs ref="Петербург (Ленинград, Петрополь)" type="geo_index"></rs></l>
<l n="2">Словно солнце мы похоронили в нем —</l>
<l n="3">И блаженное, бессмысленное слово</l>
<l n="4">В первый раз произнесем:</l>
<l n="5">— В черном бархате советской ночи,</l>
<l n="6">В бархате всемирной пустоты,</l>
<l n="7">Все поют блаженных жен родные очи,</l>
<l n="8">Все живут бессмертные цветы.</l>
</lg>
<lg type="octet">
<l n="9">Дикой кошкой горбится столица.</l>
<l n="10">На мосту патруль стоит.</l>
<l n="11">Только злой мотор во мгле промчится</l>
<l n="12">И кукушкой прокричит.</l>
<l n="13">Мне не надо пропуска ночного,</l>
<l n="14">Часовых я не боюсь.</l>
<l n="15">За блаженное бессмысленное слово</l>
<l n="16">Я в ночи советской помолюсь.</l>
</lg>
<lg type="octet">
<l n="17">— Для тебя страшнее нет угрозы,</l>
<l n="18">Ненавистник солнца, страх,</l>
<l n="19">Чем неувядающие розы</l>
<l n="20">У Киприды в волосах!</l>
<l n="21">У костра мы греемся от скуки:</l>
<l n="22">Может быть, века пройдут —</l>
<l n="23">И блаженных жен родные руки</l>
<l n="24">Легкий пепел соберут.</l>
</lg>
<lg type="octet">
<l n="25">Через грядки красные партера</l>
<l n="26">Узкою дорожкой ты идешь,</l>
<l n="27">[И старинная клубится голубая сфера]</l>
<l n="28">Не для черных душ и низменных святош:</l>
<l n="29">Что ж, гаси, пожалуй, наши свечи</l>
<l n="30">В черном бархате всемирной пустоты:</l>
<l n="31">Все поют блаженных жен крутые плечи,</l>
<l n="32">А ночного солнца не заметишь ты.</l>
</lg>
<date when="1920-11-24">24 ноября 1920, Петербург</date>
<rs ref="Петербург (Ленинград, Петрополь)" type="geo_index"></rs>
</div2>
</div1>
</body>
</text>
</tei>
