<?xml version='1.0' encoding='UTF8'?>
<tei xmlns="http://www.tei-c.org/ns/1.0">
<teiheader>
<filedesc>
<titlestmt>
<title>Ранние варианты. «Снова Глюк из жалобного плена...»</title>
<author>О.Э. Мандельштам</author>
</titlestmt>
<publicationstmt>
<p>АРТ-БИЗНЕС-ЦЕНТР МОСКВА 1993</p>
<biblstruct>
<biblscope n="" type="volume"></biblscope>
<biblscope n="" type="part"></biblscope>
</biblstruct></publicationstmt>
<sourcedesc>
<p>Издание подготовлено Мандельштамовским обществом</p>
</sourcedesc>
<respstmt>
<resp>Подготовка и разметка файлов - Алексей Литвинцев, Вероника Файнберг. Создание
          электронного ресурса - Тимофей Молчанов. Руководители проекта - Центр Digital Humanities,
          Мандельштамовское общество (НИУ ВШЭ).</resp>
</respstmt></filedesc>
<profiledesc>
<textdesc n="poem"></textdesc>
<textclass>
<catref target="Series([], Name: ID, dtype: object)" type="ID"></catref>
<catref target="Series([], Name: Источник, dtype: object)" type="Источник"></catref>
<catref target="Series([], Name: Жанр художественной литературы, dtype: object)" type="Жанр художественной литературы"></catref>
<catref target="Series([], Name: Уточнение жанра 1, dtype: object)" type="Уточнение жанра"></catref>
<catref target="Series([], Name: Метр, dtype: object)" type="Метр"></catref>
<catref target="Series([], Name: Длина строки, dtype: object)" type="Длина строки"></catref>
<catref target="Series([], Name: Клаузула, dtype: object)" type="Клаузула"></catref>
<catref target="Series([], Name: Уточнение клаузулы 1, dtype: object)" type="Уточнение клаузулы"></catref>
<catref target="Series([], Name: Классическая строфа, dtype: object)" type="Классическая строфа"></catref>
<catref target="Series([], Name: Рифма, dtype: object)" type="Рифма"></catref>
<catref target="Series([], Name: Схема рифмовки, dtype: object)" type="Схема рифмовки"></catref>
<catref target="Series([], Name: Метрическая формула, dtype: object)" type="Метрическая формула"></catref>
<catref target="Series([], Name: Дополнительные параметры, dtype: object)" type="Дополнительные параметры"></catref>
<catref target="Series([], Name: Число строк, dtype: int64)" type="Число строк"></catref>
<catref target="Series([], Name: Автор оригинала, dtype: object)" type="Автор оригинала"></catref>
<catref target="Series([], Name: Язык оригинала, dtype: object)" type="Язык оригинала"></catref>
</textclass></profiledesc>
</teiheader>
<text>
<body>
<div1 n="1" type="volume">
<div2 n="210а" type="part">
<head>210а.</head>
<lg type="octet">
<l n="1">Снова Глюк из жалобного плена<rs ref="Глюк" type="person"></rs></l>
<l n="2">Вызывает сладостных теней.</l>
<l n="3">Захлестнула окна Мельпомена<rs ref="Мельпомена" type="myth_index"></rs></l>
<l n="4">Красным шелком в храмине своей.</l>
<l n="5">Черным табором стоят кареты,</l>
<l n="6">На дворе мороз трещит,</l>
<l n="7">Все космато — люди и предметы,</l>
<l n="8">И горячий снег хрустит.</l>
</lg>
<lg type="octet">
<l n="9">Снова челядь шубы разбирает,</l>
<l n="10">Розу кутают в меха.</l>
<l n="11">А взгляни на небо — закипает</l>
<l n="12">Золотая, дымная уха.</l>
<l n="13">Словно звезды — мелкие рыбешки,</l>
<l n="14">И на них густой навар,</l>
<l n="15">А на улице мигают плошки</l>
<l n="16">И тяжелый валит пар.</l>
</lg>
<lg type="sestet">
<l n="17">После гама, шелеста и крика</l>
<l n="18">До чего кромешна тьма.</l>
<l n="19">Ничего, голубка, Эвридика,<rs ref="Эвридика" type="myth_index"></rs></l>
<l n="20">Что у нас студеная зима.</l>
<l n="21">Слаще пенья итальянской речи</l>
<l n="22">Для меня родной язык</l>
</lg>
<lg type="octet">
<l n="23">Пахнет дымом бедная овчина,</l>
<l n="24">От сугроба улица черна.</l>
<l n="25">Из блаженного, певучего притина</l>
<l n="26">К нам летит бессмертная весна.</l>
<l n="27">Чтобы вечно ария звучала:</l>
<l n="28">— Ты вернешься на зеленые луга, —</l>
<l n="29">И живая ласточка упала</l>
<l n="30">На горячие снега!</l>
</lg>
<date when="1920-11">Ноябрь 1920</date>
</div2>
</div1>
</body>
</text>
</tei>
