<?xml version='1.0' encoding='UTF8'?>
<tei xmlns="http://www.tei-c.org/ns/1.0">
<teiheader>
<filedesc>
<titlestmt>
<title>Ранние варианты. «Когда Психея-жизнь спускается к теням...»</title>
<author>О.Э. Мандельштам</author>
</titlestmt>
<publicationstmt>
<p>АРТ-БИЗНЕС-ЦЕНТР МОСКВА 1993</p>
<biblstruct>
<biblscope n="" type="volume"></biblscope>
<biblscope n="" type="part"></biblscope>
</biblstruct></publicationstmt>
<sourcedesc>
<p>Издание подготовлено Мандельштамовским обществом</p>
</sourcedesc>
<respstmt>
<resp>Подготовка и разметка файлов - Алексей Литвинцев, Вероника Файнберг. Создание
          электронного ресурса - Тимофей Молчанов. Руководители проекта - Центр Digital Humanities,
          Мандельштамовское общество (НИУ ВШЭ).</resp>
</respstmt></filedesc>
<profiledesc>
<textdesc n="poem"></textdesc>
<textclass>
<catref target="Series([], Name: ID, dtype: object)" type="ID"></catref>
<catref target="Series([], Name: Источник, dtype: object)" type="Источник"></catref>
<catref target="Series([], Name: Жанр художественной литературы, dtype: object)" type="Жанр художественной литературы"></catref>
<catref target="Series([], Name: Уточнение жанра 1, dtype: object)" type="Уточнение жанра"></catref>
<catref target="Series([], Name: Метр, dtype: object)" type="Метр"></catref>
<catref target="Series([], Name: Длина строки, dtype: object)" type="Длина строки"></catref>
<catref target="Series([], Name: Клаузула, dtype: object)" type="Клаузула"></catref>
<catref target="Series([], Name: Уточнение клаузулы 1, dtype: object)" type="Уточнение клаузулы"></catref>
<catref target="Series([], Name: Классическая строфа, dtype: object)" type="Классическая строфа"></catref>
<catref target="Series([], Name: Рифма, dtype: object)" type="Рифма"></catref>
<catref target="Series([], Name: Схема рифмовки, dtype: object)" type="Схема рифмовки"></catref>
<catref target="Series([], Name: Метрическая формула, dtype: object)" type="Метрическая формула"></catref>
<catref target="Series([], Name: Дополнительные параметры, dtype: object)" type="Дополнительные параметры"></catref>
<catref target="Series([], Name: Число строк, dtype: int64)" type="Число строк"></catref>
<catref target="Series([], Name: Автор оригинала, dtype: object)" type="Автор оригинала"></catref>
<catref target="Series([], Name: Язык оригинала, dtype: object)" type="Язык оригинала"></catref>
</textclass></profiledesc>
</teiheader>
<text>
<body>
<div1 n="1" type="volume">
<div2 n="209а" type="part">
<head>209а.</head>
<lg type="quatrain">
<l n="1">Когда Психея-жизнь спускается к теням<rs ref="Психея" type="myth_index"></rs></l>
<l n="2">В полупрозрачный лес, вослед за Персефоной,<rs ref="Персефона" type="myth_index"></rs></l>
<l n="3">Слепая ласточка бросается к ногам</l>
<l n="4">С стигийской нежностью и веткою зеленой.</l>
</lg>
<lg type="quatrain">
<l n="5">Навстречу беженке спешит толпа теней,</l>
<l n="6">Товарку новую встречая причитаньем,</l>
<l n="7">И руки слабые ломают перед ней</l>
<l n="8">С недоумением и робким упованьем.</l>
</lg>
<lg type="quatrain">
<l n="9">Кто держит зеркальце, кто баночку духов, —</l>
<l n="10">Душа ведь женщина, ей нравятся безделки,</l>
<l n="11">И лес безлиственный прозрачных голосов</l>
<l n="12">Сухие жалобы кропят, как дождик мелкий.</l>
</lg>
<lg type="quatrain">
<l n="13">И в нежной сутолке, не зная, как ей быть,</l>
<l n="14">Душа не узнает ни веса, ни объема,</l>
<l n="15">Дохнет на зеркало, — и медлит уплатить</l>
<l n="16">Лепешку медную хозяину парома.</l>
</lg>
<date when="1920-11">Ноябрь 1920, март 1937</date>
<date when="1937-03">Ноябрь 1920, март 1937</date>
</div2>
</div1>
</body>
</text>
</tei>
