<?xml version='1.0' encoding='UTF8'?>
<tei xmlns="http://www.tei-c.org/ns/1.0">
<teiheader>
<filedesc>
<titlestmt>
<title>‹К статье «О собеседнике»›</title>
<author>О.Э. Мандельштам</author>
</titlestmt>
<publicationstmt>
<p>АРТ-БИЗНЕС-ЦЕНТР МОСКВА 1993</p>
<biblstruct>
<biblscope n="" type="volume"></biblscope>
<biblscope n="" type="part"></biblscope>
</biblstruct></publicationstmt>
<sourcedesc>
<p>Издание подготовлено Мандельштамовским обществом</p>
</sourcedesc>
<respstmt>
<resp>Подготовка и разметка файлов - Алексей Литвинцев, Вероника Файнберг. Создание
          электронного ресурса - Тимофей Молчанов. Руководители проекта - Центр Digital Humanities,
          Мандельштамовское общество (НИУ ВШЭ).</resp>
</respstmt></filedesc>
<profiledesc>
<textdesc n="prose"></textdesc>
<textclass>
<catref target="Series([], Name: ID, dtype: object)" type="ID"></catref>
<catref target="Series([], Name: Источник, dtype: object)" type="Источник"></catref>
<catref target="Series([], Name: Жанр художественной литературы, dtype: object)" type="Жанр художественной литературы"></catref>
<catref target="Series([], Name: Уточнение жанра 1, dtype: object)" type="Уточнение жанра"></catref>
<catref target="Series([], Name: Метр, dtype: object)" type="Метр"></catref>
<catref target="Series([], Name: Длина строки, dtype: object)" type="Длина строки"></catref>
<catref target="Series([], Name: Клаузула, dtype: object)" type="Клаузула"></catref>
<catref target="Series([], Name: Уточнение клаузулы 1, dtype: object)" type="Уточнение клаузулы"></catref>
<catref target="Series([], Name: Классическая строфа, dtype: object)" type="Классическая строфа"></catref>
<catref target="Series([], Name: Рифма, dtype: object)" type="Рифма"></catref>
<catref target="Series([], Name: Схема рифмовки, dtype: object)" type="Схема рифмовки"></catref>
<catref target="Series([], Name: Метрическая формула, dtype: object)" type="Метрическая формула"></catref>
<catref target="Series([], Name: Дополнительные параметры, dtype: object)" type="Дополнительные параметры"></catref>
<catref target="Series([], Name: Число строк, dtype: int64)" type="Число строк"></catref>
<catref target="Series([], Name: Автор оригинала, dtype: object)" type="Автор оригинала"></catref>
<catref target="Series([], Name: Язык оригинала, dtype: object)" type="Язык оригинала"></catref>
</textclass></profiledesc>
</teiheader>
<text>
<body>
<div1 n="1" type="volume">
<div2 n="1" type="part">
<head>253а </head>
<head>‹К СТАТЬЕ «О СОБЕСЕДНИКЕ»›</head>
<p>Отказ от «собеседника» красной чертой проходит через всю поэзию Бальмонта и сильно обесценивает ее. Бальмонт в своих стихах постоянно третирует кого-то, относится к кому-то без уважения, небрежно, свысока. Этот «некто» и есть таинственный собеседник. Непонятый и непризнанный Бальмонтом, он жестоко мстит ему. Когда мы говорим, мы ищем в лице собеседника санкции, подтверждения нашей правоте. Тем более поэт. Драгоценное сознание поэтической правоты часто отсутствует у Бальмонта, так как он не имеет постоянного собеседника. Отсюда две неприятные крайности в поэзии Бальмонта: заискивание и дерзость. Дерзость Бальмонта ненастоящая, неподлинная. Потребность самоутверждения у него прямо болезненна. Он не может сказать «я» вполголоса. Он кричит «я»: «Я — внезапный излом, я — играющий гром». На весах поэзии Бальмонта чаша «я» решительно и несправедливо перетянула чашу «не-я», которая оказалась слишком легковесной. Крикливый индивидуализм Бальмонта неприятен. Это не спокойный солипсизм Сологуба, ни для кого не оскорбительный, а индивидуализм за счет чужого «я».<rs ref="Бальмонт, Константин Дмитриевич" type="person"></rs><rs ref="Сологуб, Федор" type="person"></rs></p>
<p>Здесь мы подошли вплотную к Федору Сологубу. Сологуб во многих отношениях является интереснейшим антиподом Бальмонта. Некоторые качества, недостающие Бальмонту, находятся в избытке у Сологуба: именно любовь и уважение к собеседнику и сознание своей поэтической правоты.<rs ref="Бальмонт, Константин Дмитриевич" type="person"></rs><rs ref="Сологуб, Федор" type="person"></rs></p>
</div2>
</div1>
</body>
</text>
</tei>
