<?xml version='1.0' encoding='UTF8'?>
<tei xmlns="http://www.tei-c.org/ns/1.0">
<teiheader>
<filedesc>
<titlestmt>
<title>Ранние варианты. «Мне жалко, что теперь зима...»</title>
<author>О.Э. Мандельштам</author>
</titlestmt>
<publicationstmt>
<p>АРТ-БИЗНЕС-ЦЕНТР МОСКВА 1993</p>
<biblstruct>
<biblscope n="" type="volume"></biblscope>
<biblscope n="" type="part"></biblscope>
</biblstruct></publicationstmt>
<sourcedesc>
<p>Издание подготовлено Мандельштамовским обществом</p>
</sourcedesc>
<respstmt>
<resp>Подготовка и разметка файлов - Алексей Литвинцев, Вероника Файнберг. Создание
          электронного ресурса - Тимофей Молчанов. Руководители проекта - Центр Digital Humanities,
          Мандельштамовское общество (НИУ ВШЭ).</resp>
</respstmt></filedesc>
<profiledesc>
<textdesc n="poem"></textdesc>
<textclass>
<catref target="Series([], Name: ID, dtype: object)" type="ID"></catref>
<catref target="Series([], Name: Источник, dtype: object)" type="Источник"></catref>
<catref target="Series([], Name: Жанр художественной литературы, dtype: object)" type="Жанр художественной литературы"></catref>
<catref target="Series([], Name: Уточнение жанра 1, dtype: object)" type="Уточнение жанра"></catref>
<catref target="Series([], Name: Метр, dtype: object)" type="Метр"></catref>
<catref target="Series([], Name: Длина строки, dtype: object)" type="Длина строки"></catref>
<catref target="Series([], Name: Клаузула, dtype: object)" type="Клаузула"></catref>
<catref target="Series([], Name: Уточнение клаузулы 1, dtype: object)" type="Уточнение клаузулы"></catref>
<catref target="Series([], Name: Классическая строфа, dtype: object)" type="Классическая строфа"></catref>
<catref target="Series([], Name: Рифма, dtype: object)" type="Рифма"></catref>
<catref target="Series([], Name: Схема рифмовки, dtype: object)" type="Схема рифмовки"></catref>
<catref target="Series([], Name: Метрическая формула, dtype: object)" type="Метрическая формула"></catref>
<catref target="Series([], Name: Дополнительные параметры, dtype: object)" type="Дополнительные параметры"></catref>
<catref target="Series([], Name: Число строк, dtype: int64)" type="Число строк"></catref>
<catref target="Series([], Name: Автор оригинала, dtype: object)" type="Автор оригинала"></catref>
<catref target="Series([], Name: Язык оригинала, dtype: object)" type="Язык оригинала"></catref>
</textclass></profiledesc>
</teiheader>
<text>
<body>
<div1 n="1" type="volume">
<div2 n="214а" type="part">
<head>214а.</head>
<lg type="quatrain">
<l n="1">Мне жалко, что теперь зима,</l>
<l n="2">И комаров не слышно в доме,</l>
<l n="3">Но ты напомнила сама</l>
<l n="4">О легкомысленной соломе.</l>
</lg>
<lg type="quatrain">
<l n="5">Стрекозы вьются в синеве,</l>
<l n="6">И ласточкой кружится мода,</l>
<l n="7">Корзиночка на голове —</l>
<l n="8">Или напыщенная ода?</l>
</lg>
<lg type="quatrain">
<l n="9">Советовать я не берусь,</l>
<l n="10">И бесполезны отговорки,</l>
<l n="11">Но взбитых сливок вечен вкус</l>
<l n="12">И запах апельсинной корки.</l>
</lg>
<lg type="quatrain">
<l n="13">Ты все толкуешь наобум,</l>
<l n="14">От этого ничуть не хуже,</l>
<l n="15">Что делать: самый нежный ум</l>
<l n="16">Весь помещается снаружи.</l>
</lg>
<lg type="quatrain">
<l n="17">И ты пытаешься желток</l>
<l n="18">Взбивать рассерженною ложкой,</l>
<l n="19">Он побелел, он изнемог —</l>
<l n="20">И все-таки, еще немножко...</l>
</lg>
<lg type="quatrain">
<l n="21">В тебе все дразнит, все поет,</l>
<l n="22">Как итальянская рулада.</l>
<l n="23">И маленький вишневый рот</l>
<l n="24">Сухого просит винограда.</l>
</lg>
<lg type="quatrain">
<l n="25">Так не старайся быть умней,</l>
<l n="26">В тебе все прихоть, все минута,</l>
<l n="27">И тень от шапочки твоей</l>
<l n="28">Венецианская баута.<rs ref="Венеция" type="geo_index"></rs></l>
</lg>
<date when="1920-12">Декабрь 1920</date>
</div2>
</div1>
</body>
</text>
</tei>
