<?xml version='1.0' encoding='UTF8'?>
<tei xmlns="http://www.tei-c.org/ns/1.0">
<teiheader>
<filedesc>
<titlestmt>
<title>Ранние варианты. «Я наравне с другими...»</title>
<author>О.Э. Мандельштам</author>
</titlestmt>
<publicationstmt>
<p>АРТ-БИЗНЕС-ЦЕНТР МОСКВА 1993</p>
<biblstruct>
<biblscope n="" type="volume"></biblscope>
<biblscope n="" type="part"></biblscope>
</biblstruct></publicationstmt>
<sourcedesc>
<p>Издание подготовлено Мандельштамовским обществом</p>
</sourcedesc>
<respstmt>
<resp>Подготовка и разметка файлов - Алексей Литвинцев, Вероника Файнберг. Создание
          электронного ресурса - Тимофей Молчанов. Руководители проекта - Центр Digital Humanities,
          Мандельштамовское общество (НИУ ВШЭ).</resp>
</respstmt></filedesc>
<profiledesc>
<textdesc n="poem"></textdesc>
<textclass>
<catref target="Series([], Name: ID, dtype: object)" type="ID"></catref>
<catref target="Series([], Name: Источник, dtype: object)" type="Источник"></catref>
<catref target="Series([], Name: Жанр художественной литературы, dtype: object)" type="Жанр художественной литературы"></catref>
<catref target="Series([], Name: Уточнение жанра 1, dtype: object)" type="Уточнение жанра"></catref>
<catref target="Series([], Name: Метр, dtype: object)" type="Метр"></catref>
<catref target="Series([], Name: Длина строки, dtype: object)" type="Длина строки"></catref>
<catref target="Series([], Name: Клаузула, dtype: object)" type="Клаузула"></catref>
<catref target="Series([], Name: Уточнение клаузулы 1, dtype: object)" type="Уточнение клаузулы"></catref>
<catref target="Series([], Name: Классическая строфа, dtype: object)" type="Классическая строфа"></catref>
<catref target="Series([], Name: Рифма, dtype: object)" type="Рифма"></catref>
<catref target="Series([], Name: Схема рифмовки, dtype: object)" type="Схема рифмовки"></catref>
<catref target="Series([], Name: Метрическая формула, dtype: object)" type="Метрическая формула"></catref>
<catref target="Series([], Name: Дополнительные параметры, dtype: object)" type="Дополнительные параметры"></catref>
<catref target="Series([], Name: Число строк, dtype: int64)" type="Число строк"></catref>
<catref target="Series([], Name: Автор оригинала, dtype: object)" type="Автор оригинала"></catref>
<catref target="Series([], Name: Язык оригинала, dtype: object)" type="Язык оригинала"></catref>
</textclass></profiledesc>
</teiheader>
<text>
<body>
<div1 n="1" type="volume">
<div2 n="215а" type="part">
<head>215а.</head>
<lg type="octet">
<l n="1">Я наравне с другими</l>
<l n="2">Хочу тебе служить,</l>
<l n="3">От ревности сухими</l>
<l n="4">Губами ворожить.</l>
<l n="5">Не утоляет слово</l>
<l n="6">Мне пересохших уст,</l>
<l n="7">И без тебя мне снова</l>
<l n="8">Дремучий воздух пуст.</l>
</lg>
<lg type="couplet">
<l n="9">Я больше не ревную,</l>
<l n="10">Но я тебя хочу,</l>
</lg>
<lg type="octet">
<l n="11">Еще одно мгновенье,</l>
<l n="12">И я скажу тебе:</l>
<l n="13">Не радость, а мученье</l>
<l n="14">Я нахожу в тебе.</l>
<l n="15">И, словно преступленье,</l>
<l n="16">Меня к тебе влечет</l>
<l n="17">Искусанный в смятеньи</l>
<l n="18">Вишневый нежный рот.</l>
</lg>
<lg type="octet">
<l n="19">Вернись ко мне скорее,</l>
<l n="20">Мне страшно без тебя,</l>
<l n="21">Я никогда сильнее</l>
<l n="22">Не чувствовал тебя.</l>
<l n="23">И в полунощной дреме,</l>
<l n="24">Во сне иль наяву,</l>
<l n="25">В тревоге иль в истоме —</l>
<l n="26">Но я тебя зову.</l>
</lg>
<date when="1920">1920</date>
</div2>
</div1>
</body>
</text>
</tei>
