<?xml version='1.0' encoding='UTF8'?>
<tei xmlns="http://www.tei-c.org/ns/1.0">
<teiheader>
<filedesc>
<titlestmt>
<title>Ранние варианты. «Исакий под фатой молочной белизны...»</title>
<author>О.Э. Мандельштам</author>
</titlestmt>
<publicationstmt>
<p>АРТ-БИЗНЕС-ЦЕНТР МОСКВА 1993</p>
<biblstruct>
<biblscope n="" type="volume"></biblscope>
<biblscope n="" type="part"></biblscope>
</biblstruct></publicationstmt>
<sourcedesc>
<p>Издание подготовлено Мандельштамовским обществом</p>
</sourcedesc>
<respstmt>
<resp>Подготовка и разметка файлов - Алексей Литвинцев, Вероника Файнберг. Создание
          электронного ресурса - Тимофей Молчанов. Руководители проекта - Центр Digital Humanities,
          Мандельштамовское общество (НИУ ВШЭ).</resp>
</respstmt></filedesc>
<profiledesc>
<textdesc n="poem"></textdesc>
<textclass>
<catref target="Series([], Name: ID, dtype: object)" type="ID"></catref>
<catref target="Series([], Name: Источник, dtype: object)" type="Источник"></catref>
<catref target="Series([], Name: Жанр художественной литературы, dtype: object)" type="Жанр художественной литературы"></catref>
<catref target="Series([], Name: Уточнение жанра 1, dtype: object)" type="Уточнение жанра"></catref>
<catref target="Series([], Name: Метр, dtype: object)" type="Метр"></catref>
<catref target="Series([], Name: Длина строки, dtype: object)" type="Длина строки"></catref>
<catref target="Series([], Name: Клаузула, dtype: object)" type="Клаузула"></catref>
<catref target="Series([], Name: Уточнение клаузулы 1, dtype: object)" type="Уточнение клаузулы"></catref>
<catref target="Series([], Name: Классическая строфа, dtype: object)" type="Классическая строфа"></catref>
<catref target="Series([], Name: Рифма, dtype: object)" type="Рифма"></catref>
<catref target="Series([], Name: Схема рифмовки, dtype: object)" type="Схема рифмовки"></catref>
<catref target="Series([], Name: Метрическая формула, dtype: object)" type="Метрическая формула"></catref>
<catref target="Series([], Name: Дополнительные параметры, dtype: object)" type="Дополнительные параметры"></catref>
<catref target="Series([], Name: Число строк, dtype: int64)" type="Число строк"></catref>
<catref target="Series([], Name: Автор оригинала, dtype: object)" type="Автор оригинала"></catref>
<catref target="Series([], Name: Язык оригинала, dtype: object)" type="Язык оригинала"></catref>
</textclass></profiledesc>
</teiheader>
<text>
<body>
<div1 n="1" type="volume">
<div2 n="217а" type="part">
<head>217а.</head>
<lg type="quatrain">
<l n="1">Исакий под фатой молочной белизны</l>
<l n="2">Стоит седою голубятней,</l>
<l n="3">И посох бередит седыя тишины</l>
<l n="4">И чин воздушный сердцу внятный.</l>
</lg>
<lg type="quatrain">
<l n="5">Столетних панихид блуждающий призрак,</l>
<l n="6">Широкий вынос плащаницы,</l>
<l n="7">И в ветхом неводе генисаретский мрак</l>
<l n="8">Великопостныя седмицы.</l>
</lg>
<lg type="couplet">
<l n="9">Ветхозаветный дым на теплых алтарях</l>
<l n="10">И иерея возглас сирый,</l>
</lg>
<lg type="quatrain">
<l n="11">Соборы вечные Софии и Петра,<rs ref="Петербург (Ленинград, Петрополь)" type="geo_index"></rs><rs ref="Париж" type="geo_index"></rs></l>
<l n="12">Амбары воздуха и света,</l>
<l n="13">Зернохранилища вселенского добра</l>
<l n="14">И риги новаго завета.</l>
</lg>
<lg type="quatrain">
<l n="15">Не к вам влечется дух в годины тяжких бед,</l>
<l n="16">Сюда влачится по ступеням</l>
<l n="17">Широкопасмурным несчастья волчий след,</l>
<l n="18">Ему вовеки не изменим.</l>
</lg>
<lg type="quatrain">
<l n="19">Зане свободен раб, преодолевший страх,</l>
<l n="20">И сохранилось свыше меры</l>
<l n="21">В прохладных житницах, в глубоких закромах</l>
<l n="22">Зерно глубокой, полной веры.</l>
</lg>
<date when="1921">1921</date>
</div2>
</div1>
</body>
</text>
</tei>
