<?xml version='1.0' encoding='UTF8'?>
<tei xmlns="http://www.tei-c.org/ns/1.0">
<teiheader>
<filedesc>
<titlestmt>
<title>‹К статье «Франсуа Виллон»›</title>
<author>О.Э. Мандельштам</author>
</titlestmt>
<publicationstmt>
<p>АРТ-БИЗНЕС-ЦЕНТР МОСКВА 1993</p>
<biblstruct>
<biblscope n="" type="volume"></biblscope>
<biblscope n="" type="part"></biblscope>
</biblstruct></publicationstmt>
<sourcedesc>
<p>Издание подготовлено Мандельштамовским обществом</p>
</sourcedesc>
<respstmt>
<resp>Подготовка и разметка файлов - Алексей Литвинцев, Вероника Файнберг. Создание
          электронного ресурса - Тимофей Молчанов. Руководители проекта - Центр Digital Humanities,
          Мандельштамовское общество (НИУ ВШЭ).</resp>
</respstmt></filedesc>
<profiledesc>
<textdesc n="prose"></textdesc>
<textclass>
<catref target="Series([], Name: ID, dtype: object)" type="ID"></catref>
<catref target="Series([], Name: Источник, dtype: object)" type="Источник"></catref>
<catref target="Series([], Name: Жанр художественной литературы, dtype: object)" type="Жанр художественной литературы"></catref>
<catref target="Series([], Name: Уточнение жанра 1, dtype: object)" type="Уточнение жанра"></catref>
<catref target="Series([], Name: Метр, dtype: object)" type="Метр"></catref>
<catref target="Series([], Name: Длина строки, dtype: object)" type="Длина строки"></catref>
<catref target="Series([], Name: Клаузула, dtype: object)" type="Клаузула"></catref>
<catref target="Series([], Name: Уточнение клаузулы 1, dtype: object)" type="Уточнение клаузулы"></catref>
<catref target="Series([], Name: Классическая строфа, dtype: object)" type="Классическая строфа"></catref>
<catref target="Series([], Name: Рифма, dtype: object)" type="Рифма"></catref>
<catref target="Series([], Name: Схема рифмовки, dtype: object)" type="Схема рифмовки"></catref>
<catref target="Series([], Name: Метрическая формула, dtype: object)" type="Метрическая формула"></catref>
<catref target="Series([], Name: Дополнительные параметры, dtype: object)" type="Дополнительные параметры"></catref>
<catref target="Series([], Name: Число строк, dtype: int64)" type="Число строк"></catref>
<catref target="Series([], Name: Автор оригинала, dtype: object)" type="Автор оригинала"></catref>
<catref target="Series([], Name: Язык оригинала, dtype: object)" type="Язык оригинала"></catref>
</textclass></profiledesc>
</teiheader>
<text>
<body>
<div1 n="1" type="volume">
<div2 n="1" type="part">
<head>Проза
(Ранние редакции и варианты)</head>
<head>249а. </head>
<head>‹К СТАТЬЕ «ФРАНСУА ВИЛЛОН»›</head>
<p> допущенный в его библиотеку. Знаменитую балладу «Des Dames du Temps Jadis»</p>
<p> можно рассматривать как реминисценцию баллады Ch‹arles› d’Orl‹eans›</p>
<p> «Sur la Mort de la duchesse d’Orleans»</p>
<p> с refrain:</p>
<p>Музыкальное родство обеих баллад говорит само за себя, как ни глубоко превосходство Виллона. Во всяком случае, не будь соответствующей баллады Ch‹arles› d’Orl‹eans›, драгоценной баллады Виллона могло бы вовсе не существовать.</p>
<p>Итак, серьезного влияния Ch‹arles› d’Orl‹eans› на Виллона не оказал. Подражать Ch‹arles› d’Orl‹eans› было для Виллона невозможно, — но вкус к изящному и условному до известной степени привит Виллону при дворе Ch‹arles› d’Orl‹eans›.</p>
<p>Таким образом получается:</p>
<p>формы, излюбленные Виллоном.</p>
<p>Следует еще прибавить формулу для dizain</p>
<p>:</p>
<p>Вступление новой рифмы «c» у Виллона имеет особенное  значенье. Строфа как бы получает толчок, оживляется и разрешается в последней строчке энергичной или остроумной выходкой:</p>
<p> и т‹ому› п‹одобное›]</p>
<p>Французский стих по природе своей, как никакой другой, приспособлен к тончайшим  ритмическим  нюансам.  Нельзя  говорить о ямбе,  о хорее во французском стихе,  точно так же бесполезно разбивать его на стопы. Ведь каждая строчка французского стиха живет собственной, независимой жизнью в силу того основного  положения  французской  метрики,  что  долгота  и ударение суть величины переменные.</p>
<p>Если говорить,  что  прелесть  «Testaments»  Виллона  в  неожиданных переходах, в чередовании настроений,  как волны смывающих друг друга, то одинаково следует видеть ее  в  разнообразии  ритмическом.  «Testaments» Виллона-это  настоящий  ритмический калейдоскоп. Кажется, он взял «вафельницу» huitain</p>
<p> только для того, чтобы разбить ее вдребезги. Читая Виллона,  трудно  поверить,  что  имеешь  дело с неизменным восьмисложным huitain. Ритм всегда в строгом соответствии с содержанием. В легкомысленной части своего произведения  он  жонглирует  словами  проворно  и небрежно,  как настоящий фокусник, пользуясь даже enjambements</p>
<p>:</p>
<p>Наиболее оживленные строфы «Grand  Testament»  почти </p>
<p> исключительно построены на ударениях. Долгота совершенно изгнана и как </p>
<note>1 «Дамы былых времен» (фр.) — баллада Ф.Вийона.
2 Карл Орлеанский (1394—1465) — французский поэт, старший современник Ф.Вийона.
3 «На смерть герцогини Орлеанской».
4 Этот мир всего-навсего тщета.
5 Система рифмовки.1 Строфа-десятистишие (фр.).
2 Ведь и танец идет от живота (идиом.; смысл этой пословицы:  голодному не до  танцев). — Ф. Вийон, «Большое завещание», строфа XXV.
3 Строфа-восьмистишие.
4 Стихотворный перенос.
5 Милые дети, вы теряете лучшую розу со шляпы (идиом.: вы проигрываете) — начало стихотворения Ф. Вийона «Поучение обреченным».</note>
<rs ref="Вийон, Франсуа" type="person"></rs>
</div2>
</div1>
</body>
</text>
</tei>
