<?xml version='1.0' encoding='UTF8'?>
<tei xmlns="http://www.tei-c.org/ns/1.0">
<teiheader>
<filedesc>
<titlestmt>
<title>«Куда как страшно нам с тобой...»</title>
<author>О.Э. Мандельштам</author>
</titlestmt>
<publicationstmt>
<p>АРТ-БИЗНЕС-ЦЕНТР МОСКВА 1993</p>
<biblstruct>
<biblscope n="" type="volume"></biblscope>
<biblscope n="" type="part"></biblscope>
</biblstruct></publicationstmt>
<sourcedesc>
<p>Издание подготовлено Мандельштамовским обществом</p>
</sourcedesc>
<respstmt>
<resp>Подготовка и разметка файлов - Алексей Литвинцев, Вероника Файнберг. Создание
          электронного ресурса - Тимофей Молчанов. Руководители проекта - Центр Digital Humanities,
          Мандельштамовское общество (НИУ ВШЭ).</resp>
</respstmt></filedesc>
<profiledesc>
<textdesc n="poem"></textdesc>
<textclass>
<catref target="3_001" type="ID"></catref>
<catref target="О.Э. Мандельштам. Собрание сочинений в 4-х т. -- М.: Терра, 1991" type="Источник"></catref>
<catref target="стихотворение" type="Жанр художественной литературы"></catref>
<catref target="перевод" type="Уточнение жанра"></catref>
<catref target="Я, тонический : Дк" type="Метр"></catref>
<catref target="вольная" type="Длина строки"></catref>
<catref target="м" type="Клаузула"></catref>
<catref target="nan" type="Уточнение клаузулы"></catref>
<catref target="nan" type="Классическая строфа"></catref>
<catref target="парная" type="Рифма"></catref>
<catref target="аа" type="Схема рифмовки"></catref>
<catref target="Дк3,4м" type="Метрическая формула"></catref>
<catref target="кода" type="Дополнительные параметры"></catref>
<catref target="7" type="Число строк"></catref>
<catref target="nan" type="Автор оригинала"></catref>
<catref target="nan" type="Язык оригинала"></catref>
</textclass></profiledesc>
</teiheader>
<text>
<body>
<div1 n="3" type="volume">
<div2 n="1" type="part">
<head>СТИХОТВОРЕНИЯ</head>
<head>1.</head>
<lg type="couplet">
<l n="1">Куда как страшно нам с тобой,</l>
<l n="2">Товарищ большеротый мой!</l>
</lg>
<lg type="couplet">
<l n="3">Ох, как крошится наш табак,</l>
<l n="4">Щелкунчик, дружок, дурак!</l>
</lg>
<lg type="couplet">
<l n="5">А мог бы жизнь просвистать скворцом,</l>
<l n="6">Заесть ореховым пирогом,</l>
</lg>
<lg type="1_line">
<l n="7">Да, видно, нельзя никак...</l>
</lg>
<date when="1930-10">Октябрь 1930</date>
</div2>
</div1>
</body>
</text>
</tei>
