<?xml version='1.0' encoding='UTF8'?>
<tei xmlns="http://www.tei-c.org/ns/1.0">
<teiheader>
<filedesc>
<titlestmt>
<title>Армения. 2. «Ты красок себе пожелала...»</title>
<author>О.Э. Мандельштам</author>
</titlestmt>
<publicationstmt>
<p>АРТ-БИЗНЕС-ЦЕНТР МОСКВА 1993</p>
<biblstruct>
<biblscope n="" type="volume"></biblscope>
<biblscope n="" type="part"></biblscope>
</biblstruct></publicationstmt>
<sourcedesc>
<p>Издание подготовлено Мандельштамовским обществом</p>
</sourcedesc>
<respstmt>
<resp>Подготовка и разметка файлов - Алексей Литвинцев, Вероника Файнберг. Создание
          электронного ресурса - Тимофей Молчанов. Руководители проекта - Центр Digital Humanities,
          Мандельштамовское общество (НИУ ВШЭ).</resp>
</respstmt></filedesc>
<profiledesc>
<textdesc n="poem"></textdesc>
<textclass>
<catref target="3_004" type="ID"></catref>
<catref target="О.Э. Мандельштам. Собрание сочинений в 4-х т. -- М.: Терра, 1991" type="Источник"></catref>
<catref target="стихотворение" type="Жанр художественной литературы"></catref>
<catref target="цикл" type="Уточнение жанра"></catref>
<catref target="Аф" type="Метр"></catref>
<catref target="3" type="Длина строки"></catref>
<catref target="регулярная" type="Клаузула"></catref>
<catref target="жм" type="Уточнение клаузулы"></catref>
<catref target="nan" type="Классическая строфа"></catref>
<catref target="перекрестная" type="Рифма"></catref>
<catref target="абаб" type="Схема рифмовки"></catref>
<catref target="Аф3жм" type="Метрическая формула"></catref>
<catref target="nan" type="Дополнительные параметры"></catref>
<catref target="20" type="Число строк"></catref>
<catref target="nan" type="Автор оригинала"></catref>
<catref target="nan" type="Язык оригинала"></catref>
</textclass></profiledesc>
</teiheader>
<text>
<body>
<div1 n="3" type="volume">
<div2 n="" type="part">
<lg type="quatrain">
<l n="1">Ты красок себе пожелала — </l>
<l n="2">И выхватил лапой своей</l>
<l n="3">Рисующий лев из пенала</l>
<l n="4">С полдюжины карандашей.</l>
</lg>
<lg type="quatrain">
<l n="5">Страна москательных пожаров</l>
<l n="6">И мертвых гончарных равнин,</l>
<l n="7">Ты рыжебородых сардаров</l>
<l n="8">Терпела средь камней и глин.</l>
</lg>
<lg type="quatrain">
<l n="9">Вдали якорей и трезубцев,</l>
<l n="10">Где жухлый почил материк,</l>
<l n="11">Ты видела всех жизнелюбцев,</l>
<l n="12">Всех казнелюбивых владык.</l>
</lg>
<lg type="quatrain">
<l n="13">И, крови моей не волнуя,</l>
<l n="14">Как детский рисунок просты,</l>
<l n="15">Здесь жены проходят, даруя</l>
<l n="16">От львиной своей красоты.</l>
</lg>
<lg type="quatrain">
<l n="17">Как люб мне язык твой зловещий,</l>
<l n="18">Твои молодые гроба,</l>
<l n="19">Где буквы — кузнечные клещи</l>
<l n="20">И каждое слово — скоба...</l>
</lg>
</div2>
</div1>
</body>
</text>
</tei>
