<?xml version='1.0' encoding='UTF8'?>
<tei xmlns="http://www.tei-c.org/ns/1.0">
<teiheader>
<filedesc>
<titlestmt>
<title>Армения. 3. «Ах, ничего я не вижу, и бедное ухо оглохло...»</title>
<author>О.Э. Мандельштам</author>
</titlestmt>
<publicationstmt>
<p>АРТ-БИЗНЕС-ЦЕНТР МОСКВА 1993</p>
<biblstruct>
<biblscope n="" type="volume"></biblscope>
<biblscope n="" type="part"></biblscope>
</biblstruct></publicationstmt>
<sourcedesc>
<p>Издание подготовлено Мандельштамовским обществом</p>
</sourcedesc>
<respstmt>
<resp>Подготовка и разметка файлов - Алексей Литвинцев, Вероника Файнберг. Создание
          электронного ресурса - Тимофей Молчанов. Руководители проекта - Центр Digital Humanities,
          Мандельштамовское общество (НИУ ВШЭ).</resp>
</respstmt></filedesc>
<profiledesc>
<textdesc n="poem"></textdesc>
<textclass>
<catref target="3_005" type="ID"></catref>
<catref target="О.Э. Мандельштам. Собрание сочинений в 4-х т. -- М.: Терра, 1991" type="Источник"></catref>
<catref target="стихотворение" type="Жанр художественной литературы"></catref>
<catref target="цикл" type="Уточнение жанра"></catref>
<catref target="Д, тонический : Дк : Гек : дериват" type="Метр"></catref>
<catref target="6" type="Длина строки"></catref>
<catref target="ж" type="Клаузула"></catref>
<catref target="nan" type="Уточнение клаузулы"></catref>
<catref target="nan" type="Классическая строфа"></catref>
<catref target="парная" type="Рифма"></catref>
<catref target="аа" type="Схема рифмовки"></catref>
<catref target="Дк6ж" type="Метрическая формула"></catref>
<catref target="nan" type="Дополнительные параметры"></catref>
<catref target="14" type="Число строк"></catref>
<catref target="nan" type="Автор оригинала"></catref>
<catref target="nan" type="Язык оригинала"></catref>
</textclass></profiledesc>
</teiheader>
<text>
<body>
<div1 n="3" type="volume">
<div2 n="" type="part">
<lg type="couplet">
<l n="1">Ах, ничего я не вижу, и бедное ухо оглохло,</l>
<l n="2">Всех-то цветов мне осталось лишь сурик да хриплая охра.</l>
</lg>
<lg type="couplet">
<l n="3">И почему-то мне начало утро армянское сниться;</l>
<l n="4">Думал — возьму посмотрю, как живет в Эривани синица,</l>
</lg>
<lg type="couplet">
<l n="5">Как нагибается булочник, с хлебом играющий в жмурки,</l>
<l n="6">Из очага вынимает лавашные влажные шкурки...</l>
</lg>
<lg type="couplet">
<l n="7">Ах, Эривань, Эривань! Иль птица тебя рисовала,</l>
<l n="8">Или раскрашивал лев, как дитя, из цветного пенала?</l>
</lg>
<lg type="couplet">
<l n="9">Ах, Эривань, Эривань! Не город — орешек каленый,</l>
<l n="10">Улиц твоих большеротых кривые люблю вавилоны.</l>
</lg>
<lg type="couplet">
<l n="11">Я бестолковую жизнь, как мулла свой коран, замусолил,</l>
<l n="12">Время свое заморозил и крови горячей не пролил.</l>
</lg>
<lg type="couplet">
<l n="13">Ах, Эривань, Эривань, ничего мне больше не надо,</l>
<l n="14">Я не хочу твоего замороженного винограда!</l>
</lg>
</div2>
</div1>
</body>
</text>
</tei>
