<?xml version='1.0' encoding='UTF8'?>
<tei xmlns="http://www.tei-c.org/ns/1.0">
<teiheader>
<filedesc>
<titlestmt>
<title>Армения. 9. «О порфирные цокая граниты...»</title>
<author>О.Э. Мандельштам</author>
</titlestmt>
<publicationstmt>
<p>АРТ-БИЗНЕС-ЦЕНТР МОСКВА 1993</p>
<biblstruct>
<biblscope n="" type="volume"></biblscope>
<biblscope n="" type="part"></biblscope>
</biblstruct></publicationstmt>
<sourcedesc>
<p>Издание подготовлено Мандельштамовским обществом</p>
</sourcedesc>
<respstmt>
<resp>Подготовка и разметка файлов - Алексей Литвинцев, Вероника Файнберг. Создание
          электронного ресурса - Тимофей Молчанов. Руководители проекта - Центр Digital Humanities,
          Мандельштамовское общество (НИУ ВШЭ).</resp>
</respstmt></filedesc>
<profiledesc>
<textdesc n="poem"></textdesc>
<textclass>
<catref target="3_011" type="ID"></catref>
<catref target="О.Э. Мандельштам. Собрание сочинений в 4-х т. -- М.: Терра, 1991" type="Источник"></catref>
<catref target="стихотворение" type="Жанр художественной литературы"></catref>
<catref target="цикл" type="Уточнение жанра"></catref>
<catref target="Пе, тонический : Тк" type="Метр"></catref>
<catref target="3" type="Длина строки"></catref>
<catref target="ж" type="Клаузула"></catref>
<catref target="nan" type="Уточнение клаузулы"></catref>
<catref target="nan" type="Классическая строфа"></catref>
<catref target="0" type="Рифма"></catref>
<catref target="nan" type="Схема рифмовки"></catref>
<catref target="Тк3ж" type="Метрическая формула"></catref>
<catref target="нарушения анакрусы, пеонический дольник" type="Дополнительные параметры"></catref>
<catref target="8" type="Число строк"></catref>
<catref target="nan" type="Автор оригинала"></catref>
<catref target="nan" type="Язык оригинала"></catref>
</textclass></profiledesc>
</teiheader>
<text>
<body>
<div1 n="3" type="volume">
<div2 n="" type="part">
<lg type="octet">
<l n="1">О порфирные цокая граниты,</l>
<l n="2">Спотыкается крестьянская лошадка,</l>
<l n="3">Забираясь на лысый цоколь</l>
<l n="4">Государственного звонкого камня.</l>
<l n="5">А за нею с узелками сыра,</l>
<l n="6">Еле дух переводя, бегут курдины,</l>
<l n="7">Примирившие дьявола и бога,</l>
<l n="8">Каждому воздавши половину...</l>
</lg>
</div2>
</div1>
</body>
</text>
</tei>
