<?xml version='1.0' encoding='UTF8'?>
<tei xmlns="http://www.tei-c.org/ns/1.0">
<teiheader>
<filedesc>
<titlestmt>
<title>Армения. 8. «Холодно розе в снегу...»</title>
<author>О.Э. Мандельштам</author>
</titlestmt>
<publicationstmt>
<p>АРТ-БИЗНЕС-ЦЕНТР МОСКВА 1993</p>
<biblstruct>
<biblscope n="" type="volume"></biblscope>
<biblscope n="" type="part"></biblscope>
</biblstruct></publicationstmt>
<sourcedesc>
<p>Издание подготовлено Мандельштамовским обществом</p>
</sourcedesc>
<respstmt>
<resp>Подготовка и разметка файлов - Алексей Литвинцев, Вероника Файнберг. Создание
          электронного ресурса - Тимофей Молчанов. Руководители проекта - Центр Digital Humanities,
          Мандельштамовское общество (НИУ ВШЭ).</resp>
</respstmt></filedesc>
<profiledesc>
<textdesc n="poem"></textdesc>
<textclass>
<catref target="3_010" type="ID"></catref>
<catref target="О.Э. Мандельштам. Собрание сочинений в 4-х т. -- М.: Терра, 1991" type="Источник"></catref>
<catref target="стихотворение" type="Жанр художественной литературы"></catref>
<catref target="цикл" type="Уточнение жанра"></catref>
<catref target="Аф, Д, тонический : Дк # Я" type="Метр"></catref>
<catref target="вольная" type="Длина строки"></catref>
<catref target="вольная" type="Клаузула"></catref>
<catref target="ж, м" type="Уточнение клаузулы"></catref>
<catref target="nan" type="Классическая строфа"></catref>
<catref target="0" type="Рифма"></catref>
<catref target="nan" type="Схема рифмовки"></catref>
<catref target="Дк3,4,6ж,м # Я3,5,6ж,м" type="Метрическая формула"></catref>
<catref target="полиметрия, переменная анакруса" type="Дополнительные параметры"></catref>
<catref target="13" type="Число строк"></catref>
<catref target="nan" type="Автор оригинала"></catref>
<catref target="nan" type="Язык оригинала"></catref>
</textclass></profiledesc>
</teiheader>
<text>
<body>
<div1 n="3" type="volume">
<div2 n="" type="part">
<lg type="13_line">
<l n="1">Холодно розе в снегу:</l>
<l n="2">На Севане снег в три аршина...<rs ref="Севан (Гокча)" type="geo_index"></rs></l>
<l n="3">Вытащил горный рыбак расписные лазурные сани,</l>
<l n="4">Сытых форелей усатые морды</l>
<l n="5">Несут полицейскую службу</l>
<l n="6">На известковом дне.</l>
<l n="7">А в Эривани и в Эчмиадзине<rs ref="Эчмиадзин" type="geo_index"></rs></l>
<l n="8">Весь воздух выпила огромная гора,</l>
<l n="9">Ее бы приманить какой-то окариной</l>
<l n="10">Иль дудкой приручить, чтоб таял снег во рту.</l>
<l n="11">Снега, снега, снега на рисовой бумаге,</l>
<l n="12">Гора плывет к губам.</l>
<l n="13">Мне холодно. Я рад...</l>
</lg>
</div2>
</div1>
</body>
</text>
</tei>
