<?xml version='1.0' encoding='UTF8'?>
<tei xmlns="http://www.tei-c.org/ns/1.0">
<teiheader>
<filedesc>
<titlestmt>
<title>Армения. 12. «Лазурь да глина, глина да лазурь...»</title>
<author>О.Э. Мандельштам</author>
</titlestmt>
<publicationstmt>
<p>АРТ-БИЗНЕС-ЦЕНТР МОСКВА 1993</p>
<biblstruct>
<biblscope n="" type="volume"></biblscope>
<biblscope n="" type="part"></biblscope>
</biblstruct></publicationstmt>
<sourcedesc>
<p>Издание подготовлено Мандельштамовским обществом</p>
</sourcedesc>
<respstmt>
<resp>Подготовка и разметка файлов - Алексей Литвинцев, Вероника Файнберг. Создание
          электронного ресурса - Тимофей Молчанов. Руководители проекта - Центр Digital Humanities,
          Мандельштамовское общество (НИУ ВШЭ).</resp>
</respstmt></filedesc>
<profiledesc>
<textdesc n="poem"></textdesc>
<textclass>
<catref target="3_014" type="ID"></catref>
<catref target="О.Э. Мандельштам. Собрание сочинений в 4-х т. -- М.: Терра, 1991" type="Источник"></catref>
<catref target="стихотворение" type="Жанр художественной литературы"></catref>
<catref target="цикл" type="Уточнение жанра"></catref>
<catref target="Я" type="Метр"></catref>
<catref target="6(5)" type="Длина строки"></catref>
<catref target="регулярная" type="Клаузула"></catref>
<catref target="ммж" type="Уточнение клаузулы"></catref>
<catref target="nan" type="Классическая строфа"></catref>
<catref target="сложная" type="Рифма"></catref>
<catref target="ааб ввб" type="Схема рифмовки"></catref>
<catref target="Я6ммж. Я5м" type="Метрическая формула"></catref>
<catref target="nan" type="Дополнительные параметры"></catref>
<catref target="6" type="Число строк"></catref>
<catref target="nan" type="Автор оригинала"></catref>
<catref target="nan" type="Язык оригинала"></catref>
</textclass></profiledesc>
</teiheader>
<text>
<body>
<div1 n="3" type="volume">
<div2 n="1" type="part">
<lg type="sestet">
<l n="1">Лазурь да глина, глина да лазурь,</l>
<l n="2">Чего ж тебе еще? Скорей глаза сощурь,</l>
<l n="3">Как близорукий шах над перстнем бирюзовым,</l>
<l n="4">Над книгой звонких глин, над книжною землей,</l>
<l n="5">Над гнойной книгою, над глиной дорогой,</l>
<l n="6">Которой мучимся, как музыкой и словом.</l>
</lg>
<date from="1930-10-16" to="1930-11-05">16 октября — 5 ноября 1930 г.</date>
</div2>
</div1>
</body>
</text>
</tei>
