<?xml version='1.0' encoding='UTF8'?>
<tei xmlns="http://www.tei-c.org/ns/1.0">
<teiheader>
<filedesc>
<titlestmt>
<title>«За гремучую доблесть грядущих веков...»</title>
<author>О.Э. Мандельштам</author>
</titlestmt>
<publicationstmt>
<p>АРТ-БИЗНЕС-ЦЕНТР МОСКВА 1993</p>
<biblstruct>
<biblscope n="" type="volume"></biblscope>
<biblscope n="" type="part"></biblscope>
</biblstruct></publicationstmt>
<sourcedesc>
<p>Издание подготовлено Мандельштамовским обществом</p>
</sourcedesc>
<respstmt>
<resp>Подготовка и разметка файлов - Алексей Литвинцев, Вероника Файнберг. Создание
          электронного ресурса - Тимофей Молчанов. Руководители проекта - Центр Digital Humanities,
          Мандельштамовское общество (НИУ ВШЭ).</resp>
</respstmt></filedesc>
<profiledesc>
<textdesc n="poem"></textdesc>
<textclass>
<catref target="3_029" type="ID"></catref>
<catref target="О.Э. Мандельштам. Собрание сочинений в 4-х т. -- М.: Терра, 1991" type="Источник"></catref>
<catref target="стихотворение" type="Жанр художественной литературы"></catref>
<catref target="nan" type="Уточнение жанра"></catref>
<catref target="Ан" type="Метр"></catref>
<catref target="регулярная" type="Длина строки"></catref>
<catref target="м" type="Клаузула"></catref>
<catref target="nan" type="Уточнение клаузулы"></catref>
<catref target="nan" type="Классическая строфа"></catref>
<catref target="перекрестная" type="Рифма"></catref>
<catref target="абаб" type="Схема рифмовки"></catref>
<catref target="Ан4м+Ан3м" type="Метрическая формула"></catref>
<catref target="nan" type="Дополнительные параметры"></catref>
<catref target="16" type="Число строк"></catref>
<catref target="nan" type="Автор оригинала"></catref>
<catref target="nan" type="Язык оригинала"></catref>
</textclass></profiledesc>
</teiheader>
<text>
<body>
<div1 n="3" type="volume">
<div2 n="29" type="part">
<head>29.</head>
<lg type="quatrain">
<l n="1">За гремучую доблесть грядущих веков,</l>
<l n="2">За высокое племя людей, — </l>
<l n="3">Я лишился и чаши на пире отцов,</l>
<l n="4">И веселья, и чести своей.</l>
</lg>
<lg type="quatrain">
<l n="5">Мне на плечи кидается век-волкодав,</l>
<l n="6">Но не волк я по крови своей:</l>
<l n="7">Запихай меня лучше, как шапку, в рукав</l>
<l n="8">Жаркой шубы сибирских степей...</l>
</lg>
<lg type="quatrain">
<l n="9">Чтоб не видеть ни труса, ни хлипкой грязцы,</l>
<l n="10">Ни кровавых костей в колесе;</l>
<l n="11">Чтоб сияли всю ночь голубые песцы</l>
<l n="12">Мне в своей первобытной красе.</l>
</lg>
<lg type="quatrain">
<l n="13">Уведи меня в ночь, где течет Енисей<rs ref="Енисей" type="geo_index"></rs></l>
<l n="14">И сосна до звезды достает,</l>
<l n="15">Потому что не волк я по крови своей</l>
<l n="16">И меня только равный убьет.</l>
</lg>
<date from="1931-03-17" to="1931-03-18">17—18 марта 1931, конец 1935</date>
<date when="1935">17—18 марта 1931, конец 1935</date>
</div2>
</div1>
</body>
</text>
</tei>
