<?xml version='1.0' encoding='UTF8'?>
<tei xmlns="http://www.tei-c.org/ns/1.0">
<teiheader>
<filedesc>
<titlestmt>
<title>«Я скажу тебе с последней...»</title>
<author>О.Э. Мандельштам</author>
</titlestmt>
<publicationstmt>
<p>АРТ-БИЗНЕС-ЦЕНТР МОСКВА 1993</p>
<biblstruct>
<biblscope n="" type="volume"></biblscope>
<biblscope n="" type="part"></biblscope>
</biblstruct></publicationstmt>
<sourcedesc>
<p>Издание подготовлено Мандельштамовским обществом</p>
</sourcedesc>
<respstmt>
<resp>Подготовка и разметка файлов - Алексей Литвинцев, Вероника Файнберг. Создание
          электронного ресурса - Тимофей Молчанов. Руководители проекта - Центр Digital Humanities,
          Мандельштамовское общество (НИУ ВШЭ).</resp>
</respstmt></filedesc>
<profiledesc>
<textdesc n="poem"></textdesc>
<textclass>
<catref target="3_027" type="ID"></catref>
<catref target="О.Э. Мандельштам. Собрание сочинений в 4-х т. -- М.: Терра, 1991" type="Источник"></catref>
<catref target="стихотворение" type="Жанр художественной литературы"></catref>
<catref target="nan" type="Уточнение жанра"></catref>
<catref target="Х" type="Метр"></catref>
<catref target="регулярная" type="Длина строки"></catref>
<catref target="регулярная" type="Клаузула"></catref>
<catref target="жм" type="Уточнение клаузулы"></catref>
<catref target="nan" type="Классическая строфа"></catref>
<catref target="перекрестная" type="Рифма"></catref>
<catref target="абаб" type="Схема рифмовки"></catref>
<catref target="Х4ж+Х2м" type="Метрическая формула"></catref>
<catref target="nan" type="Дополнительные параметры"></catref>
<catref target="24" type="Число строк"></catref>
<catref target="nan" type="Автор оригинала"></catref>
<catref target="nan" type="Язык оригинала"></catref>
</textclass></profiledesc>
</teiheader>
<text>
<body>
<div1 n="3" type="volume">
<div2 n="27" type="part">
<head>27.</head>
<epigraph>
<quote>Ma voix aigre et fausse...</quote>
<bibl>P.Verlaine*</bibl>
</epigraph>
<lg type="quatrain">
<l n="1">Я скажу тебе с последней</l>
<l n="2">Прямотой:</l>
<l n="3">Все лишь бредни — шерри-бренди, — </l>
<l n="4">Ангел мой.</l>
</lg>
<lg type="quatrain">
<l n="5">Там, где эллину сияла</l>
<l n="6">Красота,</l>
<l n="7">Мне из черных дыр зияла</l>
<l n="8">Срамота.</l>
</lg>
<lg type="quatrain">
<l n="9">Греки сбондили Елену<rs ref="Елена" type="myth_index"></rs></l>
<l n="10">По волнам,</l>
<l n="11">Ну, а мне — соленой пеной</l>
<l n="12">По губам.</l>
</lg>
<lg type="quatrain">
<l n="13">По губам меня помажет</l>
<l n="14">Пустота,</l>
<l n="15">Строгий кукиш мне покажет</l>
<l n="16">Нищета.</l>
</lg>
<lg type="couplet">
<l n="17">Ой ли, так ли, дуй ли, вей ли — </l>
<l n="18">Все равно;</l>
</lg>
<lg type="quatrain">
<l n="19">Я скажу тебе с последней</l>
<l n="20">Прямотой:</l>
<l n="21">Все лишь бредни — шерри-бренди, — </l>
<l n="22">Ангел мой.</l>
</lg>
<date when="1931-03-02">2 марта 1931</date>
<note>
* Мой голос пронзительный и фальшивый... П.Верлен (фр.).
</note>
<rs ref="Верлен, Поль" type="person"></rs>
</div2>
</div1>
</body>
</text>
</tei>
