<?xml version='1.0' encoding='UTF8'?>
<tei xmlns="http://www.tei-c.org/ns/1.0">
<teiheader>
<filedesc>
<titlestmt>
<title>«И по-звериному воет людье...»</title>
<author>О.Э. Мандельштам</author>
</titlestmt>
<publicationstmt>
<p>АРТ-БИЗНЕС-ЦЕНТР МОСКВА 1993</p>
<biblstruct>
<biblscope n="" type="volume"></biblscope>
<biblscope n="" type="part"></biblscope>
</biblstruct></publicationstmt>
<sourcedesc>
<p>Издание подготовлено Мандельштамовским обществом</p>
</sourcedesc>
<respstmt>
<resp>Подготовка и разметка файлов - Алексей Литвинцев, Вероника Файнберг. Создание
          электронного ресурса - Тимофей Молчанов. Руководители проекта - Центр Digital Humanities,
          Мандельштамовское общество (НИУ ВШЭ).</resp>
</respstmt></filedesc>
<profiledesc>
<textdesc n="poem"></textdesc>
<textclass>
<catref target="3_020" type="ID"></catref>
<catref target="О.Э. Мандельштам. Собрание сочинений в 4-х т. -- М.: Терра, 1991" type="Источник"></catref>
<catref target="стихотворение" type="Жанр художественной литературы"></catref>
<catref target="nan" type="Уточнение жанра"></catref>
<catref target="Д, тонический: Дк" type="Метр"></catref>
<catref target="4" type="Длина строки"></catref>
<catref target="вольная" type="Клаузула"></catref>
<catref target="ж, м" type="Уточнение клаузулы"></catref>
<catref target="nan" type="Классическая строфа"></catref>
<catref target="вольная" type="Рифма"></catref>
<catref target="nan" type="Схема рифмовки"></catref>
<catref target="Д4ж,м, Дк4ж" type="Метрическая формула"></catref>
<catref target="холостая строка" type="Дополнительные параметры"></catref>
<catref target="6" type="Число строк"></catref>
<catref target="nan" type="Автор оригинала"></catref>
<catref target="nan" type="Язык оригинала"></catref>
</textclass></profiledesc>
</teiheader>
<text>
<body>
<div1 n="3" type="volume">
<div2 n="20" type="part">
<head>20.</head>
<lg type="sestet">
<l n="1">И по-звериному воет людье,</l>
<l n="2">И по-людски куролесит зверье.</l>
<l n="3">Чудный чиновник без подорожной,</l>
<l n="4">Командированный к тачке острожной,</l>
<l n="5">Он Черномора пригубил питье</l>
<l n="6">В кислой корчме на пути к Эрзеруму.<rs ref="Эрзерум (Эрзурум)" type="geo_index"></rs></l>
</lg>
<date when="1930-11">Ноябрь 1930</date>
</div2>
</div1>
</body>
</text>
</tei>
