<?xml version='1.0' encoding='UTF8'?>
<tei xmlns="http://www.tei-c.org/ns/1.0">
<teiheader>
<filedesc>
<titlestmt>
<title>«Ночь на дворе. Барская лжа...»</title>
<author>О.Э. Мандельштам</author>
</titlestmt>
<publicationstmt>
<p>АРТ-БИЗНЕС-ЦЕНТР МОСКВА 1993</p>
<biblstruct>
<biblscope n="" type="volume"></biblscope>
<biblscope n="" type="part"></biblscope>
</biblstruct></publicationstmt>
<sourcedesc>
<p>Издание подготовлено Мандельштамовским обществом</p>
</sourcedesc>
<respstmt>
<resp>Подготовка и разметка файлов - Алексей Литвинцев, Вероника Файнберг. Создание
          электронного ресурса - Тимофей Молчанов. Руководители проекта - Центр Digital Humanities,
          Мандельштамовское общество (НИУ ВШЭ).</resp>
</respstmt></filedesc>
<profiledesc>
<textdesc n="poem"></textdesc>
<textclass>
<catref target="3_026" type="ID"></catref>
<catref target="О.Э. Мандельштам. Собрание сочинений в 4-х т. -- М.: Терра, 1991" type="Источник"></catref>
<catref target="стихотворение" type="Жанр художественной литературы"></catref>
<catref target="nan" type="Уточнение жанра"></catref>
<catref target="Д" type="Метр"></catref>
<catref target="регулярная" type="Длина строки"></catref>
<catref target="м" type="Клаузула"></catref>
<catref target="nan" type="Уточнение клаузулы"></catref>
<catref target="nan" type="Классическая строфа"></catref>
<catref target="перекрестная" type="Рифма"></catref>
<catref target="абаб" type="Схема рифмовки"></catref>
<catref target="Д2м~Д2м+Д3м" type="Метрическая формула"></catref>
<catref target="цезурные усечения" type="Дополнительные параметры"></catref>
<catref target="8" type="Число строк"></catref>
<catref target="nan" type="Автор оригинала"></catref>
<catref target="nan" type="Язык оригинала"></catref>
</textclass></profiledesc>
</teiheader>
<text>
<body>
<div1 n="3" type="volume">
<div2 n="26" type="part">
<head>26.</head>
<lg type="quatrain">
<l n="1">Ночь на дворе. Барская лжа:</l>
<l n="2">После меня хоть потоп.</l>
<l n="3">Что же потом? Хрип горожан</l>
<l n="4">И толкотня в гардероб.</l>
</lg>
<lg type="quatrain">
<l n="5">Бал-маскарад. Век-волкодав.</l>
<l n="6">Так затверди ж назубок:</l>
<l n="7">Шапку в рукав, шапкой в рукав — </l>
<l n="8">И да хранит тебя Бог.</l>
</lg>
<date when="1931-05">Март 1931</date>
</div2>
</div1>
</body>
</text>
</tei>
