<?xml version='1.0' encoding='UTF8'?>
<tei xmlns="http://www.tei-c.org/ns/1.0">
<teiheader>
<filedesc>
<titlestmt>
<title>«С миром державным я был лишь ребячески связан...»</title>
<author>О.Э. Мандельштам</author>
</titlestmt>
<publicationstmt>
<p>АРТ-БИЗНЕС-ЦЕНТР МОСКВА 1993</p>
<biblstruct>
<biblscope n="" type="volume"></biblscope>
<biblscope n="" type="part"></biblscope>
</biblstruct></publicationstmt>
<sourcedesc>
<p>Издание подготовлено Мандельштамовским обществом</p>
</sourcedesc>
<respstmt>
<resp>Подготовка и разметка файлов - Алексей Литвинцев, Вероника Файнберг. Создание
          электронного ресурса - Тимофей Молчанов. Руководители проекта - Центр Digital Humanities,
          Мандельштамовское общество (НИУ ВШЭ).</resp>
</respstmt></filedesc>
<profiledesc>
<textdesc n="poem"></textdesc>
<textclass>
<catref target="3_022" type="ID"></catref>
<catref target="О.Э. Мандельштам. Собрание сочинений в 4-х т. -- М.: Терра, 1991" type="Источник"></catref>
<catref target="стихотворение" type="Жанр художественной литературы"></catref>
<catref target="nan" type="Уточнение жанра"></catref>
<catref target="Д, тонический" type="Метр"></catref>
<catref target="5(6)" type="Длина строки"></catref>
<catref target="ж" type="Клаузула"></catref>
<catref target="nan" type="Уточнение клаузулы"></catref>
<catref target="nan" type="Классическая строфа"></catref>
<catref target="перекрестная" type="Рифма"></catref>
<catref target="абаб" type="Схема рифмовки"></catref>
<catref target="Дк5ж, Гек6ж, Д6ж" type="Метрическая формула"></catref>
<catref target="nan" type="Дополнительные параметры"></catref>
<catref target="20" type="Число строк"></catref>
<catref target="nan" type="Автор оригинала"></catref>
<catref target="nan" type="Язык оригинала"></catref>
</textclass></profiledesc>
</teiheader>
<text>
<body>
<div1 n="3" type="volume">
<div2 n="22" type="part">
<head>22.</head>
<lg type="quatrain">
<l n="1">С миром державным я был лишь ребячески связан,</l>
<l n="2">Устриц боялся и на гвардейцев глядел исподлобья — </l>
<l n="3">И ни крупицей души я ему не обязан,</l>
<l n="4">Как я ни мучил себя по чужому подобью.</l>
</lg>
<lg type="quatrain">
<l n="5">С важностью глупой, насупившись, в митре бобровой</l>
<l n="6">Я не стоял под египетским портиком банка,</l>
<l n="7">И над лимонной Невою под хруст сторублевый</l>
<l n="8">Мне никогда, никогда не плясала цыганка.</l>
</lg>
<lg type="quatrain">
<l n="9">Чуя грядущие казни, от рева событий мятежных</l>
<l n="10">Я убежал к нереидам на Черное море,<rs ref="Черное море" type="geo_index"></rs></l>
<l n="11">И от красавиц тогдашних — от тех европеянок нежных — </l>
<l n="12">Сколько я принял смущенья, надсады и горя!</l>
</lg>
<lg type="quatrain">
<l n="13">Так отчего ж до сих пор этот город довлеет</l>
<l n="14">Мыслям и чувствам моим по старинному праву?</l>
<l n="15">Он от пожаров еще и морозов наглее — </l>
<l n="16">Самолюбивый, проклятый, пустой, моложавый!</l>
</lg>
<lg type="quatrain">
<l n="17">Не потому ль, что я видел на детской картинке</l>
<l n="18">Лэди Годиву с распущенной рыжею гривой,</l>
<l n="19">Я повторяю еще про себя под сурдинку:</l>
<l n="20">— Лэди Годива, прощай... Я не помню, Годива...</l>
</lg>
<date when="1931-01">Январь 1931</date>
</div2>
</div1>
</body>
</text>
</tei>
