<?xml version='1.0' encoding='UTF8'?>
<tei xmlns="http://www.tei-c.org/ns/1.0">
<teiheader>
<filedesc>
<titlestmt>
<title>Ленинград</title>
<author>О.Э. Мандельштам</author>
</titlestmt>
<publicationstmt>
<p>АРТ-БИЗНЕС-ЦЕНТР МОСКВА 1993</p>
<biblstruct>
<biblscope n="" type="volume"></biblscope>
<biblscope n="" type="part"></biblscope>
</biblstruct></publicationstmt>
<sourcedesc>
<p>Издание подготовлено Мандельштамовским обществом</p>
</sourcedesc>
<respstmt>
<resp>Подготовка и разметка файлов - Алексей Литвинцев, Вероника Файнберг. Создание
          электронного ресурса - Тимофей Молчанов. Руководители проекта - Центр Digital Humanities,
          Мандельштамовское общество (НИУ ВШЭ).</resp>
</respstmt></filedesc>
<profiledesc>
<textdesc n="poem"></textdesc>
<textclass>
<catref target="3_021" type="ID"></catref>
<catref target="О.Э. Мандельштам. Собрание сочинений в 4-х т. -- М.: Терра, 1991" type="Источник"></catref>
<catref target="стихотворение" type="Жанр художественной литературы"></catref>
<catref target="nan" type="Уточнение жанра"></catref>
<catref target="Ан" type="Метр"></catref>
<catref target="4" type="Длина строки"></catref>
<catref target="м" type="Клаузула"></catref>
<catref target="nan" type="Уточнение клаузулы"></catref>
<catref target="nan" type="Классическая строфа"></catref>
<catref target="парная" type="Рифма"></catref>
<catref target="аа" type="Схема рифмовки"></catref>
<catref target="Ан4м" type="Метрическая формула"></catref>
<catref target="nan" type="Дополнительные параметры"></catref>
<catref target="14" type="Число строк"></catref>
<catref target="nan" type="Автор оригинала"></catref>
<catref target="nan" type="Язык оригинала"></catref>
</textclass></profiledesc>
</teiheader>
<text>
<body>
<div1 n="3" type="volume">
<div2 n="21" type="part">
<head>21.
ЛЕНИНГРАД</head>
<lg type="couplet">
<l n="1">Я вернулся в мой город, знакомый до слез,</l>
<l n="2">До прожилок, до детских припухлых желез.</l>
</lg>
<lg type="couplet">
<l n="3">Ты вернулся сюда, так глотай же скорей</l>
<l n="4">Рыбий жир ленинградских речных фонарей,</l>
</lg>
<lg type="couplet">
<l n="5">Узнавай же скорее декабрьский денек,</l>
<l n="6">Где к зловещему дегтю подмешан желток.</l>
</lg>
<lg type="couplet">
<l n="7">Петербург! я еще не хочу умирать:<rs ref="Петербург (Ленинград, Петрополь)" type="geo_index"></rs></l>
<l n="8">У тебя телефонов моих номера.</l>
</lg>
<lg type="couplet">
<l n="9">Петербург! У меня еще есть адреса,<rs ref="Петербург (Ленинград, Петрополь)" type="geo_index"></rs></l>
<l n="10">По которым найду мертвецов голоса.</l>
</lg>
<lg type="couplet">
<l n="11">Я на лестнице черной живу, и в висок</l>
<l n="12">Ударяет мне вырванный с мясом звонок,</l>
</lg>
<lg type="couplet">
<l n="13">И всю ночь напролет жду гостей дорогих,</l>
<l n="14">Шевеля кандалами цепочек дверных.</l>
</lg>
<date when="1930-12">Декабрь 1930</date>
</div2>
</div1>
</body>
</text>
</tei>
