<?xml version='1.0' encoding='UTF8'?>
<tei xmlns="http://www.tei-c.org/ns/1.0">
<teiheader>
<filedesc>
<titlestmt>
<title>«— Нет, не мигрень, — но подай карандашик ментоловый...»</title>
<author>О.Э. Мандельштам</author>
</titlestmt>
<publicationstmt>
<p>АРТ-БИЗНЕС-ЦЕНТР МОСКВА 1993</p>
<biblstruct>
<biblscope n="" type="volume"></biblscope>
<biblscope n="" type="part"></biblscope>
</biblstruct></publicationstmt>
<sourcedesc>
<p>Издание подготовлено Мандельштамовским обществом</p>
</sourcedesc>
<respstmt>
<resp>Подготовка и разметка файлов - Алексей Литвинцев, Вероника Файнберг. Создание
          электронного ресурса - Тимофей Молчанов. Руководители проекта - Центр Digital Humanities,
          Мандельштамовское общество (НИУ ВШЭ).</resp>
</respstmt></filedesc>
<profiledesc>
<textdesc n="poem"></textdesc>
<textclass>
<catref target="3_035" type="ID"></catref>
<catref target="О.Э. Мандельштам. Собрание сочинений в 4-х т. -- М.: Терра, 1991" type="Источник"></catref>
<catref target="стихотворение" type="Жанр художественной литературы"></catref>
<catref target="nan" type="Уточнение жанра"></catref>
<catref target="Д, тонический : Дк, Тк" type="Метр"></catref>
<catref target="вольная" type="Длина строки"></catref>
<catref target="д" type="Клаузула"></catref>
<catref target="nan" type="Уточнение клаузулы"></catref>
<catref target="nan" type="Классическая строфа"></catref>
<catref target="парная" type="Рифма"></catref>
<catref target="аа" type="Схема рифмовки"></catref>
<catref target="Дк5,6,7д. Тк6д" type="Метрическая формула"></catref>
<catref target="nan" type="Дополнительные параметры"></catref>
<catref target="14" type="Число строк"></catref>
<catref target="nan" type="Автор оригинала"></catref>
<catref target="nan" type="Язык оригинала"></catref>
</textclass></profiledesc>
</teiheader>
<text>
<body>
<div1 n="3" type="volume">
<div2 n="35" type="part">
<head>35.</head>
<lg type="couplet">
<l n="1">— Нет, не мигрень, — но подай карандашик ментоловый, — </l>
<l n="2">Ни поволоки искусства, ни красок пространства веселого!</l>
</lg>
<lg type="couplet">
<l n="3">Жизнь начиналась в корыте картавою мокрою шопотью,</l>
<l n="4">И продолжалась она керосиновой мягкою копотью.</l>
</lg>
<lg type="couplet">
<l n="5">Где-то на даче потом в лесном переплете шагреневом</l>
<l n="6">Вдруг разгорелась она почему-то огромным пожаром сиреневым...</l>
</lg>
<lg type="couplet">
<l n="7">— Нет, не мигрень, — но подай карандашик ментоловый, — </l>
<l n="8">Ни поволоки искусства, ни красок пространства веселого!</l>
</lg>
<lg type="couplet">
<l n="9">Дальше сквозь стекла цветные, сощурясь, мучительно вижу я:</l>
<l n="10">Небо, как палица, грозное, земля, словно плешина, рыжая...</l>
</lg>
<lg type="couplet">
<l n="11">Дальше — еще не припомню — и дальше как будто оборвано:</l>
<l n="12">Пахнет немного смолою да, кажется, тухлою ворванью...</l>
</lg>
<lg type="couplet">
<l n="13">— Нет, не мигрень, но холод пространства бесполого,</l>
<l n="14">Свист разрываемой марли да рокот гитары карболовой!</l>
</lg>
<date when="1931-04-23">23 апреля 1931</date>
</div2>
</div1>
</body>
</text>
</tei>
