<?xml version='1.0' encoding='UTF8'?>
<tei xmlns="http://www.tei-c.org/ns/1.0">
<teiheader>
<filedesc>
<titlestmt>
<title>«Полночь в Москве. Роскошно буддийское лето...»</title>
<author>О.Э. Мандельштам</author>
</titlestmt>
<publicationstmt>
<p>АРТ-БИЗНЕС-ЦЕНТР МОСКВА 1993</p>
<biblstruct>
<biblscope n="" type="volume"></biblscope>
<biblscope n="" type="part"></biblscope>
</biblstruct></publicationstmt>
<sourcedesc>
<p>Издание подготовлено Мандельштамовским обществом</p>
</sourcedesc>
<respstmt>
<resp>Подготовка и разметка файлов - Алексей Литвинцев, Вероника Файнберг. Создание
          электронного ресурса - Тимофей Молчанов. Руководители проекта - Центр Digital Humanities,
          Мандельштамовское общество (НИУ ВШЭ).</resp>
</respstmt></filedesc>
<profiledesc>
<textdesc n="poem"></textdesc>
<textclass>
<catref target="3_038" type="ID"></catref>
<catref target="О.Э. Мандельштам. Собрание сочинений в 4-х т. -- М.: Терра, 1991" type="Источник"></catref>
<catref target="стихотворение" type="Жанр художественной литературы"></catref>
<catref target="nan" type="Уточнение жанра"></catref>
<catref target="Ан, Д, Х, Я, тонический : Дк" type="Метр"></catref>
<catref target="вольная" type="Длина строки"></catref>
<catref target="вольная" type="Клаузула"></catref>
<catref target="ж, м" type="Уточнение клаузулы"></catref>
<catref target="nan" type="Классическая строфа"></catref>
<catref target="0" type="Рифма"></catref>
<catref target="nan" type="Схема рифмовки"></catref>
<catref target="Я2,3,5,6,8ж,м. Ан5ж, Ан6м, Д2м, Д7ж, Дк5ж, Дк8м, Х4ж, Я2,3ж~Я5ж" type="Метрическая формула"></catref>
<catref target="цезурные наращения, нарушения анакрусы" type="Дополнительные параметры"></catref>
<catref target="62" type="Число строк"></catref>
<catref target="nan" type="Автор оригинала"></catref>
<catref target="nan" type="Язык оригинала"></catref>
</textclass></profiledesc>
</teiheader>
<text>
<body>
<div1 n="3" type="volume">
<div2 n="38" type="part">
<head>38.</head>
<lg type="62_line">
<l n="1">Полночь в Москве. Роскошно буддийское лето.<rs ref="Москва" type="geo_index"></rs><rs ref="Москва" type="geo_index"></rs></l>
<l n="2">С дроботом мелким расходятся улицы в чоботах узких железных.</l>
<l n="3">В черной оспе блаженствуют кольца бульваров...</l>
<l n="4">Нет на Москву и ночью угомону,<rs ref="Москва" type="geo_index"></rs><rs ref="Москва" type="geo_index"></rs></l>
<l n="5">Когда покой бежит из-под копыт...</l>
<l n="6">Ты скажешь — где-то там на полигоне</l>
<l n="7">Два клоуна засели — Бим и Бом,</l>
<l n="8">И в ход пошли гребенки, молоточки,</l>
<l n="9">То слышится гармоника губная,</l>
<l n="10">То детское молочное пьянино:</l>
<l n="11">— До-ре-ми-фа</l>
<l n="12">И соль-фа-ми-ре-до.</l>
<l n="13">Бывало, я, как помоложе, выйду</l>
<l n="14">В проклеенном резиновом пальто</l>
<l n="15">В широкую разлапицу бульваров,</l>
<l n="16">Где спичечные ножки цыганочки в подоле бьются длинном,</l>
<l n="17">Где арестованный медведь гуляет — </l>
<l n="18">Самой природы вечный меньшевик.</l>
<l n="19">И пахло до отказу лавровишней...</l>
<l n="20">Куда же ты? Ни лавров нет, ни вишен...</l>
<l n="21">Я подтяну бутылочную гирьку</l>
<l n="22">Кухонных крупно скачущих часов.</l>
<l n="23">Уж до чего шероховато время,</l>
<l n="24">А все-таки люблю за хвост его ловить,</l>
<l n="25">Ведь в беге собственном оно не виновато</l>
<l n="26">Да, кажется, чуть-чуть жуликовато...</l>
<l n="27">Чур, не просить, не жаловаться! Цыц!</l>
<l n="28">Не хныкать — </l>
<l n="29">Рассохлые топтали сапоги, чтоб я теперь их предал?</l>
<l n="30">Мы умрем как пехотинцы,</l>
<l n="31">Но не прославим ни хищи, ни поденщины, ни лжи.</l>
<l n="32">Есть у нас паутинка шотландского старого пледа.</l>
<l n="33">Ты меня им укроешь, как флагом военным, когда я умру.</l>
<l n="34">Выпьем, дружок, за наше ячменное горе,</l>
<l n="35">Выпьем до дна...</l>
<l n="36">Из густо отработавших кино,</l>
<l n="37">Убитые, как после хлороформа,</l>
<l n="38">Выходят толпы — до чего они венозны,</l>
<l n="39">И до чего им нужен кислород...</l>
<l n="40">Пора вам знать, я тоже современник,</l>
<l n="41">Я человек эпохи Москвошвея, — <rs ref="Москва" type="geo_index"></rs><rs ref="Москва" type="geo_index"></rs></l>
<l n="42">Смотрите, как на мне топорщится пиджак,</l>
<l n="43">Как я ступать и говорить умею!</l>
<l n="44">Попробуйте меня от века оторвать, — </l>
<l n="45">Ручаюсь вам — себе свернете шею!</l>
<l n="46">Я говорю с эпохою, но разве</l>
<l n="47">Душа у ней пеньковая и разве</l>
<l n="48">Она у нас постыдно прижилась,</l>
<l n="49">Как сморщенный зверек в тибетском храме:</l>
<l n="50">Почешется и в цинковую ванну.</l>
<l n="51">— Изобрази еще нам, Марь Иванна.<rs ref="Москва" type="geo_index"></rs></l>
<l n="52">Пусть это оскорбительно — поймите:</l>
<l n="53">Есть блуд труда и он у нас в крови.</l>
<l n="54">Уже светает. Шумят сады зеленым телеграфом,</l>
<l n="55">К Рембрандту входит в гости Рафаэль.<rs ref="Рафаэль Санти" type="person"></rs></l>
<l n="56">Он с Моцартом в Москве души не чает — <rs ref="Москва" type="geo_index"></rs><rs ref="Москва" type="geo_index"></rs></l>
<l n="57">За карий глаз, за воробьиный хмель.</l>
<l n="58">И словно пневматическую почту</l>
<l n="59">Иль студенец медузы черноморской</l>
<l n="60">Передают с квартиры на квартиру</l>
<l n="61">Конвейером воздушным сквозняки,</l>
<l n="62">Как майские студенты-шелапуты.</l>
</lg>
<date from="1931-05" to="1931-06-04">Май — 4 июня 1931</date>
</div2>
</div1>
</body>
</text>
</tei>
