<?xml version='1.0' encoding='UTF8'?>
<tei xmlns="http://www.tei-c.org/ns/1.0">
<teiheader>
<filedesc>
<titlestmt>
<title>«Я пью за военные астры, за все, чем корили меня...»</title>
<author>О.Э. Мандельштам</author>
</titlestmt>
<publicationstmt>
<p>АРТ-БИЗНЕС-ЦЕНТР МОСКВА 1993</p>
<biblstruct>
<biblscope n="" type="volume"></biblscope>
<biblscope n="" type="part"></biblscope>
</biblstruct></publicationstmt>
<sourcedesc>
<p>Издание подготовлено Мандельштамовским обществом</p>
</sourcedesc>
<respstmt>
<resp>Подготовка и разметка файлов - Алексей Литвинцев, Вероника Файнберг. Создание
          электронного ресурса - Тимофей Молчанов. Руководители проекта - Центр Digital Humanities,
          Мандельштамовское общество (НИУ ВШЭ).</resp>
</respstmt></filedesc>
<profiledesc>
<textdesc n="poem"></textdesc>
<textclass>
<catref target="3_033" type="ID"></catref>
<catref target="О.Э. Мандельштам. Собрание сочинений в 4-х т. -- М.: Терра, 1991" type="Источник"></catref>
<catref target="стихотворение" type="Жанр художественной литературы"></catref>
<catref target="nan" type="Уточнение жанра"></catref>
<catref target="Аф" type="Метр"></catref>
<catref target="6" type="Длина строки"></catref>
<catref target="м" type="Клаузула"></catref>
<catref target="nan" type="Уточнение клаузулы"></catref>
<catref target="nan" type="Классическая строфа"></catref>
<catref target="парная" type="Рифма"></catref>
<catref target="аа" type="Схема рифмовки"></catref>
<catref target="Аф6м" type="Метрическая формула"></catref>
<catref target="nan" type="Дополнительные параметры"></catref>
<catref target="8" type="Число строк"></catref>
<catref target="nan" type="Автор оригинала"></catref>
<catref target="nan" type="Язык оригинала"></catref>
</textclass></profiledesc>
</teiheader>
<text>
<body>
<div1 n="3" type="volume">
<div2 n="33" type="part">
<head>33.</head>
<lg type="couplet">
<l n="1">Я пью за военные астры, за все, чем корили меня,</l>
<l n="2">За барскую шубу, за астму, за желчь петербургского дня.</l>
</lg>
<lg type="couplet">
<l n="3">За музыку сосен савойских, Полей Елисейских бензин,<rs ref="Париж" type="geo_index"></rs></l>
<l n="4">За розу в кабине рольс-ройса и масло парижских картин.</l>
</lg>
<lg type="couplet">
<l n="5">Я пью за бискайские волны, за сливок альпийских кувшин,</l>
<l n="6">За рыжую спесь англичанок и дальних колоний хинин.</l>
</lg>
<lg type="couplet">
<l n="7">Я пью, но еще не придумал — из двух выбираю одно:</l>
<l n="8">Веселое асти-спуманте иль папского замка вино.</l>
</lg>
<date when="1931-04-11">11 апреля 1931</date>
</div2>
</div1>
</body>
</text>
</tei>
