<?xml version='1.0' encoding='UTF8'?>
<tei xmlns="http://www.tei-c.org/ns/1.0">
<teiheader>
<filedesc>
<titlestmt>
<title>Неправда</title>
<author>О.Э. Мандельштам</author>
</titlestmt>
<publicationstmt>
<p>АРТ-БИЗНЕС-ЦЕНТР МОСКВА 1993</p>
<biblstruct>
<biblscope n="" type="volume"></biblscope>
<biblscope n="" type="part"></biblscope>
</biblstruct></publicationstmt>
<sourcedesc>
<p>Издание подготовлено Мандельштамовским обществом</p>
</sourcedesc>
<respstmt>
<resp>Подготовка и разметка файлов - Алексей Литвинцев, Вероника Файнберг. Создание
          электронного ресурса - Тимофей Молчанов. Руководители проекта - Центр Digital Humanities,
          Мандельштамовское общество (НИУ ВШЭ).</resp>
</respstmt></filedesc>
<profiledesc>
<textdesc n="poem"></textdesc>
<textclass>
<catref target="3_032" type="ID"></catref>
<catref target="О.Э. Мандельштам. Собрание сочинений в 4-х т. -- М.: Терра, 1991" type="Источник"></catref>
<catref target="стихотворение" type="Жанр художественной литературы"></catref>
<catref target="nan" type="Уточнение жанра"></catref>
<catref target="Ан" type="Метр"></catref>
<catref target="3" type="Длина строки"></catref>
<catref target="м" type="Клаузула"></catref>
<catref target="nan" type="Уточнение клаузулы"></catref>
<catref target="nan" type="Классическая строфа"></catref>
<catref target="перекрестная" type="Рифма"></catref>
<catref target="абаб" type="Схема рифмовки"></catref>
<catref target="Ан3м" type="Метрическая формула"></catref>
<catref target="nan" type="Дополнительные параметры"></catref>
<catref target="16" type="Число строк"></catref>
<catref target="nan" type="Автор оригинала"></catref>
<catref target="nan" type="Язык оригинала"></catref>
</textclass></profiledesc>
</teiheader>
<text>
<body>
<div1 n="3" type="volume">
<div2 n="32" type="part">
<head>32.
НЕПРАВДА</head>
<lg type="quatrain">
<l n="1">Я с дымящей лучиной вхожу</l>
<l n="2">К шестипалой неправде в избу:</l>
<l n="3">— Дай-ка я на тебя погляжу,</l>
<l n="4">Ведь лежать мне в сосновом гробу.</l>
</lg>
<lg type="quatrain">
<l n="5">А она мне соленых грибков</l>
<l n="6">Вынимает в горшке из-под нар,</l>
<l n="7">А она из ребячьих пупков</l>
<l n="8">Подает мне горячий отвар.</l>
</lg>
<lg type="quatrain">
<l n="9">— Захочу, — говорит, — дам еще...— </l>
<l n="10">Ну, а я не дышу, сам не рад.</l>
<l n="11">Шасть к порогу — куда там — в плечо</l>
<l n="12">Уцепилась и тащит назад.</l>
</lg>
<lg type="quatrain">
<l n="13">Вошь да глушь у нее, тишь да мша, — </l>
<l n="14">Полуспаленка, полутюрьма...</l>
<l n="15">— Ничего, хороша, хороша...</l>
<l n="16">Я и сам ведь такой же, кума.</l>
</lg>
<date when="1931-04-04">4 апреля 1931</date>
</div2>
</div1>
</body>
</text>
</tei>
