<?xml version='1.0' encoding='UTF8'?>
<tei xmlns="http://www.tei-c.org/ns/1.0">
<teiheader>
<filedesc>
<titlestmt>
<title>«Сохрани мою речь навсегда за привкус несчастья и дыма...»</title>
<author>О.Э. Мандельштам</author>
</titlestmt>
<publicationstmt>
<p>АРТ-БИЗНЕС-ЦЕНТР МОСКВА 1993</p>
<biblstruct>
<biblscope n="" type="volume"></biblscope>
<biblscope n="" type="part"></biblscope>
</biblstruct></publicationstmt>
<sourcedesc>
<p>Издание подготовлено Мандельштамовским обществом</p>
</sourcedesc>
<respstmt>
<resp>Подготовка и разметка файлов - Алексей Литвинцев, Вероника Файнберг. Создание
          электронного ресурса - Тимофей Молчанов. Руководители проекта - Центр Digital Humanities,
          Мандельштамовское общество (НИУ ВШЭ).</resp>
</respstmt></filedesc>
<profiledesc>
<textdesc n="poem"></textdesc>
<textclass>
<catref target="3_036" type="ID"></catref>
<catref target="О.Э. Мандельштам. Собрание сочинений в 4-х т. -- М.: Терра, 1991" type="Источник"></catref>
<catref target="стихотворение" type="Жанр художественной литературы"></catref>
<catref target="nan" type="Уточнение жанра"></catref>
<catref target="Ан, тонический : Дк # Ан" type="Метр"></catref>
<catref target="6 # 5" type="Длина строки"></catref>
<catref target="регулярная" type="Клаузула"></catref>
<catref target="жм" type="Уточнение клаузулы"></catref>
<catref target="nan" type="Классическая строфа"></catref>
<catref target="перекрестная" type="Рифма"></catref>
<catref target="абаб" type="Схема рифмовки"></catref>
<catref target="Дк6жм # Ан5жм" type="Метрическая формула"></catref>
<catref target="полиметрия" type="Дополнительные параметры"></catref>
<catref target="12" type="Число строк"></catref>
<catref target="nan" type="Автор оригинала"></catref>
<catref target="nan" type="Язык оригинала"></catref>
</textclass></profiledesc>
</teiheader>
<text>
<body>
<div1 n="3" type="volume">
<div2 n="36" type="part">
<head>36.</head>
<lg type="quatrain">
<l n="1">Сохрани мою речь навсегда за привкус несчастья и дыма,</l>
<l n="2">За смолу кругового терпенья, за совестный деготь труда.</l>
<l n="3">Как вода в новгородских колодцах должна быть черна и сладима,</l>
<l n="4">Чтобы в ней к Рождеству отразилась семью плавниками звезда.</l>
</lg>
<lg type="quatrain">
<l n="5">И за это, отец мой, мой друг и помощник мой грубый,</l>
<l n="6">Я — непризнанный брат, отщепенец в народной семье, — </l>
<l n="7">Обещаю построить такие дремучие срубы,</l>
<l n="8">Чтобы в них татарва опускала князей на бадье.</l>
</lg>
<lg type="quatrain">
<l n="9">Лишь бы только любили меня эти мерзлые плахи — </l>
<l n="10">Как прицелясь на смерть городки зашибают в саду, — </l>
<l n="11">Я за это всю жизнь прохожу хоть в железной рубахе</l>
<l n="12">И для казни петровской в лесах топорище найду.</l>
</lg>
<date when="1931-05-03">3 мая 1931</date>
</div2>
</div1>
</body>
</text>
</tei>
