<?xml version='1.0' encoding='UTF8'?>
<tei xmlns="http://www.tei-c.org/ns/1.0">
<teiheader>
<filedesc>
<titlestmt>
<title>«Нет, не спрятаться мне от великой муры...»</title>
<author>О.Э. Мандельштам</author>
</titlestmt>
<publicationstmt>
<p>АРТ-БИЗНЕС-ЦЕНТР МОСКВА 1993</p>
<biblstruct>
<biblscope n="" type="volume"></biblscope>
<biblscope n="" type="part"></biblscope>
</biblstruct></publicationstmt>
<sourcedesc>
<p>Издание подготовлено Мандельштамовским обществом</p>
</sourcedesc>
<respstmt>
<resp>Подготовка и разметка файлов - Алексей Литвинцев, Вероника Файнберг. Создание
          электронного ресурса - Тимофей Молчанов. Руководители проекта - Центр Digital Humanities,
          Мандельштамовское общество (НИУ ВШЭ).</resp>
</respstmt></filedesc>
<profiledesc>
<textdesc n="poem"></textdesc>
<textclass>
<catref target="3_031" type="ID"></catref>
<catref target="О.Э. Мандельштам. Собрание сочинений в 4-х т. -- М.: Терра, 1991" type="Источник"></catref>
<catref target="стихотворение" type="Жанр художественной литературы"></catref>
<catref target="nan" type="Уточнение жанра"></catref>
<catref target="Ан" type="Метр"></catref>
<catref target="регулярная" type="Длина строки"></catref>
<catref target="м" type="Клаузула"></catref>
<catref target="nan" type="Уточнение клаузулы"></catref>
<catref target="nan" type="Классическая строфа"></catref>
<catref target="перекрестная" type="Рифма"></catref>
<catref target="абаб" type="Схема рифмовки"></catref>
<catref target="Ан4м+Ан3м" type="Метрическая формула"></catref>
<catref target="nan" type="Дополнительные параметры"></catref>
<catref target="12" type="Число строк"></catref>
<catref target="nan" type="Автор оригинала"></catref>
<catref target="nan" type="Язык оригинала"></catref>
</textclass></profiledesc>
</teiheader>
<text>
<body>
<div1 n="3" type="volume">
<div2 n="31" type="part">
<head>31.</head>
<lg type="quatrain">
<l n="1">Нет, не спрятаться мне от великой муры</l>
<l n="2">За извозчичью спину — Москву,<rs ref="Москва" type="geo_index"></rs><rs ref="Москва" type="geo_index"></rs></l>
<l n="3">Я трамвайная вишенка страшной поры</l>
<l n="4">И не знаю, зачем я живу.</l>
</lg>
<lg type="quatrain">
<l n="5">Мы с тобою поедем на «А» и на «Б»</l>
<l n="6">Посмотреть, кто скорее умрет,</l>
<l n="7">А она то сжимается, как воробей,</l>
<l n="8">То растет, как воздушный пирог.</l>
</lg>
<lg type="quatrain">
<l n="9">И едва успевает грозить из угла — </l>
<l n="10">Ты как хочешь, а я не рискну!</l>
<l n="11">У кого под перчаткой не хватит тепла,</l>
<l n="12">Чтоб объездить всю курву Москву.<rs ref="Москва" type="geo_index"></rs><rs ref="Москва" type="geo_index"></rs></l>
</lg>
<date when="1931-04">Апрель 1931</date>
</div2>
</div1>
</body>
</text>
</tei>
