<?xml version='1.0' encoding='UTF8'?>
<tei xmlns="http://www.tei-c.org/ns/1.0">
<teiheader>
<filedesc>
<titlestmt>
<title>«Жил Александр Герцевич...»</title>
<author>О.Э. Мандельштам</author>
</titlestmt>
<publicationstmt>
<p>АРТ-БИЗНЕС-ЦЕНТР МОСКВА 1993</p>
<biblstruct>
<biblscope n="" type="volume"></biblscope>
<biblscope n="" type="part"></biblscope>
</biblstruct></publicationstmt>
<sourcedesc>
<p>Издание подготовлено Мандельштамовским обществом</p>
</sourcedesc>
<respstmt>
<resp>Подготовка и разметка файлов - Алексей Литвинцев, Вероника Файнберг. Создание
          электронного ресурса - Тимофей Молчанов. Руководители проекта - Центр Digital Humanities,
          Мандельштамовское общество (НИУ ВШЭ).</resp>
</respstmt></filedesc>
<profiledesc>
<textdesc n="poem"></textdesc>
<textclass>
<catref target="3_030" type="ID"></catref>
<catref target="О.Э. Мандельштам. Собрание сочинений в 4-х т. -- М.: Терра, 1991" type="Источник"></catref>
<catref target="стихотворение" type="Жанр художественной литературы"></catref>
<catref target="nan" type="Уточнение жанра"></catref>
<catref target="Я" type="Метр"></catref>
<catref target="3" type="Длина строки"></catref>
<catref target="регулярная" type="Клаузула"></catref>
<catref target="дм" type="Уточнение клаузулы"></catref>
<catref target="nan" type="Классическая строфа"></catref>
<catref target="перекрестная" type="Рифма"></catref>
<catref target="абаб" type="Схема рифмовки"></catref>
<catref target="Я3дм" type="Метрическая формула"></catref>
<catref target="nan" type="Дополнительные параметры"></catref>
<catref target="24" type="Число строк"></catref>
<catref target="nan" type="Автор оригинала"></catref>
<catref target="nan" type="Язык оригинала"></catref>
</textclass></profiledesc>
</teiheader>
<text>
<body>
<div1 n="3" type="volume">
<div2 n="30" type="part">
<head>30.</head>
<lg type="quatrain">
<l n="1">Жил Александр Герцевич,</l>
<l n="2">Еврейский музыкант, — </l>
<l n="3">Он Шуберта наверчивал,<rs ref="Шуберт, Франц Петер" type="person"></rs></l>
<l n="4">Как чистый бриллиант.</l>
</lg>
<lg type="quatrain">
<l n="5">И всласть, с утра до вечера,</l>
<l n="6">Заученную вхруст,</l>
<l n="7">Одну сонату вечную</l>
<l n="8">Играл он наизусть...</l>
</lg>
<lg type="quatrain">
<l n="9">Что, Александр Герцевич,</l>
<l n="10">На улице темно?</l>
<l n="11">Брось, Александр Сердцевич, — </l>
<l n="12">Чего там? Все равно!</l>
</lg>
<lg type="quatrain">
<l n="13">Пускай там итальяночка,</l>
<l n="14">Покуда снег хрустит,</l>
<l n="15">На узеньких на саночках</l>
<l n="16">За Шубертом летит:<rs ref="Шуберт, Франц Петер" type="person"></rs></l>
</lg>
<lg type="quatrain">
<l n="17">Нам с музыкой-голубою</l>
<l n="18">Не страшно умереть,</l>
<l n="19">Там хоть вороньей шубою</l>
<l n="20">На вешалке висеть...</l>
</lg>
<lg type="quatrain">
<l n="21">Все, Александр Герцевич,</l>
<l n="22">Заверчено давно.</l>
<l n="23">Брось, Александр Скерцевич.</l>
<l n="24">Чего там! Все равно!</l>
</lg>
<date when="1931-03-27">27 марта 1931</date>
</div2>
</div1>
</body>
</text>
</tei>
