<?xml version='1.0' encoding='UTF8'?>
<tei xmlns="http://www.tei-c.org/ns/1.0">
<teiheader>
<filedesc>
<titlestmt>
<title>Фаэтонщик</title>
<author>О.Э. Мандельштам</author>
</titlestmt>
<publicationstmt>
<p>АРТ-БИЗНЕС-ЦЕНТР МОСКВА 1993</p>
<biblstruct>
<biblscope n="" type="volume"></biblscope>
<biblscope n="" type="part"></biblscope>
</biblstruct></publicationstmt>
<sourcedesc>
<p>Издание подготовлено Мандельштамовским обществом</p>
</sourcedesc>
<respstmt>
<resp>Подготовка и разметка файлов - Алексей Литвинцев, Вероника Файнберг. Создание
          электронного ресурса - Тимофей Молчанов. Руководители проекта - Центр Digital Humanities,
          Мандельштамовское общество (НИУ ВШЭ).</resp>
</respstmt></filedesc>
<profiledesc>
<textdesc n="poem"></textdesc>
<textclass>
<catref target="3_042" type="ID"></catref>
<catref target="О.Э. Мандельштам. Собрание сочинений в 4-х т. -- М.: Терра, 1991" type="Источник"></catref>
<catref target="стихотворение" type="Жанр художественной литературы"></catref>
<catref target="цикл" type="Уточнение жанра"></catref>
<catref target="Я" type="Метр"></catref>
<catref target="5" type="Длина строки"></catref>
<catref target="вольная" type="Клаузула"></catref>
<catref target="ж, м" type="Уточнение клаузулы"></catref>
<catref target="nan" type="Классическая строфа"></catref>
<catref target="0" type="Рифма"></catref>
<catref target="nan" type="Схема рифмовки"></catref>
<catref target="Я5ж,м" type="Метрическая формула"></catref>
<catref target="nan" type="Дополнительные параметры"></catref>
<catref target="11" type="Число строк"></catref>
<catref target="nan" type="Автор оригинала"></catref>
<catref target="nan" type="Язык оригинала"></catref>
</textclass></profiledesc>
</teiheader>
<text>
<body>
<div1 n="3" type="volume">
<div2 n="42" type="part">
<head>42.
ФАЭТОНЩИК</head>
<lg type="quatrain">
<l n="1">На высоком перевале</l>
<l n="2">В мусульманской стороне</l>
<l n="3">Мы со смертью пировали — </l>
<l n="4">Было страшно, как во сне.</l>
</lg>
<lg type="quatrain">
<l n="5">На высоком перевале</l>
<l n="6">В мусульманской стороне</l>
<l n="7">Мы со смертью пировали — </l>
<l n="8">Было страшно, как во сне.</l>
</lg>
<lg type="quatrain">
<l n="9">На высоком перевале</l>
<l n="10">В мусульманской стороне</l>
<l n="11">Мы со смертью пировали — </l>
<l n="12">Было страшно, как во сне.</l>
</lg>
<lg type="quatrain">
<l n="13">На высоком перевале</l>
<l n="14">В мусульманской стороне</l>
<l n="15">Мы со смертью пировали — </l>
<l n="16">Было страшно, как во сне.</l>
</lg>
<lg type="quatrain">
<l n="17">На высоком перевале</l>
<l n="18">В мусульманской стороне</l>
<l n="19">Мы со смертью пировали — </l>
<l n="20">Было страшно, как во сне.</l>
</lg>
<lg type="quatrain">
<l n="21">На высоком перевале</l>
<l n="22">В мусульманской стороне</l>
<l n="23">Мы со смертью пировали — </l>
<l n="24">Было страшно, как во сне.</l>
</lg>
<lg type="quatrain">
<l n="25">На высоком перевале</l>
<l n="26">В мусульманской стороне</l>
<l n="27">Мы со смертью пировали — </l>
<l n="28">Было страшно, как во сне.</l>
</lg>
<lg type="quatrain">
<l n="29">На высоком перевале</l>
<l n="30">В мусульманской стороне</l>
<l n="31">Мы со смертью пировали — </l>
<l n="32">Было страшно, как во сне.</l>
</lg>
<lg type="quatrain">
<l n="33">На высоком перевале</l>
<l n="34">В мусульманской стороне</l>
<l n="35">Мы со смертью пировали — </l>
<l n="36">Было страшно, как во сне.</l>
</lg>
<lg type="quatrain">
<l n="37">На высоком перевале</l>
<l n="38">В мусульманской стороне</l>
<l n="39">Мы со смертью пировали — </l>
<l n="40">Было страшно, как во сне.</l>
</lg>
<date when="1931-06-12">12 июня 1931</date>
</div2>
</div1>
</body>
</text>
</tei>
