<?xml version='1.0' encoding='UTF8'?>
<tei xmlns="http://www.tei-c.org/ns/1.0">
<teiheader>
<filedesc>
<titlestmt>
<title>«Там, где купальни, бумагопрядильни...»</title>
<author>О.Э. Мандельштам</author>
</titlestmt>
<publicationstmt>
<p>АРТ-БИЗНЕС-ЦЕНТР МОСКВА 1993</p>
<biblstruct>
<biblscope n="" type="volume"></biblscope>
<biblscope n="" type="part"></biblscope>
</biblstruct></publicationstmt>
<sourcedesc>
<p>Издание подготовлено Мандельштамовским обществом</p>
</sourcedesc>
<respstmt>
<resp>Подготовка и разметка файлов - Алексей Литвинцев, Вероника Файнберг. Создание
          электронного ресурса - Тимофей Молчанов. Руководители проекта - Центр Digital Humanities,
          Мандельштамовское общество (НИУ ВШЭ).</resp>
</respstmt></filedesc>
<profiledesc>
<textdesc n="poem"></textdesc>
<textclass>
<catref target="3_046" type="ID"></catref>
<catref target="О.Э. Мандельштам. Собрание сочинений в 4-х т. -- М.: Терра, 1991" type="Источник"></catref>
<catref target="стихотворение" type="Жанр художественной литературы"></catref>
<catref target="nan" type="Уточнение жанра"></catref>
<catref target="Х" type="Метр"></catref>
<catref target="4" type="Длина строки"></catref>
<catref target="регулярная" type="Клаузула"></catref>
<catref target="жмжжм" type="Уточнение клаузулы"></catref>
<catref target="nan" type="Классическая строфа"></catref>
<catref target="затянутая" type="Рифма"></catref>
<catref target="абааб" type="Схема рифмовки"></catref>
<catref target="Х4жм" type="Метрическая формула"></catref>
<catref target="nan" type="Дополнительные параметры"></catref>
<catref target="10" type="Число строк"></catref>
<catref target="nan" type="Автор оригинала"></catref>
<catref target="nan" type="Язык оригинала"></catref>
</textclass></profiledesc>
</teiheader>
<text>
<body>
<div1 n="3" type="volume">
<div2 n="46" type="part">
<head>46.</head>
<lg type="quatrain">
<l n="1">Там, где купальни, бумагопрядильни</l>
<l n="2">И широчайшие зеленые сады,</l>
<l n="3">На реке Москве есть светоговорильня<rs ref="Москва" type="geo_index"></rs><rs ref="Москва" type="geo_index"></rs></l>
<l n="4">С гребешками отдыха, культуры и воды.</l>
</lg>
<lg type="quatrain">
<l n="5">Эта слабогрудая речная волокита,</l>
<l n="6">Скучные-нескучные, как халва, холмы,</l>
<l n="7">Эти судоходные марки и открытки,</l>
<l n="8">На которых носимся и несемся мы.</l>
</lg>
<lg type="quatrain">
<l n="9">У реки Оки вывернуто веко,</l>
<l n="10">Оттого-то и на Москве ветерок.<rs ref="Москва" type="geo_index"></rs><rs ref="Москва" type="geo_index"></rs></l>
<l n="11">У сестрицы Клязьмы загнулась ресница,<rs ref="Клязьма" type="geo_index"></rs></l>
<l n="12">Оттого на Яузе утка плывет.<rs ref="Яуза" type="geo_index"></rs></l>
</lg>
<lg type="quatrain">
<l n="13">На Москве-реке почтовым пахнет клеем,<rs ref="Москва" type="geo_index"></rs><rs ref="Москва" type="geo_index"></rs></l>
<l n="14">Там играют Шуберта в раструбы рупоров.<rs ref="Шуберт, Франц Петер" type="person"></rs></l>
<l n="15">Вода на булавках и воздух нежнее</l>
<l n="16">Лягушиной кожи воздушных шаров.</l>
</lg>
<date when="1932-05">Май 1932</date>
</div2>
</div1>
</body>
</text>
</tei>
