<?xml version='1.0' encoding='UTF8'?>
<tei xmlns="http://www.tei-c.org/ns/1.0">
<teiheader>
<filedesc>
<titlestmt>
<title>Ламарк</title>
<author>О.Э. Мандельштам</author>
</titlestmt>
<publicationstmt>
<p>АРТ-БИЗНЕС-ЦЕНТР МОСКВА 1993</p>
<biblstruct>
<biblscope n="" type="volume"></biblscope>
<biblscope n="" type="part"></biblscope>
</biblstruct></publicationstmt>
<sourcedesc>
<p>Издание подготовлено Мандельштамовским обществом</p>
</sourcedesc>
<respstmt>
<resp>Подготовка и разметка файлов - Алексей Литвинцев, Вероника Файнберг. Создание
          электронного ресурса - Тимофей Молчанов. Руководители проекта - Центр Digital Humanities,
          Мандельштамовское общество (НИУ ВШЭ).</resp>
</respstmt></filedesc>
<profiledesc>
<textdesc n="poem"></textdesc>
<textclass>
<catref target="3_047" type="ID"></catref>
<catref target="О.Э. Мандельштам. Собрание сочинений в 4-х т. -- М.: Терра, 1991" type="Источник"></catref>
<catref target="стихотворение" type="Жанр художественной литературы"></catref>
<catref target="nan" type="Уточнение жанра"></catref>
<catref target="Я" type="Метр"></catref>
<catref target="5(4)" type="Длина строки"></catref>
<catref target="вольная" type="Клаузула"></catref>
<catref target="ж, м" type="Уточнение клаузулы"></catref>
<catref target="nan" type="Классическая строфа"></catref>
<catref target="0" type="Рифма"></catref>
<catref target="nan" type="Схема рифмовки"></catref>
<catref target="Я5ж,м. Я4ж" type="Метрическая формула"></catref>
<catref target="nan" type="Дополнительные параметры"></catref>
<catref target="42" type="Число строк"></catref>
<catref target="nan" type="Автор оригинала"></catref>
<catref target="nan" type="Язык оригинала"></catref>
</textclass></profiledesc>
</teiheader>
<text>
<body>
<div1 n="3" type="volume">
<div2 n="47" type="part">
<head>47.
ЛАМАРК</head>
<lg type="quatrain">
<l n="1">Был старик, застенчивый как мальчик,</l>
<l n="2">Неуклюжий, робкий патриарх...</l>
<l n="3">Кто за честь природы фехтовальщик?</l>
<l n="4">Ну, конечно, пламенный Ламарк.<rs ref="Ламарк, Жан Батист" type="person"></rs></l>
</lg>
<lg type="quatrain">
<l n="5">Если все живое лишь помарка</l>
<l n="6">За короткий выморочный день,</l>
<l n="7">На подвижной лестнице Ламарка<rs ref="Ламарк, Жан Батист" type="person"></rs></l>
<l n="8">Я займу последнюю ступень.</l>
</lg>
<lg type="quatrain">
<l n="9">К кольчецам спущусь и к усоногим,</l>
<l n="10">Прошуршав средь ящериц и змей,</l>
<l n="11">По упругим сходням, по излогам</l>
<l n="12">Сокращусь, исчезну, как Протей.</l>
</lg>
<lg type="quatrain">
<l n="13">Роговую мантию надену,</l>
<l n="14">От горячей крови откажусь,</l>
<l n="15">Обрасту присосками и в пену</l>
<l n="16">Океана завитком вопьюсь.</l>
</lg>
<lg type="quatrain">
<l n="17">Мы прошли разряды насекомых</l>
<l n="18">С наливными рюмочками глаз.</l>
<l n="19">Он сказал: природа вся в разломах,</l>
<l n="20">Зренья нет — ты зришь в последний раз.</l>
</lg>
<lg type="quatrain">
<l n="21">Он сказал: довольно полнозвучья, — </l>
<l n="22">Ты напрасно Моцарта любил:</l>
<l n="23">Наступает глухота паучья,</l>
<l n="24">Здесь провал сильнее наших сил.</l>
</lg>
<lg type="quatrain">
<l n="25">И от нас природа отступила — </l>
<l n="26">Так, как будто мы ей не нужны,</l>
<l n="27">И продольный мозг она вложила,</l>
<l n="28">Словно шпагу, в темные ножны.</l>
</lg>
<lg type="quatrain">
<l n="29">И подъемный мост она забыла,</l>
<l n="30">Опоздала опустить для тех,</l>
<l n="31">У кого зеленая могила,</l>
<l n="32">Красное дыханье, гибкий смех...<rs ref="Москва" type="geo_index"></rs></l>
</lg>
<date from="1932-05-07" to="1932-05-09">7—9 мая 1932</date>
</div2>
</div1>
</body>
</text>
</tei>
