<?xml version='1.0' encoding='UTF8'?>
<tei xmlns="http://www.tei-c.org/ns/1.0">
<teiheader>
<filedesc>
<titlestmt>
<title>«Довольно кукситься! Бумаги в стол засунем!..»</title>
<author>О.Э. Мандельштам</author>
</titlestmt>
<publicationstmt>
<p>АРТ-БИЗНЕС-ЦЕНТР МОСКВА 1993</p>
<biblstruct>
<biblscope n="" type="volume"></biblscope>
<biblscope n="" type="part"></biblscope>
</biblstruct></publicationstmt>
<sourcedesc>
<p>Издание подготовлено Мандельштамовским обществом</p>
</sourcedesc>
<respstmt>
<resp>Подготовка и разметка файлов - Алексей Литвинцев, Вероника Файнберг. Создание
          электронного ресурса - Тимофей Молчанов. Руководители проекта - Центр Digital Humanities,
          Мандельштамовское общество (НИУ ВШЭ).</resp>
</respstmt></filedesc>
<profiledesc>
<textdesc n="poem"></textdesc>
<textclass>
<catref target="3_041" type="ID"></catref>
<catref target="О.Э. Мандельштам. Собрание сочинений в 4-х т. -- М.: Терра, 1991" type="Источник"></catref>
<catref target="стихотворение" type="Жанр художественной литературы"></catref>
<catref target="цикл" type="Уточнение жанра"></catref>
<catref target="Я" type="Метр"></catref>
<catref target="5" type="Длина строки"></catref>
<catref target="регулярная" type="Клаузула"></catref>
<catref target="жм" type="Уточнение клаузулы"></catref>
<catref target="nan" type="Классическая строфа"></catref>
<catref target="перекрестная" type="Рифма"></catref>
<catref target="абаб" type="Схема рифмовки"></catref>
<catref target="Я5жм" type="Метрическая формула"></catref>
<catref target="nan" type="Дополнительные параметры"></catref>
<catref target="4" type="Число строк"></catref>
<catref target="nan" type="Автор оригинала"></catref>
<catref target="nan" type="Язык оригинала"></catref>
</textclass></profiledesc>
</teiheader>
<text>
<body>
<div1 n="3" type="volume">
<div2 n="41" type="part">
<head>41.</head>
<lg type="quatrain">
<l n="1">Довольно кукситься! Бумаги в стол засунем!</l>
<l n="2">Я нынче славным бесом обуян,</l>
<l n="3">Как будто в корень голову шампунем</l>
<l n="4">Мне вымыл парикмахер Франсуа.</l>
</lg>
<lg type="quatrain">
<l n="5">Держу пари, что я еще не умер,</l>
<l n="6">И, как жокей, ручаюсь головой,</l>
<l n="7">Что я еще могу набедокурить</l>
<l n="8">На рысистой дорожке беговой.</l>
</lg>
<lg type="quatrain">
<l n="9">Держу в уме, что нынче тридцать первый</l>
<l n="10">Прекрасный год в черемухах цветет,</l>
<l n="11">Что возмужали дождевые черви</l>
<l n="12">И вся Москва на яликах плывет.<rs ref="Москва" type="geo_index"></rs><rs ref="Москва" type="geo_index"></rs></l>
</lg>
<lg type="quatrain">
<l n="13">Не волноваться. Нетерпенье — роскошь,</l>
<l n="14">Я постепенно скорость разовью — </l>
<l n="15">Холодным шагом выйдем на дорожку — </l>
<l n="16">Я сохранил дистанцию мою.</l>
</lg>
<date when="1931-06-07">7 июня 1931</date>
</div2>
</div1>
</body>
</text>
</tei>
