<?xml version='1.0' encoding='UTF8'?>
<tei xmlns="http://www.tei-c.org/ns/1.0">
<teiheader>
<filedesc>
<titlestmt>
<title>«Сегодня можно снять декалькомани...»</title>
<author>О.Э. Мандельштам</author>
</titlestmt>
<publicationstmt>
<p>АРТ-БИЗНЕС-ЦЕНТР МОСКВА 1993</p>
<biblstruct>
<biblscope n="" type="volume"></biblscope>
<biblscope n="" type="part"></biblscope>
</biblstruct></publicationstmt>
<sourcedesc>
<p>Издание подготовлено Мандельштамовским обществом</p>
</sourcedesc>
<respstmt>
<resp>Подготовка и разметка файлов - Алексей Литвинцев, Вероника Файнберг. Создание
          электронного ресурса - Тимофей Молчанов. Руководители проекта - Центр Digital Humanities,
          Мандельштамовское общество (НИУ ВШЭ).</resp>
</respstmt></filedesc>
<profiledesc>
<textdesc n="poem"></textdesc>
<textclass>
<catref target="3_044" type="ID"></catref>
<catref target="О.Э. Мандельштам. Собрание сочинений в 4-х т. -- М.: Терра, 1991" type="Источник"></catref>
<catref target="стихотворение" type="Жанр художественной литературы"></catref>
<catref target="nan" type="Уточнение жанра"></catref>
<catref target="Я" type="Метр"></catref>
<catref target="5(6)" type="Длина строки"></catref>
<catref target="регулярная" type="Клаузула"></catref>
<catref target="жм" type="Уточнение клаузулы"></catref>
<catref target="nan" type="Классическая строфа"></catref>
<catref target="перекрестная" type="Рифма"></catref>
<catref target="абаб" type="Схема рифмовки"></catref>
<catref target="Я5жм. Я6ж" type="Метрическая формула"></catref>
<catref target="nan" type="Дополнительные параметры"></catref>
<catref target="16" type="Число строк"></catref>
<catref target="nan" type="Автор оригинала"></catref>
<catref target="nan" type="Язык оригинала"></catref>
</textclass></profiledesc>
</teiheader>
<text>
<body>
<div1 n="3" type="volume">
<div2 n="44" type="part">
<head>44.</head>
<lg type="42_line">
<l n="1">Сегодня можно снять декалькомани,</l>
<l n="2">Мизинец окунув в Москву-реку,<rs ref="Москва" type="geo_index"></rs><rs ref="Москва" type="geo_index"></rs></l>
<l n="3">С разбойника Кремля. Какая прелесть<rs ref="Москва" type="geo_index"></rs></l>
<l n="4">Фисташковые эти голубятни:</l>
<l n="5">Хоть проса им насыпать, хоть овса...</l>
<l n="6">А в недорослях кто? Иван Великий — <rs ref="Москва" type="geo_index"></rs></l>
<l n="7">Великовозрастная колокольня — </l>
<l n="8">Стоит себе еще болван болваном</l>
<l n="9">Который век. Его бы за границу,</l>
<l n="10">Чтоб доучился... Да куда там! Стыдно!</l>
<l n="11">Река Москва в четырехтрубном дыме<rs ref="Москва" type="geo_index"></rs><rs ref="Москва" type="geo_index"></rs></l>
<l n="12">И перед нами весь раскрытый город:</l>
<l n="13">Купальщики-заводы и сады</l>
<l n="14">Замоскворецкие. Не так ли,<rs ref="Москва" type="geo_index"></rs></l>
<l n="15">Откинув палисандровую крышку</l>
<l n="16">Огромного концертного рояля,</l>
<l n="17">Мы проникаем в звучное нутро?</l>
<l n="18">&amp;nbsp;&amp;nbsp;&amp;nbsp;&amp;nbsp;&amp;nbsp;&amp;nbsp;&amp;nbsp;&amp;nbsp;&amp;nbsp;&amp;nbsp;&amp;nbsp;Белогвардейцы, вы его видали?</l>
<l n="19">&amp;nbsp;&amp;nbsp;&amp;nbsp;&amp;nbsp;&amp;nbsp;&amp;nbsp;&amp;nbsp;&amp;nbsp;&amp;nbsp;&amp;nbsp;&amp;nbsp;Рояль Москвы слыхали? Гули-гули!<rs ref="Москва" type="geo_index"></rs><rs ref="Москва" type="geo_index"></rs></l>
<l n="20">Мне кажется, как всякое другое,</l>
<l n="21">Ты, время, незаконно. Как мальчишка</l>
<l n="22">За взрослыми в морщинистую воду,</l>
<l n="23">Я, кажется, в грядущее вхожу,</l>
<l n="24">И, кажется, его я не увижу...</l>
<l n="25">Уж я не выйду в ногу с молодежью</l>
<l n="26">На разлинованные стадионы,</l>
<l n="27">Разбуженный повесткой мотоцикла,</l>
<l n="28">Я на рассвете не вскочу с постели,</l>
<l n="29">В стеклянные дворцы на курьих ножках</l>
<l n="30">Я даже тенью легкой не войду.</l>
<l n="31">Мне с каждым днем дышать все тяжелее,</l>
<l n="32">А между тем нельзя повременить...</l>
<l n="33">И рождены для наслажденья бегом</l>
<l n="34">Лишь сердце человека и коня.</l>
<l n="35">И Фауста бес — сухой и моложавый — </l>
<l n="36">Вновь старику кидается в ребро</l>
<l n="37">И подбивает взять почасно ялик,</l>
<l n="38">Или махнуть на Воробьевы горы,<rs ref="Москва" type="geo_index"></rs></l>
<l n="39">Иль на трамвае охлестнуть Москву.<rs ref="Москва" type="geo_index"></rs><rs ref="Москва" type="geo_index"></rs></l>
<l n="40">Ей некогда. Она сегодня в няньках.</l>
<l n="41">Все мечется. На сорок тысяч люлек</l>
<l n="42">Она одна — и пряжа на руках.</l>
</lg>
<date from="1931-06-25" to="1931-08">25 июня — август 1931</date>
</div2>
</div1>
</body>
</text>
</tei>
