<?xml version='1.0' encoding='UTF8'?>
<tei xmlns="http://www.tei-c.org/ns/1.0">
<teiheader>
<filedesc>
<titlestmt>
<title>«Когда в далекую Корею...»</title>
<author>О.Э. Мандельштам</author>
</titlestmt>
<publicationstmt>
<p>АРТ-БИЗНЕС-ЦЕНТР МОСКВА 1993</p>
<biblstruct>
<biblscope n="" type="volume"></biblscope>
<biblscope n="" type="part"></biblscope>
</biblstruct></publicationstmt>
<sourcedesc>
<p>Издание подготовлено Мандельштамовским обществом</p>
</sourcedesc>
<respstmt>
<resp>Подготовка и разметка файлов - Алексей Литвинцев, Вероника Файнберг. Создание
          электронного ресурса - Тимофей Молчанов. Руководители проекта - Центр Digital Humanities,
          Мандельштамовское общество (НИУ ВШЭ).</resp>
</respstmt></filedesc>
<profiledesc>
<textdesc n="poem"></textdesc>
<textclass>
<catref target="3_048" type="ID"></catref>
<catref target="О.Э. Мандельштам. Собрание сочинений в 4-х т. -- М.: Терра, 1991" type="Источник"></catref>
<catref target="стихотворение" type="Жанр художественной литературы"></catref>
<catref target="nan" type="Уточнение жанра"></catref>
<catref target="Я" type="Метр"></catref>
<catref target="4" type="Длина строки"></catref>
<catref target="регулярная" type="Клаузула"></catref>
<catref target="жм" type="Уточнение клаузулы"></catref>
<catref target="nan" type="Классическая строфа"></catref>
<catref target="перекрестная" type="Рифма"></catref>
<catref target="абаб" type="Схема рифмовки"></catref>
<catref target="Я4жм" type="Метрическая формула"></catref>
<catref target="nan" type="Дополнительные параметры"></catref>
<catref target="12" type="Число строк"></catref>
<catref target="nan" type="Автор оригинала"></catref>
<catref target="nan" type="Язык оригинала"></catref>
</textclass></profiledesc>
</teiheader>
<text>
<body>
<div1 n="3" type="volume">
<div2 n="48" type="part">
<head>48.</head>
<lg type="quatrain">
<l n="1">Когда в далекую Корею<rs ref="Корея" type="geo_index"></rs></l>
<l n="2">Катился русский золотой,</l>
<l n="3">Я убегал в оранжерею,</l>
<l n="4">Держа ириску за щекой.</l>
</lg>
<lg type="quatrain">
<l n="5">Была пора смешливой бульбы</l>
<l n="6">И щитовидной железы,</l>
<l n="7">Была пора Тараса Бульбы</l>
<l n="8">И наступающей грозы.</l>
</lg>
<lg type="quatrain">
<l n="9">Самоуправство, своевольство,</l>
<l n="10">Поход троянского коня,</l>
<l n="11">А над поленницей посольство</l>
<l n="12">Эфира, солнца и огня.</l>
</lg>
<lg type="quatrain">
<l n="13">Был от поленьев воздух жирен,</l>
<l n="14">Как гусеница, на дворе,</l>
<l n="15">И Петропавловску-Цусиме<rs ref="Цусима" type="geo_index"></rs></l>
<l n="16">Ура на дровяной горе...</l>
</lg>
<lg type="quatrain">
<l n="17">К царевичу младому Хлору</l>
<l n="18">И — Господи благослови!— </l>
<l n="19">Как мы в высоких голенищах</l>
<l n="20">За хлороформом в гору шли.</l>
</lg>
<lg type="quatrain">
<l n="21">Я пережил того подростка,</l>
<l n="22">И широка моя стезя — </l>
<l n="23">Другие сны, другие гнезда,</l>
<l n="24">Но не разбойничать нельзя.</l>
</lg>
<date from="1932-05-11" to="1932-05-13">11—13 мая 1932, 1935</date>
<date when="1935">11—13 мая 1932, 1935</date>
</div2>
</div1>
</body>
</text>
</tei>
