<?xml version='1.0' encoding='UTF8'?>
<tei xmlns="http://www.tei-c.org/ns/1.0">
<teiheader>
<filedesc>
<titlestmt>
<title>Отрывки из уничтоженных стихов</title>
<author>О.Э. Мандельштам</author>
</titlestmt>
<publicationstmt>
<p>АРТ-БИЗНЕС-ЦЕНТР МОСКВА 1993</p>
<biblstruct>
<biblscope n="" type="volume"></biblscope>
<biblscope n="" type="part"></biblscope>
</biblstruct></publicationstmt>
<sourcedesc>
<p>Издание подготовлено Мандельштамовским обществом</p>
</sourcedesc>
<respstmt>
<resp>Подготовка и разметка файлов - Алексей Литвинцев, Вероника Файнберг. Создание
          электронного ресурса - Тимофей Молчанов. Руководители проекта - Центр Digital Humanities,
          Мандельштамовское общество (НИУ ВШЭ).</resp>
</respstmt></filedesc>
<profiledesc>
<textdesc n="poem"></textdesc>
<textclass>
<catref target="3_040" type="ID"></catref>
<catref target="О.Э. Мандельштам. Собрание сочинений в 4-х т. -- М.: Терра, 1991" type="Источник"></catref>
<catref target="стихотворение" type="Жанр художественной литературы"></catref>
<catref target="цикл" type="Уточнение жанра"></catref>
<catref target="Я" type="Метр"></catref>
<catref target="5(6)" type="Длина строки"></catref>
<catref target="вольная" type="Клаузула"></catref>
<catref target="ж, м" type="Уточнение клаузулы"></catref>
<catref target="nan" type="Классическая строфа"></catref>
<catref target="0" type="Рифма"></catref>
<catref target="nan" type="Схема рифмовки"></catref>
<catref target="Я5ж,м. Я6м" type="Метрическая формула"></catref>
<catref target="nan" type="Дополнительные параметры"></catref>
<catref target="11" type="Число строк"></catref>
<catref target="nan" type="Автор оригинала"></catref>
<catref target="nan" type="Язык оригинала"></catref>
</textclass></profiledesc>
</teiheader>
<text>
<body>
<div1 n="3" type="volume">
<div2 n="1" type="part">
<head>40.
ОТРЫВКИ ИЗ УНИЧТОЖЕННЫХ СТИХОВ</head>
<lg type="31_line">
<l n="1">В год тридцать первый от рожденья века</l>
<l n="2">Я возвратился, нет — читай: насильно</l>
<l n="3">Был возвращен в буддийскую Москву.<rs ref="Москва" type="geo_index"></rs><rs ref="Москва" type="geo_index"></rs></l>
<l n="4">А перед тем я все-таки увидел</l>
<l n="5">Библейской скатертью богатый Арарат<rs ref="Арарат" type="geo_index"></rs></l>
<l n="6">И двести дней провел в стране субботней,</l>
<l n="7">Которую Арменией зовут.<rs ref="Армения" type="geo_index"></rs></l>
<l n="8">Захочешь пить — там есть вода такая</l>
<l n="9">Из курдского источника Арзни,<rs ref="Арзни" type="geo_index"></rs></l>
<l n="10">Хорошая, колючая, сухая</l>
<l n="11">И самая правдивая вода.</l>
<l n="12">Уж я люблю московские законы,</l>
<l n="13">Уж не скучаю по воде Арзни.<rs ref="Арзни" type="geo_index"></rs></l>
<l n="14">В Москве черемухи да телефоны,<rs ref="Москва" type="geo_index"></rs><rs ref="Москва" type="geo_index"></rs></l>
<l n="15">И казнями там имениты дни.</l>
<l n="16">Захочешь жить, тогда глядишь с улыбкой</l>
<l n="17">На молоко с буддийской синевой,</l>
<l n="18">Проводишь взглядом барабан турецкий,</l>
<l n="19">Когда обратно он на красных дрогах</l>
<l n="20">Несется вскачь с гражданских похорон,</l>
<l n="21">Иль встретишь воз с поклажей из подушек</l>
<l n="22">И скажешь: «гуси-лебеди, домой!»</l>
<l n="23">Не разбирайся, щелкай, милый кодак,</l>
<l n="24">Покуда глаз — хрусталик кравчей птицы,</l>
<l n="25">А не стекляшка!</l>
<l n="26">Еще, еще! Сетчатка голодна!</l>
<l n="27">Я больше не ребенок!</l>
<l n="28">Не смей учить горбатого — молчи!</l>
<l n="29">Я говорю за всех с такою силой,</l>
<l n="30">Чтоб нёбо стало небом, чтобы губы</l>
<l n="31">Потрескались, как розовая глина.</l>
</lg>
<date when="1931-06-06">6 июня 1931</date>
</div2>
</div1>
</body>
</text>
</tei>
