<?xml version='1.0' encoding='UTF8'?>
<tei xmlns="http://www.tei-c.org/ns/1.0">
<teiheader>
<filedesc>
<titlestmt>
<title>Ариост (Во всей Италии приятнейший, умнейший...)</title>
<author>О.Э. Мандельштам</author>
</titlestmt>
<publicationstmt>
<p>АРТ-БИЗНЕС-ЦЕНТР МОСКВА 1993</p>
<biblstruct>
<biblscope n="" type="volume"></biblscope>
<biblscope n="" type="part"></biblscope>
</biblstruct></publicationstmt>
<sourcedesc>
<p>Издание подготовлено Мандельштамовским обществом</p>
</sourcedesc>
<respstmt>
<resp>Подготовка и разметка файлов - Алексей Литвинцев, Вероника Файнберг. Создание
          электронного ресурса - Тимофей Молчанов. Руководители проекта - Центр Digital Humanities,
          Мандельштамовское общество (НИУ ВШЭ).</resp>
</respstmt></filedesc>
<profiledesc>
<textdesc n="poem"></textdesc>
<textclass>
<catref target="3_059" type="ID"></catref>
<catref target="О.Э. Мандельштам. Собрание сочинений в 4-х т. -- М.: Терра, 1991" type="Источник"></catref>
<catref target="стихотворение" type="Жанр художественной литературы"></catref>
<catref target="цикл" type="Уточнение жанра"></catref>
<catref target="Х" type="Метр"></catref>
<catref target="4" type="Длина строки"></catref>
<catref target="регулярная" type="Клаузула"></catref>
<catref target="жм" type="Уточнение клаузулы"></catref>
<catref target="nan" type="Классическая строфа"></catref>
<catref target="перекрестная" type="Рифма"></catref>
<catref target="абаб" type="Схема рифмовки"></catref>
<catref target="Х4жм" type="Метрическая формула"></catref>
<catref target="nan" type="Дополнительные параметры"></catref>
<catref target="32" type="Число строк"></catref>
<catref target="nan" type="Автор оригинала"></catref>
<catref target="nan" type="Язык оригинала"></catref>
</textclass></profiledesc>
</teiheader>
<text>
<body>
<div1 n="3" type="volume">
<div2 n="59" type="part">
<head>59.
АРИОСТ</head>
<lg type="quatrain">
<l n="1">Во всей Италии приятнейший, умнейший,<rs ref="Италия" type="geo_index"></rs></l>
<l n="2">Любезный Ариост немножечко охрип.<rs ref="Ариосто, Лудовико " type="person"></rs></l>
<l n="3">Он наслаждается перечисленьем рыб</l>
<l n="4">И перчит все моря нелепицею злейшей.</l>
</lg>
<lg type="quatrain">
<l n="5">И, словно музыкант на десяти цимбалах,</l>
<l n="6">Не уставая рвать повествованья нить,</l>
<l n="7">Ведет туда-сюда, не зная сам, как быть,</l>
<l n="8">Запутанный рассказ о рыцарских скандалах.</l>
</lg>
<lg type="couplet">
<l n="9">На языке цикад пленительная смесь</l>
<l n="10">Из грусти пушкинской и средиземной спеси — </l>
</lg>
<lg type="quatrain">
<l n="11">И морю говорит: шуми без всяких дум,</l>
<l n="12">И деве на скале: лежи без покрывала...</l>
<l n="13">Рассказывай еще — тебя нам слишком мало,</l>
<l n="14">Покуда в жилах кровь, в ушах покуда шум.</l>
</lg>
<lg type="quatrain">
<l n="15">О город ящериц, в котором нет души, — </l>
<l n="16">Когда бы чаще ты таких мужей рожала,</l>
<l n="17">Феррара черствая! Который раз сначала,<rs ref="Феррара" type="geo_index"></rs></l>
<l n="18">Покуда в жилах кровь, рассказывай, спеши!</l>
</lg>
<lg type="quatrain">
<l n="19">В Европе холодно. В Италии темно.<rs ref="Европа" type="geo_index"></rs></l>
<l n="20">Власть отвратительна, как руки брадобрея,</l>
<l n="21">А он вельможится все лучше, все хитрее</l>
<l n="22">И улыбается в крылатое окно — </l>
</lg>
<lg type="quatrain">
<l n="23">Ягненку на горе, монаху на осляти,</l>
<l n="24">Солдатам герцога, юродивым слегка</l>
<l n="25">От винопития, чумы и чеснока,</l>
<l n="26">И в сетке синих мух уснувшему дитяти.</l>
</lg>
<lg type="quatrain">
<l n="27">А я люблю его неистовый досуг — </l>
<l n="28">Язык бессмысленный, язык солено-сладкий</l>
<l n="29">И звуков стакнутых прелестные двойчатки...</l>
<l n="30">Боюсь раскрыть ножом двустворчатый жемчуг.</l>
</lg>
<lg type="quatrain">
<l n="31">Любезный Ариост, быть может, век пройдет — <rs ref="Ариосто, Лудовико " type="person"></rs></l>
<l n="32">В одно широкое и братское лазорье</l>
<l n="33">Сольем твою лазурь и наше черноморье.</l>
<l n="34">...И мы бывали там. И мы там пили мед...</l>
</lg>
<date from="1933-05-04" to="1933-05-06">4—6 мая 1933</date>
</div2>
</div1>
</body>
</text>
</tei>
