<?xml version='1.0' encoding='UTF8'?>
<tei xmlns="http://www.tei-c.org/ns/1.0">
<teiheader>
<filedesc>
<titlestmt>
<title>Христиан Клейст</title>
<author>О.Э. Мандельштам</author>
</titlestmt>
<publicationstmt>
<p>АРТ-БИЗНЕС-ЦЕНТР МОСКВА 1993</p>
<biblstruct>
<biblscope n="" type="volume"></biblscope>
<biblscope n="" type="part"></biblscope>
</biblstruct></publicationstmt>
<sourcedesc>
<p>Издание подготовлено Мандельштамовским обществом</p>
</sourcedesc>
<respstmt>
<resp>Подготовка и разметка файлов - Алексей Литвинцев, Вероника Файнберг. Создание
          электронного ресурса - Тимофей Молчанов. Руководители проекта - Центр Digital Humanities,
          Мандельштамовское общество (НИУ ВШЭ).</resp>
</respstmt></filedesc>
<profiledesc>
<textdesc n="poem"></textdesc>
<textclass>
<catref target="3_057" type="ID"></catref>
<catref target="О.Э. Мандельштам. Собрание сочинений в 4-х т. -- М.: Терра, 1991" type="Источник"></catref>
<catref target="стихотворение" type="Жанр художественной литературы"></catref>
<catref target="цикл" type="Уточнение жанра"></catref>
<catref target="Х" type="Метр"></catref>
<catref target="4" type="Длина строки"></catref>
<catref target="регулярная" type="Клаузула"></catref>
<catref target="жмжжм" type="Уточнение клаузулы"></catref>
<catref target="nan" type="Классическая строфа"></catref>
<catref target="затянутая" type="Рифма"></catref>
<catref target="абааб" type="Схема рифмовки"></catref>
<catref target="Х4жм" type="Метрическая формула"></catref>
<catref target="нарушения строфики" type="Дополнительные параметры"></catref>
<catref target="19" type="Число строк"></catref>
<catref target="nan" type="Автор оригинала"></catref>
<catref target="nan" type="Язык оригинала"></catref>
</textclass></profiledesc>
</teiheader>
<text>
<body>
<div1 n="3" type="volume">
<div2 n="57" type="part">
<head>57.
ХРИСТИАН КЛЕЙСТ</head>
<lg type="quatrain">
<l n="1">Есть между нами похвала без лести,</l>
<l n="2">И дружба есть в упор, без фарисейства,</l>
<l n="3">Поучимся ж серьезности и чести</l>
<l n="4">У стихотворца Христиана Клейста.<rs ref="Клейст, Эвальд Христиан" type="person"></rs></l>
</lg>
<lg type="quatrain">
<l n="5">Еще во Франкфурте купцы зевали,<rs ref="Франкфурт-на-Одере" type="geo_index"></rs></l>
<l n="6">Еще о Гете не было известий,<rs ref="Гете, Иоганн Вольфганг" type="person"></rs></l>
<l n="7">Слагались гимны, кони гарцевали</l>
<l n="8">И пеpед битвой радовались вместе.</l>
</lg>
<lg type="tercet">
<l n="9">Война — как плющ в дубpаве шоколадной.</l>
<l n="10">Пока еще не увидала Рейна<rs ref="Рейн" type="geo_index"></rs></l>
<l n="11">Косматая казацкая папаха.</l>
</lg>
<lg type="tercet">
<l n="12">И прямо со страницы альманаха</l>
<l n="13">Он в бой сошел и умер так же складно,</l>
<l n="14">Как пел рябину с кружкой мозельвейна.</l>
</lg>
<date when="1932-08-08">8 августа 1932</date>
</div2>
</div1>
</body>
</text>
</tei>
