<?xml version='1.0' encoding='UTF8'?>
<tei xmlns="http://www.tei-c.org/ns/1.0">
<teiheader>
<filedesc>
<titlestmt>
<title>Стихи о русской поэзии. 3. «Полюбил я лес прекрасный...»</title>
<author>О.Э. Мандельштам</author>
</titlestmt>
<publicationstmt>
<p>АРТ-БИЗНЕС-ЦЕНТР МОСКВА 1993</p>
<biblstruct>
<biblscope n="" type="volume"></biblscope>
<biblscope n="" type="part"></biblscope>
</biblstruct></publicationstmt>
<sourcedesc>
<p>Издание подготовлено Мандельштамовским обществом</p>
</sourcedesc>
<respstmt>
<resp>Подготовка и разметка файлов - Алексей Литвинцев, Вероника Файнберг. Создание
          электронного ресурса - Тимофей Молчанов. Руководители проекта - Центр Digital Humanities,
          Мандельштамовское общество (НИУ ВШЭ).</resp>
</respstmt></filedesc>
<profiledesc>
<textdesc n="poem"></textdesc>
<textclass>
<catref target="3_056" type="ID"></catref>
<catref target="О.Э. Мандельштам. Собрание сочинений в 4-х т. -- М.: Терра, 1991" type="Источник"></catref>
<catref target="стихотворение" type="Жанр художественной литературы"></catref>
<catref target="nan" type="Уточнение жанра"></catref>
<catref target="Д" type="Метр"></catref>
<catref target="4" type="Длина строки"></catref>
<catref target="регулярная" type="Клаузула"></catref>
<catref target="жм" type="Уточнение клаузулы"></catref>
<catref target="nan" type="Классическая строфа"></catref>
<catref target="перекрестная" type="Рифма"></catref>
<catref target="абаб" type="Схема рифмовки"></catref>
<catref target="Д4жм" type="Метрическая формула"></catref>
<catref target="nan" type="Дополнительные параметры"></catref>
<catref target="24" type="Число строк"></catref>
<catref target="nan" type="Автор оригинала"></catref>
<catref target="nan" type="Язык оригинала"></catref>
</textclass></profiledesc>
</teiheader>
<text>
<body>
<div1 n="3" type="volume">
<div2 n="" type="part">
<div type="dedication">С.А.Клычкову</div>
<rs ref="Клычков (Лешенков), Сергей Антонович" type="person"></rs>
<lg type="quatrain">
<l n="1">Полюбил я лес прекрасный,</l>
<l n="2">Смешанный, где козырь — дуб,</l>
<l n="3">В листьях клена перец красный,</l>
<l n="4">В иглах — еж-черноголуб.</l>
</lg>
<lg type="quatrain">
<l n="5">Там фисташковые молкнут</l>
<l n="6">Голоса на молоке,</l>
<l n="7">И когда захочешь щелкнуть,</l>
<l n="8">Правды нет на языке.</l>
</lg>
<lg type="couplet">
<l n="9">Там живет народец мелкий — </l>
<l n="10">В желудевых шапках все — </l>
</lg>
<lg type="quatrain">
<l n="11">Там щавель, там вымя птичье,</l>
<l n="12">Хвой павлинья кутерьма,</l>
<l n="13">Ротозейство и величье</l>
<l n="14">И скорлупчатая тьма.</l>
</lg>
<lg type="quatrain">
<l n="15">Тычут шпагами шишиги,</l>
<l n="16">В треуголках носачи,</l>
<l n="17">На углях читают книги</l>
<l n="18">С самоваром палачи.</l>
</lg>
<lg type="quatrain">
<l n="19">И еще грибы-волнушки,</l>
<l n="20">В сбруе тонкого дождя,</l>
<l n="21">Вдруг поднимутся с опушки — </l>
<l n="22">Так, немного погодя...</l>
</lg>
<lg type="quatrain">
<l n="23">Там без выгоды уроды</l>
<l n="24">Режутся в девятый вал,</l>
<l n="25">Храп коня и крап колоды — </l>
<l n="26">Кто кого? Пошел развал...</l>
</lg>
<lg type="quatrain">
<l n="27">И деревья — брат на брата — </l>
<l n="28">Восстают. Понять спеши:</l>
<l n="29">До чего аляповаты,</l>
<l n="30">До чего как хороши!</l>
</lg>
<date from="1932-07-03" to="1932-07-07">3—7 июля 1932</date>
</div2>
</div1>
</body>
</text>
</tei>
