<?xml version='1.0' encoding='UTF8'?>
<tei xmlns="http://www.tei-c.org/ns/1.0">
<teiheader>
<filedesc>
<titlestmt>
<title>К немецкой речи</title>
<author>О.Э. Мандельштам</author>
</titlestmt>
<publicationstmt>
<p>АРТ-БИЗНЕС-ЦЕНТР МОСКВА 1993</p>
<biblstruct>
<biblscope n="" type="volume"></biblscope>
<biblscope n="" type="part"></biblscope>
</biblstruct></publicationstmt>
<sourcedesc>
<p>Издание подготовлено Мандельштамовским обществом</p>
</sourcedesc>
<respstmt>
<resp>Подготовка и разметка файлов - Алексей Литвинцев, Вероника Файнберг. Создание
          электронного ресурса - Тимофей Молчанов. Руководители проекта - Центр Digital Humanities,
          Мандельштамовское общество (НИУ ВШЭ).</resp>
</respstmt></filedesc>
<profiledesc>
<textdesc n="poem"></textdesc>
<textclass>
<catref target="3_058" type="ID"></catref>
<catref target="О.Э. Мандельштам. Собрание сочинений в 4-х т. -- М.: Терра, 1991" type="Источник"></catref>
<catref target="стихотворение" type="Жанр художественной литературы"></catref>
<catref target="цикл" type="Уточнение жанра"></catref>
<catref target="Х" type="Метр"></catref>
<catref target="4" type="Длина строки"></catref>
<catref target="регулярная" type="Клаузула"></catref>
<catref target="жм" type="Уточнение клаузулы"></catref>
<catref target="nan" type="Классическая строфа"></catref>
<catref target="перекрестная" type="Рифма"></catref>
<catref target="абаб" type="Схема рифмовки"></catref>
<catref target="Х4жм" type="Метрическая формула"></catref>
<catref target="нарушения строфики, холостая строка" type="Дополнительные параметры"></catref>
<catref target="16" type="Число строк"></catref>
<catref target="nan" type="Автор оригинала"></catref>
<catref target="nan" type="Язык оригинала"></catref>
</textclass></profiledesc>
</teiheader>
<text>
<body>
<div1 n="3" type="volume">
<div2 n="58" type="part">
<head>58.
К НЕМЕЦКОЙ РЕЧИ</head>
<div type="dedication">Б.С.Кузину</div>
<rs ref="Кузин, Борис Сергеевич" type="person"></rs>
<epigraph>
<quote>Freund! Versäume nicht zu leben:
Denn die Jahre fliehn,
Und es wird der Saft der Reben
Uns nicht lange glühn! 
</quote>
<bibl>Ewald Christian Kleist</bibl>
</epigraph>
<rs ref="Кузин, Борис Сергеевич" type="person"></rs>
<lg type="quatrain">
<l n="1">Себя губя, себе противореча,</l>
<l n="2">Как моль летит на огонек полночный,</l>
<l n="3">Мне хочется уйти из нашей речи</l>
<l n="4">За все, чем я обязан ей бессрочно.</l>
</lg>
<lg type="quatrain">
<l n="5">Есть между нами похвала без лести</l>
<l n="6">И дружба есть в упор, без фарисейства — </l>
<l n="7">Поучимся ж серьезности и чести</l>
<l n="8">На западе у чуждого семейства.</l>
</lg>
<lg type="quatrain">
<l n="9">Поэзия, тебе полезны грозы!</l>
<l n="10">Я вспоминаю немца— офицера,</l>
<l n="11">И за эфес его цеплялись розы,</l>
<l n="12">И на губах его была Церера...<rs ref="Церера" type="myth_index"></rs></l>
</lg>
<lg type="quatrain">
<l n="13">Еще во Франкфурте отцы зевали,<rs ref="Франкфурт-на-Одере" type="geo_index"></rs></l>
<l n="14">Еще о Гете не было известий,<rs ref="Гете, Иоганн Вольфганг" type="person"></rs></l>
<l n="15">Слагались гимны, кони гарцевали</l>
<l n="16">И, словно буквы, прыгали на месте.</l>
</lg>
<lg type="quatrain">
<l n="17">Скажите мне, друзья, в какой Валгалле</l>
<l n="18">Мы вместе с вами щелкали орехи,</l>
<l n="19">Какой свободой вы располагали,</l>
<l n="20">Какие вы поставили мне вехи.</l>
</lg>
<lg type="quatrain">
<l n="21">И прямо со страницы альманаха,</l>
<l n="22">От новизны его первостатейной,</l>
<l n="23">Сбегали в гроб ступеньками, без страха,</l>
<l n="24">Как в погребок за кружкой мозельвейна.</l>
</lg>
<lg type="quatrain">
<l n="25">Чужая речь мне будет оболочкой,</l>
<l n="26">И много прежде, чем я смел родиться,</l>
<l n="27">Я буквой был, был виноградной строчкой,</l>
<l n="28">Я книгой был, которая вам снится.</l>
</lg>
<lg type="quatrain">
<l n="29">Когда я спал без облика и склада,</l>
<l n="30">Я дружбой был, как выстрелом, разбужен.</l>
<l n="31">Бог Нахтигаль, дай мне судьбу Пилада</l>
<l n="32">Иль вырви мне язык — он мне не нужен.</l>
</lg>
<lg type="quatrain">
<l n="33">Бог Нахтигаль, меня еще вербуют</l>
<l n="34">Для новых чум, для семилетних боен.</l>
<l n="35">Звук сузился, слова шипят, бунтуют,</l>
<l n="36">Но ты живешь, и я с тобой спокоен.</l>
</lg>
<date from="1932-08-08" to="1932-08-12">8— 12 августа 1932</date>
<note>

* Друг! Не упусти (в суете) самое жизнь. // Ибо годы летят // И сок винограда // Недолго еще будет нас горячить! Эвальд Хpистиан Клейст (нем.).
</note>
<rs ref="Клейст, Эвальд Христиан" type="person"></rs>
</div2>
</div1>
</body>
</text>
</tei>
