<?xml version='1.0' encoding='UTF8'?>
<tei xmlns="http://www.tei-c.org/ns/1.0">
<teiheader>
<filedesc>
<titlestmt>
<title>Батюшков</title>
<author>О.Э. Мандельштам</author>
</titlestmt>
<publicationstmt>
<p>АРТ-БИЗНЕС-ЦЕНТР МОСКВА 1993</p>
<biblstruct>
<biblscope n="" type="volume"></biblscope>
<biblscope n="" type="part"></biblscope>
</biblstruct></publicationstmt>
<sourcedesc>
<p>Издание подготовлено Мандельштамовским обществом</p>
</sourcedesc>
<respstmt>
<resp>Подготовка и разметка файлов - Алексей Литвинцев, Вероника Файнберг. Создание
          электронного ресурса - Тимофей Молчанов. Руководители проекта - Центр Digital Humanities,
          Мандельштамовское общество (НИУ ВШЭ).</resp>
</respstmt></filedesc>
<profiledesc>
<textdesc n="poem"></textdesc>
<textclass>
<catref target="3_053" type="ID"></catref>
<catref target="О.Э. Мандельштам. Собрание сочинений в 4-х т. -- М.: Терра, 1991" type="Источник"></catref>
<catref target="стихотворение" type="Жанр художественной литературы"></catref>
<catref target="nan" type="Уточнение жанра"></catref>
<catref target="Я" type="Метр"></catref>
<catref target="регулярная" type="Длина строки"></catref>
<catref target="регулярная" type="Клаузула"></catref>
<catref target="мж" type="Уточнение клаузулы"></catref>
<catref target="nan" type="Классическая строфа"></catref>
<catref target="перекрестная" type="Рифма"></catref>
<catref target="абаб" type="Схема рифмовки"></catref>
<catref target="Я4м+Я3ж" type="Метрическая формула"></catref>
<catref target="nan" type="Дополнительные параметры"></catref>
<catref target="8" type="Число строк"></catref>
<catref target="nan" type="Автор оригинала"></catref>
<catref target="nan" type="Язык оригинала"></catref>
</textclass></profiledesc>
</teiheader>
<text>
<body>
<div1 n="3" type="volume">
<div2 n="53" type="part">
<head>53.
БАТЮШКОВ</head>
<lg type="quatrain">
<l n="1">Словно гуляка с волшебною тростью,</l>
<l n="2">Батюшков нежный со мною живет.<rs ref="Батюшков, Константин Николаевич" type="person"></rs></l>
<l n="3">Он тополями шагает в замостье,</l>
<l n="4">Нюхает розу и Дафну поет.<rs ref="Дафна" type="myth_index"></rs></l>
</lg>
<lg type="quatrain">
<l n="5">Ни на минуту не веря в разлуку,</l>
<l n="6">Кажется, я поклонился ему:</l>
<l n="7">В светлой перчатке холодную руку</l>
<l n="8">Я с лихорадочной завистью жму.</l>
</lg>
<lg type="quatrain">
<l n="9">Он усмехнулся. Я молвил: спасибо.</l>
<l n="10">И не нашел от смущения слов:</l>
<l n="11">— Ни у кого — этих звуков изгибы...</l>
<l n="12">— И никогда — этот говор валов...</l>
</lg>
<lg type="quatrain">
<l n="13">Наше мученье и наше богатство,</l>
<l n="14">Косноязычный, с собой он принес — </l>
<l n="15">Шум стихотворства и колокол братства</l>
<l n="16">И гармонический проливень слез.</l>
</lg>
<lg type="quatrain">
<l n="17">И отвечал мне оплакавший Тасса:<rs ref="Тассо, Торквато" type="person"></rs></l>
<l n="18">— Я к величаньям еще не привык;</l>
<l n="19">Только стихов виноградное мясо</l>
<l n="20">Мне освежило случайно язык...</l>
</lg>
<lg type="quatrain">
<l n="21">Что ж! Поднимай удивленные брови,</l>
<l n="22">Ты, горожанин и друг горожан,</l>
<l n="23">Вечные сны, как образчики крови,</l>
<l n="24">Переливай из стакана в стакан...</l>
</lg>
<date when="1932-06-18">18 июня 1932</date>
</div2>
</div1>
</body>
</text>
</tei>
