<?xml version='1.0' encoding='UTF8'?>
<tei xmlns="http://www.tei-c.org/ns/1.0">
<teiheader>
<filedesc>
<titlestmt>
<title>Импрессионизм</title>
<author>О.Э. Мандельштам</author>
</titlestmt>
<publicationstmt>
<p>АРТ-БИЗНЕС-ЦЕНТР МОСКВА 1993</p>
<biblstruct>
<biblscope n="" type="volume"></biblscope>
<biblscope n="" type="part"></biblscope>
</biblstruct></publicationstmt>
<sourcedesc>
<p>Издание подготовлено Мандельштамовским обществом</p>
</sourcedesc>
<respstmt>
<resp>Подготовка и разметка файлов - Алексей Литвинцев, Вероника Файнберг. Создание
          электронного ресурса - Тимофей Молчанов. Руководители проекта - Центр Digital Humanities,
          Мандельштамовское общество (НИУ ВШЭ).</resp>
</respstmt></filedesc>
<profiledesc>
<textdesc n="poem"></textdesc>
<textclass>
<catref target="3_051" type="ID"></catref>
<catref target="О.Э. Мандельштам. Собрание сочинений в 4-х т. -- М.: Терра, 1991" type="Источник"></catref>
<catref target="стихотворение" type="Жанр художественной литературы"></catref>
<catref target="nan" type="Уточнение жанра"></catref>
<catref target="Я" type="Метр"></catref>
<catref target="4" type="Длина строки"></catref>
<catref target="регулярная" type="Клаузула"></catref>
<catref target="жм" type="Уточнение клаузулы"></catref>
<catref target="nan" type="Классическая строфа"></catref>
<catref target="перекрестная" type="Рифма"></catref>
<catref target="абаб" type="Схема рифмовки"></catref>
<catref target="Я4жм" type="Метрическая формула"></catref>
<catref target="nan" type="Дополнительные параметры"></catref>
<catref target="24" type="Число строк"></catref>
<catref target="nan" type="Автор оригинала"></catref>
<catref target="nan" type="Язык оригинала"></catref>
</textclass></profiledesc>
</teiheader>
<text>
<body>
<div1 n="3" type="volume">
<div2 n="51" type="part">
<head>51.
ИМПРЕССИОНИЗМ</head>
<lg type="quatrain">
<l n="1">Художник нам изобразил</l>
<l n="2">Глубокий обморок сирени</l>
<l n="3">И красок звучные ступени</l>
<l n="4">На холст, как струпья, положил.</l>
</lg>
<lg type="quatrain">
<l n="5">Он понял масла густоту — </l>
<l n="6">Его запекшееся лето</l>
<l n="7">Лиловым мозгом разогрето,</l>
<l n="8">Расширенное в духоту.</l>
</lg>
<lg type="quatrain">
<l n="9">А тень-то, тень все лиловей,</l>
<l n="10">Свисток иль хлыст, как спичка, тухнет, — </l>
<l n="11">Ты скажешь: повара на кухне</l>
<l n="12">Готовят жирных голубей.</l>
</lg>
<lg type="quatrain">
<l n="13">Угадывается качель,</l>
<l n="14">Недомалеваны вуали,</l>
<l n="15">И в этом солнечном развале</l>
<l n="16">Уже хозяйничает шмель.</l>
</lg>
<date when="1932-05-23">23 мая 1932</date>
</div2>
</div1>
</body>
</text>
</tei>
