<?xml version='1.0' encoding='UTF8'?>
<tei xmlns="http://www.tei-c.org/ns/1.0">
<teiheader>
<filedesc>
<titlestmt>
<title>Стихи о русской поэзии. 2. «Зашумела, задрожала...»</title>
<author>О.Э. Мандельштам</author>
</titlestmt>
<publicationstmt>
<p>АРТ-БИЗНЕС-ЦЕНТР МОСКВА 1993</p>
<biblstruct>
<biblscope n="" type="volume"></biblscope>
<biblscope n="" type="part"></biblscope>
</biblstruct></publicationstmt>
<sourcedesc>
<p>Издание подготовлено Мандельштамовским обществом</p>
</sourcedesc>
<respstmt>
<resp>Подготовка и разметка файлов - Алексей Литвинцев, Вероника Файнберг. Создание
          электронного ресурса - Тимофей Молчанов. Руководители проекта - Центр Digital Humanities,
          Мандельштамовское общество (НИУ ВШЭ).</resp>
</respstmt></filedesc>
<profiledesc>
<textdesc n="poem"></textdesc>
<textclass>
<catref target="3_055" type="ID"></catref>
<catref target="О.Э. Мандельштам. Собрание сочинений в 4-х т. -- М.: Терра, 1991" type="Источник"></catref>
<catref target="стихотворение" type="Жанр художественной литературы"></catref>
<catref target="nan" type="Уточнение жанра"></catref>
<catref target="Х" type="Метр"></catref>
<catref target="4" type="Длина строки"></catref>
<catref target="регулярная" type="Клаузула"></catref>
<catref target="жм" type="Уточнение клаузулы"></catref>
<catref target="nan" type="Классическая строфа"></catref>
<catref target="перекрестная" type="Рифма"></catref>
<catref target="абаб" type="Схема рифмовки"></catref>
<catref target="Х4жм" type="Метрическая формула"></catref>
<catref target="nan" type="Дополнительные параметры"></catref>
<catref target="12" type="Число строк"></catref>
<catref target="nan" type="Автор оригинала"></catref>
<catref target="nan" type="Язык оригинала"></catref>
</textclass></profiledesc>
</teiheader>
<text>
<body>
<div1 n="3" type="volume">
<div2 n="" type="part">
<lg type="quatrain">
<l n="1">Зашумела, задрожала,</l>
<l n="2">Как смоковницы листва,</l>
<l n="3">До корней затрепетала</l>
<l n="4">С подмосковными Москва.<rs ref="Москва" type="geo_index"></rs><rs ref="Москва" type="geo_index"></rs></l>
</lg>
<lg type="quatrain">
<l n="5">Катит гром свою тележку</l>
<l n="6">По торговой мостовой,</l>
<l n="7">И расхаживает ливень</l>
<l n="8">С длинной плеткой ручьевой.</l>
</lg>
<lg type="quatrain">
<l n="9">И угодливо поката</l>
<l n="10">Кажется земля, пока</l>
<l n="11">Шум на шум, как брат на брата,</l>
<l n="12">Восстают издалека.</l>
</lg>
<lg type="quatrain">
<l n="13">Капли прыгают галопом,</l>
<l n="14">Скачут градины гурьбой</l>
<l n="15">С рабским потом, конским топом</l>
<l n="16">И древесною молвой.</l>
</lg>
<date when="1932-07-04">4 июля 1932</date>
</div2>
</div1>
</body>
</text>
</tei>
