<?xml version='1.0' encoding='UTF8'?>
<tei xmlns="http://www.tei-c.org/ns/1.0">
<teiheader>
<filedesc>
<titlestmt>
<title>«Холодная весна. Бесхлебный, робкий Крым...»</title>
<author>О.Э. Мандельштам</author>
</titlestmt>
<publicationstmt>
<p>АРТ-БИЗНЕС-ЦЕНТР МОСКВА 1993</p>
<biblstruct>
<biblscope n="" type="volume"></biblscope>
<biblscope n="" type="part"></biblscope>
</biblstruct></publicationstmt>
<sourcedesc>
<p>Издание подготовлено Мандельштамовским обществом</p>
</sourcedesc>
<respstmt>
<resp>Подготовка и разметка файлов - Алексей Литвинцев, Вероника Файнберг. Создание
          электронного ресурса - Тимофей Молчанов. Руководители проекта - Центр Digital Humanities,
          Мандельштамовское общество (НИУ ВШЭ).</resp>
</respstmt></filedesc>
<profiledesc>
<textdesc n="poem"></textdesc>
<textclass>
<catref target="3_063" type="ID"></catref>
<catref target="О.Э. Мандельштам. Собрание сочинений в 4-х т. -- М.: Терра, 1991" type="Источник"></catref>
<catref target="стихотворение" type="Жанр художественной литературы"></catref>
<catref target="nan" type="Уточнение жанра"></catref>
<catref target="Я" type="Метр"></catref>
<catref target="6" type="Длина строки"></catref>
<catref target="вольная" type="Клаузула"></catref>
<catref target="ж, м" type="Уточнение клаузулы"></catref>
<catref target="nan" type="Классическая строфа"></catref>
<catref target="вольная" type="Рифма"></catref>
<catref target="nan" type="Схема рифмовки"></catref>
<catref target="Я6ж,м" type="Метрическая формула"></catref>
<catref target="нарушения строфики" type="Дополнительные параметры"></catref>
<catref target="29" type="Число строк"></catref>
<catref target="nan" type="Автор оригинала"></catref>
<catref target="nan" type="Язык оригинала"></catref>
</textclass></profiledesc>
</teiheader>
<text>
<body>
<div1 n="3" type="volume">
<div2 n="63" type="part">
<head>63.</head>
<lg type="quatrain">
<l n="1">Холодная весна. Бесхлебный, робкий Крым.<rs ref="Крым" type="geo_index"></rs></l>
<l n="2">Как был при Врангеле, такой же виноватый.<rs ref="Врангель, Петр Николаевич" type="person"></rs></l>
<l n="3">Колючки на земле, на рубищах заплаты,</l>
<l n="4">Все тот же кисленький, кусающийся дым.</l>
</lg>
<lg type="quatrain">
<l n="5">Все так же хороша рассеянная даль,</l>
<l n="6">Деревья, почками набухшие на малость,</l>
<l n="7">Стоят, как пришлые, и вызывает жалость</l>
<l n="8">Пасхальной глупостью украшенный миндаль.</l>
</lg>
<lg type="quatrain">
<l n="9">Природа своего не узнает лица,</l>
<l n="10">И тени страшные Украйны и Кубани — <rs ref="Кубань" type="geo_index"></rs></l>
<l n="11">На войлочной земле голодные крестьяне</l>
<l n="12">Калитку стерегут, не трогая кольца...</l>
</lg>
<date from="1933-06" to="1933-08">Лето 1933, Москва</date>
<rs ref="Москва" type="geo_index"></rs>
</div2>
</div1>
</body>
</text>
</tei>
