<?xml version='1.0' encoding='UTF8'?>
<tei xmlns="http://www.tei-c.org/ns/1.0">
<teiheader>
<filedesc>
<titlestmt>
<title>«Не искушай чужих наречий, но постарайся их забыть...»</title>
<author>О.Э. Мандельштам</author>
</titlestmt>
<publicationstmt>
<p>АРТ-БИЗНЕС-ЦЕНТР МОСКВА 1993</p>
<biblstruct>
<biblscope n="" type="volume"></biblscope>
<biblscope n="" type="part"></biblscope>
</biblstruct></publicationstmt>
<sourcedesc>
<p>Издание подготовлено Мандельштамовским обществом</p>
</sourcedesc>
<respstmt>
<resp>Подготовка и разметка файлов - Алексей Литвинцев, Вероника Файнберг. Создание
          электронного ресурса - Тимофей Молчанов. Руководители проекта - Центр Digital Humanities,
          Мандельштамовское общество (НИУ ВШЭ).</resp>
</respstmt></filedesc>
<profiledesc>
<textdesc n="poem"></textdesc>
<textclass>
<catref target="3_062" type="ID"></catref>
<catref target="О.Э. Мандельштам. Собрание сочинений в 4-х т. -- М.: Терра, 1991" type="Источник"></catref>
<catref target="стихотворение" type="Жанр художественной литературы"></catref>
<catref target="nan" type="Уточнение жанра"></catref>
<catref target="Я" type="Метр"></catref>
<catref target="6" type="Длина строки"></catref>
<catref target="вольная" type="Клаузула"></catref>
<catref target="ж, м" type="Уточнение клаузулы"></catref>
<catref target="nan" type="Классическая строфа"></catref>
<catref target="охватная" type="Рифма"></catref>
<catref target="абба" type="Схема рифмовки"></catref>
<catref target="Я6ж,м" type="Метрическая формула"></catref>
<catref target="nan" type="Дополнительные параметры"></catref>
<catref target="36" type="Число строк"></catref>
<catref target="nan" type="Автор оригинала"></catref>
<catref target="nan" type="Язык оригинала"></catref>
</textclass></profiledesc>
</teiheader>
<text>
<body>
<div1 n="3" type="volume">
<div2 n="62" type="part">
<head>62.</head>
<lg type="couplet">
<l n="1">Не искушай чужих наречий, но постарайся их забыть:</l>
<l n="2">Ведь все равно ты не сумеешь стекло зубами укусить.</l>
</lg>
<lg type="couplet">
<l n="3">О, как мучительно дается чужого клекота полет — </l>
<l n="4">За беззаконные восторги лихая плата стережет.</l>
</lg>
<lg type="couplet">
<l n="5">Ведь умирающее тело и мыслящий бессмертный рот</l>
<l n="6">В последний раз перед разлукой чужое имя не спасет.</l>
</lg>
<lg type="couplet">
<l n="7">Что, если Ариост и Тассо, обворожающие нас,<rs ref="Ариосто, Лудовико " type="person"></rs></l>
<l n="8">Чудовища с лазурным мозгом и чешуей из влажных глаз?</l>
</lg>
<lg type="couplet">
<l n="9">И в наказанье за гордыню, неисправимый звуколюб,</l>
<l n="10">Получишь уксусную губку ты для изменнических губ.</l>
</lg>
<date when="1933-05">Май 1933</date>
</div2>
</div1>
</body>
</text>
</tei>
