<?xml version='1.0' encoding='UTF8'?>
<tei xmlns="http://www.tei-c.org/ns/1.0">
<teiheader>
<filedesc>
<titlestmt>
<title>«Мы живем, под собою не чуя страны...»</title>
<author>О.Э. Мандельштам</author>
</titlestmt>
<publicationstmt>
<p>АРТ-БИЗНЕС-ЦЕНТР МОСКВА 1993</p>
<biblstruct>
<biblscope n="" type="volume"></biblscope>
<biblscope n="" type="part"></biblscope>
</biblstruct></publicationstmt>
<sourcedesc>
<p>Издание подготовлено Мандельштамовским обществом</p>
</sourcedesc>
<respstmt>
<resp>Подготовка и разметка файлов - Алексей Литвинцев, Вероника Файнберг. Создание
          электронного ресурса - Тимофей Молчанов. Руководители проекта - Центр Digital Humanities,
          Мандельштамовское общество (НИУ ВШЭ).</resp>
</respstmt></filedesc>
<profiledesc>
<textdesc n="poem"></textdesc>
<textclass>
<catref target="3_064" type="ID"></catref>
<catref target="О.Э. Мандельштам. Собрание сочинений в 4-х т. -- М.: Терра, 1991" type="Источник"></catref>
<catref target="стихотворение" type="Жанр художественной литературы"></catref>
<catref target="nan" type="Уточнение жанра"></catref>
<catref target="Я" type="Метр"></catref>
<catref target="6" type="Длина строки"></catref>
<catref target="регулярная" type="Клаузула"></catref>
<catref target="мжжм" type="Уточнение клаузулы"></catref>
<catref target="nan" type="Классическая строфа"></catref>
<catref target="охватная" type="Рифма"></catref>
<catref target="абба" type="Схема рифмовки"></catref>
<catref target="Я6мж" type="Метрическая формула"></catref>
<catref target="nan" type="Дополнительные параметры"></catref>
<catref target="4" type="Число строк"></catref>
<catref target="nan" type="Автор оригинала"></catref>
<catref target="nan" type="Язык оригинала"></catref>
</textclass></profiledesc>
</teiheader>
<text>
<body>
<div1 n="3" type="volume">
<div2 n="64" type="part">
<head>64.</head>
<lg type="octet">
<l n="1">Мы живем, под собою не чуя страны,</l>
<l n="2">Наши речи за десять шагов не слышны,</l>
<l n="3">А где хватит на полразговорца,</l>
<l n="4">Там припомнят кремлевского горца.</l>
<l n="5">Его толстые пальцы, как черви, жирны,</l>
<l n="6">И слова, как пудовые гири, верны,</l>
<l n="7">Тараканьи смеются глазища</l>
<l n="8">И сияют его голенища.</l>
</lg>
<lg type="octet">
<l n="9">А вокруг него сброд тонкошеих вождей,</l>
<l n="10">Он играет услугами полулюдей.</l>
<l n="11">Кто свистит, кто мяучит, кто хнычет,</l>
<l n="12">Он один лишь бабачит и тычет.</l>
<l n="13">Как подкову, дарит за указом указ — </l>
<l n="14">Кому в пах, кому в лоб, кому в бровь, кому в глаз.</l>
<l n="15">Что ни казнь у него — то малина</l>
<l n="16">И широкая грудь осетина.</l>
</lg>
<date when="1933-11">Ноябрь 1933</date>
</div2>
</div1>
</body>
</text>
</tei>
