<?xml version='1.0' encoding='UTF8'?>
<tei xmlns="http://www.tei-c.org/ns/1.0">
<teiheader>
<filedesc>
<titlestmt>
<title>Ариост (В Европе холодно. В Италии темно...)</title>
<author>О.Э. Мандельштам</author>
</titlestmt>
<publicationstmt>
<p>АРТ-БИЗНЕС-ЦЕНТР МОСКВА 1993</p>
<biblstruct>
<biblscope n="" type="volume"></biblscope>
<biblscope n="" type="part"></biblscope>
</biblstruct></publicationstmt>
<sourcedesc>
<p>Издание подготовлено Мандельштамовским обществом</p>
</sourcedesc>
<respstmt>
<resp>Подготовка и разметка файлов - Алексей Литвинцев, Вероника Файнберг. Создание
          электронного ресурса - Тимофей Молчанов. Руководители проекта - Центр Digital Humanities,
          Мандельштамовское общество (НИУ ВШЭ).</resp>
</respstmt></filedesc>
<profiledesc>
<textdesc n="poem"></textdesc>
<textclass>
<catref target="3_060" type="ID"></catref>
<catref target="О.Э. Мандельштам. Собрание сочинений в 4-х т. -- М.: Терра, 1991" type="Источник"></catref>
<catref target="стихотворение" type="Жанр художественной литературы"></catref>
<catref target="nan" type="Уточнение жанра"></catref>
<catref target="Я" type="Метр"></catref>
<catref target="5" type="Длина строки"></catref>
<catref target="ж" type="Клаузула"></catref>
<catref target="nan" type="Уточнение клаузулы"></catref>
<catref target="сонет" type="Классическая строфа"></catref>
<catref target="перекрестная" type="Рифма"></catref>
<catref target="абаб вгвг деж жде" type="Схема рифмовки"></catref>
<catref target="Я5ж" type="Метрическая формула"></catref>
<catref target="nan" type="Дополнительные параметры"></catref>
<catref target="14" type="Число строк"></catref>
<catref target="nan" type="Автор оригинала"></catref>
<catref target="nan" type="Язык оригинала"></catref>
</textclass></profiledesc>
</teiheader>
<text>
<body>
<div1 n="3" type="volume">
<div2 n="60" type="part">
<head>60.
АРИОСТ</head>
<lg type="quatrain">
<l n="1">В Европе холодно. В Италии темно.<rs ref="Европа" type="geo_index"></rs></l>
<l n="2">Власть отвратительна, как руки брадобрея.</l>
<l n="3">О, если б распахнуть, да как нельзя скорее,</l>
<l n="4">На Адриатику широкое окно.<rs ref="Адриатическое море" type="geo_index"></rs></l>
</lg>
<lg type="quatrain">
<l n="5">Над розой мускусной жужжание пчелы,</l>
<l n="6">В степи полуденной — кузнечик мускулистый.</l>
<l n="7">Крылатой лошади подковы тяжелы,</l>
<l n="8">Часы песочные желты и золотисты.</l>
</lg>
<lg type="quatrain">
<l n="9">На языке цикад пленительная смесь</l>
<l n="10">Из грусти пушкинской и средиземной спеси,</l>
<l n="11">Как плющ назойливый, цепляющийся весь,</l>
<l n="12">Он мужественно врет, с Орландом куролеся.</l>
</lg>
<lg type="tercet">
<l n="13">Часы песочные желты и золотисты,</l>
<l n="14">В степи полуденной кузнечик мускулистый — </l>
<l n="15">И прямо на луну влетает враль плечистый...</l>
</lg>
<lg type="quatrain">
<l n="16">Любезный Ариост, посольская лиса,</l>
<l n="17">Цветущий папоротник, парусник, столетник,</l>
<l n="18">Ты слушал на луне овсянок голоса,</l>
<l n="19">А при дворе у рыб — ученый был советник.</l>
</lg>
<lg type="quatrain">
<l n="20">О, город ящериц, в котором нет души, — </l>
<l n="21">От ведьмы и судьи таких сынов рожала</l>
<l n="22">Феррара черствая и на цепи держала,<rs ref="Феррара" type="geo_index"></rs></l>
<l n="23">И солнце рыжего ума взошло в глуши.</l>
</lg>
<lg type="tercet">
<l n="24">Мы удивляемся лавчонке мясника,</l>
<l n="25">Под сеткой синих мух уснувшему дитяти,</l>
<l n="26">Ягненку на дворе, монаху на осляти,</l>
</lg>
<lg type="tercet">
<l n="27">Солдатам герцога, юродивым слегка</l>
<l n="28">От винопития, чумы и чеснока, — </l>
<l n="29">И свежей, как заря, удивлены утрате...</l>
</lg>
<date when="1933-05">Май 1933, июль 1935</date>
<date when="1935-07">Май 1933, июль 1935</date>
</div2>
</div1>
</body>
</text>
</tei>
