<?xml version='1.0' encoding='UTF8'?>
<tei xmlns="http://www.tei-c.org/ns/1.0">
<teiheader>
<filedesc>
<titlestmt>
<title>Восьмистишия. ‹7›. «И Шуберт на воде, и Моцарт в птичьем гаме...»</title>
<author>О.Э. Мандельштам</author>
</titlestmt>
<publicationstmt>
<p>АРТ-БИЗНЕС-ЦЕНТР МОСКВА 1993</p>
<biblstruct>
<biblscope n="" type="volume"></biblscope>
<biblscope n="" type="part"></biblscope>
</biblstruct></publicationstmt>
<sourcedesc>
<p>Издание подготовлено Мандельштамовским обществом</p>
</sourcedesc>
<respstmt>
<resp>Подготовка и разметка файлов - Алексей Литвинцев, Вероника Файнберг. Создание
          электронного ресурса - Тимофей Молчанов. Руководители проекта - Центр Digital Humanities,
          Мандельштамовское общество (НИУ ВШЭ).</resp>
</respstmt></filedesc>
<profiledesc>
<textdesc n="poem"></textdesc>
<textclass>
<catref target="3_074" type="ID"></catref>
<catref target="О.Э. Мандельштам. Собрание сочинений в 4-х т. -- М.: Терра, 1991" type="Источник"></catref>
<catref target="стихотворение" type="Жанр художественной литературы"></catref>
<catref target="цикл" type="Уточнение жанра"></catref>
<catref target="Я" type="Метр"></catref>
<catref target="5" type="Длина строки"></catref>
<catref target="регулярная" type="Клаузула"></catref>
<catref target="жм" type="Уточнение клаузулы"></catref>
<catref target="nan" type="Классическая строфа"></catref>
<catref target="перекрестная" type="Рифма"></catref>
<catref target="абаб" type="Схема рифмовки"></catref>
<catref target="Я5жм" type="Метрическая формула"></catref>
<catref target="nan" type="Дополнительные параметры"></catref>
<catref target="8" type="Число строк"></catref>
<catref target="nan" type="Автор оригинала"></catref>
<catref target="nan" type="Язык оригинала"></catref>
</textclass></profiledesc>
</teiheader>
<text>
<body>
<div1 n="3" type="volume">
<div2 n="7" type="part">
<lg type="octet">
<l n="1">И Шуберт на воде, и Моцарт в птичьем гаме,<rs ref="Шуберт, Франц Петер" type="person"></rs></l>
<l n="2">И Гете, свищущий на вьющейся тропе,<rs ref="Гете, Иоганн Вольфганг" type="person"></rs></l>
<l n="3">И Гамлет, мысливший пугливыми шагами,</l>
<l n="4">Считали пульс толпы и верили толпе.</l>
<l n="5">Быть может, прежде губ уже родился шопот</l>
<l n="6">И в бездревесности кружилися листы,</l>
<l n="7">И те, кому мы посвящаем опыт,</l>
<l n="8">До опыта приобрели черты.</l>
</lg>
<date from="1933-11" to="1934-01">Ноябрь 1933 — январь 1934</date>
</div2>
</div1>
</body>
</text>
</tei>
