<?xml version='1.0' encoding='UTF8'?>
<tei xmlns="http://www.tei-c.org/ns/1.0">
<teiheader>
<filedesc>
<titlestmt>
<title>‹Из Фр. Петрарки›. ‹1›. «Речка, распухшая от слез соленых...»</title>
<author>О.Э. Мандельштам</author>
</titlestmt>
<publicationstmt>
<p>АРТ-БИЗНЕС-ЦЕНТР МОСКВА 1993</p>
<biblstruct>
<biblscope n="" type="volume"></biblscope>
<biblscope n="" type="part"></biblscope>
</biblstruct></publicationstmt>
<sourcedesc>
<p>Издание подготовлено Мандельштамовским обществом</p>
</sourcedesc>
<respstmt>
<resp>Подготовка и разметка файлов - Алексей Литвинцев, Вероника Файнберг. Создание
          электронного ресурса - Тимофей Молчанов. Руководители проекта - Центр Digital Humanities,
          Мандельштамовское общество (НИУ ВШЭ).</resp>
</respstmt></filedesc>
<profiledesc>
<textdesc n="poem"></textdesc>
<textclass>
<catref target="3_079" type="ID"></catref>
<catref target="О.Э. Мандельштам. Собрание сочинений в 4-х т. -- М.: Терра, 1991" type="Источник"></catref>
<catref target="стихотворение" type="Жанр художественной литературы"></catref>
<catref target="цикл" type="Уточнение жанра"></catref>
<catref target="Аф" type="Метр"></catref>
<catref target="3" type="Длина строки"></catref>
<catref target="регулярная" type="Клаузула"></catref>
<catref target="жм" type="Уточнение клаузулы"></catref>
<catref target="nan" type="Классическая строфа"></catref>
<catref target="перекрестная" type="Рифма"></catref>
<catref target="абаб" type="Схема рифмовки"></catref>
<catref target="Аф3жм" type="Метрическая формула"></catref>
<catref target="nan" type="Дополнительные параметры"></catref>
<catref target="8" type="Число строк"></catref>
<catref target="nan" type="Автор оригинала"></catref>
<catref target="nan" type="Язык оригинала"></catref>
</textclass></profiledesc>
</teiheader>
<text>
<body>
<div1 n="3" type="volume">
<div2 n="1" type="part">
<head>79—82.
‹ИЗ ФР. ПЕТРАРКИ›</head>
<epigraph>
<quote>Valle che de’ lamenti miei se’ piena...</quote>
</epigraph>
<lg type="quatrain">
<l n="1">Речка, распухшая от слез соленых,</l>
<l n="2">Лесные птахи рассказать могли бы,</l>
<l n="3">Чуткие звери и немые рыбы,</l>
<l n="4">В двух берегах зажатые зеленых;</l>
</lg>
<lg type="quatrain">
<l n="5">Дол, полный клятв и шопотов каленых,</l>
<l n="6">Тропинок промуравленных изгибы,</l>
<l n="7">Силой любви затверженные глыбы</l>
<l n="8">И трещины земли на трудных склонах — </l>
</lg>
<lg type="tercet">
<l n="9">Незыблемое зыблется на месте,</l>
<l n="10">И зыблюсь я. Как бы внутри гранита,</l>
<l n="11">Зернится скорбь в гнезде былых веселий,</l>
</lg>
<lg type="tercet">
<l n="12">Где я ищу следов красы и чести,</l>
<l n="13">Исчезнувшей, как сокол после мыта,</l>
<l n="14">Оставив тело в земляной постели.</l>
</lg>
<date from="1933-12" to="1934-01">Декабрь 1933 — январь 1934</date>
</div2>
</div1>
</body>
</text>
</tei>
