<?xml version='1.0' encoding='UTF8'?>
<tei xmlns="http://www.tei-c.org/ns/1.0">
<teiheader>
<filedesc>
<titlestmt>
<title>‹Стихи памяти Андрея Белого›. «Когда душе и торопкой и робкой...»</title>
<author>О.Э. Мандельштам</author>
</titlestmt>
<publicationstmt>
<p>АРТ-БИЗНЕС-ЦЕНТР МОСКВА 1993</p>
<biblstruct>
<biblscope n="" type="volume"></biblscope>
<biblscope n="" type="part"></biblscope>
</biblstruct></publicationstmt>
<sourcedesc>
<p>Издание подготовлено Мандельштамовским обществом</p>
</sourcedesc>
<respstmt>
<resp>Подготовка и разметка файлов - Алексей Литвинцев, Вероника Файнберг. Создание
          электронного ресурса - Тимофей Молчанов. Руководители проекта - Центр Digital Humanities,
          Мандельштамовское общество (НИУ ВШЭ).</resp>
</respstmt></filedesc>
<profiledesc>
<textdesc n="poem"></textdesc>
<textclass>
<catref target="3_085" type="ID"></catref>
<catref target="О.Э. Мандельштам. Собрание сочинений в 4-х т. -- М.: Терра, 1991" type="Источник"></catref>
<catref target="стихотворение" type="Жанр художественной литературы"></catref>
<catref target="цикл" type="Уточнение жанра"></catref>
<catref target="Я" type="Метр"></catref>
<catref target="5" type="Длина строки"></catref>
<catref target="ж" type="Клаузула"></catref>
<catref target="nan" type="Уточнение клаузулы"></catref>
<catref target="сонет" type="Классическая строфа"></catref>
<catref target="сложная" type="Рифма"></catref>
<catref target="абба абба вгв гвг" type="Схема рифмовки"></catref>
<catref target="Я5ж" type="Метрическая формула"></catref>
<catref target="nan" type="Дополнительные параметры"></catref>
<catref target="14" type="Число строк"></catref>
<catref target="nan" type="Автор оригинала"></catref>
<catref target="nan" type="Язык оригинала"></catref>
</textclass></profiledesc>
</teiheader>
<text>
<body>
<div1 n="3" type="volume">
<div2 n="" type="part">
<lg type="quatrain">
<l n="1">Когда душе и то́ропкой и робкой</l>
<l n="2">Предстанет вдруг событий глубина,</l>
<l n="3">Она бежит виющеюся тропкой,</l>
<l n="4">Но смерти ей тропина не ясна.</l>
</lg>
<lg type="quatrain">
<l n="5">Он, кажется, дичился умиранья</l>
<l n="6">Застенчивостью славной новичка</l>
<l n="7">Иль звука первенца в блистательном собраньи,</l>
<l n="8">Что льется внутрь — в продольный лес смычка,</l>
</lg>
<lg type="quatrain">
<l n="9">Что льется вспять, еще ленясь и мерясь</l>
<l n="10">То мерой льна, то мерой волокна,</l>
<l n="11">И льется смолкой, сам себе не верясь,</l>
<l n="12">Из ничего, из нити, из темна, — </l>
</lg>
<lg type="quatrain">
<l n="13">Лиясь для ласковой, только что снятой маски,</l>
<l n="14">Для пальцев гипсовых, не держащих пера,</l>
<l n="15">Для укрупненных губ, для укрепленной ласки</l>
<l n="16">Крупнозернистого покоя и добра.</l>
</lg>
<date when="1934-01">Январь 1934</date>
</div2>
</div1>
</body>
</text>
</tei>
