<?xml version='1.0' encoding='UTF8'?>
<tei xmlns="http://www.tei-c.org/ns/1.0">
<teiheader>
<filedesc>
<titlestmt>
<title>‹Из Фр. Петрарки›. ‹2›. «Как соловей, сиротствующий, славит...»</title>
<author>О.Э. Мандельштам</author>
</titlestmt>
<publicationstmt>
<p>АРТ-БИЗНЕС-ЦЕНТР МОСКВА 1993</p>
<biblstruct>
<biblscope n="" type="volume"></biblscope>
<biblscope n="" type="part"></biblscope>
</biblstruct></publicationstmt>
<sourcedesc>
<p>Издание подготовлено Мандельштамовским обществом</p>
</sourcedesc>
<respstmt>
<resp>Подготовка и разметка файлов - Алексей Литвинцев, Вероника Файнберг. Создание
          электронного ресурса - Тимофей Молчанов. Руководители проекта - Центр Digital Humanities,
          Мандельштамовское общество (НИУ ВШЭ).</resp>
</respstmt></filedesc>
<profiledesc>
<textdesc n="poem"></textdesc>
<textclass>
<catref target="3_080" type="ID"></catref>
<catref target="О.Э. Мандельштам. Собрание сочинений в 4-х т. -- М.: Терра, 1991" type="Источник"></catref>
<catref target="стихотворение" type="Жанр художественной литературы"></catref>
<catref target="цикл" type="Уточнение жанра"></catref>
<catref target="Аф" type="Метр"></catref>
<catref target="3" type="Длина строки"></catref>
<catref target="регулярная" type="Клаузула"></catref>
<catref target="жм" type="Уточнение клаузулы"></catref>
<catref target="nan" type="Классическая строфа"></catref>
<catref target="перекрестная" type="Рифма"></catref>
<catref target="абаб" type="Схема рифмовки"></catref>
<catref target="Аф3жм" type="Метрическая формула"></catref>
<catref target="nan" type="Дополнительные параметры"></catref>
<catref target="8" type="Число строк"></catref>
<catref target="nan" type="Автор оригинала"></catref>
<catref target="nan" type="Язык оригинала"></catref>
</textclass></profiledesc>
</teiheader>
<text>
<body>
<div1 n="3" type="volume">
<div2 n="2" type="part">
<epigraph>
<quote>Quel rosignuol che sì soave piagne...</quote>
</epigraph>
<lg type="quatrain">
<l n="1">Как соловей, сиротствующий, славит</l>
<l n="2">Своих пернатых близких ночью синей</l>
<l n="3">И деревенское молчанье плавит</l>
<l n="4">По-над холмами или в котловине,</l>
</lg>
<lg type="couplet">
<l n="5">И всю-то ночь щекочет и муравит</l>
<l n="6">И провожает он, один отныне, — </l>
</lg>
<lg type="tercet">
<l n="7">О, радужная оболочка страха!</l>
<l n="8">Эфир очей, глядевших в глубь эфира,</l>
<l n="9">Взяла земля в слепую люльку праха, — </l>
</lg>
<lg type="tercet">
<l n="10">Исполнилось твое желанье, пряха,</l>
<l n="11">И, плачучи, твержу: вся прелесть мира</l>
<l n="12">Ресничного недолговечней взмаха.</l>
</lg>
<date from="1933-12" to="1934-01">Декабрь 1933 — январь 1934</date>
</div2>
</div1>
</body>
</text>
</tei>
