<?xml version='1.0' encoding='UTF8'?>
<tei xmlns="http://www.tei-c.org/ns/1.0">
<teiheader>
<filedesc>
<titlestmt>
<title>‹Из Фр. Петрарки›. ‹4›. «Промчались дни мои — как бы оленей...»</title>
<author>О.Э. Мандельштам</author>
</titlestmt>
<publicationstmt>
<p>АРТ-БИЗНЕС-ЦЕНТР МОСКВА 1993</p>
<biblstruct>
<biblscope n="" type="volume"></biblscope>
<biblscope n="" type="part"></biblscope>
</biblstruct></publicationstmt>
<sourcedesc>
<p>Издание подготовлено Мандельштамовским обществом</p>
</sourcedesc>
<respstmt>
<resp>Подготовка и разметка файлов - Алексей Литвинцев, Вероника Файнберг. Создание
          электронного ресурса - Тимофей Молчанов. Руководители проекта - Центр Digital Humanities,
          Мандельштамовское общество (НИУ ВШЭ).</resp>
</respstmt></filedesc>
<profiledesc>
<textdesc n="poem"></textdesc>
<textclass>
<catref target="3_082" type="ID"></catref>
<catref target="О.Э. Мандельштам. Собрание сочинений в 4-х т. -- М.: Терра, 1991" type="Источник"></catref>
<catref target="стихотворение" type="Жанр художественной литературы"></catref>
<catref target="цикл" type="Уточнение жанра"></catref>
<catref target="Я" type="Метр"></catref>
<catref target="5" type="Длина строки"></catref>
<catref target="ж" type="Клаузула"></catref>
<catref target="nan" type="Уточнение клаузулы"></catref>
<catref target="сонет" type="Классическая строфа"></catref>
<catref target="сложная" type="Рифма"></catref>
<catref target="абба абба вгд вгд" type="Схема рифмовки"></catref>
<catref target="Я5ж" type="Метрическая формула"></catref>
<catref target="перебои" type="Дополнительные параметры"></catref>
<catref target="14" type="Число строк"></catref>
<catref target="nan" type="Автор оригинала"></catref>
<catref target="nan" type="Язык оригинала"></catref>
</textclass></profiledesc>
</teiheader>
<text>
<body>
<div1 n="3" type="volume">
<div2 n="4" type="part">
<epigraph>
<quote>I di miei piu leggier che nessun cervo...</quote>
</epigraph>
<lg type="quatrain">
<l n="1">Промчались дни мои — как бы оленей</l>
<l n="2">Косящий бег. Срок счастья был короче,</l>
<l n="3">Чем взмах ресницы. Из последней мочи</l>
<l n="4">Я в горсть зажал лишь пепел наслаждений.</l>
</lg>
<lg type="quatrain">
<l n="5">По милости надменных обольщений</l>
<l n="6">Ночует сердце в склепе скромной ночи,</l>
<l n="7">К земле бескостной жмется. Средоточий</l>
<l n="8">Знакомых ищет, сладостных сплетений.</l>
</lg>
<lg type="tercet">
<l n="9">Но то, что в ней едва существовало,</l>
<l n="10">Днесь, вырвавшись наверх, в очаг лазури,</l>
<l n="11">Пленять и ранить может, как бывало.</l>
</lg>
<lg type="tercet">
<l n="12">И я догадываюсь, брови хмуря:</l>
<l n="13">Как хороша? к какой толпе пристала?</l>
<l n="14">Как там клубится легких складок буря?</l>
</lg>
<date from="1934-01-04" to="1934-01-08">4—8 января 1934</date>
</div2>
</div1>
</body>
</text>
</tei>
