<?xml version='1.0' encoding='UTF8'?>
<tei xmlns="http://www.tei-c.org/ns/1.0">
<teiheader>
<filedesc>
<titlestmt>
<title>«Мастерица виноватых взоров...»</title>
<author>О.Э. Мандельштам</author>
</titlestmt>
<publicationstmt>
<p>АРТ-БИЗНЕС-ЦЕНТР МОСКВА 1993</p>
<biblstruct>
<biblscope n="" type="volume"></biblscope>
<biblscope n="" type="part"></biblscope>
</biblstruct></publicationstmt>
<sourcedesc>
<p>Издание подготовлено Мандельштамовским обществом</p>
</sourcedesc>
<respstmt>
<resp>Подготовка и разметка файлов - Алексей Литвинцев, Вероника Файнберг. Создание
          электронного ресурса - Тимофей Молчанов. Руководители проекта - Центр Digital Humanities,
          Мандельштамовское общество (НИУ ВШЭ).</resp>
</respstmt></filedesc>
<profiledesc>
<textdesc n="poem"></textdesc>
<textclass>
<catref target="3_088" type="ID"></catref>
<catref target="О.Э. Мандельштам. Собрание сочинений в 4-х т. -- М.: Терра, 1991" type="Источник"></catref>
<catref target="стихотворение" type="Жанр художественной литературы"></catref>
<catref target="nan" type="Уточнение жанра"></catref>
<catref target="Я" type="Метр"></catref>
<catref target="вольная" type="Длина строки"></catref>
<catref target="регулярная" type="Клаузула"></catref>
<catref target="жм" type="Уточнение клаузулы"></catref>
<catref target="nan" type="Классическая строфа"></catref>
<catref target="перекрестная" type="Рифма"></catref>
<catref target="абаб" type="Схема рифмовки"></catref>
<catref target="Я5,6жм" type="Метрическая формула"></catref>
<catref target="nan" type="Дополнительные параметры"></catref>
<catref target="16" type="Число строк"></catref>
<catref target="nan" type="Автор оригинала"></catref>
<catref target="nan" type="Язык оригинала"></catref>
</textclass></profiledesc>
</teiheader>
<text>
<body>
<div1 n="3" type="volume">
<div2 n="88" type="part">
<head>88.</head>
<lg type="quatrain">
<l n="1">Мастерица виноватых взоров,</l>
<l n="2">Маленьких держательница встреч,</l>
<l n="3">Усмирен мужской опасный норов,</l>
<l n="4">Не звучит утопленница— речь.</l>
</lg>
<lg type="quatrain">
<l n="5">Ходят рыбы, рдея плавниками,</l>
<l n="6">Раздувая жабры: на, возьми!</l>
<l n="7">Их, бесшумно охающих ртами,</l>
<l n="8">Полухлебом плоти накорми.</l>
</lg>
<lg type="quatrain">
<l n="9">Мы не рыбы красно— золотые,</l>
<l n="10">Наш обычай сестринский таков:</l>
<l n="11">В теплом теле ребрышки худые</l>
<l n="12">И напрасный влажный блеск зрачков.</l>
</lg>
<lg type="quatrain">
<l n="13">Маком бровки мечен путь опасный.</l>
<l n="14">Что же мне, как янычару, люб</l>
<l n="15">Этот крошечный, летуче-красный,</l>
<l n="16">Этот жалкий полумесяц губ?..</l>
</lg>
<lg type="quatrain">
<l n="17">Не серчай, турчанка дорогая:</l>
<l n="18">Я с тобой в глухой мешок зашьюсь,</l>
<l n="19">Твои речи темные глотая,</l>
<l n="20">За тебя кривой воды напьюсь.</l>
</lg>
<lg type="quatrain">
<l n="21">Наша нежность — гибнущим подмога,</l>
<l n="22">Надо смерть предупредить — уснуть.</l>
<l n="23">Я стою у твердого порога.</l>
<l n="24">Уходи, уйди, еще побудь.</l>
</lg>
<date from="1934-02-13" to="1934-02-14">13—14 февраля 1934</date>
</div2>
</div1>
</body>
</text>
</tei>
