<?xml version='1.0' encoding='UTF8'?>
<tei xmlns="http://www.tei-c.org/ns/1.0">
<teiheader>
<filedesc>
<titlestmt>
<title>‹Стихи памяти Андрея Белого›. 10 января 1934</title>
<author>О.Э. Мандельштам</author>
</titlestmt>
<publicationstmt>
<p>АРТ-БИЗНЕС-ЦЕНТР МОСКВА 1993</p>
<biblstruct>
<biblscope n="" type="volume"></biblscope>
<biblscope n="" type="part"></biblscope>
</biblstruct></publicationstmt>
<sourcedesc>
<p>Издание подготовлено Мандельштамовским обществом</p>
</sourcedesc>
<respstmt>
<resp>Подготовка и разметка файлов - Алексей Литвинцев, Вероника Файнберг. Создание
          электронного ресурса - Тимофей Молчанов. Руководители проекта - Центр Digital Humanities,
          Мандельштамовское общество (НИУ ВШЭ).</resp>
</respstmt></filedesc>
<profiledesc>
<textdesc n="poem"></textdesc>
<textclass>
<catref target="3_084" type="ID"></catref>
<catref target="О.Э. Мандельштам. Собрание сочинений в 4-х т. -- М.: Терра, 1991" type="Источник"></catref>
<catref target="стихотворение" type="Жанр художественной литературы"></catref>
<catref target="цикл" type="Уточнение жанра"></catref>
<catref target="Я" type="Метр"></catref>
<catref target="5" type="Длина строки"></catref>
<catref target="ж" type="Клаузула"></catref>
<catref target="nan" type="Уточнение клаузулы"></catref>
<catref target="сонет" type="Классическая строфа"></catref>
<catref target="сложная" type="Рифма"></catref>
<catref target="абба абба вгд вгд" type="Схема рифмовки"></catref>
<catref target="Я5ж" type="Метрическая формула"></catref>
<catref target="перебои" type="Дополнительные параметры"></catref>
<catref target="14" type="Число строк"></catref>
<catref target="nan" type="Автор оригинала"></catref>
<catref target="nan" type="Язык оригинала"></catref>
</textclass></profiledesc>
</teiheader>
<text>
<body>
<div1 n="3" type="volume">
<div2 n="10" type="part">
<lg type="quatrain">
<l n="1">Меня преследуют две-три случайных фразы,</l>
<l n="2">Весь день твержу: печаль моя жирна...</l>
<l n="3">О Боже, как жирны и синеглазы</l>
<l n="4">Стрекозы смерти, как лазурь черна.</l>
</lg>
<lg type="quatrain">
<l n="5">Где первородство? где счастливая повадка?</l>
<l n="6">Где плавкий ястребок на самом дне очей?</l>
<l n="7">Где вежество? где горькая украдка?</l>
<l n="8">Где ясный стан? где прямизна речей,</l>
</lg>
<lg type="quatrain">
<l n="9">Запутанных, как честные зигзаги</l>
<l n="10">У конькобежца в пламень голубой, — </l>
<l n="11">Морозный пух в железной крутят тяге,</l>
<l n="12">С голуботвердой чокаясь рекой.</l>
</lg>
<lg type="quatrain">
<l n="13">Ему солей трехъярусных растворы,</l>
<l n="14">И мудрецов германских голоса,</l>
<l n="15">И русских первенцев блистательные споры</l>
<l n="16">Представились в полвека, в полчаса.</l>
</lg>
<lg type="quatrain">
<l n="17">И вдруг открылась музыка в засаде,</l>
<l n="18">Уже не хищницей лиясь из-под смычков,</l>
<l n="19">Не ради слуха или неги ради,</l>
<l n="20">Лиясь для мышц и бьющихся висков,</l>
</lg>
<lg type="quatrain">
<l n="21">Лиясь для ласковой, только что снятой маски,</l>
<l n="22">Для пальцев гипсовых, не держащих пера,</l>
<l n="23">Для укрупненных губ, для укрепленной ласки</l>
<l n="24">Крупнозернистого покоя и добра.</l>
</lg>
<lg type="quatrain">
<l n="25">Дышали шуб меха, плечо к плечу теснилось,</l>
<l n="26">Кипела киноварь здоровья, кровь и пот — </l>
<l n="27">Сон в оболочке сна, внутри которой снилось</l>
<l n="28">На полшага продвинуться вперед.</l>
</lg>
<lg type="quatrain">
<l n="29">А посреди толпы стоял гравировальщик,</l>
<l n="30">Готовясь перенесть на истинную медь</l>
<l n="31">То, что обугливший бумагу рисовальщик</l>
<l n="32">Лишь крохоборствуя успел запечатлеть.</l>
</lg>
<lg type="quatrain">
<l n="33">Как будто я повис на собственных ресницах,</l>
<l n="34">И созревающий и тянущийся весь, — </l>
<l n="35">Доколе не сорвусь, разыгрываю в лицах</l>
<l n="36">Единственное, что мы знаем днесь...</l>
</lg>
<date when="1934-01-16">16 января 1934</date>
</div2>
</div1>
</body>
</text>
</tei>
