<?xml version='1.0' encoding='UTF8'?>
<tei xmlns="http://www.tei-c.org/ns/1.0">
<teiheader>
<filedesc>
<titlestmt>
<title>‹Стихи памяти Андрея Белого›. «Голубые глаза и горячая лобная кость...»</title>
<author>О.Э. Мандельштам</author>
</titlestmt>
<publicationstmt>
<p>АРТ-БИЗНЕС-ЦЕНТР МОСКВА 1993</p>
<biblstruct>
<biblscope n="" type="volume"></biblscope>
<biblscope n="" type="part"></biblscope>
</biblstruct></publicationstmt>
<sourcedesc>
<p>Издание подготовлено Мандельштамовским обществом</p>
</sourcedesc>
<respstmt>
<resp>Подготовка и разметка файлов - Алексей Литвинцев, Вероника Файнберг. Создание
          электронного ресурса - Тимофей Молчанов. Руководители проекта - Центр Digital Humanities,
          Мандельштамовское общество (НИУ ВШЭ).</resp>
</respstmt></filedesc>
<profiledesc>
<textdesc n="poem"></textdesc>
<textclass>
<catref target="3_083" type="ID"></catref>
<catref target="О.Э. Мандельштам. Собрание сочинений в 4-х т. -- М.: Терра, 1991" type="Источник"></catref>
<catref target="стихотворение" type="Жанр художественной литературы"></catref>
<catref target="цикл" type="Уточнение жанра"></catref>
<catref target="Я" type="Метр"></catref>
<catref target="5" type="Длина строки"></catref>
<catref target="ж" type="Клаузула"></catref>
<catref target="nan" type="Уточнение клаузулы"></catref>
<catref target="сонет" type="Классическая строфа"></catref>
<catref target="сложная" type="Рифма"></catref>
<catref target="абаб абаб вгв вгв" type="Схема рифмовки"></catref>
<catref target="Я5ж" type="Метрическая формула"></catref>
<catref target="nan" type="Дополнительные параметры"></catref>
<catref target="14" type="Число строк"></catref>
<catref target="nan" type="Автор оригинала"></catref>
<catref target="nan" type="Язык оригинала"></catref>
</textclass></profiledesc>
</teiheader>
<text>
<body>
<div1 n="3" type="volume">
<div2 n="83" type="part">
<head>83—87.
‹СТИХИ ПАМЯТИ АНДРЕЯ БЕЛОГО›</head>
<lg type="couplet">
<l n="1">Голубые глаза и горячая лобная кость — </l>
<l n="2">Мировая манила тебя молодящая злость.</l>
</lg>
<lg type="couplet">
<l n="3">И за то, что тебе суждена была чудная власть,</l>
<l n="4">Положили тебя никогда не судить и не клясть.</l>
</lg>
<lg type="couplet">
<l n="5">На тебя надевали тиару — юрода колпак,</l>
<l n="6">Бирюзовый учитель, мучитель, властитель, дурак!</l>
</lg>
<lg type="couplet">
<l n="7">Как снежок на Москве заводил кавардак гоголек:<rs ref="Москва" type="geo_index"></rs><rs ref="Москва" type="geo_index"></rs></l>
<l n="8">Непонятен-понятен, невнятен, запутан, легок...</l>
</lg>
<lg type="couplet">
<l n="9">Собиратель пространства, экзамены сдавший птенец,</l>
<l n="10">Сочинитель, щегленок, студентик, студент, бубенец...</l>
</lg>
<lg type="couplet">
<l n="11">Конькобежец и первенец, веком гонимый взашей</l>
<l n="12">Под морозную пыль образуемых вновь падежей.</l>
</lg>
<lg type="couplet">
<l n="13">Часто пишется казнь, а читается правильно — песнь,</l>
<l n="14">Может быть, простота — уязвимая смертью болезнь?</l>
</lg>
<lg type="couplet">
<l n="15">Прямизна нашей речи не только пугач для детей — </l>
<l n="16">Не бумажные дести, а вести спасают людей.</l>
</lg>
<lg type="couplet">
<l n="17">Как стрекозы садятся, не чуя воды, в камыши,</l>
<l n="18">Налетели на мертвого жирные карандаши.</l>
</lg>
<lg type="couplet">
<l n="19">На коленях держали для славных потомков листы,</l>
<l n="20">Рисовали, просили прощенья у каждой черты.</l>
</lg>
<lg type="couplet">
<l n="21">Меж тобой и страной ледяная рождается связь — </l>
<l n="22">Так лежи, молодей и лежи, бесконечно прямясь.</l>
</lg>
<lg type="couplet">
<l n="23">Да не спросят тебя молодые, грядущие те,</l>
<l n="24">Каково тебе там в пустоте, в чистоте, сироте...</l>
</lg>
<date from="1934-01-10" to="1934-01-11">10—11 января 1934</date>
</div2>
</div1>
</body>
</text>
</tei>
