<?xml version='1.0' encoding='UTF8'?>
<tei xmlns="http://www.tei-c.org/ns/1.0">
<teiheader>
<filedesc>
<titlestmt>
<title>‹Из Фр. Петрарки›. ‹3›. «Когда уснет земля и жар отпышет...»</title>
<author>О.Э. Мандельштам</author>
</titlestmt>
<publicationstmt>
<p>АРТ-БИЗНЕС-ЦЕНТР МОСКВА 1993</p>
<biblstruct>
<biblscope n="" type="volume"></biblscope>
<biblscope n="" type="part"></biblscope>
</biblstruct></publicationstmt>
<sourcedesc>
<p>Издание подготовлено Мандельштамовским обществом</p>
</sourcedesc>
<respstmt>
<resp>Подготовка и разметка файлов - Алексей Литвинцев, Вероника Файнберг. Создание
          электронного ресурса - Тимофей Молчанов. Руководители проекта - Центр Digital Humanities,
          Мандельштамовское общество (НИУ ВШЭ).</resp>
</respstmt></filedesc>
<profiledesc>
<textdesc n="poem"></textdesc>
<textclass>
<catref target="3_081" type="ID"></catref>
<catref target="О.Э. Мандельштам. Собрание сочинений в 4-х т. -- М.: Терра, 1991" type="Источник"></catref>
<catref target="стихотворение" type="Жанр художественной литературы"></catref>
<catref target="цикл" type="Уточнение жанра"></catref>
<catref target="Аф" type="Метр"></catref>
<catref target="3" type="Длина строки"></catref>
<catref target="регулярная" type="Клаузула"></catref>
<catref target="жм" type="Уточнение клаузулы"></catref>
<catref target="nan" type="Классическая строфа"></catref>
<catref target="перекрестная" type="Рифма"></catref>
<catref target="абаб" type="Схема рифмовки"></catref>
<catref target="Аф3жм" type="Метрическая формула"></catref>
<catref target="nan" type="Дополнительные параметры"></catref>
<catref target="8" type="Число строк"></catref>
<catref target="nan" type="Автор оригинала"></catref>
<catref target="nan" type="Язык оригинала"></catref>
</textclass></profiledesc>
</teiheader>
<text>
<body>
<div1 n="3" type="volume">
<div2 n="3" type="part">
<epigraph>
<quote>Or che ’l ciel e la terra e ’l vento tace...</quote>
</epigraph>
<lg type="quatrain">
<l n="1">Когда уснет земля и жар отпышет,</l>
<l n="2">А на душе зверей покой лебяжий,</l>
<l n="3">Ходит по кругу ночь с горящей пряжей</l>
<l n="4">И мощь воды морской зефир колышет, — </l>
</lg>
<lg type="quatrain">
<l n="5">Чую, горю, рвусь, плачу — и не слышит,</l>
<l n="6">В неудержимой близости все та же,</l>
<l n="7">Целую ночь, це́лую ночь на страже</l>
<l n="8">И вся как есть далеким счастьем дышит.</l>
</lg>
<lg type="tercet">
<l n="9">Хоть ключ один, вода разноречива — </l>
<l n="10">Полужестка, полусладка, — ужели</l>
<l n="11">Одна и та же милая двулична...</l>
</lg>
<lg type="tercet">
<l n="12">Тысячу раз на дню, себе на диво,</l>
<l n="13">Я должен умереть на самом деле</l>
<l n="14">И воскресаю так же сверхобычно.</l>
</lg>
<date from="1933-12" to="1934-01">Декабрь 1933 — январь 1934</date>
</div2>
</div1>
</body>
</text>
</tei>
