<?xml version='1.0' encoding='UTF8'?>
<tei xmlns="http://www.tei-c.org/ns/1.0">
<teiheader>
<filedesc>
<titlestmt>
<title>«Не мучнистой бабочкою белой...»</title>
<author>О.Э. Мандельштам</author>
</titlestmt>
<publicationstmt>
<p>АРТ-БИЗНЕС-ЦЕНТР МОСКВА 1993</p>
<biblstruct>
<biblscope n="" type="volume"></biblscope>
<biblscope n="" type="part"></biblscope>
</biblstruct></publicationstmt>
<sourcedesc>
<p>Издание подготовлено Мандельштамовским обществом</p>
</sourcedesc>
<respstmt>
<resp>Подготовка и разметка файлов - Алексей Литвинцев, Вероника Файнберг. Создание
          электронного ресурса - Тимофей Молчанов. Руководители проекта - Центр Digital Humanities,
          Мандельштамовское общество (НИУ ВШЭ).</resp>
</respstmt></filedesc>
<profiledesc>
<textdesc n="poem"></textdesc>
<textclass>
<catref target="3_094" type="ID"></catref>
<catref target="О.Э. Мандельштам. Собрание сочинений в 4-х т. -- М.: Терра, 1991" type="Источник"></catref>
<catref target="стихотворение" type="Жанр художественной литературы"></catref>
<catref target="nan" type="Уточнение жанра"></catref>
<catref target="Я" type="Метр"></catref>
<catref target="4" type="Длина строки"></catref>
<catref target="регулярная" type="Клаузула"></catref>
<catref target="жм" type="Уточнение клаузулы"></catref>
<catref target="nan" type="Классическая строфа"></catref>
<catref target="перекрестная" type="Рифма"></catref>
<catref target="абаб" type="Схема рифмовки"></catref>
<catref target="Я4жм" type="Метрическая формула"></catref>
<catref target="nan" type="Дополнительные параметры"></catref>
<catref target="12" type="Число строк"></catref>
<catref target="nan" type="Автор оригинала"></catref>
<catref target="nan" type="Язык оригинала"></catref>
</textclass></profiledesc>
</teiheader>
<text>
<body>
<div1 n="3" type="volume">
<div2 n="94" type="part">
<head>94.</head>
<lg type="quatrain">
<l n="1">Не мучнистой бабочкою белой</l>
<l n="2">В землю я заемный прах верну — </l>
<l n="3">Я хочу, чтоб мыслящее тело</l>
<l n="4">Превратилось в улицу, в страну:</l>
</lg>
<lg type="sestet">
<l n="5">Возгласы темно-зеленой хвои,</l>
<l n="6">С глубиной колодезной венки</l>
<l n="7">Тянут жизнь и время дорогое,</l>
<l n="8">Опершись на смертные станки — </l>
<l n="9">Обручи краснознаменной хвои,</l>
<l n="10">Азбучные, крупные венки!</l>
</lg>
<lg type="quatrain">
<l n="11">Шли товарищи последнего призыва</l>
<l n="12">По работе в жестких небесах,</l>
<l n="13">Пронесла пехота молчаливо</l>
<l n="14">Восклицанья ружей на плечах.</l>
</lg>
<lg type="quatrain">
<l n="15">И зенитных тысячи орудий — </l>
<l n="16">Карих то зрачков иль голубых — </l>
<l n="17">Шли нестройно — люди, люди, люди, — </l>
<l n="18">Кто же будет продолжать за них?</l>
</lg>
<date from="1935-03" to="1935-08">Весна—лето 1935, 30 мая 1936</date>
<date when="1936-05-30">Весна—лето 1935, 30 мая 1936</date>
</div2>
</div1>
</body>
</text>
</tei>
