<?xml version='1.0' encoding='UTF8'?>
<tei xmlns="http://www.tei-c.org/ns/1.0">
<teiheader>
<filedesc>
<titlestmt>
<title>«Тянули жилы, жили-были...»</title>
<author>О.Э. Мандельштам</author>
</titlestmt>
<publicationstmt>
<p>АРТ-БИЗНЕС-ЦЕНТР МОСКВА 1993</p>
<biblstruct>
<biblscope n="" type="volume"></biblscope>
<biblscope n="" type="part"></biblscope>
</biblstruct></publicationstmt>
<sourcedesc>
<p>Издание подготовлено Мандельштамовским обществом</p>
</sourcedesc>
<respstmt>
<resp>Подготовка и разметка файлов - Алексей Литвинцев, Вероника Файнберг. Создание
          электронного ресурса - Тимофей Молчанов. Руководители проекта - Центр Digital Humanities,
          Мандельштамовское общество (НИУ ВШЭ).</resp>
</respstmt></filedesc>
<profiledesc>
<textdesc n="poem"></textdesc>
<textclass>
<catref target="3_091" type="ID"></catref>
<catref target="О.Э. Мандельштам. Собрание сочинений в 4-х т. -- М.: Терра, 1991" type="Источник"></catref>
<catref target="стихотворение" type="Жанр художественной литературы"></catref>
<catref target="nan" type="Уточнение жанра"></catref>
<catref target="Х" type="Метр"></catref>
<catref target="5" type="Длина строки"></catref>
<catref target="регулярная" type="Клаузула"></catref>
<catref target="жм" type="Уточнение клаузулы"></catref>
<catref target="nan" type="Классическая строфа"></catref>
<catref target="перекрестная" type="Рифма"></catref>
<catref target="абаб" type="Схема рифмовки"></catref>
<catref target="Х5жм" type="Метрическая формула"></catref>
<catref target="nan" type="Дополнительные параметры"></catref>
<catref target="24" type="Число строк"></catref>
<catref target="nan" type="Автор оригинала"></catref>
<catref target="nan" type="Язык оригинала"></catref>
</textclass></profiledesc>
</teiheader>
<text>
<body>
<div1 n="3" type="volume">
<div2 n="91" type="part">
<head>91.</head>
<lg type="quatrain">
<l n="1">Тянули жилы, жили-были,</l>
<l n="2">Не жили, не были нигде.</l>
<l n="3">Бетховен и Воронеж — или<rs ref="Воронеж" type="geo_index"></rs><rs ref="Бетховен, Людвиг ван" type="person"></rs></l>
<l n="4">Один или другой — злодей.</l>
</lg>
<lg type="quatrain">
<l n="5">На базе мелких отношений</l>
<l n="6">Производили глухоту</l>
<l n="7">Семидесяти стульев тени</l>
<l n="8">На первомайском холоду.</l>
</lg>
<lg type="quatrain">
<l n="9">В театре публики лежало</l>
<l n="10">Не больше трех карандашей,</l>
<l n="11">И дирижер, стараясь мало,</l>
<l n="12">Казался чортом средь людей.</l>
</lg>
<date from="1935-04" to="1935-05">‹Апрель› — май 1935</date>
</div2>
</div1>
</body>
</text>
</tei>
