<?xml version='1.0' encoding='UTF8'?>
<tei xmlns="http://www.tei-c.org/ns/1.0">
<teiheader>
<filedesc>
<titlestmt>
<title>«За Паганини длиннопалым...»</title>
<author>О.Э. Мандельштам</author>
</titlestmt>
<publicationstmt>
<p>АРТ-БИЗНЕС-ЦЕНТР МОСКВА 1993</p>
<biblstruct>
<biblscope n="" type="volume"></biblscope>
<biblscope n="" type="part"></biblscope>
</biblstruct></publicationstmt>
<sourcedesc>
<p>Издание подготовлено Мандельштамовским обществом</p>
</sourcedesc>
<respstmt>
<resp>Подготовка и разметка файлов - Алексей Литвинцев, Вероника Файнберг. Создание
          электронного ресурса - Тимофей Молчанов. Руководители проекта - Центр Digital Humanities,
          Мандельштамовское общество (НИУ ВШЭ).</resp>
</respstmt></filedesc>
<profiledesc>
<textdesc n="poem"></textdesc>
<textclass>
<catref target="3_090" type="ID"></catref>
<catref target="О.Э. Мандельштам. Собрание сочинений в 4-х т. -- М.: Терра, 1991" type="Источник"></catref>
<catref target="стихотворение" type="Жанр художественной литературы"></catref>
<catref target="nan" type="Уточнение жанра"></catref>
<catref target="Я" type="Метр"></catref>
<catref target="6(5)" type="Длина строки"></catref>
<catref target="регулярная" type="Клаузула"></catref>
<catref target="жм" type="Уточнение клаузулы"></catref>
<catref target="nan" type="Классическая строфа"></catref>
<catref target="перекрестная" type="Рифма"></catref>
<catref target="абаб" type="Схема рифмовки"></catref>
<catref target="Я6жм. Я5ж,м" type="Метрическая формула"></catref>
<catref target="nan" type="Дополнительные параметры"></catref>
<catref target="8" type="Число строк"></catref>
<catref target="nan" type="Автор оригинала"></catref>
<catref target="nan" type="Язык оригинала"></catref>
</textclass></profiledesc>
</teiheader>
<text>
<body>
<div1 n="3" type="volume">
<div2 n="90" type="part">
<head>90.</head>
<lg type="quatrain">
<l n="1">За Паганини длиннопалым<rs ref="Паганини, Никколо" type="person"></rs></l>
<l n="2">Бегут цыганскою гурьбой — </l>
<l n="3">Кто с чохом чех, кто с польским балом,</l>
<l n="4">А кто с венгерской чемчурой.</l>
</lg>
<lg type="sestet">
<l n="5">Девчонка, выскочка, гордячка,</l>
<l n="6">Чей звук широк, как Енисей, — <rs ref="Енисей" type="geo_index"></rs></l>
<l n="7">Утешь меня игрой своей:</l>
<l n="8">На голове твоей, полячка,</l>
<l n="9">Марины Мнишек холм кудрей,<rs ref="Мнишек, Марина" type="person"></rs></l>
<l n="10">Смычок твой мнителен, скрипачка.</l>
</lg>
<lg type="quintet">
<l n="11">Утешь меня Шопеном чалым,<rs ref="Шопен, Фридерик Францишек" type="person"></rs></l>
<l n="12">Серьезным Брамсом, нет, постой:<rs ref="Брамс, Иоганнес" type="person"></rs></l>
<l n="13">Парижем мощно-одичалым,<rs ref="Париж" type="geo_index"></rs></l>
<l n="14">Мучным и потным карнавалом</l>
<l n="15">Иль брагой Вены молодой — <rs ref="Вена" type="geo_index"></rs></l>
</lg>
<lg type="quatrain">
<l n="16">Вертлявой, в дирижерских фрачках,</l>
<l n="17">В дунайских фейерверках, скачках</l>
<l n="18">И вальс из гроба в колыбель</l>
<l n="19">Переливающей, как хмель.</l>
</lg>
<lg type="quatrain">
<l n="20">Играй же на разрыв аорты</l>
<l n="21">С кошачьей головой во рту,</l>
<l n="22">Три чорта было — ты четвертый,</l>
<l n="23">Последний чудный чорт в цвету.</l>
</lg>
<date from="1935-04-05" to="1935-07">5 апреля — июль 1935</date>
</div2>
</div1>
</body>
</text>
</tei>
