<?xml version='1.0' encoding='UTF8'?>
<tei xmlns="http://www.tei-c.org/ns/1.0">
<teiheader>
<filedesc>
<titlestmt>
<title>Чернозем</title>
<author>О.Э. Мандельштам</author>
</titlestmt>
<publicationstmt>
<p>АРТ-БИЗНЕС-ЦЕНТР МОСКВА 1993</p>
<biblstruct>
<biblscope n="" type="volume"></biblscope>
<biblscope n="" type="part"></biblscope>
</biblstruct></publicationstmt>
<sourcedesc>
<p>Издание подготовлено Мандельштамовским обществом</p>
</sourcedesc>
<respstmt>
<resp>Подготовка и разметка файлов - Алексей Литвинцев, Вероника Файнберг. Создание
          электронного ресурса - Тимофей Молчанов. Руководители проекта - Центр Digital Humanities,
          Мандельштамовское общество (НИУ ВШЭ).</resp>
</respstmt></filedesc>
<profiledesc>
<textdesc n="poem"></textdesc>
<textclass>
<catref target="3_097" type="ID"></catref>
<catref target="О.Э. Мандельштам. Собрание сочинений в 4-х т. -- М.: Терра, 1991" type="Источник"></catref>
<catref target="стихотворение" type="Жанр художественной литературы"></catref>
<catref target="nan" type="Уточнение жанра"></catref>
<catref target="Х" type="Метр"></catref>
<catref target="5(6)" type="Длина строки"></catref>
<catref target="регулярная" type="Клаузула"></catref>
<catref target="жм" type="Уточнение клаузулы"></catref>
<catref target="nan" type="Классическая строфа"></catref>
<catref target="перекрестная" type="Рифма"></catref>
<catref target="абабаб # перекрестная" type="Схема рифмовки"></catref>
<catref target="Х5жм. Х6ж" type="Метрическая формула"></catref>
<catref target="тавторифма" type="Дополнительные параметры"></catref>
<catref target="20" type="Число строк"></catref>
<catref target="nan" type="Автор оригинала"></catref>
<catref target="nan" type="Язык оригинала"></catref>
</textclass></profiledesc>
</teiheader>
<text>
<body>
<div1 n="3" type="volume">
<div2 n="97" type="part">
<head>97.
ЧЕРНОЗЕМ</head>
<lg type="quatrain">
<l n="1">Переуважена, перечерна, вся в холе,</l>
<l n="2">Вся в холках маленьких, вся воздух и призор,</l>
<l n="3">Вся рассыпаючись, вся образуя хор, — </l>
<l n="4">Комочки влажные моей земли и воли...</l>
</lg>
<lg type="quatrain">
<l n="5">В дни ранней пахоты черна до синевы,</l>
<l n="6">И безоружная в ней зиждется работа — </l>
<l n="7">Тысячехолмие распаханной молвы:</l>
<l n="8">Знать, безокружное в окружности есть что-то.</l>
</lg>
<lg type="quatrain">
<l n="9">И все-таки, земля — проруха и обух.</l>
<l n="10">Не умолить ее, как в ноги ей ни бухай:</l>
<l n="11">Гниющей флейтою настраживает слух,</l>
<l n="12">Кларнетом утренним зазябливает ухо...</l>
</lg>
<lg type="quatrain">
<l n="13">Как на лемех приятен жирный пласт,</l>
<l n="14">Как степь лежит в апрельском провороте!</l>
<l n="15">Ну, здравствуй, чернозем: будь мужествен, глазаст...</l>
<l n="16">Черноречивое молчание в работе.</l>
</lg>
<date when="1935-04">Апрель 1935</date>
</div2>
</div1>
</body>
</text>
</tei>
