<?xml version='1.0' encoding='UTF8'?>
<tei xmlns="http://www.tei-c.org/ns/1.0">
<teiheader>
<filedesc>
<titlestmt>
<title>«От сырой простыни говорящая...»</title>
<author>О.Э. Мандельштам</author>
</titlestmt>
<publicationstmt>
<p>АРТ-БИЗНЕС-ЦЕНТР МОСКВА 1993</p>
<biblstruct>
<biblscope n="" type="volume"></biblscope>
<biblscope n="" type="part"></biblscope>
</biblstruct></publicationstmt>
<sourcedesc>
<p>Издание подготовлено Мандельштамовским обществом</p>
</sourcedesc>
<respstmt>
<resp>Подготовка и разметка файлов - Алексей Литвинцев, Вероника Файнберг. Создание
          электронного ресурса - Тимофей Молчанов. Руководители проекта - Центр Digital Humanities,
          Мандельштамовское общество (НИУ ВШЭ).</resp>
</respstmt></filedesc>
<profiledesc>
<textdesc n="poem"></textdesc>
<textclass>
<catref target="3_102" type="ID"></catref>
<catref target="О.Э. Мандельштам. Собрание сочинений в 4-х т. -- М.: Терра, 1991" type="Источник"></catref>
<catref target="стихотворение" type="Жанр художественной литературы"></catref>
<catref target="nan" type="Уточнение жанра"></catref>
<catref target="Я" type="Метр"></catref>
<catref target="5" type="Длина строки"></catref>
<catref target="регулярная" type="Клаузула"></catref>
<catref target="ммжж" type="Уточнение клаузулы"></catref>
<catref target="nan" type="Классическая строфа"></catref>
<catref target="парная" type="Рифма"></catref>
<catref target="аа" type="Схема рифмовки"></catref>
<catref target="Я5ммжж" type="Метрическая формула"></catref>
<catref target="nan" type="Дополнительные параметры"></catref>
<catref target="8" type="Число строк"></catref>
<catref target="nan" type="Автор оригинала"></catref>
<catref target="nan" type="Язык оригинала"></catref>
</textclass></profiledesc>
</teiheader>
<text>
<body>
<div1 n="3" type="volume">
<div2 n="102" type="part">
<head>102.</head>
<lg type="quatrain">
<l n="1">От сырой простыни говорящая — </l>
<l n="2">Знать, нашелся на рыб звукопас — </l>
<l n="3">Надвигалась картина звучащая</l>
<l n="4">На меня, и на всех, и на вас...</l>
</lg>
<lg type="quatrain">
<l n="5">Начихав на кривые убыточки,</l>
<l n="6">С папироской смертельной в зубах,</l>
<l n="7">Офицеры последнейшей выточки — </l>
<l n="8">На равнины зияющий пах...</l>
</lg>
<lg type="quatrain">
<l n="9">Было слышно жужжание низкое</l>
<l n="10">Самолетов, сгоревших дотла,</l>
<l n="11">Лошадиная бритва английская</l>
<l n="12">Адмиральские щеки скребла.</l>
</lg>
<lg type="quatrain">
<l n="13">Измеряй меня, край, перекраивай — </l>
<l n="14">Чуден жар прикрепленной земли!— </l>
<l n="15">Захлебнулась винтовка Чапаева:<rs ref="Чапаев, Василий Иванович" type="person"></rs></l>
<l n="16">Помоги, развяжи, раздели!..</l>
</lg>
<date from="1935-04" to="1935-06">‹Апрель›—июнь 1935</date>
</div2>
</div1>
</body>
</text>
</tei>
