<?xml version='1.0' encoding='UTF8'?>
<tei xmlns="http://www.tei-c.org/ns/1.0">
<teiheader>
<filedesc>
<titlestmt>
<title>Стансы («Я не хочу средь юношей тепличных...»)</title>
<author>О.Э. Мандельштам</author>
</titlestmt>
<publicationstmt>
<p>АРТ-БИЗНЕС-ЦЕНТР МОСКВА 1993</p>
<biblstruct>
<biblscope n="" type="volume"></biblscope>
<biblscope n="" type="part"></biblscope>
</biblstruct></publicationstmt>
<sourcedesc>
<p>Издание подготовлено Мандельштамовским обществом</p>
</sourcedesc>
<respstmt>
<resp>Подготовка и разметка файлов - Алексей Литвинцев, Вероника Файнберг. Создание
          электронного ресурса - Тимофей Молчанов. Руководители проекта - Центр Digital Humanities,
          Мандельштамовское общество (НИУ ВШЭ).</resp>
</respstmt></filedesc>
<profiledesc>
<textdesc n="poem"></textdesc>
<textclass>
<catref target="3_108" type="ID"></catref>
<catref target="О.Э. Мандельштам. Собрание сочинений в 4-х т. -- М.: Терра, 1991" type="Источник"></catref>
<catref target="стихотворение" type="Жанр художественной литературы"></catref>
<catref target="nan" type="Уточнение жанра"></catref>
<catref target="Я" type="Метр"></catref>
<catref target="6" type="Длина строки"></catref>
<catref target="регулярная" type="Клаузула"></catref>
<catref target="жм" type="Уточнение клаузулы"></catref>
<catref target="nan" type="Классическая строфа"></catref>
<catref target="перекрестная" type="Рифма"></catref>
<catref target="абаб" type="Схема рифмовки"></catref>
<catref target="Я6жм" type="Метрическая формула"></catref>
<catref target="nan" type="Дополнительные параметры"></catref>
<catref target="4" type="Число строк"></catref>
<catref target="nan" type="Автор оригинала"></catref>
<catref target="nan" type="Язык оригинала"></catref>
</textclass></profiledesc>
</teiheader>
<text>
<body>
<div1 n="3" type="volume">
<div2 n="108" type="part">
<head>108.
СТАНСЫ</head>
<lg type="44_line">
<l n="1">Я не хочу средь юношей тепличных</l>
<l n="2">Разменивать последний грош души,</l>
<l n="3">Но, как в колхоз идет единоличник,</l>
<l n="4">Я в мир вхожу — и люди хороши.</l>
<l n="5">Люблю шинель красноармейской складки — </l>
<l n="6">Длину до пят, рукав простой и гладкий</l>
<l n="7">И волжской туче родственный покрой,</l>
<l n="8">Чтоб, на спине и на груди лопатясь,</l>
<l n="9">Она лежала, на запас не тратясь,</l>
<l n="10">И скатывалась летнею порой.</l>
<l n="11">Проклятый шов, нелепая затея</l>
<l n="12">Нас разлучили, а теперь — пойми:</l>
<l n="13">Я должен жить, дыша и большевея</l>
<l n="14">И перед смертью хорошея — </l>
<l n="15">Еще побыть и поиграть с людьми!</l>
<l n="16">Подумаешь, как в Чердыни-голубе,</l>
<l n="17">Где пахнет Обью и Тобол в раструбе,<rs ref="Тобол" type="geo_index"></rs></l>
<l n="18">В семивершковой я метался кутерьме!</l>
<l n="19">Клевещущих козлов не досмотрел я драки:</l>
<l n="20">Как петушок в прозрачной летней тьме — </l>
<l n="21">Харчи да харк, да что-нибудь, да враки — </l>
<l n="22">Стук дятла сбросил с плеч. Прыжок. И я в уме.</l>
<l n="23">И ты, Москва, сестра моя, легка,<rs ref="Москва" type="geo_index"></rs><rs ref="Москва" type="geo_index"></rs></l>
<l n="24">Когда встречаешь в самолете брата</l>
<l n="25">До первого трамвайного звонка:</l>
<l n="26">Нежнее моря, путаней салата — </l>
<l n="27">Из дерева, стекла и молока...</l>
<l n="28">Моя страна со мною говорила,</l>
<l n="29">Мирволила, журила, не прочла,</l>
<l n="30">Но возмужавшего меня, как очевидца,</l>
<l n="31">Заметила и вдруг, как чечевица,</l>
<l n="32">Адмиралтейским лучиком зажгла.</l>
<l n="33">Я должен жить, дыша и большевея,</l>
<l n="34">Работать речь, не слушаясь — сам-друг, — </l>
<l n="35">Я слышу в Арктике машин советских стук,<rs ref="Арктика" type="geo_index"></rs></l>
<l n="36">Я помню все: немецких братьев шеи</l>
<l n="37">И что лиловым гребнем Лорелеи</l>
<l n="38">Садовник и палач наполнил свой досуг.</l>
<l n="39">И не ограблен я, и не надломлен,</l>
<l n="40">Но только что всего переогромлен...</l>
<l n="41">Как Слово о Полку, струна моя туга,</l>
<l n="42">И в голосе моем после удушья</l>
<l n="43">Звучит земля — последнее оружье — </l>
<l n="44">Сухая влажность черноземных га!<rs ref="Москва" type="geo_index"></rs></l>
</lg>
<date from="1935-05" to="1935-06">Май—июнь 1935</date>
</div2>
</div1>
</body>
</text>
</tei>
