<?xml version='1.0' encoding='UTF8'?>
<tei xmlns="http://www.tei-c.org/ns/1.0">
<teiheader>
<filedesc>
<titlestmt>
<title>Кама. 3. «Я смотрел, отдаляясь, на хвойный восток...»</title>
<author>О.Э. Мандельштам</author>
</titlestmt>
<publicationstmt>
<p>АРТ-БИЗНЕС-ЦЕНТР МОСКВА 1993</p>
<biblstruct>
<biblscope n="" type="volume"></biblscope>
<biblscope n="" type="part"></biblscope>
</biblstruct></publicationstmt>
<sourcedesc>
<p>Издание подготовлено Мандельштамовским обществом</p>
</sourcedesc>
<respstmt>
<resp>Подготовка и разметка файлов - Алексей Литвинцев, Вероника Файнберг. Создание
          электронного ресурса - Тимофей Молчанов. Руководители проекта - Центр Digital Humanities,
          Мандельштамовское общество (НИУ ВШЭ).</resp>
</respstmt></filedesc>
<profiledesc>
<textdesc n="poem"></textdesc>
<textclass>
<catref target="3_106" type="ID"></catref>
<catref target="О.Э. Мандельштам. Собрание сочинений в 4-х т. -- М.: Терра, 1991" type="Источник"></catref>
<catref target="стихотворение" type="Жанр художественной литературы"></catref>
<catref target="nan" type="Уточнение жанра"></catref>
<catref target="Ан, Д, тонический : Дк" type="Метр"></catref>
<catref target="вольная" type="Длина строки"></catref>
<catref target="вольная" type="Клаузула"></catref>
<catref target="ж, м" type="Уточнение клаузулы"></catref>
<catref target="nan" type="Классическая строфа"></catref>
<catref target="вольная" type="Рифма"></catref>
<catref target="nan" type="Схема рифмовки"></catref>
<catref target="Дк4,5,6ж,м" type="Метрическая формула"></catref>
<catref target="составная рифма, холостая строка, цезурные наращения, нарушения анакрусы" type="Дополнительные параметры"></catref>
<catref target="20" type="Число строк"></catref>
<catref target="nan" type="Автор оригинала"></catref>
<catref target="nan" type="Язык оригинала"></catref>
</textclass></profiledesc>
</teiheader>
<text>
<body>
<div1 n="3" type="volume">
<div2 n="" type="part">
<lg type="couplet">
<l n="1">Я смотрел, отдаляясь, на хвойный восток,</l>
<l n="2">Полноводная Кама неслась на буек.<rs ref="Кама" type="geo_index"></rs></l>
</lg>
<lg type="couplet">
<l n="3">И хотелось бы гору с костром отслоить,</l>
<l n="4">Да едва успеваешь леса посолить.</l>
</lg>
<lg type="couplet">
<l n="5">И хотелось бы тут же вселиться, пойми,</l>
<l n="6">В долговечный Урал, населенный людьми,<rs ref="Урал" type="geo_index"></rs></l>
</lg>
<lg type="couplet">
<l n="7">И хотелось бы эту безумную гладь</l>
<l n="8">В долгополой шинели беречь, охранять.</l>
</lg>
<date from="1935-04" to="1935-05">Апрель—май 1935</date>
</div2>
</div1>
</body>
</text>
</tei>
