<?xml version='1.0' encoding='UTF8'?>
<tei xmlns="http://www.tei-c.org/ns/1.0">
<teiheader>
<filedesc>
<titlestmt>
<title>Кама. 1. «Как на Каме-реке глазу тёмно, когда...»</title>
<author>О.Э. Мандельштам</author>
</titlestmt>
<publicationstmt>
<p>АРТ-БИЗНЕС-ЦЕНТР МОСКВА 1993</p>
<biblstruct>
<biblscope n="" type="volume"></biblscope>
<biblscope n="" type="part"></biblscope>
</biblstruct></publicationstmt>
<sourcedesc>
<p>Издание подготовлено Мандельштамовским обществом</p>
</sourcedesc>
<respstmt>
<resp>Подготовка и разметка файлов - Алексей Литвинцев, Вероника Файнберг. Создание
          электронного ресурса - Тимофей Молчанов. Руководители проекта - Центр Digital Humanities,
          Мандельштамовское общество (НИУ ВШЭ).</resp>
</respstmt></filedesc>
<profiledesc>
<textdesc n="poem"></textdesc>
<textclass>
<catref target="3_104" type="ID"></catref>
<catref target="О.Э. Мандельштам. Собрание сочинений в 4-х т. -- М.: Терра, 1991" type="Источник"></catref>
<catref target="стихотворение" type="Жанр художественной литературы"></catref>
<catref target="nan" type="Уточнение жанра"></catref>
<catref target="Я" type="Метр"></catref>
<catref target="6(5)" type="Длина строки"></catref>
<catref target="регулярная" type="Клаузула"></catref>
<catref target="мж" type="Уточнение клаузулы"></catref>
<catref target="nan" type="Классическая строфа"></catref>
<catref target="перекрестная" type="Рифма"></catref>
<catref target="абаб" type="Схема рифмовки"></catref>
<catref target="Я6мж. Я5ж" type="Метрическая формула"></catref>
<catref target="nan" type="Дополнительные параметры"></catref>
<catref target="8" type="Число строк"></catref>
<catref target="nan" type="Автор оригинала"></catref>
<catref target="nan" type="Язык оригинала"></catref>
</textclass></profiledesc>
</teiheader>
<text>
<body>
<div1 n="3" type="volume">
<div2 n="" type="part">
<head>104—106.
КАМА</head>
<lg type="couplet">
<l n="1">Как на Каме-реке глазу тёмно, когда<rs ref="Кама" type="geo_index"></rs></l>
<l n="2">На дубовых коленях стоят города.</l>
</lg>
<lg type="couplet">
<l n="3">В паутину рядясь, борода к бороде,</l>
<l n="4">Жгучий ельник бежит, молодея в воде.</l>
</lg>
<lg type="couplet">
<l n="5">Упиралась вода в сто четыре весла — </l>
<l n="6">Вверх и вниз на Казань и на Чердынь несла.<rs ref="Казань" type="geo_index"></rs></l>
</lg>
<lg type="couplet">
<l n="7">Там я плыл по реке с занавеской в окне,</l>
<l n="8">С занавеской в окне, с головою в огне.</l>
</lg>
<lg type="couplet">
<l n="9">А со мною жена пять ночей не спала,</l>
<l n="10">Пять ночей не спала, трех конвойных везла.</l>
</lg>
</div2>
</div1>
</body>
</text>
</tei>
