<?xml version='1.0' encoding='UTF8'?>
<tei xmlns="http://www.tei-c.org/ns/1.0">
<teiheader>
<filedesc>
<titlestmt>
<title>«День стоял о пяти головах. Сплошные пять суток...»</title>
<author>О.Э. Мандельштам</author>
</titlestmt>
<publicationstmt>
<p>АРТ-БИЗНЕС-ЦЕНТР МОСКВА 1993</p>
<biblstruct>
<biblscope n="" type="volume"></biblscope>
<biblscope n="" type="part"></biblscope>
</biblstruct></publicationstmt>
<sourcedesc>
<p>Издание подготовлено Мандельштамовским обществом</p>
</sourcedesc>
<respstmt>
<resp>Подготовка и разметка файлов - Алексей Литвинцев, Вероника Файнберг. Создание
          электронного ресурса - Тимофей Молчанов. Руководители проекта - Центр Digital Humanities,
          Мандельштамовское общество (НИУ ВШЭ).</resp>
</respstmt></filedesc>
<profiledesc>
<textdesc n="poem"></textdesc>
<textclass>
<catref target="3_103" type="ID"></catref>
<catref target="О.Э. Мандельштам. Собрание сочинений в 4-х т. -- М.: Терра, 1991" type="Источник"></catref>
<catref target="стихотворение" type="Жанр художественной литературы"></catref>
<catref target="nan" type="Уточнение жанра"></catref>
<catref target="Я" type="Метр"></catref>
<catref target="5" type="Длина строки"></catref>
<catref target="вольная" type="Клаузула"></catref>
<catref target="ж, м" type="Уточнение клаузулы"></catref>
<catref target="nan" type="Классическая строфа"></catref>
<catref target="вольная" type="Рифма"></catref>
<catref target="nan" type="Схема рифмовки"></catref>
<catref target="Я5ж,м" type="Метрическая формула"></catref>
<catref target="nan" type="Дополнительные параметры"></catref>
<catref target="8" type="Число строк"></catref>
<catref target="nan" type="Автор оригинала"></catref>
<catref target="nan" type="Язык оригинала"></catref>
</textclass></profiledesc>
</teiheader>
<text>
<body>
<div1 n="3" type="volume">
<div2 n="103" type="part">
<head>103.</head>
<lg type="quatrain">
<l n="1">День стоял о пяти головах. Сплошные пять суток</l>
<l n="2">Я, сжимаясь, гордился пространством за то, что росло на дрожжах.</l>
<l n="3">Сон был больше, чем слух, слух был старше, чем сон, —  слитен, чуток,</l>
<l n="4">А за нами неслись большаки на ямщицких вожжах.</l>
</lg>
<lg type="quatrain">
<l n="5">День стоял о пяти головах, и, чумея от пляса,</l>
<l n="6">Ехала конная, пешая шла черноверхая масса — </l>
<l n="7">Расширеньем аорты могущества в белых ночах — нет, в ножах — </l>
<l n="8">Глаз превращался в хвойное мясо.</l>
</lg>
<lg type="quatrain">
<l n="9">На вершок бы мне синего моря, на игольное только ушко!</l>
<l n="10">Чтобы двойка конвойного времени парусами неслась хорошо.</l>
<l n="11">Сухомятная русская сказка, деревянная ложка, ау!</l>
<l n="12">Где вы, трое славных ребят из железных ворот ГПУ?</l>
</lg>
<lg type="quatrain">
<l n="13">Чтобы Пушкина чудный товар не пошел по рукам дармоедов,<rs ref="Пушкин, Александр Сергеевич" type="person"></rs></l>
<l n="14">Грамотеет в шинелях с наганами племя пушкиноведов — </l>
<l n="15">Молодые любители белозубых стишков.</l>
<l n="16">На вершок бы мне синего моря, на игольное только ушко!</l>
</lg>
<lg type="quatrain">
<l n="17">Поезд шел на Урал. В раскрытые рты нам<rs ref="Урал" type="geo_index"></rs></l>
<l n="18">Говорящий Чапаев с картины скакал звуковой...<rs ref="Чапаев, Василий Иванович" type="person"></rs></l>
<l n="19">За бревенчатым тылом, на ленте простынной</l>
<l n="20">Утонуть и вскочить на коня своего!</l>
</lg>
<date from="1935-04" to="1935-05">Апрель—май 1935</date>
</div2>
</div1>
</body>
</text>
</tei>
