<?xml version='1.0' encoding='UTF8'?>
<tei xmlns="http://www.tei-c.org/ns/1.0">
<teiheader>
<filedesc>
<titlestmt>
<title>«Ты должен мной повелевать...»</title>
<author>О.Э. Мандельштам</author>
</titlestmt>
<publicationstmt>
<p>АРТ-БИЗНЕС-ЦЕНТР МОСКВА 1993</p>
<biblstruct>
<biblscope n="" type="volume"></biblscope>
<biblscope n="" type="part"></biblscope>
</biblstruct></publicationstmt>
<sourcedesc>
<p>Издание подготовлено Мандельштамовским обществом</p>
</sourcedesc>
<respstmt>
<resp>Подготовка и разметка файлов - Алексей Литвинцев, Вероника Файнберг. Создание
          электронного ресурса - Тимофей Молчанов. Руководители проекта - Центр Digital Humanities,
          Мандельштамовское общество (НИУ ВШЭ).</resp>
</respstmt></filedesc>
<profiledesc>
<textdesc n="poem"></textdesc>
<textclass>
<catref target="3_115" type="ID"></catref>
<catref target="О.Э. Мандельштам. Собрание сочинений в 4-х т. -- М.: Терра, 1991" type="Источник"></catref>
<catref target="стихотворение" type="Жанр художественной литературы"></catref>
<catref target="nan" type="Уточнение жанра"></catref>
<catref target="Я" type="Метр"></catref>
<catref target="6(5)" type="Длина строки"></catref>
<catref target="регулярная" type="Клаузула"></catref>
<catref target="жмжжм" type="Уточнение клаузулы"></catref>
<catref target="nan" type="Классическая строфа"></catref>
<catref target="затянутая" type="Рифма"></catref>
<catref target="абааб" type="Схема рифмовки"></catref>
<catref target="Я6жм. Я5ж,м" type="Метрическая формула"></catref>
<catref target="nan" type="Дополнительные параметры"></catref>
<catref target="10" type="Число строк"></catref>
<catref target="nan" type="Автор оригинала"></catref>
<catref target="nan" type="Язык оригинала"></catref>
</textclass></profiledesc>
</teiheader>
<text>
<body>
<div1 n="3" type="volume">
<div2 n="115" type="part">
<head>115.</head>
<lg type="quatrain">
<l n="1">Ты должен мной повелевать,</l>
<l n="2">А я обязан быть послушным.</l>
<l n="3">На честь, на имя наплевать,</l>
<l n="4">Я рос больным и стал тщедушным.</l>
</lg>
<lg type="quatrain">
<l n="5">Так пробуй выдуманный метод</l>
<l n="6">Напропалую, напрямик — </l>
<l n="7">Я — беспартийный большевик,</l>
<l n="8">Как все друзья, как недруг этот.</l>
</lg>
<date when="1935-05">Май(?) 1935</date>
</div2>
</div1>
</body>
</text>
</tei>
