<?xml version='1.0' encoding='UTF8'?>
<tei xmlns="http://www.tei-c.org/ns/1.0">
<teiheader>
<filedesc>
<titlestmt>
<title>«Бежит волна-волной, волне хребет ломая...»</title>
<author>О.Э. Мандельштам</author>
</titlestmt>
<publicationstmt>
<p>АРТ-БИЗНЕС-ЦЕНТР МОСКВА 1993</p>
<biblstruct>
<biblscope n="" type="volume"></biblscope>
<biblscope n="" type="part"></biblscope>
</biblstruct></publicationstmt>
<sourcedesc>
<p>Издание подготовлено Мандельштамовским обществом</p>
</sourcedesc>
<respstmt>
<resp>Подготовка и разметка файлов - Алексей Литвинцев, Вероника Файнберг. Создание
          электронного ресурса - Тимофей Молчанов. Руководители проекта - Центр Digital Humanities,
          Мандельштамовское общество (НИУ ВШЭ).</resp>
</respstmt></filedesc>
<profiledesc>
<textdesc n="poem"></textdesc>
<textclass>
<catref target="3_114" type="ID"></catref>
<catref target="О.Э. Мандельштам. Собрание сочинений в 4-х т. -- М.: Терра, 1991" type="Источник"></catref>
<catref target="стихотворение" type="Жанр художественной литературы"></catref>
<catref target="nan" type="Уточнение жанра"></catref>
<catref target="Д" type="Метр"></catref>
<catref target="4" type="Длина строки"></catref>
<catref target="ж" type="Клаузула"></catref>
<catref target="nan" type="Уточнение клаузулы"></catref>
<catref target="nan" type="Классическая строфа"></catref>
<catref target="перекрестная" type="Рифма"></catref>
<catref target="абаб" type="Схема рифмовки"></catref>
<catref target="Д4ж. Д2ж~Д2ж" type="Метрическая формула"></catref>
<catref target="цезурные усечения" type="Дополнительные параметры"></catref>
<catref target="4" type="Число строк"></catref>
<catref target="nan" type="Автор оригинала"></catref>
<catref target="nan" type="Язык оригинала"></catref>
</textclass></profiledesc>
</teiheader>
<text>
<body>
<div1 n="3" type="volume">
<div2 n="114" type="part">
<head>114.</head>
<lg type="quintet">
<l n="1">Бежит волна-волной, волне хребет ломая,</l>
<l n="2">Кидаясь на луну в невольничьей тоске,</l>
<l n="3">И янычарская пучина молодая,</l>
<l n="4">Неусыпленная столица волновая,</l>
<l n="5">Кривеет, мечется и роет ров в песке.</l>
</lg>
<lg type="quintet">
<l n="6">А через воздух сумрачно-хлопчатый</l>
<l n="7">Неначатой стены мерещатся зубцы,</l>
<l n="8">А с пенных лестниц падают солдаты</l>
<l n="9">Султанов мнительных — разбрызганы, разъяты — </l>
<l n="10">И яд разносят хладные скопцы.</l>
</lg>
<date from="1935-06-27" to="1935-07">27 июня — июль 1935</date>
</div2>
</div1>
</body>
</text>
</tei>
