<?xml version='1.0' encoding='UTF8'?>
<tei xmlns="http://www.tei-c.org/ns/1.0">
<teiheader>
<filedesc>
<titlestmt>
<title>Рождение улыбки</title>
<author>О.Э. Мандельштам</author>
</titlestmt>
<publicationstmt>
<p>АРТ-БИЗНЕС-ЦЕНТР МОСКВА 1993</p>
<biblstruct>
<biblscope n="" type="volume"></biblscope>
<biblscope n="" type="part"></biblscope>
</biblstruct></publicationstmt>
<sourcedesc>
<p>Издание подготовлено Мандельштамовским обществом</p>
</sourcedesc>
<respstmt>
<resp>Подготовка и разметка файлов - Алексей Литвинцев, Вероника Файнберг. Создание
          электронного ресурса - Тимофей Молчанов. Руководители проекта - Центр Digital Humanities,
          Мандельштамовское общество (НИУ ВШЭ).</resp>
</respstmt></filedesc>
<profiledesc>
<textdesc n="poem"></textdesc>
<textclass>
<catref target="3_119" type="ID"></catref>
<catref target="О.Э. Мандельштам. Собрание сочинений в 4-х т. -- М.: Терра, 1991" type="Источник"></catref>
<catref target="стихотворение" type="Жанр художественной литературы"></catref>
<catref target="nan" type="Уточнение жанра"></catref>
<catref target="Я" type="Метр"></catref>
<catref target="4" type="Длина строки"></catref>
<catref target="м" type="Клаузула"></catref>
<catref target="nan" type="Уточнение клаузулы"></catref>
<catref target="nan" type="Классическая строфа"></catref>
<catref target="вольная" type="Рифма"></catref>
<catref target="nan" type="Схема рифмовки"></catref>
<catref target="Я4м" type="Метрическая формула"></catref>
<catref target="nan" type="Дополнительные параметры"></catref>
<catref target="9" type="Число строк"></catref>
<catref target="nan" type="Автор оригинала"></catref>
<catref target="nan" type="Язык оригинала"></catref>
</textclass></profiledesc>
</teiheader>
<text>
<body>
<div1 n="3" type="volume">
<div2 n="119" type="part">
<head>119.
РОЖДЕНИЕ УЛЫБКИ</head>
<lg type="quatrain">
<l n="1">Когда заулыбается дитя</l>
<l n="2">С развилинкой и горечи и сласти,</l>
<l n="3">Концы его улыбки, не шутя,</l>
<l n="4">Уходят в океанское безвластье.</l>
</lg>
<lg type="quatrain">
<l n="5">Ему непобедимо хорошо,</l>
<l n="6">Углами губ оно играет в славе — </l>
<l n="7">И радужный уже строчится шов,</l>
<l n="8">Для бесконечного познанья яви.</l>
</lg>
<lg type="quatrain">
<l n="9">На лапы из воды поднялся материк — </l>
<l n="10">Улитки рта наплыв и приближенье, — </l>
<l n="11">И бьет в глаза один атлантов миг</l>
<l n="12">Под легкий наигрыш хвалы и удивленья.</l>
</lg>
<date from="1936-12-08" to="1937-01-17">8 декабря 1936 — 17 января 1937</date>
</div2>
</div1>
</body>
</text>
</tei>
