<?xml version='1.0' encoding='UTF8'?>
<tei xmlns="http://www.tei-c.org/ns/1.0">
<teiheader>
<filedesc>
<titlestmt>
<title>«На мертвых ресницах Исакий замерз...»</title>
<author>О.Э. Мандельштам</author>
</titlestmt>
<publicationstmt>
<p>АРТ-БИЗНЕС-ЦЕНТР МОСКВА 1993</p>
<biblstruct>
<biblscope n="" type="volume"></biblscope>
<biblscope n="" type="part"></biblscope>
</biblstruct></publicationstmt>
<sourcedesc>
<p>Издание подготовлено Мандельштамовским обществом</p>
</sourcedesc>
<respstmt>
<resp>Подготовка и разметка файлов - Алексей Литвинцев, Вероника Файнберг. Создание
          электронного ресурса - Тимофей Молчанов. Руководители проекта - Центр Digital Humanities,
          Мандельштамовское общество (НИУ ВШЭ).</resp>
</respstmt></filedesc>
<profiledesc>
<textdesc n="poem"></textdesc>
<textclass>
<catref target="3_111" type="ID"></catref>
<catref target="О.Э. Мандельштам. Собрание сочинений в 4-х т. -- М.: Терра, 1991" type="Источник"></catref>
<catref target="стихотворение" type="Жанр художественной литературы"></catref>
<catref target="nan" type="Уточнение жанра"></catref>
<catref target="Я" type="Метр"></catref>
<catref target="5" type="Длина строки"></catref>
<catref target="ж" type="Клаузула"></catref>
<catref target="nan" type="Уточнение клаузулы"></catref>
<catref target="nan" type="Классическая строфа"></catref>
<catref target="перекрестная" type="Рифма"></catref>
<catref target="абаб" type="Схема рифмовки"></catref>
<catref target="Я5ж" type="Метрическая формула"></catref>
<catref target="nan" type="Дополнительные параметры"></catref>
<catref target="12" type="Число строк"></catref>
<catref target="nan" type="Автор оригинала"></catref>
<catref target="nan" type="Язык оригинала"></catref>
</textclass></profiledesc>
</teiheader>
<text>
<body>
<div1 n="3" type="volume">
<div2 n="111" type="part">
<head>111.</head>
<lg type="quatrain">
<l n="1">На мертвых ресницах Исакий замерз</l>
<l n="2">И барские улицы сини — </l>
<l n="3">Шарманщика смерть, и медведицы ворс,</l>
<l n="4">И чужие поленья в камине...</l>
</lg>
<lg type="quatrain">
<l n="5">Уже выгоняет выжлятник-пожар</l>
<l n="6">Линеек раскидистых стайку,</l>
<l n="7">Несется земля — меблированный шар, — </l>
<l n="8">И зеркало корчит всезнайку.</l>
</lg>
<lg type="quatrain">
<l n="9">Площадками лестниц — разлад и туман,</l>
<l n="10">Дыханье, дыханье и пенье,</l>
<l n="11">И Шуберта в шубе застыл талисман — <rs ref="Шуберт, Франц Петер" type="person"></rs></l>
<l n="12">Движенье, движенье, движенье...</l>
</lg>
<date when="1935-06-03">3 июня 1935</date>
</div2>
</div1>
</body>
</text>
</tei>
