<?xml version='1.0' encoding='UTF8'?>
<tei xmlns="http://www.tei-c.org/ns/1.0">
<teiheader>
<filedesc>
<titlestmt>
<title>«Возможна ли женщине мертвой хвала?..»</title>
<author>О.Э. Мандельштам</author>
</titlestmt>
<publicationstmt>
<p>АРТ-БИЗНЕС-ЦЕНТР МОСКВА 1993</p>
<biblstruct>
<biblscope n="" type="volume"></biblscope>
<biblscope n="" type="part"></biblscope>
</biblstruct></publicationstmt>
<sourcedesc>
<p>Издание подготовлено Мандельштамовским обществом</p>
</sourcedesc>
<respstmt>
<resp>Подготовка и разметка файлов - Алексей Литвинцев, Вероника Файнберг. Создание
          электронного ресурса - Тимофей Молчанов. Руководители проекта - Центр Digital Humanities,
          Мандельштамовское общество (НИУ ВШЭ).</resp>
</respstmt></filedesc>
<profiledesc>
<textdesc n="poem"></textdesc>
<textclass>
<catref target="3_112" type="ID"></catref>
<catref target="О.Э. Мандельштам. Собрание сочинений в 4-х т. -- М.: Терра, 1991" type="Источник"></catref>
<catref target="стихотворение" type="Жанр художественной литературы"></catref>
<catref target="nan" type="Уточнение жанра"></catref>
<catref target="Ан, Аф" type="Метр"></catref>
<catref target="регулярная" type="Длина строки"></catref>
<catref target="регулярная" type="Клаузула"></catref>
<catref target="мж" type="Уточнение клаузулы"></catref>
<catref target="nan" type="Классическая строфа"></catref>
<catref target="перекрестная" type="Рифма"></catref>
<catref target="абаб" type="Схема рифмовки"></catref>
<catref target="Аф4м+Аф3ж. Ан3ж" type="Метрическая формула"></catref>
<catref target="нарушения анакрусы" type="Дополнительные параметры"></catref>
<catref target="12" type="Число строк"></catref>
<catref target="nan" type="Автор оригинала"></catref>
<catref target="nan" type="Язык оригинала"></catref>
</textclass></profiledesc>
</teiheader>
<text>
<body>
<div1 n="3" type="volume">
<div2 n="112" type="part">
<head>112.</head>
<lg type="quatrain">
<l n="1">Возможна ли женщине мертвой хвала?</l>
<l n="2">Она в отчужденьи и в силе,</l>
<l n="3">Ее чужелюбая власть привела</l>
<l n="4">К насильственной жаркой могиле.</l>
</lg>
<lg type="quatrain">
<l n="5">И твердые ласточки круглых бровей</l>
<l n="6">Из гроба ко мне прилетели</l>
<l n="7">Сказать, что они отлежались в своей</l>
<l n="8">Холодной стокгольмской постели.</l>
</lg>
<lg type="quatrain">
<l n="9">И прадеда скрипкой гордился твой род,</l>
<l n="10">От шейки ее хорошея,</l>
<l n="11">И ты раскрывала свой аленький рот,</l>
<l n="12">Смеясь, итальянясь, русея...</l>
</lg>
<lg type="quatrain">
<l n="13">Я тяжкую память твою берегу — </l>
<l n="14">Дичок, медвежонок, Миньона, — </l>
<l n="15">Но мельниц колеса зимуют в снегу,</l>
<l n="16">И стынет рожок почтальона.</l>
</lg>
<date when="1935-06-03">3 июня 1935, 14 декабря 1936</date>
<date when="1936-12-14">3 июня 1935, 14 декабря 1936</date>
</div2>
</div1>
</body>
</text>
</tei>
