<?xml version='1.0' encoding='UTF8'?>
<tei xmlns="http://www.tei-c.org/ns/1.0">
<teiheader>
<filedesc>
<titlestmt>
<title>«Детский рот жует свою мякину...»</title>
<author>О.Э. Мандельштам</author>
</titlestmt>
<publicationstmt>
<p>АРТ-БИЗНЕС-ЦЕНТР МОСКВА 1993</p>
<biblstruct>
<biblscope n="" type="volume"></biblscope>
<biblscope n="" type="part"></biblscope>
</biblstruct></publicationstmt>
<sourcedesc>
<p>Издание подготовлено Мандельштамовским обществом</p>
</sourcedesc>
<respstmt>
<resp>Подготовка и разметка файлов - Алексей Литвинцев, Вероника Файнберг. Создание
          электронного ресурса - Тимофей Молчанов. Руководители проекта - Центр Digital Humanities,
          Мандельштамовское общество (НИУ ВШЭ).</resp>
</respstmt></filedesc>
<profiledesc>
<textdesc n="poem"></textdesc>
<textclass>
<catref target="3_123" type="ID"></catref>
<catref target="О.Э. Мандельштам. Собрание сочинений в 4-х т. -- М.: Терра, 1991" type="Источник"></catref>
<catref target="стихотворение" type="Жанр художественной литературы"></catref>
<catref target="nan" type="Уточнение жанра"></catref>
<catref target="Х" type="Метр"></catref>
<catref target="вольная" type="Длина строки"></catref>
<catref target="регулярная" type="Клаузула"></catref>
<catref target="жм" type="Уточнение клаузулы"></catref>
<catref target="nan" type="Классическая строфа"></catref>
<catref target="перекрестная" type="Рифма"></catref>
<catref target="абаб" type="Схема рифмовки"></catref>
<catref target="Х4,5жм" type="Метрическая формула"></catref>
<catref target="nan" type="Дополнительные параметры"></catref>
<catref target="8" type="Число строк"></catref>
<catref target="nan" type="Автор оригинала"></catref>
<catref target="nan" type="Язык оригинала"></catref>
</textclass></profiledesc>
</teiheader>
<text>
<body>
<div1 n="3" type="volume">
<div2 n="123" type="part">
<head>123.</head>
<lg type="quatrain">
<l n="1">Детский рот жует свою мякину,</l>
<l n="2">Улыбается, жуя,</l>
<l n="3">Словно щеголь, голову закину</l>
<l n="4">И щегла увижу я.</l>
</lg>
<lg type="quatrain">
<l n="5">Хвостик лодкой, перья черно-желты,</l>
<l n="6">Ниже клюва красным шит,</l>
<l n="7">Черно-желтый, до чего щегол ты,</l>
<l n="8">До чего ты щегловит!</l>
</lg>
<lg type="quatrain">
<l n="9">Подивлюсь на свет еще немного,</l>
<l n="10">На детей и на снега, — </l>
<l n="11">Но улыбка неподдельна, как дорога,</l>
<l n="12">Непослушна, не слуга.</l>
</lg>
<date from="1936-12-09" to="1936-12-13">9—13 декабря 1936</date>
</div2>
</div1>
</body>
</text>
</tei>
