<?xml version='1.0' encoding='UTF8'?>
<tei xmlns="http://www.tei-c.org/ns/1.0">
<teiheader>
<filedesc>
<titlestmt>
<title>«Нынче день какой-то желторотый...»</title>
<author>О.Э. Мандельштам</author>
</titlestmt>
<publicationstmt>
<p>АРТ-БИЗНЕС-ЦЕНТР МОСКВА 1993</p>
<biblstruct>
<biblscope n="" type="volume"></biblscope>
<biblscope n="" type="part"></biblscope>
</biblstruct></publicationstmt>
<sourcedesc>
<p>Издание подготовлено Мандельштамовским обществом</p>
</sourcedesc>
<respstmt>
<resp>Подготовка и разметка файлов - Алексей Литвинцев, Вероника Файнберг. Создание
          электронного ресурса - Тимофей Молчанов. Руководители проекта - Центр Digital Humanities,
          Мандельштамовское общество (НИУ ВШЭ).</resp>
</respstmt></filedesc>
<profiledesc>
<textdesc n="poem"></textdesc>
<textclass>
<catref target="3_122" type="ID"></catref>
<catref target="О.Э. Мандельштам. Собрание сочинений в 4-х т. -- М.: Терра, 1991" type="Источник"></catref>
<catref target="стихотворение" type="Жанр художественной литературы"></catref>
<catref target="nan" type="Уточнение жанра"></catref>
<catref target="Я" type="Метр"></catref>
<catref target="вольная" type="Длина строки"></catref>
<catref target="регулярная" type="Клаузула"></catref>
<catref target="мж" type="Уточнение клаузулы"></catref>
<catref target="nan" type="Классическая строфа"></catref>
<catref target="перекрестная" type="Рифма"></catref>
<catref target="абаб" type="Схема рифмовки"></catref>
<catref target="Я5,6мж. Я4ж" type="Метрическая формула"></catref>
<catref target="нарушения строфики" type="Дополнительные параметры"></catref>
<catref target="13" type="Число строк"></catref>
<catref target="nan" type="Автор оригинала"></catref>
<catref target="nan" type="Язык оригинала"></catref>
</textclass></profiledesc>
</teiheader>
<text>
<body>
<div1 n="3" type="volume">
<div2 n="122" type="part">
<head>122.</head>
<lg type="quatrain">
<l n="1">Нынче день какой-то желторотый — </l>
<l n="2">Не могу его понять — </l>
<l n="3">И глядят приморские ворота</l>
<l n="4">В якорях, в туманах на меня...</l>
</lg>
<lg type="quatrain">
<l n="5">Тихий, тихий по воде линялой</l>
<l n="6">Ход военных кораблей,</l>
<l n="7">И каналов узкие пеналы</l>
<l n="8">Подо льдом еще черней.</l>
</lg>
<date from="1936-12-09" to="1936-12-28">9—28 декабря 1936</date>
</div2>
</div1>
</body>
</text>
</tei>
