<?xml version='1.0' encoding='UTF8'?>
<tei xmlns="http://www.tei-c.org/ns/1.0">
<teiheader>
<filedesc>
<titlestmt>
<title>«Не у меня, не у тебя — у них...»</title>
<author>О.Э. Мандельштам</author>
</titlestmt>
<publicationstmt>
<p>АРТ-БИЗНЕС-ЦЕНТР МОСКВА 1993</p>
<biblstruct>
<biblscope n="" type="volume"></biblscope>
<biblscope n="" type="part"></biblscope>
</biblstruct></publicationstmt>
<sourcedesc>
<p>Издание подготовлено Мандельштамовским обществом</p>
</sourcedesc>
<respstmt>
<resp>Подготовка и разметка файлов - Алексей Литвинцев, Вероника Файнберг. Создание
          электронного ресурса - Тимофей Молчанов. Руководители проекта - Центр Digital Humanities,
          Мандельштамовское общество (НИУ ВШЭ).</resp>
</respstmt></filedesc>
<profiledesc>
<textdesc n="poem"></textdesc>
<textclass>
<catref target="3_120" type="ID"></catref>
<catref target="О.Э. Мандельштам. Собрание сочинений в 4-х т. -- М.: Терра, 1991" type="Источник"></catref>
<catref target="стихотворение" type="Жанр художественной литературы"></catref>
<catref target="nan" type="Уточнение жанра"></catref>
<catref target="Я" type="Метр"></catref>
<catref target="5(6)" type="Длина строки"></catref>
<catref target="регулярная" type="Клаузула"></catref>
<catref target="мж" type="Уточнение клаузулы"></catref>
<catref target="nan" type="Классическая строфа"></catref>
<catref target="перекрестная" type="Рифма"></catref>
<catref target="абаб" type="Схема рифмовки"></catref>
<catref target="Я5мж. Я6ж,м" type="Метрическая формула"></catref>
<catref target="nan" type="Дополнительные параметры"></catref>
<catref target="12" type="Число строк"></catref>
<catref target="nan" type="Автор оригинала"></catref>
<catref target="nan" type="Язык оригинала"></catref>
</textclass></profiledesc>
</teiheader>
<text>
<body>
<div1 n="3" type="volume">
<div2 n="120" type="part">
<head>120.</head>
<lg type="11_line">
<l n="1">Не у меня, не у тебя — у них</l>
<l n="2">Вся сила окончаний родовых:</l>
<l n="3">Их воздухом поющ тростник и скважист,</l>
<l n="4">И с благодарностью улитки губ людских</l>
<l n="5">Потянут на себя их дышащую тяжесть.</l>
<l n="6">Нет имени у них. Войди в их хрящ — </l>
<l n="7">И будешь ты наследником их княжеств.</l>
<l n="8">И для людей, для их сердец живых,</l>
<l n="9">Блуждая в их извилинах, развивах,</l>
<l n="10">Изобразишь и наслажденья их,</l>
<l n="11">И то, что мучит их, — в приливах и отливах.</l>
</lg>
<date from="1936-12-09" to="1936-12-27">9—27 декабря 1936</date>
</div2>
</div1>
</body>
</text>
</tei>
