<?xml version='1.0' encoding='UTF8'?>
<tei xmlns="http://www.tei-c.org/ns/1.0">
<teiheader>
<filedesc>
<titlestmt>
<title>«Мой щегол, я голову закину...»</title>
<author>О.Э. Мандельштам</author>
</titlestmt>
<publicationstmt>
<p>АРТ-БИЗНЕС-ЦЕНТР МОСКВА 1993</p>
<biblstruct>
<biblscope n="" type="volume"></biblscope>
<biblscope n="" type="part"></biblscope>
</biblstruct></publicationstmt>
<sourcedesc>
<p>Издание подготовлено Мандельштамовским обществом</p>
</sourcedesc>
<respstmt>
<resp>Подготовка и разметка файлов - Алексей Литвинцев, Вероника Файнберг. Создание
          электронного ресурса - Тимофей Молчанов. Руководители проекта - Центр Digital Humanities,
          Мандельштамовское общество (НИУ ВШЭ).</resp>
</respstmt></filedesc>
<profiledesc>
<textdesc n="poem"></textdesc>
<textclass>
<catref target="3_124" type="ID"></catref>
<catref target="О.Э. Мандельштам. Собрание сочинений в 4-х т. -- М.: Терра, 1991" type="Источник"></catref>
<catref target="стихотворение" type="Жанр художественной литературы"></catref>
<catref target="nan" type="Уточнение жанра"></catref>
<catref target="Х" type="Метр"></catref>
<catref target="регулярная" type="Длина строки"></catref>
<catref target="регулярная" type="Клаузула"></catref>
<catref target="жм" type="Уточнение клаузулы"></catref>
<catref target="nan" type="Классическая строфа"></catref>
<catref target="перекрестная" type="Рифма"></catref>
<catref target="абаб" type="Схема рифмовки"></catref>
<catref target="Х5ж+Х4м. Х6ж" type="Метрическая формула"></catref>
<catref target="nan" type="Дополнительные параметры"></catref>
<catref target="12" type="Число строк"></catref>
<catref target="nan" type="Автор оригинала"></catref>
<catref target="nan" type="Язык оригинала"></catref>
</textclass></profiledesc>
</teiheader>
<text>
<body>
<div1 n="3" type="volume">
<div2 n="124" type="part">
<head>124.</head>
<lg type="quatrain">
<l n="1">Мой щегол, я голову закину — </l>
<l n="2">Поглядим на мир вдвоем:</l>
<l n="3">Зимний день, колючий, как мякина,</l>
<l n="4">Так ли жестк в зрачке твоем?</l>
</lg>
<lg type="tercet">
<l n="5">Хвостик лодкой, перья черно-желты,</l>
<l n="6">Ниже клюва в краску влит,</l>
<l n="7">Сознаешь ли — до чего щегол ты,</l>
</lg>
<lg type="quatrain">
<l n="8">Что за воздух у него в надлобье — </l>
<l n="9">Черн и красен, желт и бел!</l>
<l n="10">В обе стороны он в оба смотрит — в обе!— </l>
<l n="11">Не посмотрит — улетел!</l>
</lg>
<date from="1936-12-09" to="1936-12-27">9—27 декабря 1936</date>
</div2>
</div1>
</body>
</text>
</tei>
