<?xml version='1.0' encoding='UTF8'?>
<tei xmlns="http://www.tei-c.org/ns/1.0">
<teiheader>
<filedesc>
<titlestmt>
<title>«Внутри горы бездействует кумир...»</title>
<author>О.Э. Мандельштам</author>
</titlestmt>
<publicationstmt>
<p>АРТ-БИЗНЕС-ЦЕНТР МОСКВА 1993</p>
<biblstruct>
<biblscope n="" type="volume"></biblscope>
<biblscope n="" type="part"></biblscope>
</biblstruct></publicationstmt>
<sourcedesc>
<p>Издание подготовлено Мандельштамовским обществом</p>
</sourcedesc>
<respstmt>
<resp>Подготовка и разметка файлов - Алексей Литвинцев, Вероника Файнберг. Создание
          электронного ресурса - Тимофей Молчанов. Руководители проекта - Центр Digital Humanities,
          Мандельштамовское общество (НИУ ВШЭ).</resp>
</respstmt></filedesc>
<profiledesc>
<textdesc n="poem"></textdesc>
<textclass>
<catref target="3_121" type="ID"></catref>
<catref target="О.Э. Мандельштам. Собрание сочинений в 4-х т. -- М.: Терра, 1991" type="Источник"></catref>
<catref target="стихотворение" type="Жанр художественной литературы"></catref>
<catref target="nan" type="Уточнение жанра"></catref>
<catref target="Я" type="Метр"></catref>
<catref target="вольная" type="Длина строки"></catref>
<catref target="вольная" type="Клаузула"></catref>
<catref target="ж, м" type="Уточнение клаузулы"></catref>
<catref target="nan" type="Классическая строфа"></catref>
<catref target="вольная" type="Рифма"></catref>
<catref target="nan" type="Схема рифмовки"></catref>
<catref target="Я5,6ж,м" type="Метрическая формула"></catref>
<catref target="nan" type="Дополнительные параметры"></catref>
<catref target="11" type="Число строк"></catref>
<catref target="nan" type="Автор оригинала"></catref>
<catref target="nan" type="Язык оригинала"></catref>
</textclass></profiledesc>
</teiheader>
<text>
<body>
<div1 n="3" type="volume">
<div2 n="121" type="part">
<head>121.</head>
<lg type="13_line">
<l n="1">Внутри горы бездействует кумир</l>
<l n="2">В покоях бережных, безбрежных и счастливых,</l>
<l n="3">А с шеи каплет ожерелий жир,</l>
<l n="4">Оберегая сна приливы и отливы.</l>
<l n="5">Когда он мальчик был и с ним играл павлин,</l>
<l n="6">Его индийской радугой кормили,</l>
<l n="7">Давали молока из розоватых глин</l>
<l n="8">И не жалели кошенили.</l>
<l n="9">Кость усыпленная завязана узлом,</l>
<l n="10">Очеловечены колени, руки, плечи,</l>
<l n="11">Он улыбается своим тишайшим ртом,</l>
<l n="12">Он мыслит костию и чувствует челом</l>
<l n="13">И вспомнить силится свой облик человечий.</l>
</lg>
<date from="1936-12-10" to="1936-12-26">10—26 декабря 1936</date>
</div2>
</div1>
</body>
</text>
</tei>
