<?xml version='1.0' encoding='UTF8'?>
<tei xmlns="http://www.tei-c.org/ns/1.0">
<teiheader>
<filedesc>
<titlestmt>
<title>«Пластинкой тоненькой жиллета...»</title>
<author>О.Э. Мандельштам</author>
</titlestmt>
<publicationstmt>
<p>АРТ-БИЗНЕС-ЦЕНТР МОСКВА 1993</p>
<biblstruct>
<biblscope n="" type="volume"></biblscope>
<biblscope n="" type="part"></biblscope>
</biblstruct></publicationstmt>
<sourcedesc>
<p>Издание подготовлено Мандельштамовским обществом</p>
</sourcedesc>
<respstmt>
<resp>Подготовка и разметка файлов - Алексей Литвинцев, Вероника Файнберг. Создание
          электронного ресурса - Тимофей Молчанов. Руководители проекта - Центр Digital Humanities,
          Мандельштамовское общество (НИУ ВШЭ).</resp>
</respstmt></filedesc>
<profiledesc>
<textdesc n="poem"></textdesc>
<textclass>
<catref target="3_128" type="ID"></catref>
<catref target="О.Э. Мандельштам. Собрание сочинений в 4-х т. -- М.: Терра, 1991" type="Источник"></catref>
<catref target="стихотворение" type="Жанр художественной литературы"></catref>
<catref target="nan" type="Уточнение жанра"></catref>
<catref target="Я" type="Метр"></catref>
<catref target="4" type="Длина строки"></catref>
<catref target="регулярная" type="Клаузула"></catref>
<catref target="жм" type="Уточнение клаузулы"></catref>
<catref target="nan" type="Классическая строфа"></catref>
<catref target="перекрестная" type="Рифма"></catref>
<catref target="абаб" type="Схема рифмовки"></catref>
<catref target="Я4жм" type="Метрическая формула"></catref>
<catref target="nan" type="Дополнительные параметры"></catref>
<catref target="4" type="Число строк"></catref>
<catref target="nan" type="Автор оригинала"></catref>
<catref target="nan" type="Язык оригинала"></catref>
</textclass></profiledesc>
</teiheader>
<text>
<body>
<div1 n="3" type="volume">
<div2 n="128" type="part">
<head>128.</head>
<lg type="quatrain">
<l n="1">Пластинкой тоненькой жиллета</l>
<l n="2">Легко щетину спячки снять:</l>
<l n="3">Полуукраинское лето</l>
<l n="4">Давай с тобою вспоминать.</l>
</lg>
<lg type="quintet">
<l n="5">Вы, именитые вершины,</l>
<l n="6">Дерев косматых именины, — </l>
<l n="7">Честь Рюисдалевых картин, — </l>
<l n="8">И на почин лишь куст один</l>
<l n="9">В янтарь и мясо красных глин.</l>
</lg>
<lg type="quatrain">
<l n="10">Земля бежит наверх. Приятно</l>
<l n="11">Глядеть на чистые пласты</l>
<l n="12">И быть хозяином объятной</l>
<l n="13">Семипалатной простоты.</l>
</lg>
<lg type="quatrain">
<l n="14">Его холмы к далекой цели</l>
<l n="15">Стогами легкими летели,</l>
<l n="16">Его дорог степной бульвар</l>
<l n="17">Как цепь шатров в тенистый жар!</l>
</lg>
<lg type="quatrain">
<l n="18">И на пожар рванулась ива,</l>
<l n="19">А тополь встал самолюбиво...</l>
<l n="20">Над желтым лагерем жнивья</l>
<l n="21">Морозных дымов колея.</l>
</lg>
<lg type="quatrain">
<l n="22">А Дон еще как полукровка,</l>
<l n="23">Сребрясь и мелко и неловко,</l>
<l n="24">Воды набравши с полковша,</l>
<l n="25">Терялся, что моя душа,</l>
</lg>
<lg type="quatrain">
<l n="26">Когда на жесткие постели</l>
<l n="27">Ложилось бремя вечеров</l>
<l n="28">И, выходя из берегов,</l>
<l n="29">Деревья-бражники шумели...</l>
</lg>
<date from="1936-12-15" to="1936-12-27">15—27 декабря 1936</date>
</div2>
</div1>
</body>
</text>
</tei>
