<?xml version='1.0' encoding='UTF8'?>
<tei xmlns="http://www.tei-c.org/ns/1.0">
<teiheader>
<filedesc>
<titlestmt>
<title>«Когда в ветвях понурых...»</title>
<author>О.Э. Мандельштам</author>
</titlestmt>
<publicationstmt>
<p>АРТ-БИЗНЕС-ЦЕНТР МОСКВА 1993</p>
<biblstruct>
<biblscope n="" type="volume"></biblscope>
<biblscope n="" type="part"></biblscope>
</biblstruct></publicationstmt>
<sourcedesc>
<p>Издание подготовлено Мандельштамовским обществом</p>
</sourcedesc>
<respstmt>
<resp>Подготовка и разметка файлов - Алексей Литвинцев, Вероника Файнберг. Создание
          электронного ресурса - Тимофей Молчанов. Руководители проекта - Центр Digital Humanities,
          Мандельштамовское общество (НИУ ВШЭ).</resp>
</respstmt></filedesc>
<profiledesc>
<textdesc n="poem"></textdesc>
<textclass>
<catref target="3_136" type="ID"></catref>
<catref target="О.Э. Мандельштам. Собрание сочинений в 4-х т. -- М.: Терра, 1991" type="Источник"></catref>
<catref target="стихотворение" type="Жанр художественной литературы"></catref>
<catref target="nan" type="Уточнение жанра"></catref>
<catref target="Х" type="Метр"></catref>
<catref target="8" type="Длина строки"></catref>
<catref target="м" type="Клаузула"></catref>
<catref target="nan" type="Уточнение клаузулы"></catref>
<catref target="nan" type="Классическая строфа"></catref>
<catref target="парная" type="Рифма"></catref>
<catref target="аа" type="Схема рифмовки"></catref>
<catref target="Х8м" type="Метрическая формула"></catref>
<catref target="пеон III, внутренняя рифма" type="Дополнительные параметры"></catref>
<catref target="8" type="Число строк"></catref>
<catref target="nan" type="Автор оригинала"></catref>
<catref target="nan" type="Язык оригинала"></catref>
</textclass></profiledesc>
</teiheader>
<text>
<body>
<div1 n="3" type="volume">
<div2 n="136" type="part">
<head>136.</head>
<lg type="quatrain">
<l n="1">Когда в ветвях понурых</l>
<l n="2">Заводит чародей</l>
<l n="3">Гнедых или каурых</l>
<l n="4">Шушуканье мастей, — </l>
</lg>
<lg type="quatrain">
<l n="5">Не хочет петь линючий</l>
<l n="6">Ленивый богатырь — </l>
<l n="7">И малый, и могучий</l>
<l n="8">Зимующий снегирь, — </l>
</lg>
<lg type="quatrain">
<l n="9">Под неба нависанье,</l>
<l n="10">Под свод его бровей</l>
<l n="11">В сиреневые сани</l>
<l n="12">Усядусь поскорей.</l>
</lg>
<date when="1937-01-09">9 января 1937</date>
</div2>
</div1>
</body>
</text>
</tei>
