<?xml version='1.0' encoding='UTF8'?>
<tei xmlns="http://www.tei-c.org/ns/1.0">
<teiheader>
<filedesc>
<titlestmt>
<title>«Улыбнись, ягненок гневный c Рафаэлева холста...»</title>
<author>О.Э. Мандельштам</author>
</titlestmt>
<publicationstmt>
<p>АРТ-БИЗНЕС-ЦЕНТР МОСКВА 1993</p>
<biblstruct>
<biblscope n="" type="volume"></biblscope>
<biblscope n="" type="part"></biblscope>
</biblstruct></publicationstmt>
<sourcedesc>
<p>Издание подготовлено Мандельштамовским обществом</p>
</sourcedesc>
<respstmt>
<resp>Подготовка и разметка файлов - Алексей Литвинцев, Вероника Файнберг. Создание
          электронного ресурса - Тимофей Молчанов. Руководители проекта - Центр Digital Humanities,
          Мандельштамовское общество (НИУ ВШЭ).</resp>
</respstmt></filedesc>
<profiledesc>
<textdesc n="poem"></textdesc>
<textclass>
<catref target="3_135" type="ID"></catref>
<catref target="О.Э. Мандельштам. Собрание сочинений в 4-х т. -- М.: Терра, 1991" type="Источник"></catref>
<catref target="стихотворение" type="Жанр художественной литературы"></catref>
<catref target="nan" type="Уточнение жанра"></catref>
<catref target="Х" type="Метр"></catref>
<catref target="4" type="Длина строки"></catref>
<catref target="регулярная" type="Клаузула"></catref>
<catref target="жм" type="Уточнение клаузулы"></catref>
<catref target="nan" type="Классическая строфа"></catref>
<catref target="перекрестная" type="Рифма"></catref>
<catref target="абаб" type="Схема рифмовки"></catref>
<catref target="Х4жм" type="Метрическая формула"></catref>
<catref target="nan" type="Дополнительные параметры"></catref>
<catref target="12" type="Число строк"></catref>
<catref target="nan" type="Автор оригинала"></catref>
<catref target="nan" type="Язык оригинала"></catref>
</textclass></profiledesc>
</teiheader>
<text>
<body>
<div1 n="3" type="volume">
<div2 n="135" type="part">
<head>135.</head>
<lg type="couplet">
<l n="1">Улыбнись, ягненок гневный с Рафаэлева холста, — <rs ref="Рафаэль Санти" type="person"></rs></l>
<l n="2">На холсте уста вселенной, но она уже не та:</l>
</lg>
<lg type="couplet">
<l n="3">В легком воздухе свирели раствори жемчужин боль,</l>
<l n="4">В синий, синий цвет синели океана въелась соль.</l>
</lg>
<lg type="couplet">
<l n="5">Цвет воздушного разбоя и пещерной густоты,</l>
<l n="6">Складки бурного покоя на коленях разлиты,</l>
</lg>
<lg type="couplet">
<l n="7">На скале черствее хлеба — молодых тростинки рощ,</l>
<l n="8">И плывет углами неба восхитительная мощь.</l>
</lg>
<date when="1937-01-09">9 января 1937</date>
</div2>
</div1>
</body>
</text>
</tei>
