<?xml version='1.0' encoding='UTF8'?>
<tei xmlns="http://www.tei-c.org/ns/1.0">
<teiheader>
<filedesc>
<titlestmt>
<title>«Твой зрачок в небесной корке...»</title>
<author>О.Э. Мандельштам</author>
</titlestmt>
<publicationstmt>
<p>АРТ-БИЗНЕС-ЦЕНТР МОСКВА 1993</p>
<biblstruct>
<biblscope n="" type="volume"></biblscope>
<biblscope n="" type="part"></biblscope>
</biblstruct></publicationstmt>
<sourcedesc>
<p>Издание подготовлено Мандельштамовским обществом</p>
</sourcedesc>
<respstmt>
<resp>Подготовка и разметка файлов - Алексей Литвинцев, Вероника Файнберг. Создание
          электронного ресурса - Тимофей Молчанов. Руководители проекта - Центр Digital Humanities,
          Мандельштамовское общество (НИУ ВШЭ).</resp>
</respstmt></filedesc>
<profiledesc>
<textdesc n="poem"></textdesc>
<textclass>
<catref target="3_134" type="ID"></catref>
<catref target="О.Э. Мандельштам. Собрание сочинений в 4-х т. -- М.: Терра, 1991" type="Источник"></catref>
<catref target="стихотворение" type="Жанр художественной литературы"></catref>
<catref target="nan" type="Уточнение жанра"></catref>
<catref target="Х" type="Метр"></catref>
<catref target="4" type="Длина строки"></catref>
<catref target="вольная" type="Клаузула"></catref>
<catref target="ж, м" type="Уточнение клаузулы"></catref>
<catref target="nan" type="Классическая строфа"></catref>
<catref target="вольная" type="Рифма"></catref>
<catref target="nan" type="Схема рифмовки"></catref>
<catref target="Х4ж,м" type="Метрическая формула"></catref>
<catref target="nan" type="Дополнительные параметры"></catref>
<catref target="18" type="Число строк"></catref>
<catref target="nan" type="Автор оригинала"></catref>
<catref target="nan" type="Язык оригинала"></catref>
</textclass></profiledesc>
</teiheader>
<text>
<body>
<div1 n="3" type="volume">
<div2 n="134" type="part">
<head>134.</head>
<lg type="quatrain">
<l n="1">Твой зрачок в небесной корке,</l>
<l n="2">Обращенный вдаль и ниц,</l>
<l n="3">Защищают оговорки</l>
<l n="4">Слабых, чующих ресниц.</l>
</lg>
<lg type="quatrain">
<l n="5">Будет он обожествленный</l>
<l n="6">Долго жить в родной стране — </l>
<l n="7">Омут ока удивленный, — </l>
<l n="8">Кинь его вдогонку мне.</l>
</lg>
<lg type="quatrain">
<l n="9">Он глядит уже охотно</l>
<l n="10">В мимолетные века — </l>
<l n="11">Светлый, радужный, бесплотный,</l>
<l n="12">Умоляющий пока.</l>
</lg>
<date when="1937-01-02">2 января 1937</date>
</div2>
</div1>
</body>
</text>
</tei>
