<?xml version='1.0' encoding='UTF8'?>
<tei xmlns="http://www.tei-c.org/ns/1.0">
<teiheader>
<filedesc>
<titlestmt>
<title>«Эта область в темноводье...»</title>
<author>О.Э. Мандельштам</author>
</titlestmt>
<publicationstmt>
<p>АРТ-БИЗНЕС-ЦЕНТР МОСКВА 1993</p>
<biblstruct>
<biblscope n="" type="volume"></biblscope>
<biblscope n="" type="part"></biblscope>
</biblstruct></publicationstmt>
<sourcedesc>
<p>Издание подготовлено Мандельштамовским обществом</p>
</sourcedesc>
<respstmt>
<resp>Подготовка и разметка файлов - Алексей Литвинцев, Вероника Файнберг. Создание
          электронного ресурса - Тимофей Молчанов. Руководители проекта - Центр Digital Humanities,
          Мандельштамовское общество (НИУ ВШЭ).</resp>
</respstmt></filedesc>
<profiledesc>
<textdesc n="poem"></textdesc>
<textclass>
<catref target="3_130" type="ID"></catref>
<catref target="О.Э. Мандельштам. Собрание сочинений в 4-х т. -- М.: Терра, 1991" type="Источник"></catref>
<catref target="стихотворение" type="Жанр художественной литературы"></catref>
<catref target="nan" type="Уточнение жанра"></catref>
<catref target="Я" type="Метр"></catref>
<catref target="4" type="Длина строки"></catref>
<catref target="вольная" type="Клаузула"></catref>
<catref target="ж, м" type="Уточнение клаузулы"></catref>
<catref target="nan" type="Классическая строфа"></catref>
<catref target="вольная" type="Рифма"></catref>
<catref target="nan" type="Схема рифмовки"></catref>
<catref target="Я4ж,м" type="Метрическая формула"></catref>
<catref target="nan" type="Дополнительные параметры"></catref>
<catref target="10" type="Число строк"></catref>
<catref target="nan" type="Автор оригинала"></catref>
<catref target="nan" type="Язык оригинала"></catref>
</textclass></profiledesc>
</teiheader>
<text>
<body>
<div1 n="3" type="volume">
<div2 n="130" type="part">
<head>130.</head>
<lg type="12_line">
<l n="1">Эта область в темноводье — </l>
<l n="2">Хляби хлеба, гроз ведро — </l>
<l n="3">Не дворянское угодье — </l>
<l n="4">Океанское ядро.</l>
<l n="5">Я люблю ее рисунок — </l>
<l n="6">Он на Африку похож.<rs ref="Африка" type="geo_index"></rs></l>
<l n="7">Дайте свет — прозрачных лунок</l>
<l n="8">На фанере не сочтешь.</l>
<l n="9">— Анна, Россошь и Гремячье, — </l>
<l n="10">Я твержу их имена,</l>
<l n="11">Белизна снегов гагачья</l>
<l n="12">Из вагонного окна.</l>
</lg>
<lg type="12_line">
<l n="13">Я кружил в полях совхозных — </l>
<l n="14">Полон воздуха был рот,</l>
<l n="15">Солнц подсолнечника грозных</l>
<l n="16">Прямо в очи оборот.</l>
<l n="17">Въехал ночью в рукавичный,</l>
<l n="18">Снегом пышущий Тамбов,<rs ref="Тамбов" type="geo_index"></rs></l>
<l n="19">Видел Цны — реки обычной — </l>
<l n="20">Белый-белый бел-покров.</l>
<l n="21">Трудодень земли знакомой</l>
<l n="22">Я запомнил навсегда,</l>
<l n="23">Воробьевского райкома</l>
<l n="24">Не забуду никогда.</l>
</lg>
<lg type="12_line">
<l n="25">Где я? Что со мной дурного?</l>
<l n="26">Степь беззимняя гола.</l>
<l n="27">Это мачеха Кольцова,<rs ref="Кольцов, Алексей Васильевич" type="person"></rs></l>
<l n="28">Шутишь: родина щегла!</l>
<l n="29">Только города немого</l>
<l n="30">В гололедицу обзор,</l>
<l n="31">Только чайника ночного</l>
<l n="32">Сам с собою разговор...</l>
<l n="33">В гуще воздуха степного</l>
<l n="34">Перекличка поездов</l>
<l n="35">Да украинская мова</l>
<l n="36">Их растянутых гудков.</l>
</lg>
<date from="1936-12-23" to="1936-12-27">23—27 декабря 1936</date>
</div2>
</div1>
</body>
</text>
</tei>
