<?xml version='1.0' encoding='UTF8'?>
<tei xmlns="http://www.tei-c.org/ns/1.0">
<teiheader>
<filedesc>
<titlestmt>
<title>«Я около Кольцова...»</title>
<author>О.Э. Мандельштам</author>
</titlestmt>
<publicationstmt>
<p>АРТ-БИЗНЕС-ЦЕНТР МОСКВА 1993</p>
<biblstruct>
<biblscope n="" type="volume"></biblscope>
<biblscope n="" type="part"></biblscope>
</biblstruct></publicationstmt>
<sourcedesc>
<p>Издание подготовлено Мандельштамовским обществом</p>
</sourcedesc>
<respstmt>
<resp>Подготовка и разметка файлов - Алексей Литвинцев, Вероника Файнберг. Создание
          электронного ресурса - Тимофей Молчанов. Руководители проекта - Центр Digital Humanities,
          Мандельштамовское общество (НИУ ВШЭ).</resp>
</respstmt></filedesc>
<profiledesc>
<textdesc n="poem"></textdesc>
<textclass>
<catref target="3_137" type="ID"></catref>
<catref target="О.Э. Мандельштам. Собрание сочинений в 4-х т. -- М.: Терра, 1991" type="Источник"></catref>
<catref target="стихотворение" type="Жанр художественной литературы"></catref>
<catref target="nan" type="Уточнение жанра"></catref>
<catref target="Я" type="Метр"></catref>
<catref target="3" type="Длина строки"></catref>
<catref target="регулярная" type="Клаузула"></catref>
<catref target="жм" type="Уточнение клаузулы"></catref>
<catref target="nan" type="Классическая строфа"></catref>
<catref target="перекрестная" type="Рифма"></catref>
<catref target="абаб" type="Схема рифмовки"></catref>
<catref target="Я3жм" type="Метрическая формула"></catref>
<catref target="nan" type="Дополнительные параметры"></catref>
<catref target="12" type="Число строк"></catref>
<catref target="nan" type="Автор оригинала"></catref>
<catref target="nan" type="Язык оригинала"></catref>
</textclass></profiledesc>
</teiheader>
<text>
<body>
<div1 n="3" type="volume">
<div2 n="137" type="part">
<head>137.</head>
<lg type="quatrain">
<l n="1">Я около Кольцова<rs ref="Кольцов, Алексей Васильевич" type="person"></rs></l>
<l n="2">Как сокол закольцован,</l>
<l n="3">И нет ко мне гонца,</l>
<l n="4">И дом мой без крыльца.</l>
</lg>
<lg type="quatrain">
<l n="5">К ноге моей привязан</l>
<l n="6">Сосновый синий бор,</l>
<l n="7">Как вестник без указа</l>
<l n="8">Распахнут кругозор.</l>
</lg>
<lg type="quatrain">
<l n="9">В степи кочуют кочки,</l>
<l n="10">И все идут, идут</l>
<l n="11">Ночлеги, ночи, ночки — </l>
<l n="12">Как бы слепых везут.</l>
</lg>
<date when="1937-01-09">9 января 1937</date>
</div2>
</div1>
</body>
</text>
</tei>
