<?xml version='1.0' encoding='UTF8'?>
<tei xmlns="http://www.tei-c.org/ns/1.0">
<teiheader>
<filedesc>
<titlestmt>
<title>«Оттого все неудачи...»</title>
<author>О.Э. Мандельштам</author>
</titlestmt>
<publicationstmt>
<p>АРТ-БИЗНЕС-ЦЕНТР МОСКВА 1993</p>
<biblstruct>
<biblscope n="" type="volume"></biblscope>
<biblscope n="" type="part"></biblscope>
</biblstruct></publicationstmt>
<sourcedesc>
<p>Издание подготовлено Мандельштамовским обществом</p>
</sourcedesc>
<respstmt>
<resp>Подготовка и разметка файлов - Алексей Литвинцев, Вероника Файнберг. Создание
          электронного ресурса - Тимофей Молчанов. Руководители проекта - Центр Digital Humanities,
          Мандельштамовское общество (НИУ ВШЭ).</resp>
</respstmt></filedesc>
<profiledesc>
<textdesc n="poem"></textdesc>
<textclass>
<catref target="3_133" type="ID"></catref>
<catref target="О.Э. Мандельштам. Собрание сочинений в 4-х т. -- М.: Терра, 1991" type="Источник"></catref>
<catref target="стихотворение" type="Жанр художественной литературы"></catref>
<catref target="nan" type="Уточнение жанра"></catref>
<catref target="Х" type="Метр"></catref>
<catref target="4" type="Длина строки"></catref>
<catref target="регулярная" type="Клаузула"></catref>
<catref target="жм" type="Уточнение клаузулы"></catref>
<catref target="nan" type="Классическая строфа"></catref>
<catref target="перекрестная" type="Рифма"></catref>
<catref target="абаб" type="Схема рифмовки"></catref>
<catref target="Х4жм" type="Метрическая формула"></catref>
<catref target="nan" type="Дополнительные параметры"></catref>
<catref target="12" type="Число строк"></catref>
<catref target="nan" type="Автор оригинала"></catref>
<catref target="nan" type="Язык оригинала"></catref>
</textclass></profiledesc>
</teiheader>
<text>
<body>
<div1 n="3" type="volume">
<div2 n="133" type="part">
<head>133.</head>
<lg type="18_line">
<l n="1">Оттого все неудачи,</l>
<l n="2">Что я вижу пред собой</l>
<l n="3">Ростовщичий глаз кошачий — </l>
<l n="4">Внук он зелени стоячей</l>
<l n="5">И купец воды морской.</l>
<l n="6">Там, где огненными щами</l>
<l n="7">Угощается Кащей,</l>
<l n="8">С говорящими камнями</l>
<l n="9">Он на счастье ждет гостей — </l>
<l n="10">Камни трогает клещами,</l>
<l n="11">Щиплет золото гвоздей.</l>
<l n="12">У него в покоях спящих</l>
<l n="13">Кот живет не для игры — </l>
<l n="14">У того в зрачках горящих</l>
<l n="15">Клад зажмуренной горы,</l>
<l n="16">И в зрачках тех леденящих,</l>
<l n="17">Умоляющих, просящих,</l>
<l n="18">Шароватых искр пиры.</l>
</lg>
<date from="1936-12-29" to="1936-12-30">29—30 декабря 1936</date>
</div2>
</div1>
</body>
</text>
</tei>
