<?xml version='1.0' encoding='UTF8'?>
<tei xmlns="http://www.tei-c.org/ns/1.0">
<teiheader>
<filedesc>
<titlestmt>
<title>«Обороняет сон мою донскую сонь...»</title>
<author>О.Э. Мандельштам</author>
</titlestmt>
<publicationstmt>
<p>АРТ-БИЗНЕС-ЦЕНТР МОСКВА 1993</p>
<biblstruct>
<biblscope n="" type="volume"></biblscope>
<biblscope n="" type="part"></biblscope>
</biblstruct></publicationstmt>
<sourcedesc>
<p>Издание подготовлено Мандельштамовским обществом</p>
</sourcedesc>
<respstmt>
<resp>Подготовка и разметка файлов - Алексей Литвинцев, Вероника Файнберг. Создание
          электронного ресурса - Тимофей Молчанов. Руководители проекта - Центр Digital Humanities,
          Мандельштамовское общество (НИУ ВШЭ).</resp>
</respstmt></filedesc>
<profiledesc>
<textdesc n="poem"></textdesc>
<textclass>
<catref target="3_147" type="ID"></catref>
<catref target="О.Э. Мандельштам. Собрание сочинений в 4-х т. -- М.: Терра, 1991" type="Источник"></catref>
<catref target="стихотворение" type="Жанр художественной литературы"></catref>
<catref target="ода" type="Уточнение жанра"></catref>
<catref target="Я" type="Метр"></catref>
<catref target="вольная" type="Длина строки"></catref>
<catref target="регулярная" type="Клаузула"></catref>
<catref target="мж" type="Уточнение клаузулы"></catref>
<catref target="nan" type="Классическая строфа"></catref>
<catref target="перекрестная" type="Рифма"></catref>
<catref target="абаб" type="Схема рифмовки"></catref>
<catref target="Я4,5,6мж" type="Метрическая формула"></catref>
<catref target="перебои" type="Дополнительные параметры"></catref>
<catref target="84" type="Число строк"></catref>
<catref target="nan" type="Автор оригинала"></catref>
<catref target="nan" type="Язык оригинала"></catref>
</textclass></profiledesc>
</teiheader>
<text>
<body>
<div1 n="3" type="volume">
<div2 n="147" type="part">
<head>147.</head>
<lg type="quatrain">
<l n="1">Обороняет сон мою донскую сонь,</l>
<l n="2">И разворачиваются черепах маневры — </l>
<l n="3">Их быстроходная, взволнованная бронь</l>
<l n="4">И любопытные ковры людского говора...</l>
</lg>
<lg type="quatrain">
<l n="5">И в бой меня ведут понятные слова — </l>
<l n="6">За оборону жизни, оборону</l>
<l n="7">Страны-земли, где смерть уснет, как днем сова...<rs ref="Москва" type="geo_index"></rs></l>
<l n="8">Стекло Москвы горит меж ребрами гранеными.<rs ref="Москва" type="geo_index"></rs><rs ref="Москва" type="geo_index"></rs></l>
</lg>
<lg type="couplet">
<l n="9">Необоримые кремлевские слова — </l>
<l n="10">В них оборона обороны</l>
</lg>
<lg type="quatrain">
<l n="11">И слушает земля — другие страны — бой,</l>
<l n="12">Из хорового падающий короба:</l>
<l n="13">— Рабу не быть рабом, рабе не быть рабой, — </l>
<l n="14">И хор поет с часами рука об руку.</l>
</lg>
<date from="1937-01-18" to="1937-02-11">‹18 января› — 11 февраля 1937</date>
</div2>
</div1>
</body>
</text>
</tei>
