<?xml version='1.0' encoding='UTF8'?>
<tei xmlns="http://www.tei-c.org/ns/1.0">
<teiheader>
<filedesc>
<titlestmt>
<title>«Не сравнивай: живущий несравним...»</title>
<author>О.Э. Мандельштам</author>
</titlestmt>
<publicationstmt>
<p>АРТ-БИЗНЕС-ЦЕНТР МОСКВА 1993</p>
<biblstruct>
<biblscope n="" type="volume"></biblscope>
<biblscope n="" type="part"></biblscope>
</biblstruct></publicationstmt>
<sourcedesc>
<p>Издание подготовлено Мандельштамовским обществом</p>
</sourcedesc>
<respstmt>
<resp>Подготовка и разметка файлов - Алексей Литвинцев, Вероника Файнберг. Создание
          электронного ресурса - Тимофей Молчанов. Руководители проекта - Центр Digital Humanities,
          Мандельштамовское общество (НИУ ВШЭ).</resp>
</respstmt></filedesc>
<profiledesc>
<textdesc n="poem"></textdesc>
<textclass>
<catref target="3_144" type="ID"></catref>
<catref target="О.Э. Мандельштам. Собрание сочинений в 4-х т. -- М.: Терра, 1991" type="Источник"></catref>
<catref target="стихотворение" type="Жанр художественной литературы"></catref>
<catref target="nan" type="Уточнение жанра"></catref>
<catref target="Я" type="Метр"></catref>
<catref target="вольная" type="Длина строки"></catref>
<catref target="вольная" type="Клаузула"></catref>
<catref target="ж, м" type="Уточнение клаузулы"></catref>
<catref target="nan" type="Классическая строфа"></catref>
<catref target="вольная" type="Рифма"></catref>
<catref target="nan" type="Схема рифмовки"></catref>
<catref target="Я4,5ж,м. Я6ж" type="Метрическая формула"></catref>
<catref target="nan" type="Дополнительные параметры"></catref>
<catref target="8" type="Число строк"></catref>
<catref target="nan" type="Автор оригинала"></catref>
<catref target="nan" type="Язык оригинала"></catref>
</textclass></profiledesc>
</teiheader>
<text>
<body>
<div1 n="3" type="volume">
<div2 n="144" type="part">
<head>144.</head>
<lg type="quatrain">
<l n="1">Не сравнивай: живущий несравним.</l>
<l n="2">С каким-то ласковым испугом</l>
<l n="3">Я соглашался с равенством равнин,</l>
<l n="4">И неба круг мне был недугом.</l>
</lg>
<lg type="quatrain">
<l n="5">Я обращался к воздуху-слуге,</l>
<l n="6">Ждал от него услуги или вести,</l>
<l n="7">И собирался плыть, и плавал по дуге</l>
<l n="8">Неначинающихся путешествий.</l>
</lg>
<lg type="quatrain">
<l n="9">Где больше неба мне — там я бродить готов,</l>
<l n="10">И ясная тоска меня не отпускает</l>
<l n="11">От молодых еще воронежских холмов</l>
<l n="12">К всечеловеческим, яснеющим в Тоскане.<rs ref="Тоскана" type="geo_index"></rs></l>
</lg>
<date when="1937-01-18">18 января 1937</date>
</div2>
</div1>
</body>
</text>
</tei>
