<?xml version='1.0' encoding='UTF8'?>
<tei xmlns="http://www.tei-c.org/ns/1.0">
<teiheader>
<filedesc>
<titlestmt>
<title>«Еще не умер ты, еще ты не один...»</title>
<author>О.Э. Мандельштам</author>
</titlestmt>
<publicationstmt>
<p>АРТ-БИЗНЕС-ЦЕНТР МОСКВА 1993</p>
<biblstruct>
<biblscope n="" type="volume"></biblscope>
<biblscope n="" type="part"></biblscope>
</biblstruct></publicationstmt>
<sourcedesc>
<p>Издание подготовлено Мандельштамовским обществом</p>
</sourcedesc>
<respstmt>
<resp>Подготовка и разметка файлов - Алексей Литвинцев, Вероника Файнберг. Создание
          электронного ресурса - Тимофей Молчанов. Руководители проекта - Центр Digital Humanities,
          Мандельштамовское общество (НИУ ВШЭ).</resp>
</respstmt></filedesc>
<profiledesc>
<textdesc n="poem"></textdesc>
<textclass>
<catref target="3_140" type="ID"></catref>
<catref target="О.Э. Мандельштам. Собрание сочинений в 4-х т. -- М.: Терра, 1991" type="Источник"></catref>
<catref target="стихотворение" type="Жанр художественной литературы"></catref>
<catref target="nan" type="Уточнение жанра"></catref>
<catref target="Х" type="Метр"></catref>
<catref target="4" type="Длина строки"></catref>
<catref target="регулярная" type="Клаузула"></catref>
<catref target="жм" type="Уточнение клаузулы"></catref>
<catref target="nan" type="Классическая строфа"></catref>
<catref target="перекрестная" type="Рифма"></catref>
<catref target="абаб" type="Схема рифмовки"></catref>
<catref target="Х4жм" type="Метрическая формула"></catref>
<catref target="nan" type="Дополнительные параметры"></catref>
<catref target="16" type="Число строк"></catref>
<catref target="nan" type="Автор оригинала"></catref>
<catref target="nan" type="Язык оригинала"></catref>
</textclass></profiledesc>
</teiheader>
<text>
<body>
<div1 n="3" type="volume">
<div2 n="140" type="part">
<head>140.</head>
<lg type="quatrain">
<l n="1">Еще не умер ты, еще ты не один,</l>
<l n="2">Покуда с нищенкой-подругой</l>
<l n="3">Ты наслаждаешься величием равнин</l>
<l n="4">И мглой, и холодом, и вьюгой.</l>
</lg>
<lg type="quatrain">
<l n="5">В роскошной бедности, в могучей нищете</l>
<l n="6">Живи спокоен и утешен.</l>
<l n="7">Благословенны дни и ночи те,</l>
<l n="8">И сладкогласный труд безгрешен.</l>
</lg>
<lg type="quatrain">
<l n="9">Несчастлив тот, кого, как тень его,</l>
<l n="10">Пугает лай и ветер косит,</l>
<l n="11">И беден тот, кто сам полуживой</l>
<l n="12">У тени милостыню просит.</l>
</lg>
<date from="1937-01-15" to="1937-01-16">15—16 января 1937</date>
</div2>
</div1>
</body>
</text>
</tei>
