<?xml version='1.0' encoding='UTF8'?>
<tei xmlns="http://www.tei-c.org/ns/1.0">
<teiheader>
<filedesc>
<titlestmt>
<title>‹Ода›</title>
<author>О.Э. Мандельштам</author>
</titlestmt>
<publicationstmt>
<p>АРТ-БИЗНЕС-ЦЕНТР МОСКВА 1993</p>
<biblstruct>
<biblscope n="" type="volume"></biblscope>
<biblscope n="" type="part"></biblscope>
</biblstruct></publicationstmt>
<sourcedesc>
<p>Издание подготовлено Мандельштамовским обществом</p>
</sourcedesc>
<respstmt>
<resp>Подготовка и разметка файлов - Алексей Литвинцев, Вероника Файнберг. Создание
          электронного ресурса - Тимофей Молчанов. Руководители проекта - Центр Digital Humanities,
          Мандельштамовское общество (НИУ ВШЭ).</resp>
</respstmt></filedesc>
<profiledesc>
<textdesc n="poem"></textdesc>
<textclass>
<catref target="3_146" type="ID"></catref>
<catref target="О.Э. Мандельштам. Собрание сочинений в 4-х т. -- М.: Терра, 1991" type="Источник"></catref>
<catref target="стихотворение" type="Жанр художественной литературы"></catref>
<catref target="nan" type="Уточнение жанра"></catref>
<catref target="Я" type="Метр"></catref>
<catref target="5" type="Длина строки"></catref>
<catref target="регулярная" type="Клаузула"></catref>
<catref target="мж" type="Уточнение клаузулы"></catref>
<catref target="nan" type="Классическая строфа"></catref>
<catref target="перекрестная" type="Рифма"></catref>
<catref target="абаб" type="Схема рифмовки"></catref>
<catref target="Я5мж" type="Метрическая формула"></catref>
<catref target="nan" type="Дополнительные параметры"></catref>
<catref target="4" type="Число строк"></catref>
<catref target="nan" type="Автор оригинала"></catref>
<catref target="nan" type="Язык оригинала"></catref>
</textclass></profiledesc>
</teiheader>
<text>
<body>
<div1 n="3" type="volume">
<div2 n="146" type="part">
<head>146.
‹ОДА›</head>
<lg type="11_line">
<l n="1">Когда б я уголь взял для высшей похвалы — </l>
<l n="2">Для радости рисунка непреложной, — </l>
<l n="3">Я б воздух расчертил на хитрые углы</l>
<l n="4">И осторожно и тревожно.</l>
<l n="5">Чтоб настоящее в чертах отозвалось,</l>
<l n="6">В искусстве с дерзостью гранича,</l>
<l n="7">Я б рассказал о том, кто сдвинул мира ось,</l>
<l n="8">Ста сорока народов чтя обычай.<rs ref="Сталин (Джугашвили), Иосиф Виссарионович" type="person"></rs></l>
<l n="9">Я б поднял брови малый уголок</l>
<l n="10">И поднял вновь и разрешил иначе:</l>
<l n="11">Знать, Прометей раздул свой уголек, — <rs ref="Прометей" type="myth_index"></rs></l>
</lg>
<lg type="octet">
<l n="12">Я б несколько гремучих линий взял,</l>
<l n="13">Все моложавое его тысячелетье,</l>
<l n="14">И мужество улыбкою связал</l>
<l n="15">И развязал в ненапряженном свете,</l>
<l n="16">И в дружбе мудрых глаз найду для близнеца,</l>
<l n="17">Какого, не скажу, то выраженье, близясь</l>
<l n="18">К которому, к нему, — вдруг узнаешь отца</l>
<l n="19">И задыхаешься, почуяв мира близость.</l>
</lg>
<lg type="12_line">
<l n="20">Художник, береги и охраняй бойца:</l>
<l n="21">В рост окружи его сырым и синим бором</l>
<l n="22">Вниманья влажного. Не огорчить отца</l>
<l n="23">Недобрым образом иль мыслей недобором,</l>
<l n="24">Художник, помоги тому, кто весь с тобой,</l>
<l n="25">Кто мыслит, чувствует и строит.</l>
<l n="26">Не я и не другой — ему народ родной — </l>
<l n="27">Народ-Гомер хвалу утроит.<rs ref="Гомер" type="person"></rs></l>
<l n="28">Художник, береги и охраняй бойца:</l>
<l n="29">Лес человечества за ним поет, густея,</l>
<l n="30">Само грядущее — дружина мудреца</l>
<l n="31">И слушает его все чаще, все смелее.</l>
</lg>
<lg type="12_line">
<l n="32">Он свесился с трибуны, как с горы,</l>
<l n="33">В бугры голов. Должник сильнее иска.</l>
<l n="34">Могучие глаза решительно добры,</l>
<l n="35">Густая бровь кому-то светит близко,</l>
<l n="36">И я хотел бы стрелкой указать</l>
<l n="37">На твердость рта — отца речей упрямых,</l>
<l n="38">Лепное, сложное, крутое веко — знать,</l>
<l n="39">Работает из миллиона рамок.</l>
<l n="40">Весь — откровенность, весь — признанья медь,</l>
<l n="41">И зоркий слух, не терпящий сурдинки,</l>
<l n="42">На всех готовых жить и умереть</l>
<l n="43">Бегут, играя, хмурые морщинки.</l>
</lg>
<lg type="12_line">
<l n="44">Сжимая уголек, в котором все сошлось,</l>
<l n="45">Рукою жадною одно лишь сходство клича,</l>
<l n="46">Рукою хищною — ловить лишь сходства ось — </l>
<l n="47">Я уголь искрошу, ища его обличья.</l>
<l n="48">Я у него учусь, не для себя учась.</l>
<l n="49">Я у него учусь — к себе не знать пощады,</l>
<l n="50">Несчастья скроют ли большого плана часть,</l>
<l n="51">Я разыщу его в случайностях их чада...</l>
<l n="52">Пусть недостоин я еще иметь друзей,</l>
<l n="53">Пусть не насыщен я и желчью и слезами,</l>
<l n="54">Он все мне чудится в шинели, в картузе,</l>
<l n="55">На чудной площади с счастливыми глазами.</l>
</lg>
<lg type="12_line">
<l n="56">Глазами Сталина раздвинута гора<rs ref="Сталин (Джугашвили), Иосиф Виссарионович" type="person"></rs></l>
<l n="57">И вдаль прищурилась равнина.</l>
<l n="58">Как море без морщин, как завтра из вчера — </l>
<l n="59">До солнца борозды от плуга-исполина.</l>
<l n="60">Он улыбается улыбкою жнеца</l>
<l n="61">Рукопожатий в разговоре,</l>
<l n="62">Который начался и длится без конца</l>
<l n="63">На шестиклятвенном просторе.</l>
<l n="64">И каждое гумно и каждая копна</l>
<l n="65">Сильна, убориста, умна — добро живое — </l>
<l n="66">Чудо народное! Да будет жизнь крупна.</l>
<l n="67">Ворочается счастье стержневое.<rs ref="Воронеж" type="geo_index"></rs><rs ref="Москва" type="geo_index"></rs></l>
</lg>
<lg type="12_line">
<l n="68">И шестикратно я в сознаньи берегу,</l>
<l n="69">Свидетель медленный труда, борьбы и жатвы,</l>
<l n="70">Его огромный путь — через тайгу</l>
<l n="71">И ленинский октябрь — до выполненной клятвы.</l>
<l n="72">Уходят вдаль людских голов бугры:</l>
<l n="73">Я уменьшаюсь там, меня уж не заметят,</l>
<l n="74">Но в книгах ласковых и в играх детворы</l>
<l n="75">Воскресну я сказать, что солнце светит.<rs ref="Москва" type="geo_index"></rs></l>
<l n="76">Правдивей правды нет, чем искренность бойца:</l>
<l n="77">Для чести и любви, для доблести и стали</l>
<l n="78">Есть имя славное для сжатых губ чтеца — </l>
<l n="79">Его мы слышали и мы его застали.</l>
</lg>
<date from="1937-01" to="1937-03">Январь—март 1937</date>
</div2>
</div1>
</body>
</text>
</tei>
