<?xml version='1.0' encoding='UTF8'?>
<tei xmlns="http://www.tei-c.org/ns/1.0">
<teiheader>
<filedesc>
<titlestmt>
<title>«Я нынче в паутине световой...»</title>
<author>О.Э. Мандельштам</author>
</titlestmt>
<publicationstmt>
<p>АРТ-БИЗНЕС-ЦЕНТР МОСКВА 1993</p>
<biblstruct>
<biblscope n="" type="volume"></biblscope>
<biblscope n="" type="part"></biblscope>
</biblstruct></publicationstmt>
<sourcedesc>
<p>Издание подготовлено Мандельштамовским обществом</p>
</sourcedesc>
<respstmt>
<resp>Подготовка и разметка файлов - Алексей Литвинцев, Вероника Файнберг. Создание
          электронного ресурса - Тимофей Молчанов. Руководители проекта - Центр Digital Humanities,
          Мандельштамовское общество (НИУ ВШЭ).</resp>
</respstmt></filedesc>
<profiledesc>
<textdesc n="poem"></textdesc>
<textclass>
<catref target="3_148" type="ID"></catref>
<catref target="О.Э. Мандельштам. Собрание сочинений в 4-х т. -- М.: Терра, 1991" type="Источник"></catref>
<catref target="стихотворение" type="Жанр художественной литературы"></catref>
<catref target="nan" type="Уточнение жанра"></catref>
<catref target="Я, тонический : Дк" type="Метр"></catref>
<catref target="вольная" type="Длина строки"></catref>
<catref target="регулярная" type="Клаузула"></catref>
<catref target="мжмд" type="Уточнение клаузулы"></catref>
<catref target="nan" type="Классическая строфа"></catref>
<catref target="перекрестная" type="Рифма"></catref>
<catref target="абаб" type="Схема рифмовки"></catref>
<catref target="Я5,6мжмд. Дк6ж, Я4ж" type="Метрическая формула"></catref>
<catref target="неравносложная рифма, нарушения строфики" type="Дополнительные параметры"></catref>
<catref target="16" type="Число строк"></catref>
<catref target="nan" type="Автор оригинала"></catref>
<catref target="nan" type="Язык оригинала"></catref>
</textclass></profiledesc>
</teiheader>
<text>
<body>
<div1 n="3" type="volume">
<div2 n="148" type="part">
<head>148.</head>
<lg type="quatrain">
<l n="1">Я нынче в паутине световой — </l>
<l n="2">Черноволосой, светло-русой, — </l>
<l n="3">Народу нужен свет и воздух голубой,</l>
<l n="4">И нужен хлеб и снег Эльбруса.<rs ref="Эльбрус" type="geo_index"></rs></l>
</lg>
<lg type="quatrain">
<l n="5">И не с кем посоветоваться мне,</l>
<l n="6">А сам найду его едва ли:</l>
<l n="7">Таких прозрачных, плачущих камней</l>
<l n="8">Нет ни в Крыму, ни на Урале.<rs ref="Крым" type="geo_index"></rs></l>
</lg>
<lg type="quatrain">
<l n="9">Народу нужен стих таинственно-родной,</l>
<l n="10">Чтоб от него он вечно просыпался</l>
<l n="11">И льнянокудрою, каштановой волной — </l>
<l n="12">Его звучаньем — умывался.</l>
</lg>
<date when="1937-01-19">19 января 1937</date>
</div2>
</div1>
</body>
</text>
</tei>
