<?xml version='1.0' encoding='UTF8'?>
<tei xmlns="http://www.tei-c.org/ns/1.0">
<teiheader>
<filedesc>
<titlestmt>
<title>«Где связанный и пригвожденный стон?..»</title>
<author>О.Э. Мандельштам</author>
</titlestmt>
<publicationstmt>
<p>АРТ-БИЗНЕС-ЦЕНТР МОСКВА 1993</p>
<biblstruct>
<biblscope n="" type="volume"></biblscope>
<biblscope n="" type="part"></biblscope>
</biblstruct></publicationstmt>
<sourcedesc>
<p>Издание подготовлено Мандельштамовским обществом</p>
</sourcedesc>
<respstmt>
<resp>Подготовка и разметка файлов - Алексей Литвинцев, Вероника Файнберг. Создание
          электронного ресурса - Тимофей Молчанов. Руководители проекта - Центр Digital Humanities,
          Мандельштамовское общество (НИУ ВШЭ).</resp>
</respstmt></filedesc>
<profiledesc>
<textdesc n="poem"></textdesc>
<textclass>
<catref target="3_149" type="ID"></catref>
<catref target="О.Э. Мандельштам. Собрание сочинений в 4-х т. -- М.: Терра, 1991" type="Источник"></catref>
<catref target="стихотворение" type="Жанр художественной литературы"></catref>
<catref target="nan" type="Уточнение жанра"></catref>
<catref target="Я" type="Метр"></catref>
<catref target="регулярная" type="Длина строки"></catref>
<catref target="регулярная" type="Клаузула"></catref>
<catref target="мж" type="Уточнение клаузулы"></catref>
<catref target="nan" type="Классическая строфа"></catref>
<catref target="перекрестная" type="Рифма"></catref>
<catref target="абаб" type="Схема рифмовки"></catref>
<catref target="Я5,6м+Я4ж. Я5ж" type="Метрическая формула"></catref>
<catref target="nan" type="Дополнительные параметры"></catref>
<catref target="12" type="Число строк"></catref>
<catref target="nan" type="Автор оригинала"></catref>
<catref target="nan" type="Язык оригинала"></catref>
</textclass></profiledesc>
</teiheader>
<text>
<body>
<div1 n="3" type="volume">
<div2 n="149" type="part">
<head>149.</head>
<lg type="quatrain">
<l n="1">Где связанный и пригвожденный стон?</l>
<l n="2">Где Прометей — скалы подспорье и пособье?<rs ref="Прометей" type="myth_index"></rs></l>
<l n="3">А коршун где — и желтоглазый гон</l>
<l n="4">Его когтей, летящих исподлобья?</l>
</lg>
<lg type="quatrain">
<l n="5">Тому не быть: трагедий не вернуть,</l>
<l n="6">Но эти наступающие губы — </l>
<l n="7">Но эти губы вводят прямо в суть</l>
<l n="8">Эсхила-грузчика, Софокла-лесоруба.<rs ref="Софокл" type="person"></rs></l>
</lg>
<lg type="quatrain">
<l n="9">Он эхо и привет, он веха, нет — лемех.</l>
<l n="10">Воздушно-каменный театр времен растущих</l>
<l n="11">Встал на ноги, и все хотят увидеть всех — </l>
<l n="12">Рожденных, гибельных и смерти не имущих.</l>
</lg>
<date from="1937-01-19" to="1937-02-04">19 января — 4 февраля 1937</date>
</div2>
</div1>
</body>
</text>
</tei>
