<?xml version='1.0' encoding='UTF8'?>
<tei xmlns="http://www.tei-c.org/ns/1.0">
<teiheader>
<filedesc>
<titlestmt>
<title>«О, этот медленный, одышливый простор!..»</title>
<author>О.Э. Мандельштам</author>
</titlestmt>
<publicationstmt>
<p>АРТ-БИЗНЕС-ЦЕНТР МОСКВА 1993</p>
<biblstruct>
<biblscope n="" type="volume"></biblscope>
<biblscope n="" type="part"></biblscope>
</biblstruct></publicationstmt>
<sourcedesc>
<p>Издание подготовлено Мандельштамовским обществом</p>
</sourcedesc>
<respstmt>
<resp>Подготовка и разметка файлов - Алексей Литвинцев, Вероника Файнберг. Создание
          электронного ресурса - Тимофей Молчанов. Руководители проекта - Центр Digital Humanities,
          Мандельштамовское общество (НИУ ВШЭ).</resp>
</respstmt></filedesc>
<profiledesc>
<textdesc n="poem"></textdesc>
<textclass>
<catref target="3_142" type="ID"></catref>
<catref target="О.Э. Мандельштам. Собрание сочинений в 4-х т. -- М.: Терра, 1991" type="Источник"></catref>
<catref target="стихотворение" type="Жанр художественной литературы"></catref>
<catref target="nan" type="Уточнение жанра"></catref>
<catref target="Я" type="Метр"></catref>
<catref target="вольная" type="Длина строки"></catref>
<catref target="регулярная" type="Клаузула"></catref>
<catref target="мж" type="Уточнение клаузулы"></catref>
<catref target="nan" type="Классическая строфа"></catref>
<catref target="перекрестная" type="Рифма"></catref>
<catref target="абаб" type="Схема рифмовки"></catref>
<catref target="Я4,5,6мж" type="Метрическая формула"></catref>
<catref target="nan" type="Дополнительные параметры"></catref>
<catref target="8" type="Число строк"></catref>
<catref target="nan" type="Автор оригинала"></catref>
<catref target="nan" type="Язык оригинала"></catref>
</textclass></profiledesc>
</teiheader>
<text>
<body>
<div1 n="3" type="volume">
<div2 n="142" type="part">
<head>142.</head>
<lg type="quatrain">
<l n="1">О, этот медленный, одышливый простор!— </l>
<l n="2">Я им пресыщен до отказа, — </l>
<l n="3">И отдышавшийся распахнут кругозор — </l>
<l n="4">Повязку бы на оба глаза!</l>
</lg>
<lg type="quatrain">
<l n="5">Уж лучше б вынес я песка слоистый нрав</l>
<l n="6">На берегах зубчатых Камы:<rs ref="Кама" type="geo_index"></rs></l>
<l n="7">Я б удержал ее застенчивый рукав,</l>
<l n="8">Ее круги, края и ямы.</l>
</lg>
<lg type="quatrain">
<l n="9">Я б с ней сработался — на век, на миг один — </l>
<l n="10">Стремнин осадистых завистник, — </l>
<l n="11">Я б слушал под корой текучих древесин</l>
<l n="12">Ход кольцеванья волокнистый...</l>
</lg>
<date when="1937-01-16">16 января 1937</date>
</div2>
</div1>
</body>
</text>
</tei>
