<?xml version='1.0' encoding='UTF8'?>
<tei xmlns="http://www.tei-c.org/ns/1.0">
<teiheader>
<filedesc>
<titlestmt>
<title>«Куда мне деться в этом январе?..»</title>
<author>О.Э. Мандельштам</author>
</titlestmt>
<publicationstmt>
<p>АРТ-БИЗНЕС-ЦЕНТР МОСКВА 1993</p>
<biblstruct>
<biblscope n="" type="volume"></biblscope>
<biblscope n="" type="part"></biblscope>
</biblstruct></publicationstmt>
<sourcedesc>
<p>Издание подготовлено Мандельштамовским обществом</p>
</sourcedesc>
<respstmt>
<resp>Подготовка и разметка файлов - Алексей Литвинцев, Вероника Файнберг. Создание
          электронного ресурса - Тимофей Молчанов. Руководители проекта - Центр Digital Humanities,
          Мандельштамовское общество (НИУ ВШЭ).</resp>
</respstmt></filedesc>
<profiledesc>
<textdesc n="poem"></textdesc>
<textclass>
<catref target="3_155" type="ID"></catref>
<catref target="О.Э. Мандельштам. Собрание сочинений в 4-х т. -- М.: Терра, 1991" type="Источник"></catref>
<catref target="стихотворение" type="Жанр художественной литературы"></catref>
<catref target="nan" type="Уточнение жанра"></catref>
<catref target="тонический : Дк" type="Метр"></catref>
<catref target="5" type="Длина строки"></catref>
<catref target="ж" type="Клаузула"></catref>
<catref target="nan" type="Уточнение клаузулы"></catref>
<catref target="nan" type="Классическая строфа"></catref>
<catref target="спорадическая" type="Рифма"></catref>
<catref target="nan" type="Схема рифмовки"></catref>
<catref target="Дк5ж" type="Метрическая формула"></catref>
<catref target="nan" type="Дополнительные параметры"></catref>
<catref target="23" type="Число строк"></catref>
<catref target="nan" type="Автор оригинала"></catref>
<catref target="nan" type="Язык оригинала"></catref>
</textclass></profiledesc>
</teiheader>
<text>
<body>
<div1 n="3" type="volume">
<div2 n="155" type="part">
<head>155.</head>
<lg type="quatrain">
<l n="1">Куда мне деться в этом январе?</l>
<l n="2">Открытый город сумасбродно цепок...</l>
<l n="3">От замкнутых я, что ли, пьян дверей?</l>
<l n="4">И хочется мычать от всех замков и скрепок.</l>
</lg>
<lg type="quatrain">
<l n="5">И переулков лающих чулки,</l>
<l n="6">И улиц перекошенных чуланы — </l>
<l n="7">И прячутся поспешно в уголки</l>
<l n="8">И выбегают из углов угланы...</l>
</lg>
<lg type="quatrain">
<l n="9">И в яму, в бородавчатую темь</l>
<l n="10">Скольжу к обледенелой водокачке</l>
<l n="11">И, спотыкаясь, мертвый воздух ем,</l>
<l n="12">И разлетаются грачи в горячке — </l>
</lg>
<lg type="quatrain">
<l n="13">А я за ними ахаю, крича</l>
<l n="14">В какой-то мерзлый деревянный короб:</l>
<l n="15">— Читателя! советчика! врача!</l>
<l n="16">На лестнице колючей разговора б!</l>
</lg>
<date when="1937-02-01">1 февраля 1937</date>
</div2>
</div1>
</body>
</text>
</tei>
