<?xml version='1.0' encoding='UTF8'?>
<tei xmlns="http://www.tei-c.org/ns/1.0">
<teiheader>
<filedesc>
<titlestmt>
<title>«Слышу, слышу ранний лед...»</title>
<author>О.Э. Мандельштам</author>
</titlestmt>
<publicationstmt>
<p>АРТ-БИЗНЕС-ЦЕНТР МОСКВА 1993</p>
<biblstruct>
<biblscope n="" type="volume"></biblscope>
<biblscope n="" type="part"></biblscope>
</biblstruct></publicationstmt>
<sourcedesc>
<p>Издание подготовлено Мандельштамовским обществом</p>
</sourcedesc>
<respstmt>
<resp>Подготовка и разметка файлов - Алексей Литвинцев, Вероника Файнберг. Создание
          электронного ресурса - Тимофей Молчанов. Руководители проекта - Центр Digital Humanities,
          Мандельштамовское общество (НИУ ВШЭ).</resp>
</respstmt></filedesc>
<profiledesc>
<textdesc n="poem"></textdesc>
<textclass>
<catref target="3_151" type="ID"></catref>
<catref target="О.Э. Мандельштам. Собрание сочинений в 4-х т. -- М.: Терра, 1991" type="Источник"></catref>
<catref target="стихотворение" type="Жанр художественной литературы"></catref>
<catref target="nan" type="Уточнение жанра"></catref>
<catref target="Я" type="Метр"></catref>
<catref target="6" type="Длина строки"></catref>
<catref target="регулярная" type="Клаузула"></catref>
<catref target="жммж" type="Уточнение клаузулы"></catref>
<catref target="nan" type="Классическая строфа"></catref>
<catref target="охватная" type="Рифма"></catref>
<catref target="абба" type="Схема рифмовки"></catref>
<catref target="Я6жм" type="Метрическая формула"></catref>
<catref target="nan" type="Дополнительные параметры"></catref>
<catref target="4" type="Число строк"></catref>
<catref target="nan" type="Автор оригинала"></catref>
<catref target="nan" type="Язык оригинала"></catref>
</textclass></profiledesc>
</teiheader>
<text>
<body>
<div1 n="3" type="volume">
<div2 n="151" type="part">
<head>151.</head>
<lg type="19_line">
<l n="1">Слышу, слышу ранний лед,</l>
<l n="2">Шелестящий под мостами,</l>
<l n="3">Вспоминаю, как плывет</l>
<l n="4">Светлый хмель над головами.</l>
<l n="5">С черствых лестниц, с площадей</l>
<l n="6">С угловатыми дворцами</l>
<l n="7">Круг Флоренции своей<rs ref="Флоренция" type="geo_index"></rs></l>
<l n="8">Алигьери пел мощней</l>
<l n="9">Утомленными губами.</l>
<l n="10">Так гранит зернистый тот</l>
<l n="11">Тень моя грызет очами,</l>
<l n="12">Видит ночью ряд колод,</l>
<l n="13">Днем казавшихся домами.</l>
<l n="14">Или тень баклуши бьет</l>
<l n="15">И позевывает с вами,</l>
<l n="16">Иль шумит среди людей,</l>
<l n="17">Греясь их вином и небом,</l>
<l n="18">И несладким кормит хлебом</l>
<l n="19">Неотвязных лебедей.</l>
</lg>
<date from="1937-01-21" to="1937-01-22">21—22 января 1937</date>
</div2>
</div1>
</body>
</text>
</tei>
