<?xml version='1.0' encoding='UTF8'?>
<tei xmlns="http://www.tei-c.org/ns/1.0">
<teiheader>
<filedesc>
<titlestmt>
<title>«Разрывы круглых бухт, и хрящ, и синева...»</title>
<author>О.Э. Мандельштам</author>
</titlestmt>
<publicationstmt>
<p>АРТ-БИЗНЕС-ЦЕНТР МОСКВА 1993</p>
<biblstruct>
<biblscope n="" type="volume"></biblscope>
<biblscope n="" type="part"></biblscope>
</biblstruct></publicationstmt>
<sourcedesc>
<p>Издание подготовлено Мандельштамовским обществом</p>
</sourcedesc>
<respstmt>
<resp>Подготовка и разметка файлов - Алексей Литвинцев, Вероника Файнберг. Создание
          электронного ресурса - Тимофей Молчанов. Руководители проекта - Центр Digital Humanities,
          Мандельштамовское общество (НИУ ВШЭ).</resp>
</respstmt></filedesc>
<profiledesc>
<textdesc n="poem"></textdesc>
<textclass>
<catref target="3_157" type="ID"></catref>
<catref target="О.Э. Мандельштам. Собрание сочинений в 4-х т. -- М.: Терра, 1991" type="Источник"></catref>
<catref target="стихотворение" type="Жанр художественной литературы"></catref>
<catref target="nan" type="Уточнение жанра"></catref>
<catref target="Я" type="Метр"></catref>
<catref target="6(5)" type="Длина строки"></catref>
<catref target="вольная" type="Клаузула"></catref>
<catref target="ж, м" type="Уточнение клаузулы"></catref>
<catref target="nan" type="Классическая строфа"></catref>
<catref target="вольная" type="Рифма"></catref>
<catref target="nan" type="Схема рифмовки"></catref>
<catref target="Я6ж,м. Я5м" type="Метрическая формула"></catref>
<catref target="nan" type="Дополнительные параметры"></catref>
<catref target="11" type="Число строк"></catref>
<catref target="nan" type="Автор оригинала"></catref>
<catref target="nan" type="Язык оригинала"></catref>
</textclass></profiledesc>
</teiheader>
<text>
<body>
<div1 n="3" type="volume">
<div2 n="157" type="part">
<head>157.</head>
<lg type="11_line">
<l n="1">Разрывы круглых бухт, и хрящ, и синева,</l>
<l n="2">И парус медленный, что облаком продолжен, — </l>
<l n="3">Я с вами разлучен, вас оценив едва:</l>
<l n="4">Длинней органных фуг, горька морей трава — </l>
<l n="5">Ложноволосая — и пахнет долгой ложью,</l>
<l n="6">Железной нежностью хмелеет голова,</l>
<l n="7">И ржавчина чуть— чуть отлогий берег гложет...</l>
<l n="8">Что ж мне под голову другой песок подложен?</l>
<l n="9">Ты, горловой Урал, плечистое Поволжье<rs ref="Поволжье" type="geo_index"></rs></l>
<l n="10">Иль этот ровный край — вот все мои права, — </l>
<l n="11">И полной грудью их вдыхать еще я должен.</l>
</lg>
<date when="1937-02-04">4 февраля 1937</date>
</div2>
</div1>
</body>
</text>
</tei>
