<?xml version='1.0' encoding='UTF8'?>
<tei xmlns="http://www.tei-c.org/ns/1.0">
<teiheader>
<filedesc>
<titlestmt>
<title>«Еще он помнит башмаков износ...»</title>
<author>О.Э. Мандельштам</author>
</titlestmt>
<publicationstmt>
<p>АРТ-БИЗНЕС-ЦЕНТР МОСКВА 1993</p>
<biblstruct>
<biblscope n="" type="volume"></biblscope>
<biblscope n="" type="part"></biblscope>
</biblstruct></publicationstmt>
<sourcedesc>
<p>Издание подготовлено Мандельштамовским обществом</p>
</sourcedesc>
<respstmt>
<resp>Подготовка и разметка файлов - Алексей Литвинцев, Вероника Файнберг. Создание
          электронного ресурса - Тимофей Молчанов. Руководители проекта - Центр Digital Humanities,
          Мандельштамовское общество (НИУ ВШЭ).</resp>
</respstmt></filedesc>
<profiledesc>
<textdesc n="poem"></textdesc>
<textclass>
<catref target="3_158" type="ID"></catref>
<catref target="О.Э. Мандельштам. Собрание сочинений в 4-х т. -- М.: Терра, 1991" type="Источник"></catref>
<catref target="стихотворение" type="Жанр художественной литературы"></catref>
<catref target="nan" type="Уточнение жанра"></catref>
<catref target="Я" type="Метр"></catref>
<catref target="6" type="Длина строки"></catref>
<catref target="вольная" type="Клаузула"></catref>
<catref target="ж, м" type="Уточнение клаузулы"></catref>
<catref target="nan" type="Классическая строфа"></catref>
<catref target="вольная" type="Рифма"></catref>
<catref target="nan" type="Схема рифмовки"></catref>
<catref target="Я6ж,м" type="Метрическая формула"></catref>
<catref target="nan" type="Дополнительные параметры"></catref>
<catref target="11" type="Число строк"></catref>
<catref target="nan" type="Автор оригинала"></catref>
<catref target="nan" type="Язык оригинала"></catref>
</textclass></profiledesc>
</teiheader>
<text>
<body>
<div1 n="3" type="volume">
<div2 n="158" type="part">
<head>158.</head>
<lg type="quatrain">
<l n="1">Еще он помнит башмаков износ — </l>
<l n="2">Моих подметок стертое величье,</l>
<l n="3">А я — его: как он разноголос,</l>
<l n="4">Черноволос, с Давид-горой гранича.</l>
</lg>
<lg type="quatrain">
<l n="5">Подновлены мелком или белком</l>
<l n="6">Фисташковые улицы-пролазы:</l>
<l n="7">Балкон — наклон — подкова — конь — балкон,</l>
<l n="8">Дубки, чинары, медленные вязы...</l>
</lg>
<lg type="quatrain">
<l n="9">И букв кудрявых женственная цепь</l>
<l n="10">Хмельна для глаза в оболочке света, — </l>
<l n="11">А город так горазд и так уходит в крепь</l>
<l n="12">И в моложавое, стареющее лето.</l>
</lg>
<date from="1937-02-07" to="1937-02-11">7—11 февраля 1937</date>
</div2>
</div1>
</body>
</text>
</tei>
