<?xml version='1.0' encoding='UTF8'?>
<tei xmlns="http://www.tei-c.org/ns/1.0">
<teiheader>
<filedesc>
<titlestmt>
<title>«Как светотени мученик Рембрандт...»</title>
<author>О.Э. Мандельштам</author>
</titlestmt>
<publicationstmt>
<p>АРТ-БИЗНЕС-ЦЕНТР МОСКВА 1993</p>
<biblstruct>
<biblscope n="" type="volume"></biblscope>
<biblscope n="" type="part"></biblscope>
</biblstruct></publicationstmt>
<sourcedesc>
<p>Издание подготовлено Мандельштамовским обществом</p>
</sourcedesc>
<respstmt>
<resp>Подготовка и разметка файлов - Алексей Литвинцев, Вероника Файнберг. Создание
          электронного ресурса - Тимофей Молчанов. Руководители проекта - Центр Digital Humanities,
          Мандельштамовское общество (НИУ ВШЭ).</resp>
</respstmt></filedesc>
<profiledesc>
<textdesc n="poem"></textdesc>
<textclass>
<catref target="3_156" type="ID"></catref>
<catref target="О.Э. Мандельштам. Собрание сочинений в 4-х т. -- М.: Терра, 1991" type="Источник"></catref>
<catref target="стихотворение" type="Жанр художественной литературы"></catref>
<catref target="nan" type="Уточнение жанра"></catref>
<catref target="Я" type="Метр"></catref>
<catref target="5(6)" type="Длина строки"></catref>
<catref target="регулярная" type="Клаузула"></catref>
<catref target="мж" type="Уточнение клаузулы"></catref>
<catref target="nan" type="Классическая строфа"></catref>
<catref target="перекрестная" type="Рифма"></catref>
<catref target="абаб" type="Схема рифмовки"></catref>
<catref target="Я5мж. Я6ж" type="Метрическая формула"></catref>
<catref target="nan" type="Дополнительные параметры"></catref>
<catref target="16" type="Число строк"></catref>
<catref target="nan" type="Автор оригинала"></catref>
<catref target="nan" type="Язык оригинала"></catref>
</textclass></profiledesc>
</teiheader>
<text>
<body>
<div1 n="3" type="volume">
<div2 n="156" type="part">
<head>156.</head>
<lg type="11_line">
<l n="1">Как светотени мученик Рембрандт,<rs ref="Рембрандт, Харменс ван Рейн" type="person"></rs></l>
<l n="2">Я глубоко ушел в немеющее время,</l>
<l n="3">И резкость моего горящего ребра</l>
<l n="4">Не охраняется ни сторожами теми,</l>
<l n="5">Ни этим воином, что под грозою спят.</l>
<l n="6">Простишь ли ты меня, великолепный брат</l>
<l n="7">И мастер и отец черно-зеленой теми, — </l>
<l n="8">Но око соколиного пера</l>
<l n="9">И жаркие ларцы у полночи в гареме</l>
<l n="10">Смущают не к добру, смущают без добра</l>
<l n="11">Мехами сумрака взволнованное племя.</l>
</lg>
<date when="1937-02-04">4 февраля 1937</date>
</div2>
</div1>
</body>
</text>
</tei>
