<?xml version='1.0' encoding='UTF8'?>
<tei xmlns="http://www.tei-c.org/ns/1.0">
<teiheader>
<filedesc>
<titlestmt>
<title>«Пою, когда гортань сыра, душа — суха...»</title>
<author>О.Э. Мандельштам</author>
</titlestmt>
<publicationstmt>
<p>АРТ-БИЗНЕС-ЦЕНТР МОСКВА 1993</p>
<biblstruct>
<biblscope n="" type="volume"></biblscope>
<biblscope n="" type="part"></biblscope>
</biblstruct></publicationstmt>
<sourcedesc>
<p>Издание подготовлено Мандельштамовским обществом</p>
</sourcedesc>
<respstmt>
<resp>Подготовка и разметка файлов - Алексей Литвинцев, Вероника Файнберг. Создание
          электронного ресурса - Тимофей Молчанов. Руководители проекта - Центр Digital Humanities,
          Мандельштамовское общество (НИУ ВШЭ).</resp>
</respstmt></filedesc>
<profiledesc>
<textdesc n="poem"></textdesc>
<textclass>
<catref target="3_159" type="ID"></catref>
<catref target="О.Э. Мандельштам. Собрание сочинений в 4-х т. -- М.: Терра, 1991" type="Источник"></catref>
<catref target="стихотворение" type="Жанр художественной литературы"></catref>
<catref target="nan" type="Уточнение жанра"></catref>
<catref target="Я" type="Метр"></catref>
<catref target="5(6)" type="Длина строки"></catref>
<catref target="регулярная" type="Клаузула"></catref>
<catref target="мж" type="Уточнение клаузулы"></catref>
<catref target="nan" type="Классическая строфа"></catref>
<catref target="перекрестная" type="Рифма"></catref>
<catref target="абаб" type="Схема рифмовки"></catref>
<catref target="Я5мж. Я6ж,м" type="Метрическая формула"></catref>
<catref target="nan" type="Дополнительные параметры"></catref>
<catref target="12" type="Число строк"></catref>
<catref target="nan" type="Автор оригинала"></catref>
<catref target="nan" type="Язык оригинала"></catref>
</textclass></profiledesc>
</teiheader>
<text>
<body>
<div1 n="3" type="volume">
<div2 n="159" type="part">
<head>159.</head>
<lg type="15_line">
<l n="1">Пою, когда гортань сыра, душа — суха,</l>
<l n="2">И в меру влажен взор, и не хитрит сознанье:</l>
<l n="3">Здорово ли вино? Здоровы ли меха?</l>
<l n="4">Здорово ли в крови Колхиды колыханье?<rs ref="Колхида" type="geo_index"></rs></l>
<l n="5">И грудь стесняется, — без языка — тиха:</l>
<l n="6">Уже я не пою — поет мое дыханье — </l>
<l n="7">И в горных ножнах слух, и голова глуха...</l>
<l n="8">Песнь бескорыстная — сама себе хвала:</l>
<l n="9">Утеха для друзей и для врагов — смола.</l>
<l n="10">Песнь одноглазая, растущая из мха, — </l>
<l n="11">Одноголосый дар охотничьего быта, — </l>
<l n="12">Которую поют верхом и на верхах,</l>
<l n="13">Держа дыханье вольно и открыто,</l>
<l n="14">Заботясь лишь о том, чтоб честно и сердито</l>
<l n="15">На свадьбу молодых доставить без греха.</l>
</lg>
<date when="1937-02-08">8 февраля 1937</date>
</div2>
</div1>
</body>
</text>
</tei>
