<?xml version='1.0' encoding='UTF8'?>
<tei xmlns="http://www.tei-c.org/ns/1.0">
<teiheader>
<filedesc>
<titlestmt>
<title>«Если б меня наши враги взяли...»</title>
<author>О.Э. Мандельштам</author>
</titlestmt>
<publicationstmt>
<p>АРТ-БИЗНЕС-ЦЕНТР МОСКВА 1993</p>
<biblstruct>
<biblscope n="" type="volume"></biblscope>
<biblscope n="" type="part"></biblscope>
</biblstruct></publicationstmt>
<sourcedesc>
<p>Издание подготовлено Мандельштамовским обществом</p>
</sourcedesc>
<respstmt>
<resp>Подготовка и разметка файлов - Алексей Литвинцев, Вероника Файнберг. Создание
          электронного ресурса - Тимофей Молчанов. Руководители проекта - Центр Digital Humanities,
          Мандельштамовское общество (НИУ ВШЭ).</resp>
</respstmt></filedesc>
<profiledesc>
<textdesc n="poem"></textdesc>
<textclass>
<catref target="3_154" type="ID"></catref>
<catref target="О.Э. Мандельштам. Собрание сочинений в 4-х т. -- М.: Терра, 1991" type="Источник"></catref>
<catref target="стихотворение" type="Жанр художественной литературы"></catref>
<catref target="nan" type="Уточнение жанра"></catref>
<catref target="Ан, тонический : Дк" type="Метр"></catref>
<catref target="3" type="Длина строки"></catref>
<catref target="регулярная" type="Клаузула"></catref>
<catref target="жм" type="Уточнение клаузулы"></catref>
<catref target="nan" type="Классическая строфа"></catref>
<catref target="перекрестная" type="Рифма"></catref>
<catref target="абаб" type="Схема рифмовки"></catref>
<catref target="Дк3жм" type="Метрическая формула"></catref>
<catref target="nan" type="Дополнительные параметры"></catref>
<catref target="32" type="Число строк"></catref>
<catref target="nan" type="Автор оригинала"></catref>
<catref target="nan" type="Язык оригинала"></catref>
</textclass></profiledesc>
</teiheader>
<text>
<body>
<div1 n="3" type="volume">
<div2 n="154" type="part">
<head>154.</head>
<lg type="23_line">
<l n="1">Если б меня наши враги взяли</l>
<l n="2">И перестали со мной говорить люди,</l>
<l n="3">Если б лишили меня всего в мире:</l>
<l n="4">Права дышать и открывать двери</l>
<l n="5">И утверждать, что бытие будет</l>
<l n="6">И что народ, как судия, судит, — </l>
<l n="7">Если б меня смели держать зверем,</l>
<l n="8">Пищу мою на пол кидать стали б, — </l>
<l n="9">Я не смолчу, не заглушу боли,</l>
<l n="10">Но начерчу то, что чертить волен,</l>
<l n="11">И, раскачав колокол стен голый</l>
<l n="12">И разбудив вражеской тьмы угол,</l>
<l n="13">Я запрягу десять волов в голос</l>
<l n="14">И поведу руку во тьме плугом — </l>
<l n="15">И в глубине сторожевой ночи</l>
<l n="16">Чернорабочей вспыхнут земле очи,</l>
<l n="17">И — в легион братских очей сжатый — </l>
<l n="18">Я упаду тяжестью всей жатвы,</l>
<l n="19">Сжатостью всей рвущейся вдаль клятвы — </l>
<l n="20">И налетит пламенных лет стая,</l>
<l n="21">Прошелестит спелой грозой Ленин,<rs ref="Ленин (Ульянов), Владимир Ильич" type="person"></rs></l>
<l n="22">И на земле, что избежит тленья,</l>
<l n="23">Будет будить разум и жизнь Сталин.<rs ref="Сталин (Джугашвили), Иосиф Виссарионович" type="person"></rs></l>
</lg>
<date from="1937-02" to="1937-03">‹Первые числа› февраля — начало марта 1937</date>
</div2>
</div1>
</body>
</text>
</tei>
