<?xml version='1.0' encoding='UTF8'?>
<tei xmlns="http://www.tei-c.org/ns/1.0">
<teiheader>
<filedesc>
<titlestmt>
<title>«Средь народного шума и спеха...»</title>
<author>О.Э. Мандельштам</author>
</titlestmt>
<publicationstmt>
<p>АРТ-БИЗНЕС-ЦЕНТР МОСКВА 1993</p>
<biblstruct>
<biblscope n="" type="volume"></biblscope>
<biblscope n="" type="part"></biblscope>
</biblstruct></publicationstmt>
<sourcedesc>
<p>Издание подготовлено Мандельштамовским обществом</p>
</sourcedesc>
<respstmt>
<resp>Подготовка и разметка файлов - Алексей Литвинцев, Вероника Файнберг. Создание
          электронного ресурса - Тимофей Молчанов. Руководители проекта - Центр Digital Humanities,
          Мандельштамовское общество (НИУ ВШЭ).</resp>
</respstmt></filedesc>
<profiledesc>
<textdesc n="poem"></textdesc>
<textclass>
<catref target="3_153" type="ID"></catref>
<catref target="О.Э. Мандельштам. Собрание сочинений в 4-х т. -- М.: Терра, 1991" type="Источник"></catref>
<catref target="стихотворение" type="Жанр художественной литературы"></catref>
<catref target="nan" type="Уточнение жанра"></catref>
<catref target="Я" type="Метр"></catref>
<catref target="4" type="Длина строки"></catref>
<catref target="регулярная" type="Клаузула"></catref>
<catref target="жжм" type="Уточнение клаузулы"></catref>
<catref target="nan" type="Классическая строфа"></catref>
<catref target="сложная" type="Рифма"></catref>
<catref target="ааб ввб" type="Схема рифмовки"></catref>
<catref target="Я4жжм" type="Метрическая формула"></catref>
<catref target="nan" type="Дополнительные параметры"></catref>
<catref target="12" type="Число строк"></catref>
<catref target="nan" type="Автор оригинала"></catref>
<catref target="nan" type="Язык оригинала"></catref>
</textclass></profiledesc>
</teiheader>
<text>
<body>
<div1 n="3" type="volume">
<div2 n="153" type="part">
<head>153.</head>
<lg type="quatrain">
<l n="1">Средь народного шума и спеха,</l>
<l n="2">На вокзалах и пристанях</l>
<l n="3">Смотрит века могучая веха</l>
<l n="4">И бровей начинается взмах.</l>
</lg>
<lg type="quatrain">
<l n="5">Я узнал, он узнал, ты узнала,</l>
<l n="6">А потом куда хочешь влеки — </l>
<l n="7">В говорливые дебри вокзала,</l>
<l n="8">В ожиданья у мощной реки.</l>
</lg>
<lg type="quatrain">
<l n="9">Далеко теперь та стоянка,</l>
<l n="10">Тот с водой кипяченой бак,</l>
<l n="11">На цепочке кружка-жестянка</l>
<l n="12">И глаза застилавший мрак.</l>
</lg>
<lg type="quatrain">
<l n="13">Шла пермяцкого говора сила,</l>
<l n="14">Пассажирская шла борьба,</l>
<l n="15">И ласкала меня и сверлила</l>
<l n="16">Со стены этих глаз журьба.</l>
</lg>
<lg type="quatrain">
<l n="17">Много скрыто дел предстоящих</l>
<l n="18">В наших летчиках и жнецах,</l>
<l n="19">И в товарищах реках и чащах,</l>
<l n="20">И в товарищах городах...</l>
</lg>
<lg type="quatrain">
<l n="21">Не припомнить того, что было:</l>
<l n="22">Губы жарки, слова черствы — </l>
<l n="23">Занавеску белую било,</l>
<l n="24">Несся шум железной листвы.</l>
</lg>
<lg type="quatrain">
<l n="25">А на деле-то было тихо,</l>
<l n="26">Только шел пароход по реке,</l>
<l n="27">Да за кедром цвела гречиха,</l>
<l n="28">Рыба шла на речном говорке.</l>
</lg>
<lg type="quatrain">
<l n="29">И к нему, в его сердцевину</l>
<l n="30">Я без пропуска в Кремль вошел,<rs ref="Москва" type="geo_index"></rs></l>
<l n="31">Разорвав расстояний холстину,</l>
<l n="32">Головою повинной тяжел...</l>
</lg>
<date when="1937-01">Январь 1937</date>
</div2>
</div1>
</body>
</text>
</tei>
