<?xml version='1.0' encoding='UTF8'?>
<tei xmlns="http://www.tei-c.org/ns/1.0">
<teiheader>
<filedesc>
<titlestmt>
<title>«Как дерево и медь — Фаворского полет...»</title>
<author>О.Э. Мандельштам</author>
</titlestmt>
<publicationstmt>
<p>АРТ-БИЗНЕС-ЦЕНТР МОСКВА 1993</p>
<biblstruct>
<biblscope n="" type="volume"></biblscope>
<biblscope n="" type="part"></biblscope>
</biblstruct></publicationstmt>
<sourcedesc>
<p>Издание подготовлено Мандельштамовским обществом</p>
</sourcedesc>
<respstmt>
<resp>Подготовка и разметка файлов - Алексей Литвинцев, Вероника Файнберг. Создание
          электронного ресурса - Тимофей Молчанов. Руководители проекта - Центр Digital Humanities,
          Мандельштамовское общество (НИУ ВШЭ).</resp>
</respstmt></filedesc>
<profiledesc>
<textdesc n="poem"></textdesc>
<textclass>
<catref target="3_162" type="ID"></catref>
<catref target="О.Э. Мандельштам. Собрание сочинений в 4-х т. -- М.: Терра, 1991" type="Источник"></catref>
<catref target="стихотворение" type="Жанр художественной литературы"></catref>
<catref target="nan" type="Уточнение жанра"></catref>
<catref target="Ан" type="Метр"></catref>
<catref target="4" type="Длина строки"></catref>
<catref target="м" type="Клаузула"></catref>
<catref target="nan" type="Уточнение клаузулы"></catref>
<catref target="nan" type="Классическая строфа"></catref>
<catref target="парная" type="Рифма"></catref>
<catref target="аа" type="Схема рифмовки"></catref>
<catref target="Ан4м. Ан2ж~Ан2м" type="Метрическая формула"></catref>
<catref target="цезурные наращения" type="Дополнительные параметры"></catref>
<catref target="4" type="Число строк"></catref>
<catref target="nan" type="Автор оригинала"></catref>
<catref target="nan" type="Язык оригинала"></catref>
</textclass></profiledesc>
</teiheader>
<text>
<body>
<div1 n="3" type="volume">
<div2 n="162" type="part">
<head>162.</head>
<lg type="quatrain">
<l n="1">Как дерево и медь — Фаворского полет, — <rs ref="Фаворский, Владимир Андреевич" type="person"></rs></l>
<l n="2">В дощатом воздухе мы с временем соседи,</l>
<l n="3">И вместе нас ведет слоистый флот</l>
<l n="4">Распиленных дубов и яворовой меди.</l>
</lg>
<lg type="quatrain">
<l n="5">И в кольцах сердится еще смола, сочась,</l>
<l n="6">Но разве сердце — лишь испуганное мясо?</l>
<l n="7">Я сердцем виноват — и сердцевины часть</l>
<l n="8">До бесконечности расширенного часа.</l>
</lg>
<lg type="quatrain">
<l n="9">Час, насыщающий бесчисленных друзей,</l>
<l n="10">Час грозных площадей с счастливыми глазами...</l>
<l n="11">Я обведу еще глазами площадь всей-</l>
<l n="12">‹Всей› этой площади с ее знамен лесами.</l>
</lg>
<date when="1937-02-11">11 февраля 1937</date>
</div2>
</div1>
</body>
</text>
</tei>
