<?xml version='1.0' encoding='UTF8'?>
<tei xmlns="http://www.tei-c.org/ns/1.0">
<teiheader>
<filedesc>
<titlestmt>
<title>«Вооруженный зреньем узких ос...»</title>
<author>О.Э. Мандельштам</author>
</titlestmt>
<publicationstmt>
<p>АРТ-БИЗНЕС-ЦЕНТР МОСКВА 1993</p>
<biblstruct>
<biblscope n="" type="volume"></biblscope>
<biblscope n="" type="part"></biblscope>
</biblstruct></publicationstmt>
<sourcedesc>
<p>Издание подготовлено Мандельштамовским обществом</p>
</sourcedesc>
<respstmt>
<resp>Подготовка и разметка файлов - Алексей Литвинцев, Вероника Файнберг. Создание
          электронного ресурса - Тимофей Молчанов. Руководители проекта - Центр Digital Humanities,
          Мандельштамовское общество (НИУ ВШЭ).</resp>
</respstmt></filedesc>
<profiledesc>
<textdesc n="poem"></textdesc>
<textclass>
<catref target="3_160" type="ID"></catref>
<catref target="О.Э. Мандельштам. Собрание сочинений в 4-х т. -- М.: Терра, 1991" type="Источник"></catref>
<catref target="стихотворение" type="Жанр художественной литературы"></catref>
<catref target="nan" type="Уточнение жанра"></catref>
<catref target="Я" type="Метр"></catref>
<catref target="6(5)" type="Длина строки"></catref>
<catref target="вольная" type="Клаузула"></catref>
<catref target="ж, м" type="Уточнение клаузулы"></catref>
<catref target="nan" type="Классическая строфа"></catref>
<catref target="вольная" type="Рифма"></catref>
<catref target="nan" type="Схема рифмовки"></catref>
<catref target="Я6ж,м. Я5ж" type="Метрическая формула"></catref>
<catref target="nan" type="Дополнительные параметры"></catref>
<catref target="15" type="Число строк"></catref>
<catref target="nan" type="Автор оригинала"></catref>
<catref target="nan" type="Язык оригинала"></catref>
</textclass></profiledesc>
</teiheader>
<text>
<body>
<div1 n="3" type="volume">
<div2 n="160" type="part">
<head>160.</head>
<lg type="quatrain">
<l n="1">Вооруженный зреньем узких ос,</l>
<l n="2">Сосущих ось земную, ось земную,</l>
<l n="3">Я чую все, с чем свидеться пришлось,</l>
<l n="4">И вспоминаю наизусть и всуе.</l>
</lg>
<lg type="quatrain">
<l n="5">И не рисую я, и не пою,</l>
<l n="6">И не вожу смычком черноголосым:</l>
<l n="7">Я только в жизнь впиваюсь и люблю</l>
<l n="8">Завидовать могучим, хитрым осам.</l>
</lg>
<lg type="quatrain">
<l n="9">О, если б и меня когда-нибудь могло</l>
<l n="10">Заставить — сон и смерть минуя — </l>
<l n="11">Стрекало воздуха и летнее тепло</l>
<l n="12">Услышать ось земную, ось земную...</l>
</lg>
<date when="1937-02-08">8 февраля 1937</date>
</div2>
</div1>
</body>
</text>
</tei>
