<?xml version='1.0' encoding='UTF8'?>
<tei xmlns="http://www.tei-c.org/ns/1.0">
<teiheader>
<filedesc>
<titlestmt>
<title>Реймс — Лаон</title>
<author>О.Э. Мандельштам</author>
</titlestmt>
<publicationstmt>
<p>АРТ-БИЗНЕС-ЦЕНТР МОСКВА 1993</p>
<biblstruct>
<biblscope n="" type="volume"></biblscope>
<biblscope n="" type="part"></biblscope>
</biblstruct></publicationstmt>
<sourcedesc>
<p>Издание подготовлено Мандельштамовским обществом</p>
</sourcedesc>
<respstmt>
<resp>Подготовка и разметка файлов - Алексей Литвинцев, Вероника Файнберг. Создание
          электронного ресурса - Тимофей Молчанов. Руководители проекта - Центр Digital Humanities,
          Мандельштамовское общество (НИУ ВШЭ).</resp>
</respstmt></filedesc>
<profiledesc>
<textdesc n="poem"></textdesc>
<textclass>
<catref target="3_166" type="ID"></catref>
<catref target="О.Э. Мандельштам. Собрание сочинений в 4-х т. -- М.: Терра, 1991" type="Источник"></catref>
<catref target="стихотворение" type="Жанр художественной литературы"></catref>
<catref target="nan" type="Уточнение жанра"></catref>
<catref target="Х # Ан" type="Метр"></catref>
<catref target="вольная" type="Длина строки"></catref>
<catref target="вольная" type="Клаузула"></catref>
<catref target="г, д, ж # вольная" type="Уточнение клаузулы"></catref>
<catref target="nan" type="Классическая строфа"></catref>
<catref target="парная" type="Рифма"></catref>
<catref target="аа # перекрестная" type="Схема рифмовки"></catref>
<catref target="Х5,6,7г,д,ж. Х2г~Х3м, Х5м # Ан3гм,дм" type="Метрическая формула"></catref>
<catref target="неравносложная рифма, полиметрия, нарушения строфики" type="Дополнительные параметры"></catref>
<catref target="22" type="Число строк"></catref>
<catref target="nan" type="Автор оригинала"></catref>
<catref target="nan" type="Язык оригинала"></catref>
</textclass></profiledesc>
</teiheader>
<text>
<body>
<div1 n="3" type="volume">
<div2 n="166" type="part">
<head>166.
РЕЙМС — ЛАОН</head>
<lg type="quatrain">
<l n="1">Я видел озеро, стоявшее отвесно, — </l>
<l n="2">С разрезанною розой в колесе</l>
<l n="3">Играли рыбы, дом построив пресный.</l>
<l n="4">Леса и лев боролись в челноке.</l>
</lg>
<lg type="quatrain">
<l n="5">Глазели внутрь трех лающих порталов</l>
<l n="6">Недуги — недруги других невскрытых дуг.</l>
<l n="7">Фиалковый пролет газель перебежала,</l>
<l n="8">И башнями скала вздохнула вдруг, — </l>
</lg>
<lg type="quatrain">
<l n="9">И, влагой напоен, восстал песчаник честный,</l>
<l n="10">И средь ремесленного города-сверчка</l>
<l n="11">Мальчишка-океан встает из речки пресной</l>
<l n="12">И чашками воды швыряет в облака.</l>
</lg>
<date when="1937-03-04">4 марта 1937</date>
</div2>
</div1>
</body>
</text>
</tei>
