<?xml version='1.0' encoding='UTF8'?>
<tei xmlns="http://www.tei-c.org/ns/1.0">
<teiheader>
<filedesc>
<titlestmt>
<title>«На доске малиновой, червонной...»</title>
<author>О.Э. Мандельштам</author>
</titlestmt>
<publicationstmt>
<p>АРТ-БИЗНЕС-ЦЕНТР МОСКВА 1993</p>
<biblstruct>
<biblscope n="" type="volume"></biblscope>
<biblscope n="" type="part"></biblscope>
</biblstruct></publicationstmt>
<sourcedesc>
<p>Издание подготовлено Мандельштамовским обществом</p>
</sourcedesc>
<respstmt>
<resp>Подготовка и разметка файлов - Алексей Литвинцев, Вероника Файнберг. Создание
          электронного ресурса - Тимофей Молчанов. Руководители проекта - Центр Digital Humanities,
          Мандельштамовское общество (НИУ ВШЭ).</resp>
</respstmt></filedesc>
<profiledesc>
<textdesc n="poem"></textdesc>
<textclass>
<catref target="3_167" type="ID"></catref>
<catref target="О.Э. Мандельштам. Собрание сочинений в 4-х т. -- М.: Терра, 1991" type="Источник"></catref>
<catref target="стихотворение" type="Жанр художественной литературы"></catref>
<catref target="nan" type="Уточнение жанра"></catref>
<catref target="Я" type="Метр"></catref>
<catref target="вольная" type="Длина строки"></catref>
<catref target="регулярная" type="Клаузула"></catref>
<catref target="жм" type="Уточнение клаузулы"></catref>
<catref target="nan" type="Классическая строфа"></catref>
<catref target="перекрестная" type="Рифма"></catref>
<catref target="абаб" type="Схема рифмовки"></catref>
<catref target="Я5,6жм" type="Метрическая формула"></catref>
<catref target="nan" type="Дополнительные параметры"></catref>
<catref target="12" type="Число строк"></catref>
<catref target="nan" type="Автор оригинала"></catref>
<catref target="nan" type="Язык оригинала"></catref>
</textclass></profiledesc>
</teiheader>
<text>
<body>
<div1 n="3" type="volume">
<div2 n="167" type="part">
<head>167.</head>
<lg type="16_line">
<l n="1">На доске малиновой, червонной,</l>
<l n="2">На кону горы крутопоклонной, — </l>
<l n="3">Втридорога снегом напоенный,</l>
<l n="4">Высоко занесся — санный, сонный — </l>
<l n="5">Полу-город, полу-берег конный,</l>
<l n="6">В сбрую красных углей запряженный,</l>
<l n="7">Желтою мастикой утепленный</l>
<l n="8">И перегоревший в сахар жженый.</l>
<l n="9">Не ищи в нем зимних масел рая,</l>
<l n="10">Конькобежного голландского уклона, — </l>
<l n="11">Не раскаркается здесь веселая, кривая,</l>
<l n="12">Карличья в ушастых шапках стая, — </l>
<l n="13">И, меня сравненьем не смущая,</l>
<l n="14">Срежь рисунок мой, в дорогу крепкую влюбленный,</l>
<l n="15">Как сухую, но живую лапку клена</l>
<l n="16">Дым уносит, на ходулях убегая.</l>
</lg>
<date when="1937-03-06">6 марта 1937</date>
</div2>
</div1>
</body>
</text>
</tei>
