<?xml version='1.0' encoding='UTF8'?>
<tei xmlns="http://www.tei-c.org/ns/1.0">
<teiheader>
<filedesc>
<titlestmt>
<title>«Я молю, как жалости и милости...»</title>
<author>О.Э. Мандельштам</author>
</titlestmt>
<publicationstmt>
<p>АРТ-БИЗНЕС-ЦЕНТР МОСКВА 1993</p>
<biblstruct>
<biblscope n="" type="volume"></biblscope>
<biblscope n="" type="part"></biblscope>
</biblstruct></publicationstmt>
<sourcedesc>
<p>Издание подготовлено Мандельштамовским обществом</p>
</sourcedesc>
<respstmt>
<resp>Подготовка и разметка файлов - Алексей Литвинцев, Вероника Файнберг. Создание
          электронного ресурса - Тимофей Молчанов. Руководители проекта - Центр Digital Humanities,
          Мандельштамовское общество (НИУ ВШЭ).</resp>
</respstmt></filedesc>
<profiledesc>
<textdesc n="poem"></textdesc>
<textclass>
<catref target="3_165" type="ID"></catref>
<catref target="О.Э. Мандельштам. Собрание сочинений в 4-х т. -- М.: Терра, 1991" type="Источник"></catref>
<catref target="стихотворение" type="Жанр художественной литературы"></catref>
<catref target="nan" type="Уточнение жанра"></catref>
<catref target="Ан, тонический : Дк" type="Метр"></catref>
<catref target="3(4)" type="Длина строки"></catref>
<catref target="вольная" type="Клаузула"></catref>
<catref target="гм, дм, жм" type="Уточнение клаузулы"></catref>
<catref target="nan" type="Классическая строфа"></catref>
<catref target="перекрестная" type="Рифма"></catref>
<catref target="абаб" type="Схема рифмовки"></catref>
<catref target="Ан3г,д,ж,м. Дк3г,м, Тк3г" type="Метрическая формула"></catref>
<catref target="неравносложная рифма, нарушения строфики" type="Дополнительные параметры"></catref>
<catref target="110" type="Число строк"></catref>
<catref target="nan" type="Автор оригинала"></catref>
<catref target="nan" type="Язык оригинала"></catref>
</textclass></profiledesc>
</teiheader>
<text>
<body>
<div1 n="3" type="volume">
<div2 n="165" type="part">
<head>165.</head>
<lg type="22_line">
<l n="1">Я молю, как жалости и милости,</l>
<l n="2">Франция, твоей земли и жимолости,<rs ref="Франция" type="geo_index"></rs></l>
<l n="3">Правды горлинок твоих и кривды карликовых</l>
<l n="4">Виноградарей в их разгородках марлевых.</l>
<l n="5">В легком декабре твой воздух стриженый</l>
<l n="6">Индевеет — денежный, обиженный...</l>
<l n="7">Но фиалка и в тюрьме: с ума сойти в безбрежности!</l>
<l n="8">Свищет песенка — насмешница, небрежница, — </l>
<l n="9">Где бурлила, королей смывая,</l>
<l n="10">Улица июльская кривая...</l>
<l n="11">А теперь в Париже, в Шартре, в Арле<rs ref="Арль" type="geo_index"></rs></l>
<l n="12">Государит добрый Чаплин Чарли — <rs ref="Чаплин, Чарлз Спенсер" type="person"></rs></l>
<l n="13">В океанском котелке с растерянною точностью</l>
<l n="14">На шарнирах он куражится с цветочницей...</l>
<l n="15">Там, где с розой на груди в двухбашенной испарине</l>
<l n="16">Паутины каменеет шаль,</l>
<l n="17">Жаль, что карусель воздушно— благодарная</l>
<l n="18">Оборачивается, городом дыша, — </l>
<l n="19">Наклони свою шею, безбожница</l>
<l n="20">С золотыми глазами козы,</l>
<l n="21">И кривыми картавыми ножницами</l>
<l n="22">Купы скаредных роз раздразни.</l>
</lg>
<date when="1937-03-03">3 марта 1937</date>
</div2>
</div1>
</body>
</text>
</tei>
