<?xml version='1.0' encoding='UTF8'?>
<tei xmlns="http://www.tei-c.org/ns/1.0">
<teiheader>
<filedesc>
<titlestmt>
<title>Стихи о неизвестном солдате</title>
<author>О.Э. Мандельштам</author>
</titlestmt>
<publicationstmt>
<p>АРТ-БИЗНЕС-ЦЕНТР МОСКВА 1993</p>
<biblstruct>
<biblscope n="" type="volume"></biblscope>
<biblscope n="" type="part"></biblscope>
</biblstruct></publicationstmt>
<sourcedesc>
<p>Издание подготовлено Мандельштамовским обществом</p>
</sourcedesc>
<respstmt>
<resp>Подготовка и разметка файлов - Алексей Литвинцев, Вероника Файнберг. Создание
          электронного ресурса - Тимофей Молчанов. Руководители проекта - Центр Digital Humanities,
          Мандельштамовское общество (НИУ ВШЭ).</resp>
</respstmt></filedesc>
<profiledesc>
<textdesc n="poem"></textdesc>
<textclass>
<catref target="3_164" type="ID"></catref>
<catref target="О.Э. Мандельштам. Собрание сочинений в 4-х т. -- М.: Терра, 1991" type="Источник"></catref>
<catref target="стихотворение" type="Жанр художественной литературы"></catref>
<catref target="nan" type="Уточнение жанра"></catref>
<catref target="Я" type="Метр"></catref>
<catref target="вольная" type="Длина строки"></catref>
<catref target="регулярная" type="Клаузула"></catref>
<catref target="мж" type="Уточнение клаузулы"></catref>
<catref target="nan" type="Классическая строфа"></catref>
<catref target="перекрестная" type="Рифма"></catref>
<catref target="абаб" type="Схема рифмовки"></catref>
<catref target="Я5,6мж. Я4ж" type="Метрическая формула"></catref>
<catref target="nan" type="Дополнительные параметры"></catref>
<catref target="16" type="Число строк"></catref>
<catref target="nan" type="Автор оригинала"></catref>
<catref target="nan" type="Язык оригинала"></catref>
</textclass></profiledesc>
</teiheader>
<text>
<body>
<div1 n="3" type="volume">
<div2 n="164" type="part">
<head>164.
СТИХИ О НЕИЗВЕСТНОМ СОЛДАТЕ</head>
<lg type="110_line">
<l n="1">Этот воздух пусть будет свидетелем,</l>
<l n="2">Дальнобойное сердце его,</l>
<l n="3">И в землянках всеядный и деятельный</l>
<l n="4">Океан без окна — вещество...</l>
<l n="5">До чего эти звезды изветливы!</l>
<l n="6">Все им нужно глядеть — для чего?</l>
<l n="7">В осужденье судьи и свидетеля,</l>
<l n="8">В океан без окна, вещество.</l>
<l n="9">Помнит дождь, неприветливый сеятель, — </l>
<l n="10">Безымянная манна его, — </l>
<l n="11">Как лесистые крестики метили</l>
<l n="12">Океан или клин боевой.</l>
<l n="13">Будут люди холодные, хилые</l>
<l n="14">Убивать, холодать, голодать</l>
<l n="15">И в своей знаменитой могиле</l>
<l n="16">Неизвестный положен солдат.</l>
<l n="17">Научи меня, ласточка хилая,</l>
<l n="18">Разучившаяся летать,</l>
<l n="19">Как мне с этой воздушной могилой</l>
<l n="20">Без руля и крыла совладать.</l>
<l n="21">И за Лермонтова Михаила<rs ref="Лермонтов, Михаил Юрьевич" type="person"></rs></l>
<l n="22">Я отдам тебе строгий отчет,</l>
<l n="23">Как сутулого учит могила</l>
<l n="24">И воздушная яма влечет.</l>
<l n="25">Шевелящимися виноградинами</l>
<l n="26">Угрожают нам эти миры</l>
<l n="27">И висят городами украденными,</l>
<l n="28">Золотыми обмолвками, ябедами,</l>
<l n="29">Ядовитого холода ягодами — </l>
<l n="30">Растяжимых созвездий шатры,</l>
<l n="31">Золотые созвездий жиры...</l>
<l n="32">Сквозь эфир десятично-означенный</l>
<l n="33">Свет размолотых в луч скоростей</l>
<l n="34">Начинает число, опрозрачненный</l>
<l n="35">Светлой болью и молью нулей.</l>
<l n="36">И за полем полей поле новое</l>
<l n="37">Треугольным летит журавлем,</l>
<l n="38">Весть летит светопыльной обновою,</l>
<l n="39">И от битвы вчерашней светло.</l>
<l n="40">Весть летит светопыльной обновою:</l>
<l n="41">— Я не Лейпциг, я не Ватерлоо,<rs ref="Ватерлоо" type="geo_index"></rs></l>
<l n="42">Я не Битва Народов, я новое,</l>
<l n="43">От меня будет свету светло.</l>
<l n="44">Аравийское месиво, крошево,</l>
<l n="45">Свет размолотых в луч скоростей,</l>
<l n="46">И своими косыми подошвами</l>
<l n="47">Луч стоит на сетчатке моей.</l>
<l n="48">Миллионы убитых задешево</l>
<l n="49">Протоптали тропу в пустоте, — </l>
<l n="50">Доброй ночи! всего им хорошего</l>
<l n="51">От лица земляных крепостей!</l>
<l n="52">Неподкупное небо окопное — </l>
<l n="53">Небо крупных оптовых смертей, — </l>
<l n="54">За тобой, от тебя, целокупное,</l>
<l n="55">Я губами несусь в темноте — </l>
<l n="56">За воронки, за насыпи, осыпи,</l>
<l n="57">По которым он медлил и мглил:</l>
<l n="58">Развороченных — пасмурный, оспенный</l>
<l n="59">И приниженный гений могил.</l>
<l n="60">Хорошо умирает пехота,</l>
<l n="61">И поет хорошо хор ночной</l>
<l n="62">Над улыбкой приплюснутой Швейка,</l>
<l n="63">И над птичьим копьем Дон-Кихота,</l>
<l n="64">И над рыцарской птичьей плюсной.</l>
<l n="65">И дружи&amp;#769;т с человеком калека — </l>
<l n="66">Им обоим найдется работа,</l>
<l n="67">И стучит по околицам века</l>
<l n="68">Костылей деревянных семейка, — </l>
<l n="69">Эй, товарищество, шар земной!</l>
<l n="70">Для того ль должен череп развиться</l>
<l n="71">Во весь лоб — от виска до виска, — </l>
<l n="72">Чтоб в его дорогие глазницы</l>
<l n="73">Не могли не вливаться войска?</l>
<l n="74">Развивается череп от жизни</l>
<l n="75">Во весь лоб — от виска до виска, — </l>
<l n="76">Чистотой своих швов он дразнит себя,</l>
<l n="77">Понимающим куполом яснится,</l>
<l n="78">Мыслью пенится, сам себе снится, — </l>
<l n="79">Чаша чаш и отчизна отчизне,</l>
<l n="80">Звездным рубчиком шитый чепец,</l>
<l n="81">Чепчик счастья — Шекспира отец...<rs ref="Шекспир, Уильям" type="person"></rs></l>
<l n="82">Ясность ясеневая, зоркость яворовая</l>
<l n="83">Чуть-чуть красная мчится в свой дом,</l>
<l n="84">Словно обмороками затоваривая</l>
<l n="85">Оба неба с их тусклым огнем.</l>
<l n="86">Нам союзно лишь то, что избыточно,</l>
<l n="87">Впереди не провал, а промер,</l>
<l n="88">И бороться за воздух прожиточный — </l>
<l n="89">Эта слава другим не в пример.</l>
<l n="90">И сознанье свое затоваривая</l>
<l n="91">Полуобморочным бытием,</l>
<l n="92">Я ль без выбора пью это варево,</l>
<l n="93">Свою голову ем под огнем?</l>
<l n="94">Для того ль заготовлена тара</l>
<l n="95">Обаянья в пространстве пустом,</l>
<l n="96">Чтобы белые звезды обратно</l>
<l n="97">Чуть-чуть красные мчались в свой дом?</l>
<l n="98">Слышишь, мачеха звездного табора,</l>
<l n="99">Ночь, что будет сейчас и потом?</l>
<l n="100">Наливаются кровью аорты,</l>
<l n="101">И звучит по рядам шепотком:</l>
<l n="102">— Я рожден в девяносто четвертом,</l>
<l n="103">— Я рожден в девяносто втором...— </l>
<l n="104">И в кулак зажимая истертый</l>
<l n="105">Год рожденья — с гурьбой и гуртом</l>
<l n="106">Я шепчу обескровленным ртом:</l>
<l n="107">— Я рожден в ночь с второго на третье</l>
<l n="108">Января в девяносто одном</l>
<l n="109">Ненадежном году — и столетья</l>
<l n="110">Окружают меня огнем.</l>
</lg>
<date from="1937-03-01" to="1937-03-15">1—15 марта 1937</date>
</div2>
</div1>
</body>
</text>
</tei>
