<?xml version='1.0' encoding='UTF8'?>
<tei xmlns="http://www.tei-c.org/ns/1.0">
<teiheader>
<filedesc>
<titlestmt>
<title>«Я в львиный ров и в крепость погружен...»</title>
<author>О.Э. Мандельштам</author>
</titlestmt>
<publicationstmt>
<p>АРТ-БИЗНЕС-ЦЕНТР МОСКВА 1993</p>
<biblstruct>
<biblscope n="" type="volume"></biblscope>
<biblscope n="" type="part"></biblscope>
</biblstruct></publicationstmt>
<sourcedesc>
<p>Издание подготовлено Мандельштамовским обществом</p>
</sourcedesc>
<respstmt>
<resp>Подготовка и разметка файлов - Алексей Литвинцев, Вероника Файнберг. Создание
          электронного ресурса - Тимофей Молчанов. Руководители проекта - Центр Digital Humanities,
          Мандельштамовское общество (НИУ ВШЭ).</resp>
</respstmt></filedesc>
<profiledesc>
<textdesc n="poem"></textdesc>
<textclass>
<catref target="3_163" type="ID"></catref>
<catref target="О.Э. Мандельштам. Собрание сочинений в 4-х т. -- М.: Терра, 1991" type="Источник"></catref>
<catref target="стихотворение" type="Жанр художественной литературы"></catref>
<catref target="nan" type="Уточнение жанра"></catref>
<catref target="Я" type="Метр"></catref>
<catref target="6(5)" type="Длина строки"></catref>
<catref target="регулярная" type="Клаузула"></catref>
<catref target="мж" type="Уточнение клаузулы"></catref>
<catref target="nan" type="Классическая строфа"></catref>
<catref target="перекрестная" type="Рифма"></catref>
<catref target="абаб" type="Схема рифмовки"></catref>
<catref target="Я6мж. Я5м" type="Метрическая формула"></catref>
<catref target="nan" type="Дополнительные параметры"></catref>
<catref target="12" type="Число строк"></catref>
<catref target="nan" type="Автор оригинала"></catref>
<catref target="nan" type="Язык оригинала"></catref>
</textclass></profiledesc>
</teiheader>
<text>
<body>
<div1 n="3" type="volume">
<div2 n="163" type="part">
<head>163.</head>
<lg type="quatrain">
<l n="1">Я в львиный ров и в крепость погружен</l>
<l n="2">И опускаюсь ниже, ниже, ниже</l>
<l n="3">Под этих звуков ливень дрожжевой — </l>
<l n="4">Сильнее льва, мощнее Пятикнижья.</l>
</lg>
<lg type="quatrain">
<l n="5">Как близко, близко твой подходит зов — </l>
<l n="6">До заповедей роды и первины — </l>
<l n="7">Океанийских низка жемчугов</l>
<l n="8">И таитянок кроткие корзины...</l>
</lg>
<lg type="couplet">
<l n="9">Карающего пенья материк,</l>
<l n="10">Густого голоса низинами надвинься!</l>
</lg>
<lg type="quatrain">
<l n="11">Не ограничена еще моя пора:</l>
<l n="12">И я сопровождал восторг вселенский,</l>
<l n="13">Как вполголосная органная игра</l>
<l n="14">Сопровождает голос женский.</l>
</lg>
<date when="1937-02-12">12 февраля 1937</date>
</div2>
</div1>
</body>
</text>
</tei>
