<?xml version='1.0' encoding='UTF8'?>
<tei xmlns="http://www.tei-c.org/ns/1.0">
<teiheader>
<filedesc>
<titlestmt>
<title>Тайная вечеря</title>
<author>О.Э. Мандельштам</author>
</titlestmt>
<publicationstmt>
<p>АРТ-БИЗНЕС-ЦЕНТР МОСКВА 1993</p>
<biblstruct>
<biblscope n="" type="volume"></biblscope>
<biblscope n="" type="part"></biblscope>
</biblstruct></publicationstmt>
<sourcedesc>
<p>Издание подготовлено Мандельштамовским обществом</p>
</sourcedesc>
<respstmt>
<resp>Подготовка и разметка файлов - Алексей Литвинцев, Вероника Файнберг. Создание
          электронного ресурса - Тимофей Молчанов. Руководители проекта - Центр Digital Humanities,
          Мандельштамовское общество (НИУ ВШЭ).</resp>
</respstmt></filedesc>
<profiledesc>
<textdesc n="poem"></textdesc>
<textclass>
<catref target="3_169" type="ID"></catref>
<catref target="О.Э. Мандельштам. Собрание сочинений в 4-х т. -- М.: Терра, 1991" type="Источник"></catref>
<catref target="стихотворение" type="Жанр художественной литературы"></catref>
<catref target="nan" type="Уточнение жанра"></catref>
<catref target="Ан" type="Метр"></catref>
<catref target="3" type="Длина строки"></catref>
<catref target="регулярная" type="Клаузула"></catref>
<catref target="дм" type="Уточнение клаузулы"></catref>
<catref target="nan" type="Классическая строфа"></catref>
<catref target="перекрестная" type="Рифма"></catref>
<catref target="абаб" type="Схема рифмовки"></catref>
<catref target="Ан3дм" type="Метрическая формула"></catref>
<catref target="nan" type="Дополнительные параметры"></catref>
<catref target="8" type="Число строк"></catref>
<catref target="nan" type="Автор оригинала"></catref>
<catref target="nan" type="Язык оригинала"></catref>
</textclass></profiledesc>
</teiheader>
<text>
<body>
<div1 n="3" type="volume">
<div2 n="169" type="part">
<head>169.
ТАЙНАЯ ВЕЧЕРЯ</head>
<lg type="quatrain">
<l n="1">Небо вечери в стену влюбилось, — </l>
<l n="2">Все изрублено светом рубцов — </l>
<l n="3">Провалилось в нее, осветилось,</l>
<l n="4">Превратилось в тринадцать голов.</l>
</lg>
<lg type="quatrain">
<l n="5">Вот оно — мое небо ночное,</l>
<l n="6">Пред которым как мальчик стою:</l>
<l n="7">Холодеет спина, очи ноют.</l>
<l n="8">Стенобитную твердь я ловлю — </l>
</lg>
<lg type="quatrain">
<l n="9">И под каждым ударом тарана</l>
<l n="10">Осыпаются звезды без глав:</l>
<l n="11">Той же росписи новые раны — </l>
<l n="12">Неоконченной вечности мгла...</l>
</lg>
<date when="1937-03-09">9 марта 1937</date>
</div2>
</div1>
</body>
</text>
</tei>
