<?xml version='1.0' encoding='UTF8'?>
<tei xmlns="http://www.tei-c.org/ns/1.0">
<teiheader>
<filedesc>
<titlestmt>
<title>«Заблудился я в небе — что делать?..»</title>
<author>О.Э. Мандельштам</author>
</titlestmt>
<publicationstmt>
<p>АРТ-БИЗНЕС-ЦЕНТР МОСКВА 1993</p>
<biblstruct>
<biblscope n="" type="volume"></biblscope>
<biblscope n="" type="part"></biblscope>
</biblstruct></publicationstmt>
<sourcedesc>
<p>Издание подготовлено Мандельштамовским обществом</p>
</sourcedesc>
<respstmt>
<resp>Подготовка и разметка файлов - Алексей Литвинцев, Вероника Файнберг. Создание
          электронного ресурса - Тимофей Молчанов. Руководители проекта - Центр Digital Humanities,
          Мандельштамовское общество (НИУ ВШЭ).</resp>
</respstmt></filedesc>
<profiledesc>
<textdesc n="poem"></textdesc>
<textclass>
<catref target="3_170" type="ID"></catref>
<catref target="О.Э. Мандельштам. Собрание сочинений в 4-х т. -- М.: Терра, 1991" type="Источник"></catref>
<catref target="стихотворение" type="Жанр художественной литературы"></catref>
<catref target="nan" type="Уточнение жанра"></catref>
<catref target="Ан" type="Метр"></catref>
<catref target="3" type="Длина строки"></catref>
<catref target="регулярная" type="Клаузула"></catref>
<catref target="жм" type="Уточнение клаузулы"></catref>
<catref target="nan" type="Классическая строфа"></catref>
<catref target="перекрестная" type="Рифма"></catref>
<catref target="абаб" type="Схема рифмовки"></catref>
<catref target="Ан3жм" type="Метрическая формула"></catref>
<catref target="nan" type="Дополнительные параметры"></catref>
<catref target="12" type="Число строк"></catref>
<catref target="nan" type="Автор оригинала"></catref>
<catref target="nan" type="Язык оригинала"></catref>
</textclass></profiledesc>
</teiheader>
<text>
<body>
<div1 n="3" type="volume">
<div2 n="170" type="part">
<head>170.</head>
<lg type="quatrain">
<l n="1">Заблудился я в небе — что делать?</l>
<l n="2">Тот, кому оно близко, — ответь!</l>
<l n="3">Легче было вам, Дантовых девять<rs ref="Данте Алигьери" type="person"></rs></l>
<l n="4">Атлетических дисков, звенеть.</l>
</lg>
<lg type="quatrain">
<l n="5">Не разнять меня с жизнью: ей снится</l>
<l n="6">Убивать и сейчас же ласкать,</l>
<l n="7">Чтобы в уши, в глаза и в глазницы</l>
<l n="8">Флорентийская била тоска.<rs ref="Флоренция" type="geo_index"></rs></l>
</lg>
<lg type="quatrain">
<l n="9">Не кладите же мне, не кладите</l>
<l n="10">Остроласковый лавр на виски,</l>
<l n="11">Лучше сердце мое разорвите</l>
<l n="12">Вы на синего звона куски...</l>
</lg>
<lg type="quatrain">
<l n="13">И когда я усну, отслуживши,</l>
<l n="14">Всех живущих прижизненный друг,</l>
<l n="15">Он раздастся и глубже и выше — </l>
<l n="16">Отклик неба — в остывшую грудь.</l>
</lg>
<date from="1937-03-09" to="1937-03-19">9—19 марта 1937</date>
</div2>
</div1>
</body>
</text>
</tei>
