<?xml version='1.0' encoding='UTF8'?>
<tei xmlns="http://www.tei-c.org/ns/1.0">
<teiheader>
<filedesc>
<titlestmt>
<title>Кувшин</title>
<author>О.Э. Мандельштам</author>
</titlestmt>
<publicationstmt>
<p>АРТ-БИЗНЕС-ЦЕНТР МОСКВА 1993</p>
<biblstruct>
<biblscope n="" type="volume"></biblscope>
<biblscope n="" type="part"></biblscope>
</biblstruct></publicationstmt>
<sourcedesc>
<p>Издание подготовлено Мандельштамовским обществом</p>
</sourcedesc>
<respstmt>
<resp>Подготовка и разметка файлов - Алексей Литвинцев, Вероника Файнберг. Создание
          электронного ресурса - Тимофей Молчанов. Руководители проекта - Центр Digital Humanities,
          Мандельштамовское общество (НИУ ВШЭ).</resp>
</respstmt></filedesc>
<profiledesc>
<textdesc n="poem"></textdesc>
<textclass>
<catref target="3_175" type="ID"></catref>
<catref target="О.Э. Мандельштам. Собрание сочинений в 4-х т. -- М.: Терра, 1991" type="Источник"></catref>
<catref target="стихотворение" type="Жанр художественной литературы"></catref>
<catref target="nan" type="Уточнение жанра"></catref>
<catref target="Ан, тонический : Дк" type="Метр"></catref>
<catref target="3" type="Длина строки"></catref>
<catref target="вольная" type="Клаузула"></catref>
<catref target="дм, жм" type="Уточнение клаузулы"></catref>
<catref target="nan" type="Классическая строфа"></catref>
<catref target="перекрестная" type="Рифма"></catref>
<catref target="абаб" type="Схема рифмовки"></catref>
<catref target="Ан3дм,жм. Дк3м" type="Метрическая формула"></catref>
<catref target="nan" type="Дополнительные параметры"></catref>
<catref target="24" type="Число строк"></catref>
<catref target="nan" type="Автор оригинала"></catref>
<catref target="nan" type="Язык оригинала"></catref>
</textclass></profiledesc>
</teiheader>
<text>
<body>
<div1 n="3" type="volume">
<div2 n="175" type="part">
<head>175.
КУВШИН</head>
<lg type="quatrain">
<l n="1">Длинной жажды должник виноватый,</l>
<l n="2">Мудрый сводник вина и воды, — </l>
<l n="3">На боках твоих пляшут козлята</l>
<l n="4">И под музыку зреют плоды.</l>
</lg>
<lg type="quatrain">
<l n="5">Флейты свищут, клевещут и злятся,</l>
<l n="6">Что беда на твоем ободу</l>
<l n="7">Черно-красном — и некому взяться</l>
<l n="8">За тебя, чтоб поправить беду.</l>
</lg>
<date when="1937-03-21">21 марта 1937</date>
</div2>
</div1>
</body>
</text>
</tei>
