<?xml version='1.0' encoding='UTF8'?>
<tei xmlns="http://www.tei-c.org/ns/1.0">
<teiheader>
<filedesc>
<titlestmt>
<title>«Заблудился я в небе — что делать?..»</title>
<author>О.Э. Мандельштам</author>
</titlestmt>
<publicationstmt>
<p>АРТ-БИЗНЕС-ЦЕНТР МОСКВА 1993</p>
<biblstruct>
<biblscope n="" type="volume"></biblscope>
<biblscope n="" type="part"></biblscope>
</biblstruct></publicationstmt>
<sourcedesc>
<p>Издание подготовлено Мандельштамовским обществом</p>
</sourcedesc>
<respstmt>
<resp>Подготовка и разметка файлов - Алексей Литвинцев, Вероника Файнберг. Создание
          электронного ресурса - Тимофей Молчанов. Руководители проекта - Центр Digital Humanities,
          Мандельштамовское общество (НИУ ВШЭ).</resp>
</respstmt></filedesc>
<profiledesc>
<textdesc n="poem"></textdesc>
<textclass>
<catref target="3_171" type="ID"></catref>
<catref target="О.Э. Мандельштам. Собрание сочинений в 4-х т. -- М.: Терра, 1991" type="Источник"></catref>
<catref target="стихотворение" type="Жанр художественной литературы"></catref>
<catref target="nan" type="Уточнение жанра"></catref>
<catref target="Ан" type="Метр"></catref>
<catref target="3" type="Длина строки"></catref>
<catref target="регулярная" type="Клаузула"></catref>
<catref target="жм" type="Уточнение клаузулы"></catref>
<catref target="nan" type="Классическая строфа"></catref>
<catref target="перекрестная" type="Рифма"></catref>
<catref target="абаб" type="Схема рифмовки"></catref>
<catref target="Ан3жм" type="Метрическая формула"></catref>
<catref target="nan" type="Дополнительные параметры"></catref>
<catref target="16" type="Число строк"></catref>
<catref target="nan" type="Автор оригинала"></catref>
<catref target="nan" type="Язык оригинала"></catref>
</textclass></profiledesc>
</teiheader>
<text>
<body>
<div1 n="3" type="volume">
<div2 n="171" type="part">
<head>171.</head>
<lg type="16_line">
<l n="1">Заблудился я в небе — что делать?</l>
<l n="2">Тот, кому оно близко, — ответь!</l>
<l n="3">Легче было вам, Дантовых девять<rs ref="Данте Алигьери" type="person"></rs></l>
<l n="4">Атлетических дисков, звенеть,</l>
<l n="5">Задыхаться, чернеть, голубеть.</l>
<l n="6">Если я не вчерашний, не зряшний, — </l>
<l n="7">Ты, который стоишь надо мной,</l>
<l n="8">Если ты виночерпий и чашник — </l>
<l n="9">Дай мне силу без пены пустой</l>
<l n="10">Выпить здравье кружащейся башни — </l>
<l n="11">Рукопашной лазури шальной.</l>
<l n="12">Голубятни, черноты, скворешни,</l>
<l n="13">Самых синих теней образцы, — </l>
<l n="14">Лед весенний, лед вышний, лед вешний — </l>
<l n="15">Облака, обаянья борцы, — </l>
<l n="16">Тише: тучу ведут под уздцы.</l>
</lg>
<date from="1937-03-09" to="1937-03-19">9—19 марта 1937</date>
</div2>
</div1>
</body>
</text>
</tei>
