<?xml version='1.0' encoding='UTF8'?>
<tei xmlns="http://www.tei-c.org/ns/1.0">
<teiheader>
<filedesc>
<titlestmt>
<title>«Флейты греческой тэта и йота...»</title>
<author>О.Э. Мандельштам</author>
</titlestmt>
<publicationstmt>
<p>АРТ-БИЗНЕС-ЦЕНТР МОСКВА 1993</p>
<biblstruct>
<biblscope n="" type="volume"></biblscope>
<biblscope n="" type="part"></biblscope>
</biblstruct></publicationstmt>
<sourcedesc>
<p>Издание подготовлено Мандельштамовским обществом</p>
</sourcedesc>
<respstmt>
<resp>Подготовка и разметка файлов - Алексей Литвинцев, Вероника Файнберг. Создание
          электронного ресурса - Тимофей Молчанов. Руководители проекта - Центр Digital Humanities,
          Мандельштамовское общество (НИУ ВШЭ).</resp>
</respstmt></filedesc>
<profiledesc>
<textdesc n="poem"></textdesc>
<textclass>
<catref target="3_179" type="ID"></catref>
<catref target="О.Э. Мандельштам. Собрание сочинений в 4-х т. -- М.: Терра, 1991" type="Источник"></catref>
<catref target="стихотворение" type="Жанр художественной литературы"></catref>
<catref target="nan" type="Уточнение жанра"></catref>
<catref target="Ан" type="Метр"></catref>
<catref target="3" type="Длина строки"></catref>
<catref target="регулярная" type="Клаузула"></catref>
<catref target="жм" type="Уточнение клаузулы"></catref>
<catref target="nan" type="Классическая строфа"></catref>
<catref target="перекрестная" type="Рифма"></catref>
<catref target="абаб" type="Схема рифмовки"></catref>
<catref target="Ан3жм" type="Метрическая формула"></catref>
<catref target="nan" type="Дополнительные параметры"></catref>
<catref target="4" type="Число строк"></catref>
<catref target="nan" type="Автор оригинала"></catref>
<catref target="nan" type="Язык оригинала"></catref>
</textclass></profiledesc>
</teiheader>
<text>
<body>
<div1 n="3" type="volume">
<div2 n="179" type="part">
<head>179.</head>
<lg type="quatrain">
<l n="1">Флейты греческой тэта и йота — </l>
<l n="2">Словно ей не хватало молвы — </l>
<l n="3">Неизваянная, без отчета,</l>
<l n="4">Зрела, маялась, шла через рвы.</l>
</lg>
<lg type="couplet">
<l n="5">И ее невозможно покинуть,</l>
<l n="6">Стиснув зубы, ее не унять,</l>
</lg>
<lg type="quatrain">
<l n="7">А флейтист не узнает покоя:</l>
<l n="8">Ему кажется, что он один,</l>
<l n="9">Что когда-то он море родное</l>
<l n="10">Из сиреневых вылепил глин...</l>
</lg>
<lg type="quatrain">
<l n="11">Звонким шопотом честолюбивым,</l>
<l n="12">Вспоминающих топотом губ</l>
<l n="13">Он торопится быть бережливым,</l>
<l n="14">Емлет звуки — опрятен и скуп.</l>
</lg>
<lg type="quatrain">
<l n="15">Вслед за ним мы его не повторим,</l>
<l n="16">Комья глины в ладонях моря,</l>
<l n="17">И когда я наполнился морем — </l>
<l n="18">Мором стала мне мера моя...</l>
</lg>
<lg type="quatrain">
<l n="19">И свои-то мне губы не любы — </l>
<l n="20">И убийство на том же корню — </l>
<l n="21">И невольно на убыль, на убыль</l>
<l n="22">Равноденствие флейты клоню.</l>
</lg>
<date when="1937-04-07">7 апреля 1937</date>
</div2>
</div1>
</body>
</text>
</tei>
