<?xml version='1.0' encoding='UTF8'?>
<tei xmlns="http://www.tei-c.org/ns/1.0">
<teiheader>
<filedesc>
<titlestmt>
<title>«Чтоб, приятель и ветра и капель...»</title>
<author>О.Э. Мандельштам</author>
</titlestmt>
<publicationstmt>
<p>АРТ-БИЗНЕС-ЦЕНТР МОСКВА 1993</p>
<biblstruct>
<biblscope n="" type="volume"></biblscope>
<biblscope n="" type="part"></biblscope>
</biblstruct></publicationstmt>
<sourcedesc>
<p>Издание подготовлено Мандельштамовским обществом</p>
</sourcedesc>
<respstmt>
<resp>Подготовка и разметка файлов - Алексей Литвинцев, Вероника Файнберг. Создание
          электронного ресурса - Тимофей Молчанов. Руководители проекта - Центр Digital Humanities,
          Мандельштамовское общество (НИУ ВШЭ).</resp>
</respstmt></filedesc>
<profiledesc>
<textdesc n="poem"></textdesc>
<textclass>
<catref target="3_174" type="ID"></catref>
<catref target="О.Э. Мандельштам. Собрание сочинений в 4-х т. -- М.: Терра, 1991" type="Источник"></catref>
<catref target="стихотворение" type="Жанр художественной литературы"></catref>
<catref target="nan" type="Уточнение жанра"></catref>
<catref target="Ан" type="Метр"></catref>
<catref target="3" type="Длина строки"></catref>
<catref target="вольная" type="Клаузула"></catref>
<catref target="г, д, ж, м" type="Уточнение клаузулы"></catref>
<catref target="nan" type="Классическая строфа"></catref>
<catref target="вольная" type="Рифма"></catref>
<catref target="nan" type="Схема рифмовки"></catref>
<catref target="Ан3г,д,ж,м" type="Метрическая формула"></catref>
<catref target="неравносложная рифма" type="Дополнительные параметры"></catref>
<catref target="36" type="Число строк"></catref>
<catref target="nan" type="Автор оригинала"></catref>
<catref target="nan" type="Язык оригинала"></catref>
</textclass></profiledesc>
</teiheader>
<text>
<body>
<div1 n="3" type="volume">
<div2 n="174" type="part">
<head>174.</head>
<lg type="quatrain">
<l n="1">Чтоб, приятель и ветра и капель,</l>
<l n="2">Сохранил их песчаник внутри,</l>
<l n="3">Нацарапали множество цапель</l>
<l n="4">И бутылок в бутылках зари.</l>
</lg>
<lg type="quatrain">
<l n="5">Украшался отборной собачиной</l>
<l n="6">Египтян государственный стыд,</l>
<l n="7">Мертвецов наделял всякой всячиной</l>
<l n="8">И торчит пустячком пирамид.</l>
</lg>
<lg type="quatrain">
<l n="9">То ли дело любимец мой кровный,</l>
<l n="10">Утешительно-грешный певец, — </l>
<l n="11">Еще слышен твой скрежет зубовный,</l>
<l n="12">Беззаботного права истец...</l>
</lg>
<lg type="quatrain">
<l n="13">Размотавший на два завещанья</l>
<l n="14">Слабовольных имуществ клубок</l>
<l n="15">И в прощанье отдав, в верещанье</l>
<l n="16">Мир, который как череп глубок;</l>
</lg>
<lg type="quatrain">
<l n="17">Рядом с готикой жил озоруючи</l>
<l n="18">И плевал на паучьи права</l>
<l n="19">Наглый школьник и ангел ворующий,</l>
<l n="20">Несравненный Виллон Франсуа.</l>
</lg>
<lg type="quatrain">
<l n="21">Он разбойник небесного клира,</l>
<l n="22">Рядом с ним не зазорно сидеть:</l>
<l n="23">И пред самой кончиною мира</l>
<l n="24">Будут жаворонки звенеть.</l>
</lg>
<date when="1937-03-18">18 марта 1937</date>
</div2>
</div1>
</body>
</text>
</tei>
