<?xml version='1.0' encoding='UTF8'?>
<tei xmlns="http://www.tei-c.org/ns/1.0">
<teiheader>
<filedesc>
<titlestmt>
<title>Рим («Где лягушки фонтанов, расквакавшись...»)</title>
<author>О.Э. Мандельштам</author>
</titlestmt>
<publicationstmt>
<p>АРТ-БИЗНЕС-ЦЕНТР МОСКВА 1993</p>
<biblstruct>
<biblscope n="" type="volume"></biblscope>
<biblscope n="" type="part"></biblscope>
</biblstruct></publicationstmt>
<sourcedesc>
<p>Издание подготовлено Мандельштамовским обществом</p>
</sourcedesc>
<respstmt>
<resp>Подготовка и разметка файлов - Алексей Литвинцев, Вероника Файнберг. Создание
          электронного ресурса - Тимофей Молчанов. Руководители проекта - Центр Digital Humanities,
          Мандельштамовское общество (НИУ ВШЭ).</resp>
</respstmt></filedesc>
<profiledesc>
<textdesc n="poem"></textdesc>
<textclass>
<catref target="3_173" type="ID"></catref>
<catref target="О.Э. Мандельштам. Собрание сочинений в 4-х т. -- М.: Терра, 1991" type="Источник"></catref>
<catref target="стихотворение" type="Жанр художественной литературы"></catref>
<catref target="nan" type="Уточнение жанра"></catref>
<catref target="Ан" type="Метр"></catref>
<catref target="3" type="Длина строки"></catref>
<catref target="регулярная" type="Клаузула"></catref>
<catref target="дм" type="Уточнение клаузулы"></catref>
<catref target="nan" type="Классическая строфа"></catref>
<catref target="перекрестная" type="Рифма"></catref>
<catref target="абаб" type="Схема рифмовки"></catref>
<catref target="Ан3дм" type="Метрическая формула"></catref>
<catref target="нарушения строфики" type="Дополнительные параметры"></catref>
<catref target="18" type="Число строк"></catref>
<catref target="nan" type="Автор оригинала"></catref>
<catref target="nan" type="Язык оригинала"></catref>
</textclass></profiledesc>
</teiheader>
<text>
<body>
<div1 n="3" type="volume">
<div2 n="173" type="part">
<head>173.
РИМ</head>
<lg type="36_line">
<l n="1">Где лягушки фонтанов, расквакавшись</l>
<l n="2">И разбрызгавшись, больше не спят</l>
<l n="3">И, однажды проснувшись, расплакавшись,</l>
<l n="4">Во всю мочь своих глоток и раковин</l>
<l n="5">Город, любящий сильным поддакивать,</l>
<l n="6">Земноводной водою кропят, — </l>
<l n="7">Древность легкая, летняя, наглая,</l>
<l n="8">С жадным взглядом и плоской ступней,</l>
<l n="9">Словно мост ненарушенный Ангела</l>
<l n="10">В плоскоступьи над желтой водой, — </l>
<l n="11">Голубой, онелепленный, пепельный,</l>
<l n="12">В барабанном наросте домов — </l>
<l n="13">Город, ласточкой купола лепленный</l>
<l n="14">Из проулков и из сквозняков, — </l>
<l n="15">Превратили в убийства питомник</l>
<l n="16">Вы, коричневой крови наемники,</l>
<l n="17">Италийские чернорубашечники,</l>
<l n="18">Мертвых цезарей злые щенки...</l>
<l n="19">Все твои, Микель Анджело, сироты,<rs ref="Микеланджело Буонарроти" type="person"></rs></l>
<l n="20">Облеченные в камень и стыд, — </l>
<l n="21">Ночь, сырая от слез, и невинный</l>
<l n="22">Молодой, легконогий Давид,<rs ref="Давид" type="myth_index"></rs></l>
<l n="23">И постель, на которой несдвинутый</l>
<l n="24">Моисей водопадом лежит, — <rs ref="Моисей" type="myth_index"></rs></l>
<l n="25">Мощь свободная и мера львиная</l>
<l n="26">В усыпленьи и в рабстве молчит.</l>
<l n="27">И морщинистых лестниц уступки — </l>
<l n="28">В площадь льющихся лестничных рек, — </l>
<l n="29">Чтоб звучали шаги, как поступки,</l>
<l n="30">Поднял медленный Рим-человек,</l>
<l n="31">А не для искалеченных нег,</l>
<l n="32">Как морские ленивые губки.</l>
<l n="33">Ямы Форума заново вырыты<rs ref="Рим" type="geo_index"></rs></l>
<l n="34">И открыты ворота для Ирода,</l>
<l n="35">И над Римом диктатора-выродка</l>
<l n="36">Подбородок тяжелый висит.</l>
</lg>
<date when="1937-03-16">16 марта 1937</date>
</div2>
</div1>
</body>
</text>
</tei>
