<?xml version='1.0' encoding='UTF8'?>
<tei xmlns="http://www.tei-c.org/ns/1.0">
<teiheader>
<filedesc>
<titlestmt>
<title>«О, как же я хочу...»</title>
<author>О.Э. Мандельштам</author>
</titlestmt>
<publicationstmt>
<p>АРТ-БИЗНЕС-ЦЕНТР МОСКВА 1993</p>
<biblstruct>
<biblscope n="" type="volume"></biblscope>
<biblscope n="" type="part"></biblscope>
</biblstruct></publicationstmt>
<sourcedesc>
<p>Издание подготовлено Мандельштамовским обществом</p>
</sourcedesc>
<respstmt>
<resp>Подготовка и разметка файлов - Алексей Литвинцев, Вероника Файнберг. Создание
          электронного ресурса - Тимофей Молчанов. Руководители проекта - Центр Digital Humanities,
          Мандельштамовское общество (НИУ ВШЭ).</resp>
</respstmt></filedesc>
<profiledesc>
<textdesc n="poem"></textdesc>
<textclass>
<catref target="3_177" type="ID"></catref>
<catref target="О.Э. Мандельштам. Собрание сочинений в 4-х т. -- М.: Терра, 1991" type="Источник"></catref>
<catref target="стихотворение" type="Жанр художественной литературы"></catref>
<catref target="nan" type="Уточнение жанра"></catref>
<catref target="Ан" type="Метр"></catref>
<catref target="3" type="Длина строки"></catref>
<catref target="вольная" type="Клаузула"></catref>
<catref target="ж, м" type="Уточнение клаузулы"></catref>
<catref target="nan" type="Классическая строфа"></catref>
<catref target="вольная" type="Рифма"></catref>
<catref target="nan" type="Схема рифмовки"></catref>
<catref target="Ан3ж,м" type="Метрическая формула"></catref>
<catref target="nan" type="Дополнительные параметры"></catref>
<catref target="20" type="Число строк"></catref>
<catref target="nan" type="Автор оригинала"></catref>
<catref target="nan" type="Язык оригинала"></catref>
</textclass></profiledesc>
</teiheader>
<text>
<body>
<div1 n="3" type="volume">
<div2 n="177" type="part">
<head>177.</head>
<lg type="quatrain">
<l n="1">О, как же я хочу,</l>
<l n="2">Не чуемый никем,</l>
<l n="3">Лететь вослед лучу,</l>
<l n="4">Где нет меня совсем.</l>
</lg>
<lg type="quatrain">
<l n="5">А ты в кругу лучись — </l>
<l n="6">Другого счастья нет — </l>
<l n="7">И у звезды учись</l>
<l n="8">Тому, что значит свет.</l>
</lg>
<lg type="quatrain">
<l n="9">Он только тем и луч,</l>
<l n="10">Он только тем и свет,</l>
<l n="11">Что шопотом могуч</l>
<l n="12">И лепетом согрет.</l>
</lg>
<lg type="quatrain">
<l n="13">И я тебе хочу</l>
<l n="14">Сказать, что я шепчу,</l>
<l n="15">Что шопотом лучу</l>
<l n="16">Тебя, дитя, вручу...</l>
</lg>
<date from="1937-03-23" to="1937-05">23 марта — начало мая 1937</date>
</div2>
</div1>
</body>
</text>
</tei>
