<?xml version='1.0' encoding='UTF8'?>
<tei xmlns="http://www.tei-c.org/ns/1.0">
<teiheader>
<filedesc>
<titlestmt>
<title>«Гончарами велик остров синий...»</title>
<author>О.Э. Мандельштам</author>
</titlestmt>
<publicationstmt>
<p>АРТ-БИЗНЕС-ЦЕНТР МОСКВА 1993</p>
<biblstruct>
<biblscope n="" type="volume"></biblscope>
<biblscope n="" type="part"></biblscope>
</biblstruct></publicationstmt>
<sourcedesc>
<p>Издание подготовлено Мандельштамовским обществом</p>
</sourcedesc>
<respstmt>
<resp>Подготовка и разметка файлов - Алексей Литвинцев, Вероника Файнберг. Создание
          электронного ресурса - Тимофей Молчанов. Руководители проекта - Центр Digital Humanities,
          Мандельштамовское общество (НИУ ВШЭ).</resp>
</respstmt></filedesc>
<profiledesc>
<textdesc n="poem"></textdesc>
<textclass>
<catref target="3_176" type="ID"></catref>
<catref target="О.Э. Мандельштам. Собрание сочинений в 4-х т. -- М.: Терра, 1991" type="Источник"></catref>
<catref target="стихотворение" type="Жанр художественной литературы"></catref>
<catref target="nan" type="Уточнение жанра"></catref>
<catref target="Ан" type="Метр"></catref>
<catref target="3" type="Длина строки"></catref>
<catref target="регулярная" type="Клаузула"></catref>
<catref target="жм" type="Уточнение клаузулы"></catref>
<catref target="nan" type="Классическая строфа"></catref>
<catref target="перекрестная" type="Рифма"></catref>
<catref target="абаб" type="Схема рифмовки"></catref>
<catref target="Ан3жм" type="Метрическая формула"></catref>
<catref target="nan" type="Дополнительные параметры"></catref>
<catref target="8" type="Число строк"></catref>
<catref target="nan" type="Автор оригинала"></catref>
<catref target="nan" type="Язык оригинала"></catref>
</textclass></profiledesc>
</teiheader>
<text>
<body>
<div1 n="3" type="volume">
<div2 n="176" type="part">
<head>176.</head>
<lg type="quatrain">
<l n="1">Гончарами велик остров синий — </l>
<l n="2">Крит зеленый, — запекся их дар</l>
<l n="3">В землю звонкую: слышишь дельфиньих</l>
<l n="4">Плавников их подземный удар?</l>
</lg>
<lg type="quatrain">
<l n="5">Это море легко на помине</l>
<l n="6">В осчастливленной обжигом глине,</l>
<l n="7">И сосуда студеная власть</l>
<l n="8">Раскололась на море и страсть.</l>
</lg>
<lg type="quatrain">
<l n="9">Ты отдай мне мое, остров синий,</l>
<l n="10">Крит летучий, отдай мне мой труд</l>
<l n="11">И сосцами текучей богини</l>
<l n="12">Воскорми обожженный сосуд.</l>
</lg>
<lg type="quatrain">
<l n="13">Это было и пелось, синея,</l>
<l n="14">Много задолго до Одиссея,<rs ref="Одиссей (Улисс)" type="myth_index"></rs></l>
<l n="15">До того, как еду и питье</l>
<l n="16">Называли «моя» и «мое».</l>
</lg>
<lg type="quatrain">
<l n="17">Выздоравливай же, излучайся,</l>
<l n="18">Волоокого неба звезда,</l>
<l n="19">И летучая рыба — случайность,</l>
<l n="20">И вода, говорящая «да».</l>
</lg>
<date when="1937-03-21">‹21 марта› 1937</date>
</div2>
</div1>
</body>
</text>
</tei>
