<?xml version='1.0' encoding='UTF8'?>
<tei xmlns="http://www.tei-c.org/ns/1.0">
<teiheader>
<filedesc>
<titlestmt>
<title>Стансы («Необходимо сердцу биться...»)</title>
<author>О.Э. Мандельштам</author>
</titlestmt>
<publicationstmt>
<p>АРТ-БИЗНЕС-ЦЕНТР МОСКВА 1993</p>
<biblstruct>
<biblscope n="" type="volume"></biblscope>
<biblscope n="" type="part"></biblscope>
</biblstruct></publicationstmt>
<sourcedesc>
<p>Издание подготовлено Мандельштамовским обществом</p>
</sourcedesc>
<respstmt>
<resp>Подготовка и разметка файлов - Алексей Литвинцев, Вероника Файнберг. Создание
          электронного ресурса - Тимофей Молчанов. Руководители проекта - Центр Digital Humanities,
          Мандельштамовское общество (НИУ ВШЭ).</resp>
</respstmt></filedesc>
<profiledesc>
<textdesc n="poem"></textdesc>
<textclass>
<catref target="3_189" type="ID"></catref>
<catref target="О.Э. Мандельштам. Собрание сочинений в 4-х т. -- М.: Терра, 1991" type="Источник"></catref>
<catref target="стихотворение" type="Жанр художественной литературы"></catref>
<catref target="nan" type="Уточнение жанра"></catref>
<catref target="Х" type="Метр"></catref>
<catref target="регулярная" type="Длина строки"></catref>
<catref target="регулярная" type="Клаузула"></catref>
<catref target="жм" type="Уточнение клаузулы"></catref>
<catref target="nan" type="Классическая строфа"></catref>
<catref target="перекрестная" type="Рифма"></catref>
<catref target="абаб" type="Схема рифмовки"></catref>
<catref target="Х4ж+Х3м" type="Метрическая формула"></catref>
<catref target="перебои" type="Дополнительные параметры"></catref>
<catref target="16" type="Число строк"></catref>
<catref target="nan" type="Автор оригинала"></catref>
<catref target="nan" type="Язык оригинала"></catref>
</textclass></profiledesc>
</teiheader>
<text>
<body>
<div1 n="3" type="volume">
<div2 n="189" type="part">
<head>189.
СТАНСЫ</head>
<lg type="quatrain">
<l n="1">Необходимо сердцу биться:</l>
<l n="2">Входить в поля, врастать в леса.</l>
<l n="3">Вот «Правды» первая страница,</l>
<l n="4">Вот с приговором полоса.</l>
</lg>
<lg type="quatrain">
<l n="5">Необходимо сердцу биться:</l>
<l n="6">Входить в поля, врастать в леса.</l>
<l n="7">Вот «Правды» первая страница,</l>
<l n="8">Вот с приговором полоса.</l>
</lg>
<lg type="quatrain">
<l n="9">Необходимо сердцу биться:</l>
<l n="10">Входить в поля, врастать в леса.</l>
<l n="11">Вот «Правды» первая страница,</l>
<l n="12">Вот с приговором полоса.</l>
</lg>
<lg type="quatrain">
<l n="13">Необходимо сердцу биться:</l>
<l n="14">Входить в поля, врастать в леса.</l>
<l n="15">Вот «Правды» первая страница,</l>
<l n="16">Вот с приговором полоса.</l>
</lg>
<lg type="quatrain">
<l n="17">Необходимо сердцу биться:</l>
<l n="18">Входить в поля, врастать в леса.</l>
<l n="19">Вот «Правды» первая страница,</l>
<l n="20">Вот с приговором полоса.</l>
</lg>
<lg type="quatrain">
<l n="21">Необходимо сердцу биться:</l>
<l n="22">Входить в поля, врастать в леса.</l>
<l n="23">Вот «Правды» первая страница,</l>
<l n="24">Вот с приговором полоса.</l>
</lg>
<lg type="quatrain">
<l n="25">Необходимо сердцу биться:</l>
<l n="26">Входить в поля, врастать в леса.</l>
<l n="27">Вот «Правды» первая страница,</l>
<l n="28">Вот с приговором полоса.</l>
</lg>
<lg type="couplet">
<l n="29">Необходимо сердцу биться:</l>
<l n="30">Входить в поля, врастать в леса.</l>
</lg>
<lg type="quatrain">
<l n="31">Необходимо сердцу биться:</l>
<l n="32">Входить в поля, врастать в леса.</l>
<l n="33">Вот «Правды» первая страница,</l>
<l n="34">Вот с приговором полоса.</l>
</lg>
<lg type="quatrain">
<l n="35">Необходимо сердцу биться:</l>
<l n="36">Входить в поля, врастать в леса.</l>
<l n="37">Вот «Правды» первая страница,</l>
<l n="38">Вот с приговором полоса.</l>
</lg>
<date from="1937-07-04" to="1937-07-05">4—5 июля 1937</date>
</div2>
</div1>
</body>
</text>
</tei>
