<?xml version='1.0' encoding='UTF8'?>
<tei xmlns="http://www.tei-c.org/ns/1.0">
<teiheader>
<filedesc>
<titlestmt>
<title>«С примесью ворона — голуби...»</title>
<author>О.Э. Мандельштам</author>
</titlestmt>
<publicationstmt>
<p>АРТ-БИЗНЕС-ЦЕНТР МОСКВА 1993</p>
<biblstruct>
<biblscope n="" type="volume"></biblscope>
<biblscope n="" type="part"></biblscope>
</biblstruct></publicationstmt>
<sourcedesc>
<p>Издание подготовлено Мандельштамовским обществом</p>
</sourcedesc>
<respstmt>
<resp>Подготовка и разметка файлов - Алексей Литвинцев, Вероника Файнберг. Создание
          электронного ресурса - Тимофей Молчанов. Руководители проекта - Центр Digital Humanities,
          Мандельштамовское общество (НИУ ВШЭ).</resp>
</respstmt></filedesc>
<profiledesc>
<textdesc n="poem"></textdesc>
<textclass>
<catref target="3_187" type="ID"></catref>
<catref target="О.Э. Мандельштам. Собрание сочинений в 4-х т. -- М.: Терра, 1991" type="Источник"></catref>
<catref target="стихотворение" type="Жанр художественной литературы"></catref>
<catref target="nan" type="Уточнение жанра"></catref>
<catref target="Ан, Аф, Х, Я, тонический : Дк" type="Метр"></catref>
<catref target="5(2,3,6)" type="Длина строки"></catref>
<catref target="м" type="Клаузула"></catref>
<catref target="nan" type="Уточнение клаузулы"></catref>
<catref target="nan" type="Классическая строфа"></catref>
<catref target="вольная" type="Рифма"></catref>
<catref target="nan" type="Схема рифмовки"></catref>
<catref target="Х5м. Ан2ж, Аф2ж, Дк3м, Х3м~Х3м, Я2,3м" type="Метрическая формула"></catref>
<catref target="нарушения строфики, нарушения анакрусы, холостая строка, цезурные усечения" type="Дополнительные параметры"></catref>
<catref target="29" type="Число строк"></catref>
<catref target="nan" type="Автор оригинала"></catref>
<catref target="nan" type="Язык оригинала"></catref>
</textclass></profiledesc>
</teiheader>
<text>
<body>
<div1 n="3" type="volume">
<div2 n="187" type="part">
<head>187.</head>
<lg type="33_line">
<l n="1">С примесью ворона — голуби,</l>
<l n="2">Завороненные волосы.</l>
<l n="3">Здравствуй, моя нежнолобая,</l>
<l n="4">Дай мне сказать тебе с голоса,</l>
<l n="5">Как я люблю твои волосы</l>
<l n="6">Душные, черноголубые.</l>
<l n="7">В губы горячие вложено</l>
<l n="8">Все, чем Москва омоложена,<rs ref="Москва" type="geo_index"></rs><rs ref="Москва" type="geo_index"></rs></l>
<l n="9">Чем молодая расширена,</l>
<l n="10">Чем мировая встревожена,</l>
<l n="11">Грозная утихомирена.</l>
<l n="12">Тени лица восхитительны — </l>
<l n="13">Синие, черные, белые.</l>
<l n="14">И на груди — удивительны</l>
<l n="15">Эти две родинки смелые.</l>
<l n="16">В пальцах тепло не мгновенное,</l>
<l n="17">Сила лежит фортепьянная,</l>
<l n="18">Сила приказа желанная</l>
<l n="19">Биться за дело нетленное...</l>
<l n="20">Мчится, летит, с нами едучи,</l>
<l n="21">Сам ноготок зацелованный,</l>
<l n="22">Мчится, о будущем знаючи,</l>
<l n="23">Сам ноготок холодающий.</l>
<l n="24">Славная вся, безусловная,</l>
<l n="25">Здравствуй, моя оживленная.</l>
<l n="26">Ночь в рукавах и просторное</l>
<l n="27">Круглое горло упорное.</l>
<l n="28">Слава моя чернобровая,</l>
<l n="29">Бровью вяжи меня вязкою,</l>
<l n="30">К жизни и смерти готовая,</l>
<l n="31">Произносящая ласково</l>
<l n="32">Сталина имя громовое<rs ref="Сталин (Джугашвили), Иосиф Виссарионович" type="person"></rs></l>
<l n="33">С клятвенной нежностью, с ласкою.</l>
</lg>
<date when="1937-06">Начало июня 1937</date>
</div2>
</div1>
</body>
</text>
</tei>
