<?xml version='1.0' encoding='UTF8'?>
<tei xmlns="http://www.tei-c.org/ns/1.0">
<teiheader>
<filedesc>
<titlestmt>
<title>«Пароходик с петухами...»</title>
<author>О.Э. Мандельштам</author>
</titlestmt>
<publicationstmt>
<p>АРТ-БИЗНЕС-ЦЕНТР МОСКВА 1993</p>
<biblstruct>
<biblscope n="" type="volume"></biblscope>
<biblscope n="" type="part"></biblscope>
</biblstruct></publicationstmt>
<sourcedesc>
<p>Издание подготовлено Мандельштамовским обществом</p>
</sourcedesc>
<respstmt>
<resp>Подготовка и разметка файлов - Алексей Литвинцев, Вероника Файнберг. Создание
          электронного ресурса - Тимофей Молчанов. Руководители проекта - Центр Digital Humanities,
          Мандельштамовское общество (НИУ ВШЭ).</resp>
</respstmt></filedesc>
<profiledesc>
<textdesc n="poem"></textdesc>
<textclass>
<catref target="3_188" type="ID"></catref>
<catref target="О.Э. Мандельштам. Собрание сочинений в 4-х т. -- М.: Терра, 1991" type="Источник"></catref>
<catref target="стихотворение" type="Жанр художественной литературы"></catref>
<catref target="nan" type="Уточнение жанра"></catref>
<catref target="Д" type="Метр"></catref>
<catref target="3" type="Длина строки"></catref>
<catref target="д" type="Клаузула"></catref>
<catref target="nan" type="Уточнение клаузулы"></catref>
<catref target="nan" type="Классическая строфа"></catref>
<catref target="вольная" type="Рифма"></catref>
<catref target="nan" type="Схема рифмовки"></catref>
<catref target="Д3д" type="Метрическая формула"></catref>
<catref target="nan" type="Дополнительные параметры"></catref>
<catref target="33" type="Число строк"></catref>
<catref target="nan" type="Автор оригинала"></catref>
<catref target="nan" type="Язык оригинала"></catref>
</textclass></profiledesc>
</teiheader>
<text>
<body>
<div1 n="3" type="volume">
<div2 n="188" type="part">
<head>188.</head>
<lg type="quatrain">
<l n="1">Пароходик с петухами<rs ref="Париж" type="geo_index"></rs></l>
<l n="2">По небу плывет,</l>
<l n="3">И подвода с битюгами</l>
<l n="4">Никуда нейдет.</l>
</lg>
<lg type="quatrain">
<l n="5">И звенит будильник сонный — </l>
<l n="6">Хочешь, повтори:</l>
<l n="7">— Полторы воздушных тонны,</l>
<l n="8">Тонны полторы...</l>
</lg>
<lg type="quatrain">
<l n="9">И, паяльных звуков море</l>
<l n="10">В перебои взяв,</l>
<l n="11">Москва слышит, Москва смотрит,</l>
<l n="12">Зорко смотрит в явь.</l>
</lg>
<lg type="quatrain">
<l n="13">Только на крапивах пыльных — </l>
<l n="14">Вот чего боюсь — </l>
<l n="15">Не позволил бы в напильник</l>
<l n="16">Шею выжать гусь.</l>
</lg>
<date when="1937-07-03">3 июля 1937</date>
</div2>
</div1>
</body>
</text>
</tei>
