<?xml version='1.0' encoding='UTF8'?>
<tei xmlns="http://www.tei-c.org/ns/1.0">
<teiheader>
<filedesc>
<titlestmt>
<title>«На меня нацелилась груша да черемуха...»</title>
<author>О.Э. Мандельштам</author>
</titlestmt>
<publicationstmt>
<p>АРТ-БИЗНЕС-ЦЕНТР МОСКВА 1993</p>
<biblstruct>
<biblscope n="" type="volume"></biblscope>
<biblscope n="" type="part"></biblscope>
</biblstruct></publicationstmt>
<sourcedesc>
<p>Издание подготовлено Мандельштамовским обществом</p>
</sourcedesc>
<respstmt>
<resp>Подготовка и разметка файлов - Алексей Литвинцев, Вероника Файнберг. Создание
          электронного ресурса - Тимофей Молчанов. Руководители проекта - Центр Digital Humanities,
          Мандельштамовское общество (НИУ ВШЭ).</resp>
</respstmt></filedesc>
<profiledesc>
<textdesc n="poem"></textdesc>
<textclass>
<catref target="3_183" type="ID"></catref>
<catref target="О.Э. Мандельштам. Собрание сочинений в 4-х т. -- М.: Терра, 1991" type="Источник"></catref>
<catref target="стихотворение" type="Жанр художественной литературы"></catref>
<catref target="nan" type="Уточнение жанра"></catref>
<catref target="Х" type="Метр"></catref>
<catref target="регулярная" type="Длина строки"></catref>
<catref target="ж" type="Клаузула"></catref>
<catref target="nan" type="Уточнение клаузулы"></catref>
<catref target="nan" type="Классическая строфа"></catref>
<catref target="перекрестная" type="Рифма"></catref>
<catref target="абаб" type="Схема рифмовки"></catref>
<catref target="Х4ж+Х3ж" type="Метрическая формула"></catref>
<catref target="nan" type="Дополнительные параметры"></catref>
<catref target="40" type="Число строк"></catref>
<catref target="nan" type="Автор оригинала"></catref>
<catref target="nan" type="Язык оригинала"></catref>
</textclass></profiledesc>
</teiheader>
<text>
<body>
<div1 n="3" type="volume">
<div2 n="183" type="part">
<head>183.</head>
<lg type="couplet">
<l n="1">На меня нацелилась груша да черемуха — </l>
<l n="2">Силою рассыпчатой бьет в меня без промаха.</l>
</lg>
<lg type="couplet">
<l n="3">Кисти вместе с звездами, звезды вместе с кистями, — </l>
<l n="4">Что за двоевластье там? В чьем соцветьи истина?</l>
</lg>
<lg type="couplet">
<l n="5">С цвету ли, с размаха ли бьет воздушно— целыми</l>
<l n="6">В воздух убиваемый кистенями белыми.</l>
</lg>
<lg type="couplet">
<l n="7">И двойного запаха сладость неуживчива:</l>
<l n="8">Борется и тянется — смешана, обрывчива.</l>
</lg>
<date when="1937-05-04">4 мая 1937</date>
</div2>
</div1>
</body>
</text>
</tei>
