<?xml version='1.0' encoding='UTF8'?>
<tei xmlns="http://www.tei-c.org/ns/1.0">
<teiheader>
<filedesc>
<titlestmt>
<title>«Как по улицам Киева-Вия...»</title>
<author>О.Э. Мандельштам</author>
</titlestmt>
<publicationstmt>
<p>АРТ-БИЗНЕС-ЦЕНТР МОСКВА 1993</p>
<biblstruct>
<biblscope n="" type="volume"></biblscope>
<biblscope n="" type="part"></biblscope>
</biblstruct></publicationstmt>
<sourcedesc>
<p>Издание подготовлено Мандельштамовским обществом</p>
</sourcedesc>
<respstmt>
<resp>Подготовка и разметка файлов - Алексей Литвинцев, Вероника Файнберг. Создание
          электронного ресурса - Тимофей Молчанов. Руководители проекта - Центр Digital Humanities,
          Мандельштамовское общество (НИУ ВШЭ).</resp>
</respstmt></filedesc>
<profiledesc>
<textdesc n="poem"></textdesc>
<textclass>
<catref target="3_180" type="ID"></catref>
<catref target="О.Э. Мандельштам. Собрание сочинений в 4-х т. -- М.: Терра, 1991" type="Источник"></catref>
<catref target="стихотворение" type="Жанр художественной литературы"></catref>
<catref target="nan" type="Уточнение жанра"></catref>
<catref target="Ан" type="Метр"></catref>
<catref target="3" type="Длина строки"></catref>
<catref target="регулярная" type="Клаузула"></catref>
<catref target="жм" type="Уточнение клаузулы"></catref>
<catref target="nan" type="Классическая строфа"></catref>
<catref target="перекрестная" type="Рифма"></catref>
<catref target="абаб" type="Схема рифмовки"></catref>
<catref target="Ан3жм" type="Метрическая формула"></catref>
<catref target="nan" type="Дополнительные параметры"></catref>
<catref target="24" type="Число строк"></catref>
<catref target="nan" type="Автор оригинала"></catref>
<catref target="nan" type="Язык оригинала"></catref>
</textclass></profiledesc>
</teiheader>
<text>
<body>
<div1 n="3" type="volume">
<div2 n="180" type="part">
<head>180.</head>
<lg type="quatrain">
<l n="1">Как по улицам Киева-Вия<rs ref="Киев" type="geo_index"></rs></l>
<l n="2">Ищет мужа не знаю чья жинка,</l>
<l n="3">И на щеки ее восковые</l>
<l n="4">Ни одна не скатилась слезинка.</l>
</lg>
<lg type="quatrain">
<l n="5">Не гадают цыганочки кралям,</l>
<l n="6">Не играют в Купеческом скрипки,</l>
<l n="7">На Крещатике лошади пали,<rs ref="Киев" type="geo_index"></rs></l>
<l n="8">Пахнут смертью господские Липки.<rs ref="Киев" type="geo_index"></rs></l>
</lg>
<lg type="quatrain">
<l n="9">Уходили с последним трамваем</l>
<l n="10">Прямо за город красноармейцы,</l>
<l n="11">И шинель прокричала сырая:</l>
<l n="12">— Мы вернемся еще — разумейте...</l>
</lg>
<date when="1937-04">Апрель 1937</date>
</div2>
</div1>
</body>
</text>
</tei>
