<?xml version='1.0' encoding='UTF8'?>
<tei xmlns="http://www.tei-c.org/ns/1.0">
<teiheader>
<filedesc>
<titlestmt>
<title>«Клейкой клятвой липнут почки...»</title>
<author>О.Э. Мандельштам</author>
</titlestmt>
<publicationstmt>
<p>АРТ-БИЗНЕС-ЦЕНТР МОСКВА 1993</p>
<biblstruct>
<biblscope n="" type="volume"></biblscope>
<biblscope n="" type="part"></biblscope>
</biblstruct></publicationstmt>
<sourcedesc>
<p>Издание подготовлено Мандельштамовским обществом</p>
</sourcedesc>
<respstmt>
<resp>Подготовка и разметка файлов - Алексей Литвинцев, Вероника Файнберг. Создание
          электронного ресурса - Тимофей Молчанов. Руководители проекта - Центр Digital Humanities,
          Мандельштамовское общество (НИУ ВШЭ).</resp>
</respstmt></filedesc>
<profiledesc>
<textdesc n="poem"></textdesc>
<textclass>
<catref target="3_182" type="ID"></catref>
<catref target="О.Э. Мандельштам. Собрание сочинений в 4-х т. -- М.: Терра, 1991" type="Источник"></catref>
<catref target="стихотворение" type="Жанр художественной литературы"></catref>
<catref target="nan" type="Уточнение жанра"></catref>
<catref target="Ан" type="Метр"></catref>
<catref target="3" type="Длина строки"></catref>
<catref target="регулярная" type="Клаузула"></catref>
<catref target="жм" type="Уточнение клаузулы"></catref>
<catref target="nan" type="Классическая строфа"></catref>
<catref target="перекрестная" type="Рифма"></catref>
<catref target="абаб" type="Схема рифмовки"></catref>
<catref target="Ан3жм" type="Метрическая формула"></catref>
<catref target="nan" type="Дополнительные параметры"></catref>
<catref target="12" type="Число строк"></catref>
<catref target="nan" type="Автор оригинала"></catref>
<catref target="nan" type="Язык оригинала"></catref>
</textclass></profiledesc>
</teiheader>
<text>
<body>
<div1 n="3" type="volume">
<div2 n="182" type="part">
<head>182.</head>
<lg type="quatrain">
<l n="1">Клейкой клятвой липнут почки,</l>
<l n="2">Вот звезда скатилась:</l>
<l n="3">Это мать сказала дочке,</l>
<l n="4">Чтоб не торопилась.</l>
</lg>
<lg type="quatrain">
<l n="5">Клейкой клятвой липнут почки,</l>
<l n="6">Вот звезда скатилась:</l>
<l n="7">Это мать сказала дочке,</l>
<l n="8">Чтоб не торопилась.</l>
</lg>
<lg type="quatrain">
<l n="9">Клейкой клятвой липнут почки,</l>
<l n="10">Вот звезда скатилась:</l>
<l n="11">Это мать сказала дочке,</l>
<l n="12">Чтоб не торопилась.</l>
</lg>
<lg type="couplet">
<l n="13">Клейкой клятвой липнут почки,</l>
<l n="14">Вот звезда скатилась:</l>
</lg>
<lg type="quatrain">
<l n="15">Клейкой клятвой липнут почки,</l>
<l n="16">Вот звезда скатилась:</l>
<l n="17">Это мать сказала дочке,</l>
<l n="18">Чтоб не торопилась.</l>
</lg>
<lg type="quatrain">
<l n="19">Клейкой клятвой липнут почки,</l>
<l n="20">Вот звезда скатилась:</l>
<l n="21">Это мать сказала дочке,</l>
<l n="22">Чтоб не торопилась.</l>
</lg>
<lg type="quatrain">
<l n="23">Клейкой клятвой липнут почки,</l>
<l n="24">Вот звезда скатилась:</l>
<l n="25">Это мать сказала дочке,</l>
<l n="26">Чтоб не торопилась.</l>
</lg>
<lg type="quatrain">
<l n="27">Клейкой клятвой липнут почки,</l>
<l n="28">Вот звезда скатилась:</l>
<l n="29">Это мать сказала дочке,</l>
<l n="30">Чтоб не торопилась.</l>
</lg>
<lg type="quatrain">
<l n="31">Клейкой клятвой липнут почки,</l>
<l n="32">Вот звезда скатилась:</l>
<l n="33">Это мать сказала дочке,</l>
<l n="34">Чтоб не торопилась.</l>
</lg>
<lg type="quatrain">
<l n="35">Клейкой клятвой липнут почки,</l>
<l n="36">Вот звезда скатилась:</l>
<l n="37">Это мать сказала дочке,</l>
<l n="38">Чтоб не торопилась.</l>
</lg>
<date when="1937-05-02">2 мая 1937</date>
</div2>
</div1>
</body>
</text>
</tei>
