<?xml version='1.0' encoding='UTF8'?>
<tei xmlns="http://www.tei-c.org/ns/1.0">
<teiheader>
<filedesc>
<titlestmt>
<title>Чарли Чаплин</title>
<author>О.Э. Мандельштам</author>
</titlestmt>
<publicationstmt>
<p>АРТ-БИЗНЕС-ЦЕНТР МОСКВА 1993</p>
<biblstruct>
<biblscope n="" type="volume"></biblscope>
<biblscope n="" type="part"></biblscope>
</biblstruct></publicationstmt>
<sourcedesc>
<p>Издание подготовлено Мандельштамовским обществом</p>
</sourcedesc>
<respstmt>
<resp>Подготовка и разметка файлов - Алексей Литвинцев, Вероника Файнберг. Создание
          электронного ресурса - Тимофей Молчанов. Руководители проекта - Центр Digital Humanities,
          Мандельштамовское общество (НИУ ВШЭ).</resp>
</respstmt></filedesc>
<profiledesc>
<textdesc n="poem"></textdesc>
<textclass>
<catref target="3_186" type="ID"></catref>
<catref target="О.Э. Мандельштам. Собрание сочинений в 4-х т. -- М.: Терра, 1991" type="Источник"></catref>
<catref target="стихотворение" type="Жанр художественной литературы"></catref>
<catref target="цикл" type="Уточнение жанра"></catref>
<catref target="Я" type="Метр"></catref>
<catref target="5" type="Длина строки"></catref>
<catref target="ж" type="Клаузула"></catref>
<catref target="nan" type="Уточнение клаузулы"></catref>
<catref target="nan" type="Классическая строфа"></catref>
<catref target="вольная" type="Рифма"></catref>
<catref target="nan" type="Схема рифмовки"></catref>
<catref target="Я5ж" type="Метрическая формула"></catref>
<catref target="nan" type="Дополнительные параметры"></catref>
<catref target="11" type="Число строк"></catref>
<catref target="nan" type="Автор оригинала"></catref>
<catref target="nan" type="Язык оригинала"></catref>
</textclass></profiledesc>
</teiheader>
<text>
<body>
<div1 n="3" type="volume">
<div2 n="186" type="part">
<head>186.
ЧАРЛИ ЧАПЛИН</head>
<lg type="26_line">
<l n="1">Чарли Чаплин<rs ref="Чаплин, Чарлз Спенсер" type="person"></rs></l>
<l n="2">Две подметки,</l>
<l n="3">Две гляделки,</l>
<l n="4">И прекрасных</l>
<l n="5">Чарли Чаплин — <rs ref="Чаплин, Чарлз Спенсер" type="person"></rs></l>
<l n="6">Две подметки — </l>
<l n="7">Как-то мы живем неладно все — </l>
<l n="8">Оловянный</l>
<l n="9">Голова не</l>
<l n="10">Ходит сажа,</l>
<l n="11">И тихонько</l>
<l n="12">Для чего я славен и любим</l>
<l n="13">И ведет его шоссе большое</l>
<l n="14">Чарли Чаплин,<rs ref="Чаплин, Чарлз Спенсер" type="person"></rs></l>
<l n="15">Чаплин, кролик,<rs ref="Чаплин, Чарлз Спенсер" type="person"></rs></l>
<l n="16">Чисти корольки,<rs ref="Москва" type="geo_index"></rs></l>
<l n="17">А твоя жена — </l>
<l n="18">И чудит, чудит</l>
<l n="19">Отчего</l>
<l n="20">Почему</l>
<l n="21">Потому — </l>
<l n="22">Чарли, Чарли, — </l>
<l n="23">Ты совсем</l>
<l n="24">Котелок твой — </l>
<l n="25">А Москва<rs ref="Москва" type="geo_index"></rs><rs ref="Москва" type="geo_index"></rs></l>
<l n="26">В дорогую дорогу.</l>
</lg>
<date when="1937-05">Май(?) 1937</date>
</div2>
</div1>
</body>
</text>
</tei>
