<?xml version='1.0' encoding='UTF8'?>
<tei xmlns="http://www.tei-c.org/ns/1.0">
<teiheader>
<filedesc>
<titlestmt>
<title>«Я к губам подношу эту зелень...»</title>
<author>О.Э. Мандельштам</author>
</titlestmt>
<publicationstmt>
<p>АРТ-БИЗНЕС-ЦЕНТР МОСКВА 1993</p>
<biblstruct>
<biblscope n="" type="volume"></biblscope>
<biblscope n="" type="part"></biblscope>
</biblstruct></publicationstmt>
<sourcedesc>
<p>Издание подготовлено Мандельштамовским обществом</p>
</sourcedesc>
<respstmt>
<resp>Подготовка и разметка файлов - Алексей Литвинцев, Вероника Файнберг. Создание
          электронного ресурса - Тимофей Молчанов. Руководители проекта - Центр Digital Humanities,
          Мандельштамовское общество (НИУ ВШЭ).</resp>
</respstmt></filedesc>
<profiledesc>
<textdesc n="poem"></textdesc>
<textclass>
<catref target="3_181" type="ID"></catref>
<catref target="О.Э. Мандельштам. Собрание сочинений в 4-х т. -- М.: Терра, 1991" type="Источник"></catref>
<catref target="стихотворение" type="Жанр художественной литературы"></catref>
<catref target="nan" type="Уточнение жанра"></catref>
<catref target="Ан" type="Метр"></catref>
<catref target="3" type="Длина строки"></catref>
<catref target="ж" type="Клаузула"></catref>
<catref target="nan" type="Уточнение клаузулы"></catref>
<catref target="nan" type="Классическая строфа"></catref>
<catref target="перекрестная" type="Рифма"></catref>
<catref target="абаб" type="Схема рифмовки"></catref>
<catref target="Ан3ж" type="Метрическая формула"></catref>
<catref target="nan" type="Дополнительные параметры"></catref>
<catref target="12" type="Число строк"></catref>
<catref target="nan" type="Автор оригинала"></catref>
<catref target="nan" type="Язык оригинала"></catref>
</textclass></profiledesc>
</teiheader>
<text>
<body>
<div1 n="3" type="volume">
<div2 n="181" type="part">
<head>181.</head>
<lg type="quatrain">
<l n="1">Я к губам подношу эту зелень — </l>
<l n="2">Эту клейкую клятву листов — </l>
<l n="3">Эту клятвопреступную землю:</l>
<l n="4">Мать подснежников, кленов, дубков.</l>
</lg>
<lg type="quatrain">
<l n="5">Погляди, как я крепну и слепну,</l>
<l n="6">Подчиняясь смиренным корням,</l>
<l n="7">И не слишком ли великолепно</l>
<l n="8">От гремучего парка глазам?</l>
</lg>
<lg type="quatrain">
<l n="9">А квакуши, как шарики ртути,</l>
<l n="10">Голосами сцепляются в шар,</l>
<l n="11">И становятся ветками прутья</l>
<l n="12">И молочною выдумкой пар.</l>
</lg>
<date when="1937-04-30">30 апреля 1937</date>
</div2>
</div1>
</body>
</text>
</tei>
