<?xml version='1.0' encoding='UTF8'?>
<tei xmlns="http://www.tei-c.org/ns/1.0">
<teiheader>
<filedesc>
<titlestmt>
<title>‹Стихи к Н.Штемпель›. 1. «К пустой земле невольно припадая...»</title>
<author>О.Э. Мандельштам</author>
</titlestmt>
<publicationstmt>
<p>АРТ-БИЗНЕС-ЦЕНТР МОСКВА 1993</p>
<biblstruct>
<biblscope n="" type="volume"></biblscope>
<biblscope n="" type="part"></biblscope>
</biblstruct></publicationstmt>
<sourcedesc>
<p>Издание подготовлено Мандельштамовским обществом</p>
</sourcedesc>
<respstmt>
<resp>Подготовка и разметка файлов - Алексей Литвинцев, Вероника Файнберг. Создание
          электронного ресурса - Тимофей Молчанов. Руководители проекта - Центр Digital Humanities,
          Мандельштамовское общество (НИУ ВШЭ).</resp>
</respstmt></filedesc>
<profiledesc>
<textdesc n="poem"></textdesc>
<textclass>
<catref target="3_184" type="ID"></catref>
<catref target="О.Э. Мандельштам. Собрание сочинений в 4-х т. -- М.: Терра, 1991" type="Источник"></catref>
<catref target="стихотворение" type="Жанр художественной литературы"></catref>
<catref target="nan" type="Уточнение жанра"></catref>
<catref target="Х" type="Метр"></catref>
<catref target="6" type="Длина строки"></catref>
<catref target="д" type="Клаузула"></catref>
<catref target="nan" type="Уточнение клаузулы"></catref>
<catref target="nan" type="Классическая строфа"></catref>
<catref target="парная" type="Рифма"></catref>
<catref target="аа" type="Схема рифмовки"></catref>
<catref target="Х3д~Х3д" type="Метрическая формула"></catref>
<catref target="цезурные наращения" type="Дополнительные параметры"></catref>
<catref target="8" type="Число строк"></catref>
<catref target="nan" type="Автор оригинала"></catref>
<catref target="nan" type="Язык оригинала"></catref>
</textclass></profiledesc>
</teiheader>
<text>
<body>
<div1 n="3" type="volume">
<div2 n="" type="part">
<head>184—185.
‹СТИХИ К Н.ШТЕМПЕЛЬ›</head>
<lg type="11_line">
<l n="1">К пустой земле невольно припадая,</l>
<l n="2">Неравномерной сладкою походкой</l>
<l n="3">Она идет — чуть-чуть опережая</l>
<l n="4">Подругу быструю и юношу-погодка.</l>
<l n="5">Ее влечет стесненная свобода</l>
<l n="6">Одушевляющего недостатка,</l>
<l n="7">И, может статься, ясная догадка</l>
<l n="8">В ее походке хочет задержаться — </l>
<l n="9">О том, что эта вешняя погода</l>
<l n="10">Для нас — праматерь гробового свода,</l>
<l n="11">И это будет вечно начинаться.</l>
</lg>
</div2>
</div1>
</body>
</text>
</tei>
