<?xml version='1.0' encoding='UTF8'?>
<tei xmlns="http://www.tei-c.org/ns/1.0">
<teiheader>
<filedesc>
<titlestmt>
<title>‹Стихи к Ю.Вермелю›. ‹3›. «Счастия в Москве отчаяв...»</title>
<author>О.Э. Мандельштам</author>
</titlestmt>
<publicationstmt>
<p>АРТ-БИЗНЕС-ЦЕНТР МОСКВА 1993</p>
<biblstruct>
<biblscope n="" type="volume"></biblscope>
<biblscope n="" type="part"></biblscope>
</biblstruct></publicationstmt>
<sourcedesc>
<p>Издание подготовлено Мандельштамовским обществом</p>
</sourcedesc>
<respstmt>
<resp>Подготовка и разметка файлов - Алексей Литвинцев, Вероника Файнберг. Создание
          электронного ресурса - Тимофей Молчанов. Руководители проекта - Центр Digital Humanities,
          Мандельштамовское общество (НИУ ВШЭ).</resp>
</respstmt></filedesc>
<profiledesc>
<textdesc n="poem"></textdesc>
<textclass>
<catref target="3_207" type="ID"></catref>
<catref target="О.Э. Мандельштам. Собрание сочинений в 4-х т. -- М.: Терра, 1991" type="Источник"></catref>
<catref target="стихотворение" type="Жанр художественной литературы"></catref>
<catref target="эпиграмма" type="Уточнение жанра"></catref>
<catref target="Х" type="Метр"></catref>
<catref target="4" type="Длина строки"></catref>
<catref target="регулярная" type="Клаузула"></catref>
<catref target="жм" type="Уточнение клаузулы"></catref>
<catref target="nan" type="Классическая строфа"></catref>
<catref target="перекрестная" type="Рифма"></catref>
<catref target="абаб" type="Схема рифмовки"></catref>
<catref target="Х4жм" type="Метрическая формула"></catref>
<catref target="nan" type="Дополнительные параметры"></catref>
<catref target="12" type="Число строк"></catref>
<catref target="nan" type="Автор оригинала"></catref>
<catref target="nan" type="Язык оригинала"></catref>
</textclass></profiledesc>
</teiheader>
<text>
<body>
<div1 n="3" type="volume">
<div2 n="3" type="part">
<lg type="quatrain">
<l n="1">Счастия в Москве отчаяв,<rs ref="Москва" type="geo_index"></rs><rs ref="Москва" type="geo_index"></rs></l>
<l n="2">Едет в Гатчину Вермель.<rs ref="Гатчина" type="geo_index"></rs><rs ref="Вермель, Юлий Матвеевич" type="person"></rs></l>
<l n="3">Он почти что Чаадаев,<rs ref="Чаадаев, Петр Яковлевич" type="person"></rs></l>
<l n="4">Но другая в жизни цель.</l>
</lg>
<lg type="quatrain">
<l n="5">Он похитил из утробы</l>
<l n="6">Милой братниной жены...</l>
<l n="7">Вы подумайте: кого бы?</l>
<l n="8">И на что они нужны?</l>
</lg>
<lg type="quatrain">
<l n="9">Из племянниковой кожи</l>
<l n="10">То-то выйдет переплет!</l>
<l n="11">И, как девушку в прихожей,</l>
<l n="12">Вермель черта ущипнет.<rs ref="Вермель, Юлий Матвеевич" type="person"></rs></l>
</lg>
<date when="1932-10">Октябрь 1932</date>
</div2>
</div1>
</body>
</text>
</tei>
