<?xml version='1.0' encoding='UTF8'?>
<tei xmlns="http://www.tei-c.org/ns/1.0">
<teiheader>
<filedesc>
<titlestmt>
<title>‹Стихи к Ю.Вермелю›. ‹2›. «Ходит Вермель, тяжело дыша...»</title>
<author>О.Э. Мандельштам</author>
</titlestmt>
<publicationstmt>
<p>АРТ-БИЗНЕС-ЦЕНТР МОСКВА 1993</p>
<biblstruct>
<biblscope n="" type="volume"></biblscope>
<biblscope n="" type="part"></biblscope>
</biblstruct></publicationstmt>
<sourcedesc>
<p>Издание подготовлено Мандельштамовским обществом</p>
</sourcedesc>
<respstmt>
<resp>Подготовка и разметка файлов - Алексей Литвинцев, Вероника Файнберг. Создание
          электронного ресурса - Тимофей Молчанов. Руководители проекта - Центр Digital Humanities,
          Мандельштамовское общество (НИУ ВШЭ).</resp>
</respstmt></filedesc>
<profiledesc>
<textdesc n="poem"></textdesc>
<textclass>
<catref target="3_206" type="ID"></catref>
<catref target="О.Э. Мандельштам. Собрание сочинений в 4-х т. -- М.: Терра, 1991" type="Источник"></catref>
<catref target="стихотворение" type="Жанр художественной литературы"></catref>
<catref target="эпиграмма" type="Уточнение жанра"></catref>
<catref target="Х" type="Метр"></catref>
<catref target="4" type="Длина строки"></catref>
<catref target="д" type="Клаузула"></catref>
<catref target="nan" type="Уточнение клаузулы"></catref>
<catref target="nan" type="Классическая строфа"></catref>
<catref target="парная" type="Рифма"></catref>
<catref target="аа" type="Схема рифмовки"></catref>
<catref target="Х4д" type="Метрическая формула"></catref>
<catref target="составная рифма" type="Дополнительные параметры"></catref>
<catref target="12" type="Число строк"></catref>
<catref target="nan" type="Автор оригинала"></catref>
<catref target="nan" type="Язык оригинала"></catref>
</textclass></profiledesc>
</teiheader>
<text>
<body>
<div1 n="3" type="volume">
<div2 n="2" type="part">
<head>‹2›</head>
<lg type="couplet">
<l n="1">Ходит Вермель, тяжело дыша,</l>
<l n="2">Ищет нежного зародыша.</l>
</lg>
<lg type="couplet">
<l n="3">Хорошо на книгу ложится</l>
<l n="4">Человеческая кожица.</l>
</lg>
<lg type="couplet">
<l n="5">Снегом улицы заметены,</l>
<l n="6">Люди в кожу переплетены — </l>
</lg>
<lg type="couplet">
<l n="7">Даже дети, даже женщины — </l>
<l n="8">Как перчатки у военщины.</l>
</lg>
<lg type="couplet">
<l n="9">Дева-роза хочет дочь нести</l>
<l n="10">С кожею особой прочности.</l>
</lg>
<lg type="couplet">
<l n="11">Душно... Вермель от эротики</l>
<l n="12">Задохнулся в библиотеке.</l>
</lg>
<date when="1932-10">Октябрь 1932</date>
</div2>
</div1>
</body>
</text>
</tei>
