<?xml version='1.0' encoding='UTF8'?>
<tei xmlns="http://www.tei-c.org/ns/1.0">
<teiheader>
<filedesc>
<titlestmt>
<title>‹Стихи к Ю.Вермелю›. ‹1›. Эпиграмма в терцинах</title>
<author>О.Э. Мандельштам</author>
</titlestmt>
<publicationstmt>
<p>АРТ-БИЗНЕС-ЦЕНТР МОСКВА 1993</p>
<biblstruct>
<biblscope n="" type="volume"></biblscope>
<biblscope n="" type="part"></biblscope>
</biblstruct></publicationstmt>
<sourcedesc>
<p>Издание подготовлено Мандельштамовским обществом</p>
</sourcedesc>
<respstmt>
<resp>Подготовка и разметка файлов - Алексей Литвинцев, Вероника Файнберг. Создание
          электронного ресурса - Тимофей Молчанов. Руководители проекта - Центр Digital Humanities,
          Мандельштамовское общество (НИУ ВШЭ).</resp>
</respstmt></filedesc>
<profiledesc>
<textdesc n="poem"></textdesc>
<textclass>
<catref target="3_205" type="ID"></catref>
<catref target="О.Э. Мандельштам. Собрание сочинений в 4-х т. -- М.: Терра, 1991" type="Источник"></catref>
<catref target="стихотворение" type="Жанр художественной литературы"></catref>
<catref target="эпиграмма" type="Уточнение жанра"></catref>
<catref target="Я" type="Метр"></catref>
<catref target="5(6)" type="Длина строки"></catref>
<catref target="вольная" type="Клаузула"></catref>
<catref target="ж, м" type="Уточнение клаузулы"></catref>
<catref target="nan" type="Классическая строфа"></catref>
<catref target="вольная" type="Рифма"></catref>
<catref target="nan" type="Схема рифмовки"></catref>
<catref target="Я5ж,м. Я6м" type="Метрическая формула"></catref>
<catref target="холостая строка" type="Дополнительные параметры"></catref>
<catref target="11" type="Число строк"></catref>
<catref target="nan" type="Автор оригинала"></catref>
<catref target="nan" type="Язык оригинала"></catref>
</textclass></profiledesc>
</teiheader>
<text>
<body>
<div1 n="3" type="volume">
<div2 n="1" type="part">
<head>205—210.
‹СТИХИ К Ю.ВЕРМЕЛЮ›</head>
<lg type="11_line">
<l n="1">Есть на Большой Никитской некий дом — <rs ref="Москва" type="geo_index"></rs></l>
<l n="2">Зоологическая камерилья,</l>
<l n="3">К которой сопричастен был Вермель.<rs ref="Вермель, Юлий Матвеевич" type="person"></rs></l>
<l n="4">Он ученик Барбея д’Оревильи.<rs ref="Барбе д’Оревильи, Жюль Амеде" type="person"></rs></l>
<l n="5">И этот сноб, прославленный Барбей,<rs ref="Барбе д’Оревильи, Жюль Амеде" type="person"></rs></l>
<l n="6">Запечатлелся в Вермелевом скарбе<rs ref="Вермель, Юлий Матвеевич" type="person"></rs></l>
<l n="7">И причинил ему немало он скорбей.</l>
<l n="8">Кто может знать, как одевался Барбий?<rs ref="Барбе д’Оревильи, Жюль Амеде" type="person"></rs></l>
<l n="9">Ведь англичанина не спросит внук,</l>
<l n="10">Как говорилось: «дерби» или «дарби»...</l>
<l n="11">А Вермель влез в Барбеевый сюртук.<rs ref="Барбе д’Оревильи, Жюль Амеде" type="person"></rs></l>
</lg>
<date from="1931-03" to="1931-05">Весна 1931</date>
</div2>
</div1>
</body>
</text>
</tei>
