<?xml version='1.0' encoding='UTF8'?>
<tei xmlns="http://www.tei-c.org/ns/1.0">
<teiheader>
<filedesc>
<titlestmt>
<title>«Марья Сергеевна, мне ужасно хочется...»</title>
<author>О.Э. Мандельштам</author>
</titlestmt>
<publicationstmt>
<p>АРТ-БИЗНЕС-ЦЕНТР МОСКВА 1993</p>
<biblstruct>
<biblscope n="" type="volume"></biblscope>
<biblscope n="" type="part"></biblscope>
</biblstruct></publicationstmt>
<sourcedesc>
<p>Издание подготовлено Мандельштамовским обществом</p>
</sourcedesc>
<respstmt>
<resp>Подготовка и разметка файлов - Алексей Литвинцев, Вероника Файнберг. Создание
          электронного ресурса - Тимофей Молчанов. Руководители проекта - Центр Digital Humanities,
          Мандельштамовское общество (НИУ ВШЭ).</resp>
</respstmt></filedesc>
<profiledesc>
<textdesc n="poem"></textdesc>
<textclass>
<catref target="3_219" type="ID"></catref>
<catref target="О.Э. Мандельштам. Собрание сочинений в 4-х т. -- М.: Терра, 1991" type="Источник"></catref>
<catref target="стихотворение" type="Жанр художественной литературы"></catref>
<catref target="послание" type="Уточнение жанра"></catref>
<catref target="Я" type="Метр"></catref>
<catref target="5(4)" type="Длина строки"></catref>
<catref target="д" type="Клаузула"></catref>
<catref target="nan" type="Уточнение клаузулы"></catref>
<catref target="nan" type="Классическая строфа"></catref>
<catref target="парная" type="Рифма"></catref>
<catref target="аа" type="Схема рифмовки"></catref>
<catref target="Я5д. Я4д" type="Метрическая формула"></catref>
<catref target="nan" type="Дополнительные параметры"></catref>
<catref target="8" type="Число строк"></catref>
<catref target="nan" type="Автор оригинала"></catref>
<catref target="nan" type="Язык оригинала"></catref>
</textclass></profiledesc>
</teiheader>
<text>
<body>
<div1 n="3" type="volume">
<div2 n="219" type="part">
<head>219.</head>
<div type="dedication">‹М.С.Петровых›</div>
<rs ref="Петровых, Мария Сергеевна" type="person"></rs>
<lg type="octet">
<l n="1">Марья Сергеевна, мне ужасно хочется</l>
<l n="2">Увидеть вас старушкой-переводчицей,</l>
<l n="3">Неутомимо, с головой трясущейся,</l>
<l n="4">К народам СССР влекущейся,</l>
<l n="5">И чтобы вы без всякого предстательства</l>
<l n="6">Вошли к Шенгели в кабинет издательства<rs ref="Шенгели, Георгий Аркадьевич" type="person"></rs></l>
<l n="7">И вышли, нагруженная гостинцами — </l>
<l n="8">Полурифмованными украинцами.</l>
</lg>
<date from="1933" to="1934">‹1933—1934›</date>
</div2>
</div1>
</body>
</text>
</tei>
