<?xml version='1.0' encoding='UTF8'?>
<tei xmlns="http://www.tei-c.org/ns/1.0">
<teiheader>
<filedesc>
<titlestmt>
<title>Сонет</title>
<author>О.Э. Мандельштам</author>
</titlestmt>
<publicationstmt>
<p>АРТ-БИЗНЕС-ЦЕНТР МОСКВА 1993</p>
<biblstruct>
<biblscope n="" type="volume"></biblscope>
<biblscope n="" type="part"></biblscope>
</biblstruct></publicationstmt>
<sourcedesc>
<p>Издание подготовлено Мандельштамовским обществом</p>
</sourcedesc>
<respstmt>
<resp>Подготовка и разметка файлов - Алексей Литвинцев, Вероника Файнберг. Создание
          электронного ресурса - Тимофей Молчанов. Руководители проекта - Центр Digital Humanities,
          Мандельштамовское общество (НИУ ВШЭ).</resp>
</respstmt></filedesc>
<profiledesc>
<textdesc n="poem"></textdesc>
<textclass>
<catref target="3_218" type="ID"></catref>
<catref target="О.Э. Мандельштам. Собрание сочинений в 4-х т. -- М.: Терра, 1991" type="Источник"></catref>
<catref target="стихотворение" type="Жанр художественной литературы"></catref>
<catref target="nan" type="Уточнение жанра"></catref>
<catref target="Я" type="Метр"></catref>
<catref target="5" type="Длина строки"></catref>
<catref target="регулярная" type="Клаузула"></catref>
<catref target="мжжм мжжм ммж жмж" type="Уточнение клаузулы"></catref>
<catref target="сонет" type="Классическая строфа"></catref>
<catref target="сложная" type="Рифма"></catref>
<catref target="абба абба ввг гвг" type="Схема рифмовки"></catref>
<catref target="Я5мж" type="Метрическая формула"></catref>
<catref target="nan" type="Дополнительные параметры"></catref>
<catref target="14" type="Число строк"></catref>
<catref target="nan" type="Автор оригинала"></catref>
<catref target="nan" type="Язык оригинала"></catref>
</textclass></profiledesc>
</teiheader>
<text>
<body>
<div1 n="3" type="volume">
<div2 n="218" type="part">
<head>218.
СОНЕТ</head>
<lg type="quatrain">
<l n="1">Мне вспомнился старинный апокриф — </l>
<l n="2">Марию Лев преследовал в пустыне</l>
<l n="3">По той простой, по той святой причине,</l>
<l n="4">Что был Иосиф долготерпелив.<rs ref="Иосиф Обручник" type="myth_index"></rs></l>
</lg>
<lg type="quatrain">
<l n="5">Сей патриарх, немного почудив,</l>
<l n="6">Марииной доверился гордыне — </l>
<l n="7">Затем, что ей людей не надо ныне,</l>
<l n="8">А Лев — дитя — небесной манной жив.</l>
</lg>
<lg type="tercet">
<l n="9">А между тем Мария так нежна,</l>
<l n="10">Ее любовь так, боже мой, блажна,</l>
<l n="11">Ее пустыня так бедна песками,</l>
</lg>
<lg type="tercet">
<l n="12">Что с рыжими смешались волосками</l>
<l n="13">Янтарные, а кожа — мягче льна — </l>
<l n="14">Кривыми оцарапана когтями.</l>
</lg>
<date from="1933" to="1934">‹1933—1934›</date>
</div2>
</div1>
</body>
</text>
</tei>
