<?xml version='1.0' encoding='UTF8'?>
<tei xmlns="http://www.tei-c.org/ns/1.0">
<teiheader>
<filedesc>
<titlestmt>
<title>«Какой-то гражданин, не то чтоб слишком пьяный...»</title>
<author>О.Э. Мандельштам</author>
</titlestmt>
<publicationstmt>
<p>АРТ-БИЗНЕС-ЦЕНТР МОСКВА 1993</p>
<biblstruct>
<biblscope n="" type="volume"></biblscope>
<biblscope n="" type="part"></biblscope>
</biblstruct></publicationstmt>
<sourcedesc>
<p>Издание подготовлено Мандельштамовским обществом</p>
</sourcedesc>
<respstmt>
<resp>Подготовка и разметка файлов - Алексей Литвинцев, Вероника Файнберг. Создание
          электронного ресурса - Тимофей Молчанов. Руководители проекта - Центр Digital Humanities,
          Мандельштамовское общество (НИУ ВШЭ).</resp>
</respstmt></filedesc>
<profiledesc>
<textdesc n="poem"></textdesc>
<textclass>
<catref target="3_221" type="ID"></catref>
<catref target="О.Э. Мандельштам. Собрание сочинений в 4-х т. -- М.: Терра, 1991" type="Источник"></catref>
<catref target="стихотворение" type="Жанр художественной литературы"></catref>
<catref target="эпиграмма" type="Уточнение жанра"></catref>
<catref target="Я" type="Метр"></catref>
<catref target="вольная" type="Длина строки"></catref>
<catref target="регулярная" type="Клаузула"></catref>
<catref target="жммж" type="Уточнение клаузулы"></catref>
<catref target="nan" type="Классическая строфа"></catref>
<catref target="охватная" type="Рифма"></catref>
<catref target="абба" type="Схема рифмовки"></catref>
<catref target="Я4,5,6жм" type="Метрическая формула"></catref>
<catref target="nan" type="Дополнительные параметры"></catref>
<catref target="4" type="Число строк"></catref>
<catref target="nan" type="Автор оригинала"></catref>
<catref target="nan" type="Язык оригинала"></catref>
</textclass></profiledesc>
</teiheader>
<text>
<body>
<div1 n="3" type="volume">
<div2 n="221" type="part">
<head>221.</head>
<lg type="10_line">
<l n="1">Какой-то гражданин, не то чтоб слишком пьяный,</l>
<l n="2">Но, может быть, в нетрезвом виде, — </l>
<l n="3">Он</l>
<l n="4">В квартире у себя установил орган.</l>
<l n="5">Инстру&amp;#769;мент заревел. Толпа жильцов в обиде.</l>
<l n="6">За управдомом шлют — тот гневом обуян, — </l>
<l n="7">И тотчас вызванный им дворник Себастьян</l>
<l n="8">Бах! бах! — машину смял, мошеннику дал в зубы.</l>
<l n="9">Не в том беда, что Себастьян — грубьян,</l>
<l n="10">А плохо то, что бах какой-то грубый...</l>
</lg>
<date when="1934">Начало 1934</date>
</div2>
</div1>
</body>
</text>
</tei>
