<?xml version='1.0' encoding='UTF8'?>
<tei xmlns="http://www.tei-c.org/ns/1.0">
<teiheader>
<filedesc>
<titlestmt>
<title>Подражание новогреческому</title>
<author>О.Э. Мандельштам</author>
</titlestmt>
<publicationstmt>
<p>АРТ-БИЗНЕС-ЦЕНТР МОСКВА 1993</p>
<biblstruct>
<biblscope n="" type="volume"></biblscope>
<biblscope n="" type="part"></biblscope>
</biblstruct></publicationstmt>
<sourcedesc>
<p>Издание подготовлено Мандельштамовским обществом</p>
</sourcedesc>
<respstmt>
<resp>Подготовка и разметка файлов - Алексей Литвинцев, Вероника Файнберг. Создание
          электронного ресурса - Тимофей Молчанов. Руководители проекта - Центр Digital Humanities,
          Мандельштамовское общество (НИУ ВШЭ).</resp>
</respstmt></filedesc>
<profiledesc>
<textdesc n="poem"></textdesc>
<textclass>
<catref target="3_231" type="ID"></catref>
<catref target="О.Э. Мандельштам. Собрание сочинений в 4-х т. -- М.: Терра, 1991" type="Источник"></catref>
<catref target="стихотворение" type="Жанр художественной литературы"></catref>
<catref target="пародия" type="Уточнение жанра"></catref>
<catref target="Д, тонический : Гек + Пен" type="Метр"></catref>
<catref target="6" type="Длина строки"></catref>
<catref target="регулярная" type="Клаузула"></catref>
<catref target="жм" type="Уточнение клаузулы"></catref>
<catref target="элегический дистих" type="Классическая строфа"></catref>
<catref target="0" type="Рифма"></catref>
<catref target="nan" type="Схема рифмовки"></catref>
<catref target="Гек6ж+Пен6м" type="Метрическая формула"></catref>
<catref target="цезурные усечения" type="Дополнительные параметры"></catref>
<catref target="4" type="Число строк"></catref>
<catref target="nan" type="Автор оригинала"></catref>
<catref target="nan" type="Язык оригинала"></catref>
</textclass></profiledesc>
</teiheader>
<text>
<body>
<div1 n="3" type="volume">
<div2 n="231" type="part">
<head>231.
ПОДРАЖАНИЕ НОВОГРЕЧЕСКОМУ</head>
<lg type="couplet">
<l n="1">Девочку в деве щадя, с объясненьями юноша медлил</l>
<l n="2">И через семьдесят лет молвил старухе*: люблю.</l>
</lg>
<lg type="couplet">
<l n="3">Мальчика в муже щадя, негодуя, медлила дева</l>
<l n="4">И через семьдесят лет плюнула старцу в лицо.</l>
</lg>
<date from="1936" to="1937">‹1936—1937›</date>
<note>
(Найдено в архиве одной греческой старухи. Перевел с новогреческого О.Мандельштам)

*В указанный момент юноше было 88 лет, а деве — 86 лет (примечание переводчика).
</note>
</div2>
</div1>
</body>
</text>
</tei>
