<?xml version='1.0' encoding='UTF8'?>
<tei xmlns="http://www.tei-c.org/ns/1.0">
<teiheader>
<filedesc>
<titlestmt>
<title>Переводы. Нина из Сорренто</title>
<author>О.Э. Мандельштам</author>
</titlestmt>
<publicationstmt>
<p>АРТ-БИЗНЕС-ЦЕНТР МОСКВА 1993</p>
<biblstruct>
<biblscope n="" type="volume"></biblscope>
<biblscope n="" type="part"></biblscope>
</biblstruct></publicationstmt>
<sourcedesc>
<p>Издание подготовлено Мандельштамовским обществом</p>
</sourcedesc>
<respstmt>
<resp>Подготовка и разметка файлов - Алексей Литвинцев, Вероника Файнберг. Создание
          электронного ресурса - Тимофей Молчанов. Руководители проекта - Центр Digital Humanities,
          Мандельштамовское общество (НИУ ВШЭ).</resp>
</respstmt></filedesc>
<profiledesc>
<textdesc n="poem"></textdesc>
<textclass>
<catref target="3_243" type="ID"></catref>
<catref target="О.Э. Мандельштам. Собрание сочинений в 4-х т. -- М.: Терра, 1991" type="Источник"></catref>
<catref target="стихотворение" type="Жанр художественной литературы"></catref>
<catref target="перевод" type="Уточнение жанра"></catref>
<catref target="Х" type="Метр"></catref>
<catref target="4" type="Длина строки"></catref>
<catref target="регулярная" type="Клаузула"></catref>
<catref target="жжжж жж жмжм" type="Уточнение клаузулы"></catref>
<catref target="nan" type="Классическая строфа"></catref>
<catref target="сложная" type="Рифма"></catref>
<catref target="хххх аа бвбв" type="Схема рифмовки"></catref>
<catref target="Х4жж…жм" type="Метрическая формула"></catref>
<catref target="nan" type="Дополнительные параметры"></catref>
<catref target="40" type="Число строк"></catref>
<catref target="Обобщенный" type="Автор оригинала"></catref>
<catref target="итальянский" type="Язык оригинала"></catref>
</textclass></profiledesc>
</teiheader>
<text>
<body>
<div1 n="3" type="volume">
<div2 n="" type="part">
<head>243.
НИНА ИЗ СОРРЕНТО</head>
<lg type="10_line">
<l n="1">На гулянье в Пьедихотта</l>
<l n="2">Посмотреть она решилась.</l>
<l n="3">Ты явилась в лучшем платье,</l>
<l n="4">Мое счастье и проклятье.</l>
<l n="5">Как послушна маме дочка — </l>
<l n="6">Вся в оборочках, в кружочках.</l>
<l n="7">Из Сорренто эта лента,<rs ref="Сорренто" type="geo_index"></rs></l>
<l n="8">Эти черные глаза.</l>
<l n="9">— Здравствуй, Нина из Сорренто, — <rs ref="Сорренто" type="geo_index"></rs></l>
<l n="10">Повторяют голоса.</l>
</lg>
<lg type="10_line">
<l n="11">Закатился свет удачи,</l>
<l n="12">Крови нет в моем загаре.</l>
<l n="13">Спотыкаюсь, как незрячий,</l>
<l n="14">Не играю на гитаре.</l>
<l n="15">Нет, не ветер, сердца ярость</l>
<l n="16">Раздувает скромный парус.</l>
<l n="17">Не берет меня пучина — </l>
<l n="18">Солоней слеза моя.</l>
<l n="19">А в Сорренто злая Нина<rs ref="Сорренто" type="geo_index"></rs></l>
<l n="20">Ускользает от меня.</l>
</lg>
<lg type="quintet">
<l n="21">А когда залив спокоен,</l>
<l n="22">Я боюсь его прогневать:</l>
<l n="23">Под затишье роковое</l>
<l n="24">Я с кормы гляжу на невод.</l>
<l n="25">И в прозрачности зеленой,</l>
</lg>
<lg type="10_line">
<l n="26">В пестрой ракушке улитка</l>
<l n="27">Равнодушна поневоле.</l>
<l n="28">Глухи розовые уши.</l>
<l n="29">Не дождусь счастливой доли.</l>
<l n="30">Закружился мрак воздушный,</l>
<l n="31">Гонит тучи ветер южный.</l>
<l n="32">Содрогается пучина,</l>
<l n="33">Опрокинулась ладья.</l>
<l n="34">А в Сорренто злая Нина<rs ref="Сорренто" type="geo_index"></rs></l>
<l n="35">Уверяет: я ничья.</l>
</lg>
</div2>
</div1>
</body>
</text>
</tei>
