<?xml version='1.0' encoding='UTF8'?>
<tei xmlns="http://www.tei-c.org/ns/1.0">
<teiheader>
<filedesc>
<titlestmt>
<title>(Рец.) Дагестанская антология</title>
<author>О.Э. Мандельштам</author>
</titlestmt>
<publicationstmt>
<p>АРТ-БИЗНЕС-ЦЕНТР МОСКВА 1993</p>
<biblstruct>
<biblscope n="" type="volume"></biblscope>
<biblscope n="" type="part"></biblscope>
</biblstruct></publicationstmt>
<sourcedesc>
<p>Издание подготовлено Мандельштамовским обществом</p>
</sourcedesc>
<respstmt>
<resp>Подготовка и разметка файлов - Алексей Литвинцев, Вероника Файнберг. Создание
          электронного ресурса - Тимофей Молчанов. Руководители проекта - Центр Digital Humanities,
          Мандельштамовское общество (НИУ ВШЭ).</resp>
</respstmt></filedesc>
<profiledesc>
<textdesc n="prose"></textdesc>
<textclass>
<catref target="Series([], Name: ID, dtype: object)" type="ID"></catref>
<catref target="Series([], Name: Источник, dtype: object)" type="Источник"></catref>
<catref target="Series([], Name: Жанр художественной литературы, dtype: object)" type="Жанр художественной литературы"></catref>
<catref target="Series([], Name: Уточнение жанра 1, dtype: object)" type="Уточнение жанра"></catref>
<catref target="Series([], Name: Метр, dtype: object)" type="Метр"></catref>
<catref target="Series([], Name: Длина строки, dtype: object)" type="Длина строки"></catref>
<catref target="Series([], Name: Клаузула, dtype: object)" type="Клаузула"></catref>
<catref target="Series([], Name: Уточнение клаузулы 1, dtype: object)" type="Уточнение клаузулы"></catref>
<catref target="Series([], Name: Классическая строфа, dtype: object)" type="Классическая строфа"></catref>
<catref target="Series([], Name: Рифма, dtype: object)" type="Рифма"></catref>
<catref target="Series([], Name: Схема рифмовки, dtype: object)" type="Схема рифмовки"></catref>
<catref target="Series([], Name: Метрическая формула, dtype: object)" type="Метрическая формула"></catref>
<catref target="Series([], Name: Дополнительные параметры, dtype: object)" type="Дополнительные параметры"></catref>
<catref target="Series([], Name: Число строк, dtype: int64)" type="Число строк"></catref>
<catref target="Series([], Name: Автор оригинала, dtype: object)" type="Автор оригинала"></catref>
<catref target="Series([], Name: Язык оригинала, dtype: object)" type="Язык оригинала"></catref>
</textclass></profiledesc>
</teiheader>
<text>
<body>
<div1 n="3" type="volume">
<div2 n="249" type="part">
<head>249.
ДАГЕСТАНСКАЯ АНТОЛОГИЯ: 
</head>
<p>Книга составлена в историческом разрезе: безыменное народное творчество, знаменитые певцы прошлого века, гремевшие далеко за пределами родного аула, но доверявшие свою поэзию только памяти односельчан, потому что родная речь не имела грамоты, — дальше поэты и литераторы буржуазно-просветительной эпохи, выбившиеся «в люди», живавшие и учившиеся в столицах, дальше — изумительное по революционной жизненности и верности родному народу поколение молодых писателей-революционеров, с незабываемым Гарун Саидовым во главе; наконец, сегодняшняя советская литература Дагестана, созидаемая участниками и организаторами стройки, усвоившими большевистскую теорию, людьми, совмещающими, как, например, лакский поэт Черинов, интерес к мировой литературе, работу над Пушкиным и Шекспиром с сельскохозяйственной научной подготовкой.<rs ref="Дагестан" type="geo_index"></rs><rs ref="Пушкин, Александр Сергеевич" type="person"></rs><rs ref="Саидов, Гарун Саидович" type="person"></rs><rs ref="Черинов (Чаринов) М.," type="person"></rs><rs ref="Шекспир, Уильям" type="person"></rs></p>
<p>Восемь глав сборника: аварцы, даргинцы, кумыки, лаки и т.д.— это ущелья, по которым обособленно развивалось творчество народов Дагестана.<rs ref="Дагестан" type="geo_index"></rs></p>
<p>Для составителей книги, знающих главные языки Дагестана и чувствующих форму каждого поэта, такое деление кажется закономерным, но в сглаживающем русском переводе читатель, восемь раз окунаемый в прошлое и восемь раз переживающий революционный перелом, невольно путается и устает.<rs ref="Дагестан" type="geo_index"></rs></p>
<p>Если в старом Дагестане были замечательные поэты: например — аварец Махмуд и даргинец Бажирай (пред‹исловие› Эф. Капиева), то надобно было бы их выделить, поручив перевод мастерам русского стиха, чтоб сохранился размер, напев и словесный узор. Того же Махмуда Дзахо Гатуев излагает частью свободным стихом, частью зарифмованной прозой. Получается как бы длинная выписка изречений в арабско-персидском вкусе. Между тем дагестанскому <rs ref="Дагестан" type="geo_index"></rs><rs ref="Гатуев, Дзахо, " type="person"></rs><rs ref="Капиев, Эффенди Мансурович" type="person"></rs><rs ref="Махмуд" type="person"></rs></p>
<p>народному творчеству свойственна энергия и узорность, сближающая поэтов с златокузнецами — оружейниками.</p>
<p>Каждой насечке узора соответствуют удар, искра. Слово в горской песне берется в тиски для выпрямления, скребком очищается от окалины, куется на подвижной наковальне, чеканится не только снаружи, но и изнутри, как сосуд.</p>
<p>Большинство стихов дагестанского сборника в русской передаче лишены материальности, словесной активности. Даже неловко выписывать такие строчки, как «соловей поет зарею, беззаботно и игриво» (перевод Бугаевского из Етим Эмина — крупнейшего лезгинского поэта, о котором готовит монографию Дагестанский научно-исследовательский институт).<rs ref="Дагестан" type="geo_index"></rs><rs ref="Бугаевский" type="person"></rs><rs ref="Етим, Эмин " type="person"></rs></p>
<p>В самом начале книги радуют прекрасные переводы Андрея Глобы «Тюрьма царская проклятая» и «Салтинский мост».<rs ref="Глоба, Андрей Павлович" type="person"></rs></p>
<p>Составители не сочли нужным сообщить, связаны ли переводчики наказом приближаться к точной форме подлинника или работают по вдохновению, натягивая текст подстрочника на более удобную для них русскую колодку. Поэтому о пьесах Глобы можно лишь сказать, что в них удачно скрестилась новая советская лирика с народной дагестанской темой.<rs ref="Глоба, Андрей Павлович" type="person"></rs></p>
<p>Глубоко впечатляющую песнь хунзахских партизан «Смерть большевика Муссы Кундахавы» перевел Александр Шпирт. Вот доказательство, как много может сделать даже лишенный особых лирических данных переводчик, если он уважает свой материал.<rs ref="Шпирт, Александр Исаакович" type="person"></rs></p>
<p>Хунзахская песня — высокий образец революционного чувства; нежность к погибшему товарищу, горе, просветленное уверенностью в победе, наивная сила крестьянской речи — так кстати, так по-агитационному умно подчеркивающей конкретное в биографии Муссы — открывают этой пьесе дорогу в широкий массовый репертуар, несмотря на большие стилистические срывы.</p>
<p>Однако я сейчас же оговорюсь, что в дагестанском сборнике очень немного стихов, достойных войти в русский литературный обиход, и это тем более досадно, что большинство дагестанских лириков распевает свои сочинения, владеет голосом, как поэтическим оружием, и органически не может создавать мертвых вещей.</p>
<p>Политические лозунги дагестанская лирика всегда поворачивает к родной стране, национально окрашивает, бережно доводя их содержание до вчера еще неграмотного, жадного слушателя. Никакой риторики в строении образа у дагестанских поэтов нет, а в переводах она есть.</p>
<p>Когда поэт Шамсудин говорит: «Светлая свобода с мудрыми порядками, мощная и стройная, как в русле река», — нужно иметь в виду, что мощная и плавная река для горца — новый образ, уводящий его из домашнего кругозора. Горная речка узкая и стеснена скалами. Вот почему, говоря о партии, которая принесла в тесный аул мировую революцию, дагестанский лирик начинает свежим для него образом равнинной реки.<rs ref="Шамсудин, Магомед Мирза," type="person"></rs></p>
<p>В переводе, очевидно, все сдвинуто, смещено: у реки завелись порядки, ей приписан невозможный строй, а величавое ее течение техническими средствами стиха не передается.</p>
<p>Сытое великодержавное невежество мешало дагестанцев в одну кучу с кавказцами вообще. В громадном и нищенском ауле Кубачи работали чеканщики в бараньих шапках. В городах европейской России ютились кустари-отходники — выходцы из маленькой дагестанской народности — лаки — лудильщики по профессии. В губернском городе они продолжали трагедию домашнего существования: неуменье помочь друг другу, так прекрасно характеризованное в песне Гаджи Ахтинского:<rs ref="Кубачи" type="geo_index"></rs><rs ref="Россия (СССР)" type="geo_index"></rs><rs ref="Ахтинский (Ахтынский), Гаджи" type="person"></rs></p>
<p>Бедняки-лудильщики становились хозяйчиками поневоле и били по голове учеников-подростков, выжимая из них «прибавочную стоимость», чтобы спасти саклю от продажи с </p>
<p>публичных торгов, и кинжал с узорной насечкой находил свое место в трагедии. Обезумевшие, забитые подмастерья обкрадывали хозяев. Дело шло к развязке, деньги оборачивались кровью: «Эй... Голова моя в огне... Это не я, не я убил. Держите. Шестьсот тысяч рублей... Держите. Люди, где вы, люди?.. Смилуйтесь. Эй, мальчик. Иди. Иди, укажи мне дорогу в Багдад...»<rs ref="Багдад" type="geo_index"></rs></p>
<p>Об этом рассказывает лакский драматург Гарун Саидов — студент Коммерческого института, вернувшийся в Дагестан делать революцию и зарубленный контрреволюционными бандитами в 1919 году в расцвете замечательных творческих сил.<rs ref="Дагестан" type="geo_index"></rs><rs ref="Саидов, Гарун Саидович" type="person"></rs></p>
<p>В пьесе Гарун Саидова роль трагического вестника исполняет почтальон с телеграммой, которую никто не может прочесть, потому что все неграмотны.<rs ref="Саидов, Гарун Саидович" type="person"></rs></p>
<p>Надо ли удивляться, что в дагестанской фольклорной, только на днях сложенной песне о культштурме говорится:</p>
<p>Переводчик Зайцев правильно понял свадебную запевку этого стихотворения.<rs ref="Зайцев, переводчик" type="person"></rs></p>
<p>Не следует подходить к поэзии современного Дагестана с укороченной, облегченной меркой. У дагестанских авторов за плечами большая словесная культура родного народа. У них взыскательные и творчески одаренные слушатели.<rs ref="Дагестан" type="geo_index"></rs></p>
<p>«Писатели переключаются на отображение величественных процессов, меняющих лик страны. Наиболее значительным произведением, рисующим развернутый образ горца, пришедшего на завод, является поэма лезгинского писателя А. Фатахова «Ударник Гассан» (цитирую предисловие Капиева). В этой поэме пейзаж дан набором готовых линяло-акварельных красок: «В голубой, небесной чаще звезд сияющая россыпь», речь по газетному очерку: «план четвертого квартала выполнен наполовину». Сюжет строится по способу благополучного развития: премированный колхозник-ударник на заводе. Лирическая поэма превращается в какой-то разжевывающий аппарат. Читательский интерес убывает по мере развития темы.<rs ref="Капиев, Эффенди Мансурович" type="person"></rs><rs ref="Фатахов, Алибек" type="person"></rs></p>
<p>Поэма Фатахова — быть может, почетная для молодого лезгинского писателя неудача, но все же срыв. Если даже ее обесцветил переводчик, — остается мертвенность сюжетной композиции.<rs ref="Фатахов, Алибек" type="person"></rs></p>
<p>Дагестанской прозы составители сборника как будто стесняются и называют ее схематичной. В этом они глубоко неправы. В дагестанской прозе большое скованное, оригинальное и недоразвито�� мастерство. Молодые авторы, о которых идет речь, правильно угадали, что прозаическое искусство состоит в извлечении максимального общего эффекта из подробностей, из частностей. Их внешне бессюжетные вещи без натяжки детальны, без дробности подробны, что редко случается с нашими молодыми прозаиками.<rs ref="Дагестан" type="geo_index"></rs></p>
<p>«По густо-синему небу с коротким клекотом, чертя зигзаги, вился стервятник. Он парил от одного хребта к другому, словно штопал невидимыми нитями зияющую между горами пропасть» (Шахабудны Михайлов).<rs ref="Михайлов, Шахабудны," type="person"></rs></p>
<p>«На засаленной жирной странице журнала крестики посещаемости напоминают жирную баранту...»</p>
<p>«Мертвые каменные переулки...» «...Пышные воротники шуб...»</p>
<p>Надо поблагодарить тов. Эффенди Капиева и Дзахо Гатуева за прекрасно задуманный сборник и глубоко проработанный материал. Несомненно, они сделали все от них зависящее для прочного знакомства нашего читателя с дагестанской поэзией. Но следовало бы отвести наиболее равнодушных и слишком ловких переводчиков, сообщить в предисловии принципы перевода, вкратце сказать о ладе и музыкальном сопровождении дагестанской народной песни (не упомянуты даже инструменты) и, наконец, кроме ценнейших сведений, вкрапленных в биографические справки, дать общую характеристику советской дагестанской литературы, как содружества и как организации.<rs ref="Гатуев, Дзахо, " type="person"></rs><rs ref="Капиев, Эффенди Мансурович" type="person"></rs></p>
<date when="1935">1935</date>
</div2>
</div1>
</body>
</text>
</tei>
