<?xml version='1.0' encoding='UTF8'?>
<tei xmlns="http://www.tei-c.org/ns/1.0">
<teiheader>
<filedesc>
<titlestmt>
<title>Четвертая проза</title>
<author>О.Э. Мандельштам</author>
</titlestmt>
<publicationstmt>
<p>АРТ-БИЗНЕС-ЦЕНТР МОСКВА 1993</p>
<biblstruct>
<biblscope n="" type="volume"></biblscope>
<biblscope n="" type="part"></biblscope>
</biblstruct></publicationstmt>
<sourcedesc>
<p>Издание подготовлено Мандельштамовским обществом</p>
</sourcedesc>
<respstmt>
<resp>Подготовка и разметка файлов - Алексей Литвинцев, Вероника Файнберг. Создание
          электронного ресурса - Тимофей Молчанов. Руководители проекта - Центр Digital Humanities,
          Мандельштамовское общество (НИУ ВШЭ).</resp>
</respstmt></filedesc>
<profiledesc>
<textdesc n="prose"></textdesc>
<textclass>
<catref target="Series([], Name: ID, dtype: object)" type="ID"></catref>
<catref target="Series([], Name: Источник, dtype: object)" type="Источник"></catref>
<catref target="Series([], Name: Жанр художественной литературы, dtype: object)" type="Жанр художественной литературы"></catref>
<catref target="Series([], Name: Уточнение жанра 1, dtype: object)" type="Уточнение жанра"></catref>
<catref target="Series([], Name: Метр, dtype: object)" type="Метр"></catref>
<catref target="Series([], Name: Длина строки, dtype: object)" type="Длина строки"></catref>
<catref target="Series([], Name: Клаузула, dtype: object)" type="Клаузула"></catref>
<catref target="Series([], Name: Уточнение клаузулы 1, dtype: object)" type="Уточнение клаузулы"></catref>
<catref target="Series([], Name: Классическая строфа, dtype: object)" type="Классическая строфа"></catref>
<catref target="Series([], Name: Рифма, dtype: object)" type="Рифма"></catref>
<catref target="Series([], Name: Схема рифмовки, dtype: object)" type="Схема рифмовки"></catref>
<catref target="Series([], Name: Метрическая формула, dtype: object)" type="Метрическая формула"></catref>
<catref target="Series([], Name: Дополнительные параметры, dtype: object)" type="Дополнительные параметры"></catref>
<catref target="Series([], Name: Число строк, dtype: int64)" type="Число строк"></catref>
<catref target="Series([], Name: Автор оригинала, dtype: object)" type="Автор оригинала"></catref>
<catref target="Series([], Name: Язык оригинала, dtype: object)" type="Язык оригинала"></catref>
</textclass></profiledesc>
</teiheader>
<text>
<body>
<div1 n="3" type="volume">
<div2 n="1" type="part">
<head>ПРОЗА</head>
<head>245.
ЧЕТВЕРТАЯ ПРОЗА</head>
<p>Веньямин Федорович Каган подошел к этому делу с мудрой расчетливостью вифлеемского волхва и одесского Ньютона-математика. Вся заговорщицкая деятельность Веньямина Федоровича покоилась на основе бесконечно малых. Закон спасения Веньямин Федорович видел в черепашьих темпах.<rs ref="Венецианов, Алексей Гаврилович" type="person"></rs><rs ref="Каган, Вениамин Федорович" type="person"></rs><rs ref="Ньютон, Исаак" type="person"></rs></p>
<p>Он позволял вытряхивать себя из профессорской коробки, подходил к телефону во всякое время, не зарекался, не отнекивался, но главным образом задерживал опасное развитие болезни.</p>
<p>Наличность профессора, да еще математика, в невероятном деле спасения пятерых жизней путем умопостигаемых, совершенно невесомых интегральных ходов, именуемых хлопотами, вызывала всеобщее удовлетворение.</p>
<p>Исай Бенедиктович с первых же шагов повел себя так, как будто болезнь заразительна, прилипчива, вроде скарлатины, так что и его — Исая Бенедиктовича — могут, чего доброго, расстрелять. Хлопотал Исай Бенедиктович без всякого толку. Он как бы метался по докторам и умолял о скорейшей дезинфекции.</p>
<p>Если бы дать Исаю Бенедиктовичу волю, он бы взял такси и носился по Москве наобум, без всякого плану, воображая, что таков ритуал.<rs ref="Москва" type="geo_index"></rs><rs ref="Москва" type="geo_index"></rs><rs ref="Москва" type="geo_index"></rs><rs ref="Москва" type="geo_index"></rs></p>
<p>Исай Бенедиктович твердил и все время помнил, что в Петербурге у него осталась жена. Он даже завел себе вроде секретарши — маленькую, строгую и очень толковую спутницу-родственницу, которая уже нянчилась с ним — Исаем Бенедиктовичем.<rs ref="Петербург (Ленинград, Петрополь)" type="geo_index"></rs></p>
<p>Короче говоря, обращаясь к разным лицам и в разное время, Исай Бенедиктович как бы делал себе прививку от расстрела.<rs ref="Короленко, Владимир Галактионович" type="person"></rs></p>
<p>Все родственники Исая Бенедиктовича умерли на ореховых еврейских кроватях. Как турок ездит к черному камню Каабы, так эти петербуржские буржуа, происходящие от раввинов патрицианской крови и прикоснувшиеся через переводчика Исая к Анатолю Франсу, паломничали в самые что ни на есть тургеневские и лермонтовские курорты, подготовляя себя лечением к переходу в потусторонний мир.<rs ref="Франс, Анатоль" type="person"></rs><rs ref="Франс, Анатоль" type="person"></rs></p>
<p>В Петербурге Исай Бенедиктович жил благочестивым французом, кушал свой потаж, знакомых выбирал безобидных, как гренки в бульоне, и ходил, сообразно профессии, к двум скупщикам переводного барахла.<rs ref="Петербург (Ленинград, Петрополь)" type="geo_index"></rs></p>
<p>Исай Бенедиктович был хорош только в начале хлопот, когда происходила мобилизация и, так сказать, боевая тревога. Потом он слинял, смяк, высунул язык, и сами родственники вскладчину отправили его обратно в Петербург.<rs ref="Петербург (Ленинград, Петрополь)" type="geo_index"></rs></p>
<p>Меня всегда интересовал вопрос, откуда берется у буржуа брезгливость и так называемая порядочность. Порядочность — это, конечно, то, что роднит буржуа с животным. Многие партийцы отдыхают в обществе буржуа по той же причине, по которой взрослые нуждаются в общении с розовощекими детьми.</p>
<p>Буржуа, конечно, невиннее пролетария, ближе к утробному миру, ближе к младенцу, котенку, ангелу, херувиму. В России очень мало невинных буржуа, и это плохо влияет на пищеварение подлинных революционеров. Надо сохранить буржуазию в ее невинном облике, надо занять ее самодеятельными играми, баюкать на пульмановских рессорах, заворачивать в конверты белоснежного железнодорожного сна.<rs ref="Россия (СССР)" type="geo_index"></rs></p>
<p>Мальчик, в козловых сапожках, в плисовой поддевочке, напомаженный, с зачесанными височками, стоит в окружении мамушек, бабушек, нянюшек, а рядом с ним стоит поваренок или кучеренок — мальчишка из дворни. И вся эта свора сюсюкающих, улюлюкающих и пришепетывающих архангелов наседает на барчука:</p>
<p>— Вдарь, Васенька, вдарь!</p>
<p>Сейчас Васенька вдарит, — и старые девы — гнусные</p>
<p> жабы — подталкивают барчука и придерживают паршивого кучеренка:</p>
<p>— Вдарь, Васенька, вдарь, а мы покуда чернявого придержим, а мы покуда вокруг попляшем.</p>
<p>Что это? Жанровая картинка по Венецианову? Этюд крепостного живописца?<rs ref="Венецианов, Алексей Гаврилович" type="person"></rs><rs ref="Венецианов, Алексей Гаврилович" type="person"></rs></p>
<p>Нет. Это тренировка вихрастого малютки комсомола под руководством агитмамушек, бабушек, нянюшек, чтобы он, Васенька, топнул, чтобы он, Васенька, вдарил, а мы покуда чернявого придержим, а мы покуда вокруг попляшем...</p>
<p>— Вдарь, Васенька, вдарь!</p>
<p>Девушка-хромоножка пришла к нам с улицы, длинной, как бестрамвайная ночь. Она кладет свой костыль в сторону и торопится поскорее сесть, чтобы быть похожей на всех.</p>
<p>Кто эта безмужница? — Легкая кавалерия.</p>
<p>Мы стреляем друг у друга папиросы и правим свою китайщину, зашифровывая в животно-трусливые формулы великое, могучее, запретное понятие класса. Животный страх стучит на машинках, животный страх ведет китайскую правку на листах клозетной бумаги, строчит доносы, бьет по лежачим, требует казни для пленников. Как мальчишки топят всенародно котенка на Москве-реке, так наши веселые ребята играючи нажимают, на большой переменке масло жмут. Эй, навались, жми, да так, чтоб не видно было того самого, кого жмут, — таково священное правило самосуда.<rs ref="Москва" type="geo_index"></rs><rs ref="Москва" type="geo_index"></rs><rs ref="Москва" type="geo_index"></rs><rs ref="Москва" type="geo_index"></rs></p>
<p>Приказчик на Ордынке работницу обвесил — убей его!<rs ref="Москва" type="geo_index"></rs></p>
<p>Кассирша обсчиталась на пятак — убей ее!</p>
<p>Директор сдуру подмахнул чепуху — убей его!</p>
<p>Мужик припрятал в амбаре рожь — убей его!</p>
<p>К нам ходит девушка, волочась на костыле. Одна нога у ней укороченная, и грубый башмак протеза напоминает деревянное копыто.</p>
<p>Кто мы такие? Мы школьники, которые не учатся. Мы комсомольская вольница. Мы бузотеры с разрешения всех святых.</p>
<p>У Филиппа Филиппыча разболелись зубы. Филипп Филиппыч сватается. Филипп Филиппыч не пришел и не придет в класс. Наше понятие учебы так же относится к науке, как копыто к ноге, но это нас не смущает.</p>
<p>Я пришел к вам, мои парнокопытные друзья, стучать деревяшкой в желтом социалистическом пассаже-комбинате, созданном оголтелой фантазией лихача-хозяйственника Гибера из элементов шикарной гостиницы на Тверской, ночного телеграфа или телефонной станции, из мечты о всемирном блаженстве, воплощаемом как перманентное фойе с буфетом, из непрерывной конторы с салютующими клерками, из почтово-телеграфной сухости воздуха, от которого першит в горле.<rs ref="Москва" type="geo_index"></rs><rs ref="Москва" type="geo_index"></rs><rs ref="Москва" type="geo_index"></rs></p>
<p>Здесь непрерывная бухгалтерская ночь под желтым пламенем вокзальных ламп второго класса. Здесь, как в пушкинской сказке, жида с лягушкой венчают, то есть происходит непрерывная свадьба козлоногого ферта, мечущего театральную икру, — с парным для него из той же бани нечистым — московским редактором-гробовщиком, изготовляющим глазетовые гробы на понедельник, вторник, среду и четверг. Он саваном газетным шелестит. Он отворяет жилы месяцам христианского года, еще хранящим свои пастушески-греческие названия: январю, февралю и марту. Он страшный и безграмотный коновал происшествий, смертей и событий и рад-радешенек, когда брызжет фонтаном черная лошадиная кровь эпохи.</p>
<p>Я поступил на службу в «Московский комсомолец» прямо из караван-сарая Цекубу. Там было 12 пар наушников, почти все испорченные, и читальный зал, переделанный из церкви, без книг, где спали улитками на круглых диванчиках.<rs ref="Москва" type="geo_index"></rs><rs ref="Москва" type="geo_index"></rs></p>
<p>Меня ненавидела прислуга в Цекубу за мои соломенные корзины и за то, что я не профессор.</p>
<p>Днем и ночью я ходил смотреть на паводок и твердо верил, что матерные воды Москвы-реки зальют ученую Кропоткинскую набережную и в Цекубу по телефону вызовут лодку.<rs ref="Москва" type="geo_index"></rs><rs ref="Москва" type="geo_index"></rs><rs ref="Москва" type="geo_index"></rs><rs ref="Москва" type="geo_index"></rs><rs ref="Москва" type="geo_index"></rs></p>
<p>По утрам я пил стерилизованные сливки, прямо на улице, из горлышка бутылки.</p>
<p>Я брал на профессорских полочках чужое мыло и умывался по ночам и ни разу не был пойман.</p>
<p>Туда приезжали люди из Харькова и из Воронежа, и все хотели ехать в Алма-Ату. Они принимали меня за своего и советовались, какая республика выгоднее.<rs ref="Алма-Ата" type="geo_index"></rs><rs ref="Воронеж" type="geo_index"></rs><rs ref="Харьков" type="geo_index"></rs><rs ref="Москва" type="geo_index"></rs></p>
<p>Многие получали телеграммы из разных мест Союза. Один византийский старичок ехал к сыну в Ковно.</p>
<p>Ночью Цекубу запирали, как крепость, и я стучал палкой в окно.</p>
<p>Всякому порядочному человеку звонили в Цекубу по телефону, и прислуга подавала ему вечером записку, как поминальный листок попу. Там жил писатель Грин, которому прислуга чистила щеткой платье. Я жил в Цекубу как все, и никто меня не трогал, пока я сам оттуда не съехал в середине лета.<rs ref="Грин, Александр" type="person"></rs></p>
<p>Когда я переезжал на новую квартиру, моя шуба лежала поперек пролетки, как это бывает у покидающих после долгого пребывания больницу или выпущенных из тюрьмы.</p>
<p>Дошло до того, что в ремесле словесном я ценю только дикое мясо, только сумасшедший нарост:</p>
<p>вот что мне надо.</p>
<p>Все произведения мировой литературы я делю на разрешенные и написанные без разрешения. Первые — это мразь, вторые — ворованный воздух. Писателям, которые пишут заведомо разрешенные вещи, я хочу плевать в лицо, хочу бить их палкой по голове и всех посадить за стол в Дом Герцена, поставив перед каждым стакан полицейского чаю и дав каждому в руки анализ мочи Горнфельда.<rs ref="Персия" type="geo_index"></rs><rs ref="Воронеж" type="geo_index"></rs><rs ref="Москва" type="geo_index"></rs><rs ref="Герцен, Александр Иванович" type="person"></rs><rs ref="Горнфельд, Аркадий Георгиевич" type="person"></rs></p>
<p>Этим писателям я бы запретил вступать в брак и иметь детей. Как могут они иметь детей?- ведь дети должны за нас продолжить, за нас главнейшее досказать — в то время как отцы их запроданы рябому черту на три поколения вперед.</p>
<p>Вот это литературная страничка.</p>
<p>У меня нет рукописей, нет записных книжек, нет архива. У меня нет почерка, потому что я никогда не пишу. Я один в России работаю с голоса, а кругом густопсовая сволочь пишет. Какой я к черту писатель! Пошли вон, дураки!<rs ref="Россия (СССР)" type="geo_index"></rs></p>
<p>Зато карандашей у меня много — и все краденые и разноцветные. Их можно точить бритвочкой жиллет.</p>
<p>Пластиночка бритвы жиллет с чуть зазубренным косеньким краем всегда казалась мне одним из благороднейших изделий стальной промышленности. Хорошая бритва жиллет режет, как трава осока, гнется, а не ломается в руке — не то визитная карточка марсианина, не то записка от корректного черта с просверленной дырочкой в середине. Пластиночка бритвы жиллет — изделие мертвого треста, куда входят пайщиками стаи американских и шведских волков.</p>
<p>Я китаец — никто меня не понимает. Халды-балды! Поедем в Алма-Ату, где ходят люди с изюмными глазами, где ходит перс с глазами как яичница, где ходит сарт с бараньими глазами.<rs ref="Алма-Ата" type="geo_index"></rs></p>
<p>Халды-балды! Поедем в Азербайджан!<rs ref="Азербайджан" type="geo_index"></rs></p>
<p>Был у меня покровитель — нарком Мравьян-Муравьян — муравьиный нарком из страны армянской — этой младшей сестры земли иудейской.<rs ref="Мравьян (Мравян), Асканаз Артемьевич" type="person"></rs></p>
<p>Он прислал мне телеграмму.</p>
<p>Умер мой покровитель нарком Мравьян-Муравьян. В муравейнике эриванском не стало черного наркома.<rs ref="Мравьян (Мравян), Асканаз Артемьевич" type="person"></rs></p>
<p>Он уже не приедет в Москву в международном вагоне, наивный и любопытный, как священник из турецкой деревни.<rs ref="Москва" type="geo_index"></rs><rs ref="Москва" type="geo_index"></rs><rs ref="Москва" type="geo_index"></rs><rs ref="Москва" type="geo_index"></rs></p>
<p>Халды-балды! Поедем в Азербайджан.<rs ref="Азербайджан" type="geo_index"></rs></p>
<p>У меня было письмо к наркому Мравьяну. Я понес его к секретарям в армянский особняк на самой чистой посольской улице Москвы.<rs ref="Москва" type="geo_index"></rs><rs ref="Москва" type="geo_index"></rs><rs ref="Москва" type="geo_index"></rs><rs ref="Москва" type="geo_index"></rs><rs ref="Мравьян (Мравян), Асканаз Артемьевич" type="person"></rs></p>
<p>Я чуть не поехал в Эривань, с командировкой от древнего Наркомпроса, читать круглоголовым и застенчивым юношам в бедном монастыре-университете страшный курс-семинарий.</p>
<p>Если б я поехал в Эривань, три дня и две ночи я бы сходил на станциях в большие буфеты и ел бутерброды с красной икрой.</p>
<p>Халды-балды!</p>
<p>Я бы читал в дороге самую лучшую книжку Зощенки, и я бы радовался, как татарин, укравший сто рублей.<rs ref="Зощенко, Михаил Михайлович" type="person"></rs></p>
<p>Халды-балды! Поедем в Азербайджан!<rs ref="Азербайджан" type="geo_index"></rs></p>
<p>на вокзале в Эривани с зимней шубой в одной руке и со стариковской палкой — моим еврейским посохом — в другой.</p>
<p>Есть прекрасный русский стих, который я не устану твердить в московские псиные ночи, от которого как наваждение рассыпается рогатая нечисть. Угадайте, друзья, этот стих: он полозьями пишет по снегу, он ключом верещит в замке, он морозом стреляет в комнату:</p>
<p>Вот символ веры, вот поэтический канон настоящего писателя — смертельного врага литературы.</p>
<p>В Доме Герцена один молочный вегетарианец — филолог с головенкой китайца — этакий ходя — хао-хао, шанго-шанго — когда рубят головы, из той породы, что на цыпочках ходят по кровавой советской земле, некий Митька Благой — лицейская сволочь, разрешенная большевиками для пользы науки, — сторожит в специальном музее веревку удавленника Сережи Есенина.<rs ref="Москва" type="geo_index"></rs><rs ref="Благой, Дмитрий Дмитриевич" type="person"></rs><rs ref="Благой, Дмитрий Дмитриевич" type="person"></rs><rs ref="Герцен, Александр Иванович" type="person"></rs><rs ref="Есенин, Сергей Александрович" type="person"></rs></p>
<p>А я говорю — к китайцам Благого — в Шанхай его, к китаезам! Там ему место! Чем была матушка филология и чем стала! Была вся кровь, вся нетерпимость, а стала пся-кровь, стала — все-терпимость...<rs ref="Шанхай" type="geo_index"></rs><rs ref="Москва" type="geo_index"></rs><rs ref="Благой, Дмитрий Дмитриевич" type="person"></rs></p>
<p>К числу убийц русских поэтов или кандидатов в эти убийцы прибавилось тусклое имя Горнфельда. Этот паралитический Дантес, этот дядя Моня с Бассейной, проповедующий нравственность и государственность, выполнил социальный заказ совершенно чуждого ему режима, который он воспринимает приблизительно как несварение желудка.<rs ref="Горнфельд, Аркадий Георгиевич" type="person"></rs><rs ref="Дантес, Жорж Шарль, " type="person"></rs></p>
<p>Погибнуть от Горнфельда так же смешно, как от велосипеда или от клюва попугая. Но литературный убийца может быть и попугаем. Меня, например, чуть не убил попка имени его величества короля Альберта и Владимира Галактионовича Короленко. Я очень рад, что мой убийца жив и что он в некотором роде меня пережил. Я кормлю его сахаром и с удовольствием слушаю, как он твердит из «Уленшпигеля»:<rs ref="Горнфельд, Аркадий Георгиевич" type="person"></rs><rs ref="Короленко, Владимир Галактионович" type="person"></rs><rs ref="Короленко, Владимир Галактионович" type="person"></rs></p>
<p>«Пепел стучит в мое сердце», перемежая эту фразу с другой, не менее красивой: «Нет на свете мук сильнее муки слова». Человек, способный назвать свою книгу «Муки слова», рожден с каиновой печатью литературного убийцы на лбу.</p>
<p>Я только однажды встретился с Горнфельдом в грязной редакции какого-то безыдейного журнальчика, где толпились, как в буфете Квисисана, какие-то призрачные фигуры. Тогда еще не было идеологии и некому было жаловаться, если тебя кто обидит. Когда я вспоминаю то сиротство — как мы могли тогда жить!— крупные слезы наворачиваются на глаза. Кто-то познакомил меня с двуногим критиком, и я пожал ему руку.<rs ref="Горнфельд, Аркадий Георгиевич" type="person"></rs></p>
<p>Дяденька Горнфельд! Зачем ты пошел жаловаться в «Биржовку» в двадцать девятом советском году? Ты бы лучше поплакал господину Пропперу в чистый еврейский литературный жилет. Ты бы лучше поведал свое горе банкиру с ишиасом, кугелем и талесом.<rs ref="Горнфельд, Аркадий Георгиевич" type="person"></rs><rs ref="Проппер, Соломон Максимович" type="person"></rs></p>
<p>Есть одна секретарша — правда, правдочка, совершенная белочка, маленький грызунок. Она грызет орешек с каждым посетителем и к телефону подбегает, как очень неопытная молодая мать к больному ребенку.</p>
<p>Один мерзавец мне сказал, что правда по-гречески значит мрия.</p>
<p>Вот эта беляночка — настоящая правда — с большой буквы погречески, и вместе с тем она другая правда — та жестокая партийная девственница — Правда-Партия.</p>
<p>Секретарша, испуганная и жалостливая, как сестра милосердия, не служит, а живет в преддверьи к кабинету, в телефонном предбанничке. Бедная Мрия из проходной комнаты с телефоном и классической газетой!</p>
<p>Эта секретарша отличается от других тем, что сиделкой сидит на пороге власти, охраняя носителя власти, как тяжелобольного.</p>
<p>Нет, уж позвольте мне судиться! Уж разрешите мне занести в протокол. Дайте мне, так сказать, приобщить себя к делу! Не отнимайте у меня, убедительно вас прошу, моего </p>
<p>процесса! Судопроизводство еще не кончилось и, смею вас заверить, никогда не кончится. То, что было прежде, только увертюра. Сама певица Бозио будет петь в моем процессе. Бородатые студенты в клетчатых пледах, смешавшись с жандармами в пелеринах, предводительствуемые козлом регентом, в буйном восторге выводя, как плясовую, «Вечную память», вынесут полицейский гроб с останками моего дела из продымленной залы окружного суда.<rs ref="Бозио, Анджолина" type="person"></rs></p>
<p>Александр Иваныч Герцен!.. Разрешите представиться... Кажется, в вашем доме... Вы как хозяин в некотором роде отвечаете...<rs ref="Москва" type="geo_index"></rs><rs ref="Герцен, Александр Иванович" type="person"></rs></p>
<p>Изволили выехать за границу? Здесь пока что случилась неприятность...</p>
<p>Александр Иваныч! Барин! Как же быть? Совершенно не к кому обратиться...<rs ref="Москва" type="geo_index"></rs></p>
<p>На таком-то году моей жизни взрослые мужчины из того племени, которое я ненавижу всеми своими душевными силами и к которому не хочу и никогда не буду принадлежать, возымели намеренье совершить надо мной коллективно безобразный и гнусный ритуал. Имя этому ритуалу — литературное обрезание или обесчещенье, которое совершается согласно обычаям и календарным потребностям писательского племени, причем жертва намечается по выбору старейшин.</p>
<p>Я настаиваю на том, что писательство в том виде, как оно сложилось в Европе, и в особенности в России, несовместимо с почетным званием иудея, которым я горжусь. Моя кровь, отягощенная наследством овцеводов, патриархов и царей, бунтует против вороватой цыганщины писательского отродья. Еще ребенком меня похитил скрипучий табор немытых романес и столько-то лет проваландал по своим похабным маршрутам, тщетно силясь меня научить своему единственному ремеслу, единственному занятию, единственному искусству — краже.<rs ref="Европа" type="geo_index"></rs><rs ref="Россия (СССР)" type="geo_index"></rs></p>
<p>Писательство — это раса с противным запахом кожи и самыми грязными способами приготовления пищи. Это раса, кочующая и ночующая на своей блевотине, изгнанная из городов, преследуемая в деревнях, но везде и всюду близкая к власти, которая ей отводит место в желтых кварталах, как проституткам. Ибо литература везде и всюду выполняет одно назначение: помогает начальникам держать в повиновении солдат и помогает судьям чинить расправу над обреченными.</p>
<p>Писатель — это помесь попугая и попа. Он попка в самом высоком значении этого слова. Он говорит по-французски, если хозяин его француз, но, проданный в Персию, скажет по-персидски — «попка-дурак» или «попка хочет сахару». Попугай не имеет возраста, не знает дня и ночи. Если хозяину надоест, его накрывают черным платком, и это является для литературы суррогатом ночи.<rs ref="Персия" type="geo_index"></rs><rs ref="Персия" type="geo_index"></rs></p>
<p>Было два брата Шенье: презренный младший весь принадлежит литературе; казненный старший — сам ее казнил.<rs ref="Шенье, Андре Мари" type="person"></rs></p>
<p>Тюремщики любят читать романы и больше, чем кто-либо, нуждаются в литературе.</p>
<p>На таком-то году моей жизни бородатые мужчины в рогатых меховых шапках занесли надо мной кремневый нож с целью меня оскопить. Судя по всему, это были священники своего племени: от них пахло луком, романами и козлятиной. И все было страшно, как в младенческом сне.</p>
<p>In mezzo del cammin del nostra vita — на середине жизненной дороги я был остановлен в дремучем советском лесу разбойниками, которые назвались моими судьями. То были старцы с жилистыми шеями и маленькими гусиными головами, недостойными носить бремя лет.</p>
<p>Первый и единственный раз в жизни я понадобился литературе — она меня мяла, лапала и тискала, и все было страшно, как в младенческом сне.<rs ref="Персия" type="geo_index"></rs><rs ref="Воронеж" type="geo_index"></rs></p>
<p>Я несу моральную ответственность за то, что издательство Зиф не договорилось с переводчиками Горнфельдом и Карякиным. Я — скорняк драгоценных мехов, я — едва не <rs ref="Горнфельд, Аркадий Георгиевич" type="person"></rs><rs ref="Карякин, Василий Никитович" type="person"></rs></p>
<p>задохнувшийся от литературной пушнины, несу моральную ответственность за то, что внушил петербургскому хаму желание процитировать как пасквильный анекдот жаркую гоголевскую шубу, сорванную ночью на площади с плеч старейшего комсомольца — Акакия Акакиевича. Я срываю с себя литературную шубу и топчу ее ногами. Я в одном пиджачке в тридцатиградусный мороз три раза обегу по бульварным кольцам Москвы. Я убегу из желтой больницы комсомольского пассажа — навстречу плевриту — смертельной простуде, лишь бы не видеть двенадцать освещенных иудиных окон похабного дома на Тверском бульваре, лишь бы не слышать звона серебреников и счета печатных листов.<rs ref="Москва" type="geo_index"></rs><rs ref="Москва" type="geo_index"></rs><rs ref="Москва" type="geo_index"></rs><rs ref="Москва" type="geo_index"></rs><rs ref="Москва" type="geo_index"></rs><rs ref="Москва" type="geo_index"></rs></p>
<p>Уважаемые романес с Тверского бульвара! Мы с вами вместе написали роман, который вам даже не снился. Я очень люблю встречать свое имя в официальных бумагах, протоколах, повестках от судебного исполнителя и прочих жестких документах. Здесь имя звучит вполне объективно — звук новый для слуха и, надо сказать, весьма интересный. Мне и самому любопытно подчас, что это я все не так делаю: что это за фрукт такой, этот Мандельштам, который столько-то лет должен что-то такое сделать и все, подлец, изворачивается? Долго ли еще он будет изворачиваться? Оттого-то мне и годы впрок не идут: другие с каждым годом почтеннее, а я наоборот: обратное течение времени.<rs ref="Москва" type="geo_index"></rs><rs ref="Москва" type="geo_index"></rs><rs ref="Мандельштам, Исай Бенедиктович" type="person"></rs></p>
<p>Я виноват, двух мнений здесь быть не может. Из виноватости не вылезаю. В неоплатности живу. Изворачиваньем спасаюсь. Долго ли мне еще изворачиваться?</p>
<p>Когда приходит жестяная повестка или греческое в своей простоте напоминание от общественной организации, когда от меня требуют, чтобы я выдал сообщников, прекратил вороватую деятельность, указал, где беру фальшивые деньги, и дал расписку о невыезде из предначертанных мне границ, я моментально соглашаюсь, но тотчас как ни в чем не бывало снова начинаю изворачиваться — и так без конца.</p>
<p>Во-первых, я откуда-то сбежал и меня нужно вернуть, водворить, разыскать и направить. Во-вторых, меня принимают за кого-то другого. Удостоверить нету силы. В карманах — дрянь: прошлогодние шифрованные записки, телефоны умерших родственников и неизвестно чьи адреса. </p>
<p>В-третьих, я подписал с Вельзевулом или Гизом грандиозный невыполнимый договор на ватманской бумаге, подмазанный горчицей с перцем, наждачным порошком, в котором обязался вернуть в двойном размере все приобретенное, отрыгнуть в четверном размере все незаконно присвоенное и шестнадцать раз кряду проделать то невозможное, то немыслимое, то единственное, которое могло бы меня частично оправдать.<rs ref="Вельзевул" type="myth_index"></rs></p>
<p>С каждым годом я все прожженнее. Как стальными кондукторскими щипцами, я весь изрешечен и проштемпелеван собственной фамилией. Когда меня называют по имени-отчеству, я каждый раз вздрагиваю. Никак не могу привыкнуть: какая честь! Хоть бы раз Иван Мойсеич в жизни кто назвал. Эй, Иван, чеши собак! Мандельштам, чеши собак... Французику — шер мэтр — дорогой учитель, а мне — Мандельштам, чеши собак. Каждому свое.<rs ref="Москва" type="geo_index"></rs><rs ref="Москва" type="geo_index"></rs><rs ref="Мандельштам, Исай Бенедиктович" type="person"></rs><rs ref="Франс, Анатоль" type="person"></rs></p>
<p>Я — стареющий человек — огрызком собственного сердца чешу господских собак, и все им мало, все им мало. С собачьей нежностью глядят на меня глаза писателей русских и умоляют: подохни! Откуда же эта лакейская злоба, это холуйское презрение к имени моему? У цыгана хоть лошадь была — я же в одной персоне и лошадь, и цыган...</p>
<p>Жестяные повесточки под подушечку! Сорок шестой договорчик вместо венчика и сто тысяч зажженных папиросочек заместо свечечек...</p>
<p>Сколько бы я ни трудился, если б я носил на спине лошадей, если б я крутил мельничьи жернова, — все равно никогда я не стану трудящимся. Мой труд, в чем бы он ни выражался, воспринимается как озорство, как беззаконие, как случайность. Но такова моя воля, и я на это согласен. Подписываюсь обеими руками.</p>
<p>Здесь разный подход: для меня в бублике ценна дырка. А как же с бубличным тестом? Бублик можно слопать, а дырка останется.</p>
<p>Настоящий труд — это брюссельское кружево. В нем главное то, на чем держится узор: воздух, проколы, прогулы.</p>
<p>А ведь мне, братишки, труд впрок не идет. Он мне в стаж не зачитывается.</p>
<p>У нас есть библия труда, но мы ее не ценим. Это рассказы Зощенки. Единственного человека, который нам показал трудящегося, мы втоптали в грязь. Я требую памятников для <rs ref="Зощенко, Михаил Михайлович" type="person"></rs></p>
<p>Зощенки по всем городам и местечкам или, по крайней мере, как для дедушки Крылова, в Летнем саду.<rs ref="Зощенко, Михаил Михайлович" type="person"></rs><rs ref="Крылов, Иван Андреевич" type="person"></rs></p>
<p>Вот у кого прогулы дышат, вот у кого брюссельское кружево живет!</p>
<p>Ночью на Ильинке, когда Гумы и тресты спят и разговаривают на родном китайском языке, ночью по Ильинке ходят анекдоты. Ленин и Троцкий ходят в обнимку, как ни в чем не бывало. У одного ведрышко и константинопольская удочка в руке. Ходят два еврея, неразлучные двое — один вопрошающий, другой отвечающий, и один все спрашивает, все спрашивает, а другой все крутит, все крутит, и никак им не разойтись.<rs ref="Москва" type="geo_index"></rs><rs ref="Ленин (Ульянов), Владимир Ильич" type="person"></rs><rs ref="Троцкий (Бронштейн), Лев Давыдович" type="person"></rs></p>
<p>Ходит немец шарманщик с шубертовским лееркастеном — такой неудачник, такой шаромыжник...</p>
<p>Спи, моя милая... Эм-эс-пэ-о...</p>
<p>Вий читает телефонную книгу на Красной площади. Поднимите мне веки. Дайте Цека...<rs ref="Москва" type="geo_index"></rs></p>
<p>Ходят армяне из города Эривани с зелеными крашеными селедками. Ich bin arm — я беден.</p>
<p>А в Армавире на городском гербе написано: собака лает — ветер носит.<rs ref="Армавир" type="geo_index"></rs><rs ref="Армения" type="geo_index"></rs></p>
<date when="1930">1930</date>
</div2>
</div1>
</body>
</text>
</tei>
