<?xml version='1.0' encoding='UTF8'?>
<tei xmlns="http://www.tei-c.org/ns/1.0">
<teiheader>
<filedesc>
<titlestmt>
<title>Переводы. Канателла</title>
<author>О.Э. Мандельштам</author>
</titlestmt>
<publicationstmt>
<p>АРТ-БИЗНЕС-ЦЕНТР МОСКВА 1993</p>
<biblstruct>
<biblscope n="" type="volume"></biblscope>
<biblscope n="" type="part"></biblscope>
</biblstruct></publicationstmt>
<sourcedesc>
<p>Издание подготовлено Мандельштамовским обществом</p>
</sourcedesc>
<respstmt>
<resp>Подготовка и разметка файлов - Алексей Литвинцев, Вероника Файнберг. Создание
          электронного ресурса - Тимофей Молчанов. Руководители проекта - Центр Digital Humanities,
          Мандельштамовское общество (НИУ ВШЭ).</resp>
</respstmt></filedesc>
<profiledesc>
<textdesc n="poem"></textdesc>
<textclass>
<catref target="3_244" type="ID"></catref>
<catref target="О.Э. Мандельштам. Собрание сочинений в 4-х т. -- М.: Терра, 1991" type="Источник"></catref>
<catref target="стихотворение" type="Жанр художественной литературы"></catref>
<catref target="перевод" type="Уточнение жанра"></catref>
<catref target="Х, тонический : Дк" type="Метр"></catref>
<catref target="4" type="Длина строки"></catref>
<catref target="регулярная" type="Клаузула"></catref>
<catref target="жмжм мм" type="Уточнение клаузулы"></catref>
<catref target="nan" type="Классическая строфа"></catref>
<catref target="сложная" type="Рифма"></catref>
<catref target="абаб вв" type="Схема рифмовки"></catref>
<catref target="Дк4жм" type="Метрическая формула"></catref>
<catref target="рефрен" type="Дополнительные параметры"></catref>
<catref target="24" type="Число строк"></catref>
<catref target="Обобщенный" type="Автор оригинала"></catref>
<catref target="итальянский" type="Язык оригинала"></catref>
</textclass></profiledesc>
</teiheader>
<text>
<body>
<div1 n="3" type="volume">
<div2 n="" type="part">
<head>244.
КАНАТЕЛЛА</head>
<lg type="sestet">
<l n="1">Умоляю, Канателла,</l>
<l n="2">Чернобровая, будь скромней!</l>
<l n="3">Мне смертельно надоела</l>
<l n="4">Толчея молодых людей.</l>
<l n="5">Чернобровая, будь скромней!</l>
<l n="6">Канателла, будь смирней!</l>
</lg>
<lg type="sestet">
<l n="7">Веер карт различной масти — </l>
<l n="8">Вереница разных лиц.</l>
<l n="9">Нет спасенья от напасти:</l>
<l n="10">Слишком много в клетке птиц.</l>
<l n="11">Чернобровая, будь скромней!</l>
<l n="12">Канателла, будь смирней!</l>
</lg>
<lg type="sestet">
<l n="13">Ты притопнешь, вскинешь бровью:</l>
<l n="14">Что случилось? Пустяки!</l>
<l n="15">Я терпенье длил воловье,</l>
<l n="16">Ревность сжала мне виски.</l>
<l n="17">Чернобровая, будь скромней!</l>
<l n="18">Канателла, будь смирней!</l>
</lg>
<lg type="sestet">
<l n="19">Сговоримся, друг мятежный,</l>
<l n="20">Жемчуг мой, мой острый нож:</l>
<l n="21">Отточи свой выбор нежный — </l>
<l n="22">Иль на кровь меня толкнешь.</l>
<l n="23">Чернобровая, будь скромней!</l>
<l n="24">Канателла, будь смирней!</l>
</lg>
</div2>
</div1>
</body>
</text>
</tei>
