<?xml version='1.0' encoding='UTF8'?>
<tei xmlns="http://www.tei-c.org/ns/1.0">
<teiheader>
<filedesc>
<titlestmt>
<title>Переводы. «Правлю я с честью...»</title>
<author>О.Э. Мандельштам</author>
</titlestmt>
<publicationstmt>
<p>АРТ-БИЗНЕС-ЦЕНТР МОСКВА 1993</p>
<biblstruct>
<biblscope n="" type="volume"></biblscope>
<biblscope n="" type="part"></biblscope>
</biblstruct></publicationstmt>
<sourcedesc>
<p>Издание подготовлено Мандельштамовским обществом</p>
</sourcedesc>
<respstmt>
<resp>Подготовка и разметка файлов - Алексей Литвинцев, Вероника Файнберг. Создание
          электронного ресурса - Тимофей Молчанов. Руководители проекта - Центр Digital Humanities,
          Мандельштамовское общество (НИУ ВШЭ).</resp>
</respstmt></filedesc>
<profiledesc>
<textdesc n="poem"></textdesc>
<textclass>
<catref target="3_242" type="ID"></catref>
<catref target="О.Э. Мандельштам. Собрание сочинений в 4-х т. -- М.: Терра, 1991" type="Источник"></catref>
<catref target="стихотворение" type="Жанр художественной литературы"></catref>
<catref target="перевод" type="Уточнение жанра"></catref>
<catref target="Д" type="Метр"></catref>
<catref target="2" type="Длина строки"></catref>
<catref target="регулярная" type="Клаузула"></catref>
<catref target="жжжм" type="Уточнение клаузулы"></catref>
<catref target="nan" type="Классическая строфа"></catref>
<catref target="0" type="Рифма"></catref>
<catref target="nan" type="Схема рифмовки"></catref>
<catref target="Д2жжжм. Д2д" type="Метрическая формула"></catref>
<catref target="нарушения строфики" type="Дополнительные параметры"></catref>
<catref target="80" type="Число строк"></catref>
<catref target="Обобщенный" type="Автор оригинала"></catref>
<catref target="итальянский" type="Язык оригинала"></catref>
</textclass></profiledesc>
</teiheader>
<text>
<body>
<div1 n="3" type="volume">
<div2 n="" type="part">
<head>ПЕРЕВОДЫ</head>
<head>НЕАПОЛИТАНСКИЕ ПЕСЕНКИ</head>
<head>242.</head>
<lg type="quatrain">
<l n="1">Правлю я с честью</l>
<l n="2">Трудное дело;</l>
<l n="3">Вольно и смело</l>
<l n="4">Дышит рыбак.</l>
</lg>
<lg type="quatrain">
<l n="5">Правлю я с честью</l>
<l n="6">Трудное дело;</l>
<l n="7">Вольно и смело</l>
<l n="8">Дышит рыбак.</l>
</lg>
<lg type="quatrain">
<l n="9">Правлю я с честью</l>
<l n="10">Трудное дело;</l>
<l n="11">Вольно и смело</l>
<l n="12">Дышит рыбак.</l>
</lg>
<lg type="quatrain">
<l n="13">Правлю я с честью</l>
<l n="14">Трудное дело;</l>
<l n="15">Вольно и смело</l>
<l n="16">Дышит рыбак.</l>
</lg>
<lg type="quatrain">
<l n="17">Правлю я с честью</l>
<l n="18">Трудное дело;</l>
<l n="19">Вольно и смело</l>
<l n="20">Дышит рыбак.</l>
</lg>
<lg type="quatrain">
<l n="21">Правлю я с честью</l>
<l n="22">Трудное дело;</l>
<l n="23">Вольно и смело</l>
<l n="24">Дышит рыбак.</l>
</lg>
<lg type="quatrain">
<l n="25">Правлю я с честью</l>
<l n="26">Трудное дело;</l>
<l n="27">Вольно и смело</l>
<l n="28">Дышит рыбак.</l>
</lg>
<lg type="quatrain">
<l n="29">Правлю я с честью</l>
<l n="30">Трудное дело;</l>
<l n="31">Вольно и смело</l>
<l n="32">Дышит рыбак.</l>
</lg>
<lg type="quatrain">
<l n="33">Правлю я с честью</l>
<l n="34">Трудное дело;</l>
<l n="35">Вольно и смело</l>
<l n="36">Дышит рыбак.</l>
</lg>
<lg type="quatrain">
<l n="37">Правлю я с честью</l>
<l n="38">Трудное дело;</l>
<l n="39">Вольно и смело</l>
<l n="40">Дышит рыбак.</l>
</lg>
<lg type="quatrain">
<l n="41">Правлю я с честью</l>
<l n="42">Трудное дело;</l>
<l n="43">Вольно и смело</l>
<l n="44">Дышит рыбак.</l>
</lg>
<lg type="quatrain">
<l n="45">Правлю я с честью</l>
<l n="46">Трудное дело;</l>
<l n="47">Вольно и смело</l>
<l n="48">Дышит рыбак.</l>
</lg>
<lg type="quatrain">
<l n="49">Правлю я с честью</l>
<l n="50">Трудное дело;</l>
<l n="51">Вольно и смело</l>
<l n="52">Дышит рыбак.</l>
</lg>
<lg type="quatrain">
<l n="53">Правлю я с честью</l>
<l n="54">Трудное дело;</l>
<l n="55">Вольно и смело</l>
<l n="56">Дышит рыбак.</l>
</lg>
<lg type="quatrain">
<l n="57">Правлю я с честью</l>
<l n="58">Трудное дело;</l>
<l n="59">Вольно и смело</l>
<l n="60">Дышит рыбак.</l>
</lg>
<lg type="quatrain">
<l n="61">Правлю я с честью</l>
<l n="62">Трудное дело;</l>
<l n="63">Вольно и смело</l>
<l n="64">Дышит рыбак.</l>
</lg>
<lg type="quatrain">
<l n="65">Правлю я с честью</l>
<l n="66">Трудное дело;</l>
<l n="67">Вольно и смело</l>
<l n="68">Дышит рыбак.</l>
</lg>
<lg type="quatrain">
<l n="69">Правлю я с честью</l>
<l n="70">Трудное дело;</l>
<l n="71">Вольно и смело</l>
<l n="72">Дышит рыбак.</l>
</lg>
<lg type="quatrain">
<l n="73">Правлю я с честью</l>
<l n="74">Трудное дело;</l>
<l n="75">Вольно и смело</l>
<l n="76">Дышит рыбак.</l>
</lg>
<lg type="quatrain">
<l n="77">Правлю я с честью</l>
<l n="78">Трудное дело;</l>
<l n="79">Вольно и смело</l>
<l n="80">Дышит рыбак.</l>
</lg>
</div2>
</div1>
</body>
</text>
</tei>
