<?xml version='1.0' encoding='UTF8'?>
<tei xmlns="http://www.tei-c.org/ns/1.0">
<teiheader>
<filedesc>
<titlestmt>
<title>Варианты. Армения</title>
<author>О.Э. Мандельштам</author>
</titlestmt>
<publicationstmt>
<p>АРТ-БИЗНЕС-ЦЕНТР МОСКВА 1993</p>
<biblstruct>
<biblscope n="" type="volume"></biblscope>
<biblscope n="" type="part"></biblscope>
</biblstruct></publicationstmt>
<sourcedesc>
<p>Издание подготовлено Мандельштамовским обществом</p>
</sourcedesc>
<respstmt>
<resp>Подготовка и разметка файлов - Алексей Литвинцев, Вероника Файнберг. Создание
          электронного ресурса - Тимофей Молчанов. Руководители проекта - Центр Digital Humanities,
          Мандельштамовское общество (НИУ ВШЭ).</resp>
</respstmt></filedesc>
<profiledesc>
<textdesc n="poem"></textdesc>
<textclass>
<catref target="Series([], Name: ID, dtype: object)" type="ID"></catref>
<catref target="Series([], Name: Источник, dtype: object)" type="Источник"></catref>
<catref target="Series([], Name: Жанр художественной литературы, dtype: object)" type="Жанр художественной литературы"></catref>
<catref target="Series([], Name: Уточнение жанра 1, dtype: object)" type="Уточнение жанра"></catref>
<catref target="Series([], Name: Метр, dtype: object)" type="Метр"></catref>
<catref target="Series([], Name: Длина строки, dtype: object)" type="Длина строки"></catref>
<catref target="Series([], Name: Клаузула, dtype: object)" type="Клаузула"></catref>
<catref target="Series([], Name: Уточнение клаузулы 1, dtype: object)" type="Уточнение клаузулы"></catref>
<catref target="Series([], Name: Классическая строфа, dtype: object)" type="Классическая строфа"></catref>
<catref target="Series([], Name: Рифма, dtype: object)" type="Рифма"></catref>
<catref target="Series([], Name: Схема рифмовки, dtype: object)" type="Схема рифмовки"></catref>
<catref target="Series([], Name: Метрическая формула, dtype: object)" type="Метрическая формула"></catref>
<catref target="Series([], Name: Дополнительные параметры, dtype: object)" type="Дополнительные параметры"></catref>
<catref target="Series([], Name: Число строк, dtype: int64)" type="Число строк"></catref>
<catref target="Series([], Name: Автор оригинала, dtype: object)" type="Автор оригинала"></catref>
<catref target="Series([], Name: Язык оригинала, dtype: object)" type="Язык оригинала"></catref>
</textclass></profiledesc>
</teiheader>
<text>
<body>
<div1 n="3" type="volume">
<div2 n="1" type="part">
<head>(3—14)а.
‹НАБРОСКИ›</head>
<lg type="quatrain">
<l n="1">Ты только погляди на армянские кладбища — </l>
<l n="2">Землетрясеньем раскиданные рыжие валики</l>
<l n="3">Похожие на футляры от швейных машин [Зингера]<rs ref="Зингер, Исаак Меррит" type="person"></rs></l>
<l n="4">Чем-то испуганные, в беспорядке бегущие.</l>
</lg>
<lg type="quintet">
<l n="5">Ты только погляди на армянские кладбища — </l>
<l n="6">Землетрясеньем раскиданные рыжие валики</l>
<l n="7">Похожие на футляры от швейных машин [Зингера]<rs ref="Зингер, Исаак Меррит" type="person"></rs></l>
<l n="8">Чем-то испуганные, в беспорядке бегущие.</l>
<l n="9">Здесь слышен храп румяных царей и бородатых ангелов</l>
</lg>
<lg type="quatrain">
<l n="10">Ты только погляди на армянские кладбища — </l>
<l n="11">Землетрясеньем раскиданные рыжие валики</l>
<l n="12">Похожие на футляры от швейных машин [Зингера]<rs ref="Зингер, Исаак Меррит" type="person"></rs></l>
<l n="13">Чем-то испуганные, в беспорядке бегущие.</l>
</lg>
<lg type="quatrain">
<l n="14">Ты только погляди на армянские кладбища — </l>
<l n="15">Землетрясеньем раскиданные рыжие валики</l>
<l n="16">Похожие на футляры от швейных машин [Зингера]<rs ref="Зингер, Исаак Меррит" type="person"></rs></l>
<l n="17">Чем-то испуганные, в беспорядке бегущие.</l>
</lg>
<lg type="quintet">
<l n="18">Ты только погляди на армянские кладбища — </l>
<l n="19">Землетрясеньем раскиданные рыжие валики</l>
<l n="20">Похожие на футляры от швейных машин [Зингера]<rs ref="Зингер, Исаак Меррит" type="person"></rs></l>
<l n="21">Чем-то испуганные, в беспорядке бегущие.</l>
<l n="22">Здесь слышен храп румяных царей и бородатых ангелов</l>
</lg>
<lg type="quatrain">
<l n="23">Ты только погляди на армянские кладбища — </l>
<l n="24">Землетрясеньем раскиданные рыжие валики</l>
<l n="25">Похожие на футляры от швейных машин [Зингера]<rs ref="Зингер, Исаак Меррит" type="person"></rs></l>
<l n="26">Чем-то испуганные, в беспорядке бегущие.</l>
</lg>
<lg type="quatrain">
<l n="27">Ты только погляди на армянские кладбища — </l>
<l n="28">Землетрясеньем раскиданные рыжие валики</l>
<l n="29">Похожие на футляры от швейных машин [Зингера]<rs ref="Зингер, Исаак Меррит" type="person"></rs></l>
<l n="30">Чем-то испуганные, в беспорядке бегущие.</l>
</lg>
<lg type="tercet">
<l n="31">Ты только погляди на армянские кладбища — </l>
<l n="32">Землетрясеньем раскиданные рыжие валики</l>
<l n="33">Похожие на футляры от швейных машин [Зингера]<rs ref="Зингер, Исаак Меррит" type="person"></rs></l>
</lg>
<lg type="couplet">
<l n="34">Ты только погляди на армянские кладбища — </l>
<l n="35">Землетрясеньем раскиданные рыжие валики</l>
</lg>
<lg type="quintet">
<l n="36">Ты только погляди на армянские кладбища — </l>
<l n="37">Землетрясеньем раскиданные рыжие валики</l>
<l n="38">Похожие на футляры от швейных машин [Зингера]<rs ref="Зингер, Исаак Меррит" type="person"></rs></l>
<l n="39">Чем-то испуганные, в беспорядке бегущие.</l>
<l n="40">Здесь слышен храп румяных царей и бородатых ангелов</l>
</lg>
</div2>
</div1>
</body>
</text>
</tei>
