<?xml version='1.0' encoding='UTF8'?>
<tei xmlns="http://www.tei-c.org/ns/1.0">
<teiheader>
<filedesc>
<titlestmt>
<title>(Рец.) М. Тарловский — «Рождение родины»</title>
<author>О.Э. Мандельштам</author>
</titlestmt>
<publicationstmt>
<p>АРТ-БИЗНЕС-ЦЕНТР МОСКВА 1993</p>
<biblstruct>
<biblscope n="" type="volume"></biblscope>
<biblscope n="" type="part"></biblscope>
</biblstruct></publicationstmt>
<sourcedesc>
<p>Издание подготовлено Мандельштамовским обществом</p>
</sourcedesc>
<respstmt>
<resp>Подготовка и разметка файлов - Алексей Литвинцев, Вероника Файнберг. Создание
          электронного ресурса - Тимофей Молчанов. Руководители проекта - Центр Digital Humanities,
          Мандельштамовское общество (НИУ ВШЭ).</resp>
</respstmt></filedesc>
<profiledesc>
<textdesc n="prose"></textdesc>
<textclass>
<catref target="Series([], Name: ID, dtype: object)" type="ID"></catref>
<catref target="Series([], Name: Источник, dtype: object)" type="Источник"></catref>
<catref target="Series([], Name: Жанр художественной литературы, dtype: object)" type="Жанр художественной литературы"></catref>
<catref target="Series([], Name: Уточнение жанра 1, dtype: object)" type="Уточнение жанра"></catref>
<catref target="Series([], Name: Метр, dtype: object)" type="Метр"></catref>
<catref target="Series([], Name: Длина строки, dtype: object)" type="Длина строки"></catref>
<catref target="Series([], Name: Клаузула, dtype: object)" type="Клаузула"></catref>
<catref target="Series([], Name: Уточнение клаузулы 1, dtype: object)" type="Уточнение клаузулы"></catref>
<catref target="Series([], Name: Классическая строфа, dtype: object)" type="Классическая строфа"></catref>
<catref target="Series([], Name: Рифма, dtype: object)" type="Рифма"></catref>
<catref target="Series([], Name: Схема рифмовки, dtype: object)" type="Схема рифмовки"></catref>
<catref target="Series([], Name: Метрическая формула, dtype: object)" type="Метрическая формула"></catref>
<catref target="Series([], Name: Дополнительные параметры, dtype: object)" type="Дополнительные параметры"></catref>
<catref target="Series([], Name: Число строк, dtype: int64)" type="Число строк"></catref>
<catref target="Series([], Name: Автор оригинала, dtype: object)" type="Автор оригинала"></catref>
<catref target="Series([], Name: Язык оригинала, dtype: object)" type="Язык оригинала"></catref>
</textclass></profiledesc>
</teiheader>
<text>
<body>
<div1 n="3" type="volume">
<div2 n="253" type="part">
<head>253.
М. ТАРЛОВСКИЙ — «РОЖДЕНИЕ РОДИНЫ».
</head>
<p>Для характеристики поэта очень важен его инвентарь: круг предметов, привлекающих его внимание. Не менее важно и то, «что» говорит поэт об этих вещах. Но самый простой и сухой перечень явлений, остановивших на себе внимание художника, определяет профиль его творчества.</p>
<p>Вообразим невероятный случай: поэт пишет только о саксонском старом фарфоре, окружает его размышлениями глубоко идейного порядка, делает исторические выводы и перебрасывает от кофейного сервиза тематический мостик к современности. Но без блюдечка с цветочками и ободочками он шагу ступить не может. Все у него начинается от бабушкиного кофейника. Как бы «идеологически» ни пыжился этот воображаемый уродливый поэт, ясно, что у него получится чепуха, что он перелицованный пассеист, что он насквозь фальшив.</p>
<p>Случай Тарловского гораздо сложней. Книжка его называется «Рождение родины». Тема — преодоление архаики во имя будущего. Посмотрим, чем же интересуется Тарловский, куда тяготеют его живые вкусы, что он видит в современности.<rs ref="Тарловский, Марк Ариевич" type="person"></rs><rs ref="Тарловский, Марк Ариевич" type="person"></rs><rs ref="Тарловский, Марк Ариевич" type="person"></rs></p>
<p>Калиты. «Конечно, мы были бы рады, разрезав Москву пополам (?), найти в ее профиле клады, зарытые некогда там — алмазы, червонцы, лампады»...<rs ref="Москва" type="geo_index"></rs><rs ref="Москва" type="geo_index"></rs></p>
<p>Дальше для нейтрализации лампадной рухляди — метро само по себе объявляется кладом и зароком (?).</p>
<p>Настоящей исторической наукой, геологическими или палеонтологическими интересами в этих стихах даже не пахнет: поэтический мир Тарловского — это паноптикум: т.е. ненаучное собрание курьезов и т.п. редкостей, грубо и бессмысленно щекочущих естественный интерес к прошлому, раздражающих дешевой пряностью и лишенных всякой познавательной ценности.<rs ref="Тарловский, Марк Ариевич" type="person"></rs></p>
<p>Протест против музейной чехарды и чертовщины, в которой упражняется Тарловский, следовало бы заявить от имени исторической науки. Поэт говорит: «старина ни в чем не допустима; Русь — татары? — мимо, мимо, мимо: останавливаться, как в кино, строго-настрого запрещено». Эти возмутительные ухарские строчки, призывающие к невежеству, написаны в то время, когда углубленное преподавание истории становится одной из основных задач советской школы.<rs ref="Тарловский, Марк Ариевич" type="person"></rs><rs ref="Тарловский, Марк Ариевич" type="person"></rs><rs ref="Тарловский, Марк Ариевич" type="person"></rs></p>
<p>Тарловскому нужен между прочим «гиньоль» — театр ужасов. О Пугачеве он обмолвился: «где, катом подъятый с размаху, деленый (?) мигнул Пугачев». Извращенно-гурманский намек на четвертование. Безвкусное смакование техники этого акта. Петр женил стрельцов на тугой пеньковой девке, они влезли в эту даму головами и дергались в ней до утра. Не знаешь, что отвратительнее — сама петровская казнь или развязность, с которой о ней повествует Тарловский. Но поэт, с головой, залез в свой собственный словарь. Абсолютно чуждым нашей культуре языком перестраивающегося сноба-гробокопателя и смакователя старины он пробует передать свое отношение к современности, и получаются такие перлы, как, например: «рослый советский детина».<rs ref="Москва" type="geo_index"></rs><rs ref="Петр I" type="person"></rs><rs ref="Пугачев, Емельян Иванович" type="person"></rs><rs ref="Тарловский, Марк Ариевич" type="person"></rs><rs ref="Тарловский, Марк Ариевич" type="person"></rs></p>
<p>Тарловский на речном трамвае плывет по Москве-реке. Вот его поэтический маршрут: удельная Рязань, удельный Суздаль, пепел — тишайший царь, «самозванный» стяг, кремли, струги. Все это упоминается для того, чтобы сейчас же отплеваться, и сейчас же переход к действительности: девочка-подросток Маша, грамотная только первый год, читает по складам вывеску: «Машин, но строительный завод». Мало того, что здесь нелепое сюсюканье: в Москве в 31 году очень трудно было найти подростка, грамотного только первый год. Тарловский бессознательно искажает факты.<rs ref="Москва" type="geo_index"></rs><rs ref="Рязань" type="geo_index"></rs><rs ref="Суздаль" type="geo_index"></rs><rs ref="Москва" type="geo_index"></rs><rs ref="Тарловский, Марк Ариевич" type="person"></rs><rs ref="Тарловский, Марк Ариевич" type="person"></rs></p>
<p>Если он расскажет про обсерваторию, то противовесом к ней или дополнением обязательно является старая мечеть. Для Тарловского это две половинки одного ореха. Механистический стих Тарловского — продукт разложения и распада акмеистических приемов. Поэт настолько лишен чутья и вкуса, что способен зарифмовать «парикмахер» и «пахарь».<rs ref="Тарловский, Марк Ариевич" type="person"></rs></p>
<p>Тарловский обладает поэтическим темпераментом, упрямством, изобретательностью, — но ему необходимо стать в простые, ясные, свободные от бутафории отношения к жизненной правде.<rs ref="Тарловский, Марк Ариевич" type="person"></rs><rs ref="Тарловский, Марк Ариевич" type="person"></rs></p>
<p>Только тогда он освободится от эстетического хлама и перестанет любоваться историческим мусором.</p>
<p>В этом смысле наиболее типичные вещи «Бог войны» и «Вопрос о родине». В первой пьесе «бог войны» — с «бердышом» (?) и с сигарой забрался на ресторанный поплавок и заказывает «человеку» шашлык из человеческого мяса. Во второй боги японского олимпа лишают загробного олимпа белогвардейского прохвоста за то, что он вредил своей родине. Стремление к хлесткости, к дешевому версификаторскому блеску — мешает Тарловскому серьезно развить большую тему. Даже наиболее заостреннные вещи страдают ломкостью, хрупкостью или перегружены эстрадностью и пряной анекдотичностью.<rs ref="Тарловский, Марк Ариевич" type="person"></rs></p>
<date when="1935">1935</date>
</div2>
</div1>
</body>
</text>
</tei>
