<?xml version='1.0' encoding='UTF8'?>
<tei xmlns="http://www.tei-c.org/ns/1.0">
<teiheader>
<filedesc>
<titlestmt>
<title>(Рец.) Г. Санников. Восток.</title>
<author>О.Э. Мандельштам</author>
</titlestmt>
<publicationstmt>
<p>АРТ-БИЗНЕС-ЦЕНТР МОСКВА 1993</p>
<biblstruct>
<biblscope n="" type="volume"></biblscope>
<biblscope n="" type="part"></biblscope>
</biblstruct></publicationstmt>
<sourcedesc>
<p>Издание подготовлено Мандельштамовским обществом</p>
</sourcedesc>
<respstmt>
<resp>Подготовка и разметка файлов - Алексей Литвинцев, Вероника Файнберг. Создание
          электронного ресурса - Тимофей Молчанов. Руководители проекта - Центр Digital Humanities,
          Мандельштамовское общество (НИУ ВШЭ).</resp>
</respstmt></filedesc>
<profiledesc>
<textdesc n="prose"></textdesc>
<textclass>
<catref target="Series([], Name: ID, dtype: object)" type="ID"></catref>
<catref target="Series([], Name: Источник, dtype: object)" type="Источник"></catref>
<catref target="Series([], Name: Жанр художественной литературы, dtype: object)" type="Жанр художественной литературы"></catref>
<catref target="Series([], Name: Уточнение жанра 1, dtype: object)" type="Уточнение жанра"></catref>
<catref target="Series([], Name: Метр, dtype: object)" type="Метр"></catref>
<catref target="Series([], Name: Длина строки, dtype: object)" type="Длина строки"></catref>
<catref target="Series([], Name: Клаузула, dtype: object)" type="Клаузула"></catref>
<catref target="Series([], Name: Уточнение клаузулы 1, dtype: object)" type="Уточнение клаузулы"></catref>
<catref target="Series([], Name: Классическая строфа, dtype: object)" type="Классическая строфа"></catref>
<catref target="Series([], Name: Рифма, dtype: object)" type="Рифма"></catref>
<catref target="Series([], Name: Схема рифмовки, dtype: object)" type="Схема рифмовки"></catref>
<catref target="Series([], Name: Метрическая формула, dtype: object)" type="Метрическая формула"></catref>
<catref target="Series([], Name: Дополнительные параметры, dtype: object)" type="Дополнительные параметры"></catref>
<catref target="Series([], Name: Число строк, dtype: int64)" type="Число строк"></catref>
<catref target="Series([], Name: Автор оригинала, dtype: object)" type="Автор оригинала"></catref>
<catref target="Series([], Name: Язык оригинала, dtype: object)" type="Язык оригинала"></catref>
</textclass></profiledesc>
</teiheader>
<text>
<body>
<div1 n="3" type="volume">
<div2 n="251" type="part">
<head>251.
Г.САННИКОВ. ВОСТОК.
</head>
<p>В посвящении книга определяется самим автором как пока еще неполное собрание сочинений.</p>
<p>Санников, бывший участник поэтической группы «Кузница», с первых шагов прекрасно овладел техникой культурного традиционного стиха, обновленного и омоложенного усилиями лучших символистов.<rs ref="Санников, Григорий Александрович" type="person"></rs><rs ref="Санников, Григорий Александрович" type="person"></rs></p>
<p>При этом у Санникова наблюдается учет достижений футуристической поэзии. Новое звучит у него приглушенно, под сурдинку, в мягкой оболочке старого. Первый раздел книги Санникова хронологически совпадает с романтическими выпадами Н. Тихонова и Багрицкого. Уже значительно позднее, в одном из лирических отступлений, в поэме «Египтяне», Санников говорит, характеризуя этот свой период:<rs ref="Персия" type="geo_index"></rs><rs ref="Багрицкий (Дзюбин), Эдуард Георгиевич" type="person"></rs><rs ref="Санников, Григорий Александрович" type="person"></rs><rs ref="Тихонов, Николай Семенович" type="person"></rs></p>
<p>По земному шару, который Маяковский обошел почти весь и всерьез, Санников начал весьма рискованное путешествие с Чайльд-Гарольдовой командировкой, давно утратившей всякий конкретный исторический смысл.<rs ref="Маяковский, Владимир Владимирович" type="person"></rs><rs ref="Санников, Григорий Александрович" type="person"></rs></p>
<p>В этих стихах 26-27 года стучат машины океанских пароходов, волчьей шкурой сереет вздыбленная вода. Радио трубит в ответ стонущим путешественникам фокстроты, шимми и чарльстоны. Океаны бессмысленны и дики — они не наши — чужие. Следующий отдел — «Пески и Розы». Язвы Востока прикрыты классической поэзией, мозаикой мечетей. Жалкая, постыдная жизнь и певучие сказочные узорные ковры:</p>
<p>В подражаниях персидскому Санников удачно воспроизводит скупую лирику классиков пустыни, певцов небытия.<rs ref="Санников, Григорий Александрович" type="person"></rs></p>
<p>А в совсем недавнем (34 г.) обращении к Фирдоуси говорит:<rs ref="Фирдоуси, Абулькасим" type="person"></rs></p>
<p>«Песнь о городе Тавризе» посвящена тегеранскому восстанию 1908 года: тегеранские базары, море барашковых папах...</p>
<p>Когда поэт показывает свою лабораторию, это может быть и ценно и интересно: мысль борется с новым материалом. Но я решительно отказываюсь назвать «поэтической лабораторией» большую часть опытов Санникова, посвященных росту народного хозяйства и технологии; скорее это кухня, не умеющая обращаться с продуктами.<rs ref="Санников, Григорий Александрович" type="person"></rs></p>
<p>Я имею в виду самые интересные по замыслу, деловые главы «Каучука» и «Египтян».</p>
<p>Санников злоупотребляет свойством всякой разумной речи распадаться на смысловые единицы: обыкновенные части фразы он выдает за стихи... «Комиссия... в акте, на месте происшествия написанном, установила объективно...»<rs ref="Санников, Григорий Александрович" type="person"></rs></p>
<p>Хочется лишь выправить расстановку слов в таких стихах, как это сделал бы любой газетный корректор.</p>
<p>Это тем более досадно, что Санников стремится расширить область поэзии и чувствует огромную ответственность перед нашей современностью.<rs ref="Санников, Григорий Александрович" type="person"></rs></p>
<p>Он прощается с самодовлеющими, условными формами лирики, в которых мог спокойно преуспевать на радость эстетам. Но такая тематика, как наука, революционная практика, борьба и жизнь масс, требует творчества, а не списывания хотя бы из блестящей газетной статьи или из учебника химии.</p>
<p>В лучших отрывках своих поэм Санников достигает «сложной простоты» — редкое умение, которое всегда радует в лирике.<rs ref="Санников, Григорий Александрович" type="person"></rs></p>
<p>В «Каучуке» Санников говорит о горном каучуконосном растении тау-сагызе, словно о романтическом кавказском герое эпохи Марлинского:<rs ref="Санников, Григорий Александрович" type="person"></rs></p>
<p>Блеском романтического костра озарено случайное открытие каучуконосного растения.</p>
<p>Здесь не что иное, как черпанье новизны при помощи старого ковша или искусное омоложение дряхлеющего литературного канона; иногда стихи Санникова звучат как дурная копия с «Эдды» Боратынского, переложенного на хлопок.<rs ref="Санников, Григорий Александрович" type="person"></rs></p>
<p>Между тем автора горячо интересует стык между наукой и классовой борьбой. Каждая поэма изображает цикл классовых боев, протекающих в трудной и своеобразной обстановке среднеазиатских республик, и надо признать, что с расширением тематики лирическое дыхание автора заметно окрепло: «Песня комсомолки» в «Египтянах», баллада о коврике Пенде Гюль, который пламенеет в клубе рика, с портретом В.И. Ленина, замечательные ткацкие баллады, фрагмент «в невеселом городе Тавризе, где сады, сады, полюбил я лирику Гафиза и простую мудрость Саади», — все это обязано своим рождением перевороту, перелому, наступившему в творчестве Санникова. Дело теперь для поэта уже не <rs ref="Ленин (Ульянов), Владимир Ильич" type="person"></rs><rs ref="Саади, Муслихиддин Абу Мухаммед Абдаллах ибн Мушрифаддин" type="person"></rs><rs ref="Санников, Григорий Александрович" type="person"></rs></p>
<p>в узорности, не в орнаментике как таковой, не в изощренности так называемого восточного искусства, которое в «Египтянах» иронически названо супрематистским. Шерсть, из которой ткутся ковры, прополоскана в коровьей моче. В цветных нитях бегут труды и дни дехканства.</p>
<p>Но читатель вправе спросить: удалась ли Санникову его основная задача?<rs ref="Санников, Григорий Александрович" type="person"></rs></p>
<p>Необходимо указать, что в «Каучуке», несмотря на его перегруженность научными формулами, несмотря на песню шелестящих шин, настойчиво требующих труда, изобретательства, социального творчества, основное действие, т.е. борьба за советский каучук в обстановке классовых боев, дано сквозь дымку условной романтической поэмы. Байская дочь Рейхан, у которой отца раскулачили и отправили в Караганду, — «казачка, похожая на Офелию». И в этом последнем обстоятельстве, конечно, никакой беды нет, но плохо то, что функционально, в силу нагрузки образа, эта кулацкая Офелия, поднимающая Алаш-Арду против Кызыл-аскеров с феодальным знаменем, на котором начертан старый закон — Адат, — оказывается героиней второй поэмы, просвечивающей сквозь первую.<rs ref="Караганда" type="geo_index"></rs><rs ref="Адалис (Ефрон), Аделина Ефимовна" type="person"></rs><rs ref="Байрон, Джордж Ноэл Гордон" type="person"></rs></p>
<p>Крепнущие кадры всевозможных специальностей, которые так дороги Санникову, не могут быть поэтически характеризованы с помощью переклички сегодняшнего героя и, например, Алеко из пушкинских «Цыган». Для того, чтобы связать диалектическую часть «Египтян» с романтической подосновой, Санников охотно прибегает к пародии, к едкой лирической иронии. Так, сравнивает он растерявшегося от личных и общественных неудач Кречетова с тенью Петрарки, вздыхающего по Лауре в долине реки Сарги, и »говорит о «кречетовской луне». Подобными нитками, однако, не заштопаешь разрыва.<rs ref="Сарго" type="geo_index"></rs><rs ref="Александр Македонский" type="person"></rs><rs ref="Лаура," type="person"></rs><rs ref="Петрарка, Франческо" type="person"></rs><rs ref="Санников, Григорий Александрович" type="person"></rs></p>
<p>В «Египтянах» не существует второй просвечивающей поэмы. Восстание басмачей здесь не опоэтизировано по Марлинскому, как авантюра Рейхан в «Каучуке». Разрыв идет по другой линии: между изобразительной и деловой частью поэмы — «куполообразная, беспамятная, старая, окаменелая мечеть Тимура». Тут же рядом бешеное и сложное движение:<rs ref="Тимур" type="person"></rs></p>
<p>Санников великолепно понимает огромное историческое значение советской химии. Он сознает всю глубокую связь между творческими поисками этой революционнейшей отрасли нашего научного мышления и методами поэзии. Однако он только учится химии на глазах у читателя, сдает свои зачеты: «углерод четырехвалентен; одновалентен всегда водород». «Полимеризация даст переворот — диметилдивинил элементов. Диметилдивинил, или CH<rs ref="Санников, Григорий Александрович" type="person"></rs></p>
<p> = С(CH</p>
<p>) — С(CH</p>
<p>) = CH</p>
<p>. Все это правильно и к поэзии (здесь мы расходимся с любителями «изящного» как такового) имеет самое близкое отношение; но здесь ровно ничего не сделано для взаимного сближения поэтической и химической мысли. Научный термин — только словесный знак, насыщенный понятиями. Водород — самый подвижный элемент в органической химии. Перемещаясь, вступая в соединения, он работает с удивительной дерзостью, как гимнаст на трапеции. Санников же работает на узорчатом персидском коврике. Высоту Тимуровой мечети он изображает хорошо, а дерзость органической химии передает экзаменационным лепетом.<rs ref="Персия" type="geo_index"></rs><rs ref="Санников, Григорий Александрович" type="person"></rs><rs ref="Тимур" type="person"></rs></p>
<p>Иногда с поэтом случаются курьезы, потому что для социально ценного содержания он не умеет найти естественной поэтической формы.</p>
<p>Настоящий балаганный раешник, речь ярмарочного зазывалы с бойкой и нелепой рифмовкой отвлеченных слов.</p>
<p>Традиционно прозрачные «бахчисарайские» строфы перемежаются с многоярусными формулами социологии и химии, грубо уложенными в стихи. Автор на одной странице бывает красноречив и многоязычен, традиционен, как старообразный школьник, и лихорадочно современен, как мастер революционного репортажа. Зрелость, косность, подражательность и новизна удивительно совмещаются в одном поэте.</p>
<p>Поэмы «Каучук» и «Египтяне» похожи на ранние географические карты с неосвоенными пространствами. Санников, например, берет в типографскую рамку интересные цифровые сводки, нумеруя их как строфы. Цифры сами по себе замечательно выпуклы. Но какое здесь неуважение к числу, <rs ref="Санников, Григорий Александрович" type="person"></rs><rs ref="Санников, Григорий Александрович" type="person"></rs></p>
<p>непонимание образной творческой природы числового мышления. Чтобы цифры советской статистической науки заговорили поэтическим языком, надо и над ними проделать такую же положительную работу, как и над словом. Голое цитирование даже самого замечательного факта — только типографский прием. Никакой дерзости и новизны в этом приеме нет. Гораздо важнее то, что происходит внутри поэтического хозяйства Санникова, т.е. внутренняя сдача позиций белому пятну поэтически не освоенного факта. При этом всегда условно сохраняется видимость, и только видимость, оживленного лиро-эпического рассказа, и больше того: манера автора всякий раз в таких случаях приобретает невероятную бойкость. Образное оживление таких мест идет за счет воспоминаний из древней истории: «по Геродоту, солдаты Ксеркса были в хлопковых одеждах, Искандер, прободая Персию, видел муслины нежные»...<rs ref="Персия" type="geo_index"></rs><rs ref="Персия" type="geo_index"></rs><rs ref="Геродот" type="person"></rs><rs ref="Ксеркс," type="person"></rs><rs ref="Санников, Григорий Александрович" type="person"></rs></p>
<p>Но как только дело доходит до прозаического мяса, до упорствующего сырья, — Санников решительно пе��естает изобретать, но стучит на пишущей машинке:<rs ref="Санников, Григорий Александрович" type="person"></rs></p>
<p>Метрически однозначащие девятисложные строчки являются здесь обыкновенными единицами прозаической речи, притом очень дурно построенной, т.к. естественная живая проза не терпит однообразия: абсолютно однородные части не соединяются в ткань.</p>
<p>Сотрудничество советского поэта с широчайшими кадрами строителей социализма, с работниками науки, с колхозниками, с красноармейцами должно быть поэтически образующей силой, должно найти свое прямое отражение в самой структуре произведения, в каждой клетке поэтической ткани. Когда Санников заканчивает: «Египтянин победил», т.е. высокосортный, культурный хлопок засеял сотни тысяч колхозных гектаров — с исторической необходимостью, несмотря на все происки врага, то хозяйственная победа является здесь последним звеном поэтической композиции.<rs ref="Санников, Григорий Александрович" type="person"></rs></p>
<p>Однако нельзя передоверять своей поэтической работы даже рожденному в коллективных усилиях жизненному факту, нельзя украшаться этим фактом, только регистрируя его.</p>
<p>Научная формула должна претвориться в дышащее слово, </p>
<p>сложнейшие элементы строительства — в поэтическую химию — в единый и целеустремленный стиль. Партийная мысль должна быть не изложена, а продолжена в поэтическом порыве.</p>
<date when="1935">1935</date>
</div2>
</div1>
</body>
</text>
</tei>
