<?xml version='1.0' encoding='UTF8'?>
<tei xmlns="http://www.tei-c.org/ns/1.0">
<teiheader>
<filedesc>
<titlestmt>
<title>Варианты. Армения</title>
<author>О.Э. Мандельштам</author>
</titlestmt>
<publicationstmt>
<p>АРТ-БИЗНЕС-ЦЕНТР МОСКВА 1993</p>
<biblstruct>
<biblscope n="" type="volume"></biblscope>
<biblscope n="" type="part"></biblscope>
</biblstruct></publicationstmt>
<sourcedesc>
<p>Издание подготовлено Мандельштамовским обществом</p>
</sourcedesc>
<respstmt>
<resp>Подготовка и разметка файлов - Алексей Литвинцев, Вероника Файнберг. Создание
          электронного ресурса - Тимофей Молчанов. Руководители проекта - Центр Digital Humanities,
          Мандельштамовское общество (НИУ ВШЭ).</resp>
</respstmt></filedesc>
<profiledesc>
<textdesc n="poem"></textdesc>
<textclass>
<catref target="Series([], Name: ID, dtype: object)" type="ID"></catref>
<catref target="Series([], Name: Источник, dtype: object)" type="Источник"></catref>
<catref target="Series([], Name: Жанр художественной литературы, dtype: object)" type="Жанр художественной литературы"></catref>
<catref target="Series([], Name: Уточнение жанра 1, dtype: object)" type="Уточнение жанра"></catref>
<catref target="Series([], Name: Метр, dtype: object)" type="Метр"></catref>
<catref target="Series([], Name: Длина строки, dtype: object)" type="Длина строки"></catref>
<catref target="Series([], Name: Клаузула, dtype: object)" type="Клаузула"></catref>
<catref target="Series([], Name: Уточнение клаузулы 1, dtype: object)" type="Уточнение клаузулы"></catref>
<catref target="Series([], Name: Классическая строфа, dtype: object)" type="Классическая строфа"></catref>
<catref target="Series([], Name: Рифма, dtype: object)" type="Рифма"></catref>
<catref target="Series([], Name: Схема рифмовки, dtype: object)" type="Схема рифмовки"></catref>
<catref target="Series([], Name: Метрическая формула, dtype: object)" type="Метрическая формула"></catref>
<catref target="Series([], Name: Дополнительные параметры, dtype: object)" type="Дополнительные параметры"></catref>
<catref target="Series([], Name: Число строк, dtype: int64)" type="Число строк"></catref>
<catref target="Series([], Name: Автор оригинала, dtype: object)" type="Автор оригинала"></catref>
<catref target="Series([], Name: Язык оригинала, dtype: object)" type="Язык оригинала"></catref>
</textclass></profiledesc>
</teiheader>
<text>
<body>
<div1 n="3" type="volume">
<div2 n="4а" type="part">
<head>ПРИЛОЖЕНИЯ
СТИХОТВОРЕНИЯ
(Ранние pедакции и ваpианты)</head>
<head>4а.</head>
<lg type="quatrain">
<l n="1">Ломается мел, и крошится</l>
<l n="2">Ребенка цветной карандаш...</l>
<l n="3">Мне утро армянское снится,</l>
<l n="4">Когда выпекают лаваш.</l>
</lg>
<lg type="quatrain">
<l n="5">И с хлебом играющий в жмурки</l>
<l n="6">Их вешает булочник в ряд,</l>
<l n="7">Чтоб высохли барсовы шкурки</l>
<l n="8">До солнца убитых зверят.</l>
</lg>
<lg type="quatrain">
<l n="9">Страна москательных пожаров</l>
<l n="10">И мертвых гончарных равнин,</l>
<l n="11">Ты рыжебородых сардаров</l>
<l n="12">Терпела средь камней и глин.</l>
</lg>
<lg type="quatrain">
<l n="13">Вдали якорей и трезубцев,</l>
<l n="14">Где жухлый почил материк,</l>
<l n="15">Ты видела всех жизнелюбцев,</l>
<l n="16">Всех казнелюбивых владык.</l>
</lg>
<lg type="quatrain">
<l n="17">И, крови моей не волнуя,</l>
<l n="18">Как детский рисунок, просты,</l>
<l n="19">Здесь жены проходят, даруя</l>
<l n="20">От львиной своей красоты.</l>
</lg>
<lg type="quatrain">
<l n="21">Как люб мне язык твой зловещий,</l>
<l n="22">Твои молодые гроба,</l>
<l n="23">Где буквы — кузнечные клещи</l>
<l n="24">И каждое слово — скоба.</l>
</lg>
<lg type="quatrain">
<l n="25">Раздвинь осьмигранные плечи</l>
<l n="26">Мужицких бычачьих церквей,</l>
<l n="27">В очаг потухающей речи</l>
<l n="28">Открой мне дорогу скорей.</l>
</lg>
<lg type="quatrain">
<l n="29">Багряные «уни» и «ани» — </l>
<l n="30">Натуга великих родов — </l>
<l n="31">Обратно под своды гортани</l>
<l n="32">Рванулась запряжка быков.</l>
</lg>
<date when="1930-10-16">16 октября 1930</date>
</div2>
</div1>
</body>
</text>
</tei>
