<?xml version='1.0' encoding='UTF8'?>
<tei xmlns="http://www.tei-c.org/ns/1.0">
<teiheader>
<filedesc>
<titlestmt>
<title>Варианты. «С миром державным я был лишь ребячески связан...»</title>
<author>О.Э. Мандельштам</author>
</titlestmt>
<publicationstmt>
<p>АРТ-БИЗНЕС-ЦЕНТР МОСКВА 1993</p>
<biblstruct>
<biblscope n="" type="volume"></biblscope>
<biblscope n="" type="part"></biblscope>
</biblstruct></publicationstmt>
<sourcedesc>
<p>Издание подготовлено Мандельштамовским обществом</p>
</sourcedesc>
<respstmt>
<resp>Подготовка и разметка файлов - Алексей Литвинцев, Вероника Файнберг. Создание
          электронного ресурса - Тимофей Молчанов. Руководители проекта - Центр Digital Humanities,
          Мандельштамовское общество (НИУ ВШЭ).</resp>
</respstmt></filedesc>
<profiledesc>
<textdesc n="poem"></textdesc>
<textclass>
<catref target="Series([], Name: ID, dtype: object)" type="ID"></catref>
<catref target="Series([], Name: Источник, dtype: object)" type="Источник"></catref>
<catref target="Series([], Name: Жанр художественной литературы, dtype: object)" type="Жанр художественной литературы"></catref>
<catref target="Series([], Name: Уточнение жанра 1, dtype: object)" type="Уточнение жанра"></catref>
<catref target="Series([], Name: Метр, dtype: object)" type="Метр"></catref>
<catref target="Series([], Name: Длина строки, dtype: object)" type="Длина строки"></catref>
<catref target="Series([], Name: Клаузула, dtype: object)" type="Клаузула"></catref>
<catref target="Series([], Name: Уточнение клаузулы 1, dtype: object)" type="Уточнение клаузулы"></catref>
<catref target="Series([], Name: Классическая строфа, dtype: object)" type="Классическая строфа"></catref>
<catref target="Series([], Name: Рифма, dtype: object)" type="Рифма"></catref>
<catref target="Series([], Name: Схема рифмовки, dtype: object)" type="Схема рифмовки"></catref>
<catref target="Series([], Name: Метрическая формула, dtype: object)" type="Метрическая формула"></catref>
<catref target="Series([], Name: Дополнительные параметры, dtype: object)" type="Дополнительные параметры"></catref>
<catref target="Series([], Name: Число строк, dtype: int64)" type="Число строк"></catref>
<catref target="Series([], Name: Автор оригинала, dtype: object)" type="Автор оригинала"></catref>
<catref target="Series([], Name: Язык оригинала, dtype: object)" type="Язык оригинала"></catref>
</textclass></profiledesc>
</teiheader>
<text>
<body>
<div1 n="3" type="volume">
<div2 n="22а" type="part">
<head>22а.</head>
<lg type="quatrain">
<l n="1">С миром державным я был лишь ребячески связан,</l>
<l n="2">Устриц боялся и на гвардейцев смотрел исподлобья — </l>
<l n="3">И ни крупицей души я ему не обязан,</l>
<l n="4">Как я ни мучил себя по чужому подобью.</l>
</lg>
<lg type="quatrain">
<l n="5">С важностью глупой, насупившись, в митре бобровой</l>
<l n="6">Я не стоял под египетским портиком банка,</l>
<l n="7">И над лимонной Невою под хруст сторублевый</l>
<l n="8">Мне никогда, никогда не плясала цыганка.</l>
</lg>
<lg type="couplet">
<l n="9">Чуя грядущие казни, от рева событий мятежных</l>
<l n="10">Я убежал к нереидам на Черное море,<rs ref="Черное море" type="geo_index"></rs></l>
</lg>
<lg type="quatrain">
<l n="11">Так отчего ж до сих пор этот город довлеет</l>
<l n="12">Мыслям и чувствам моим по старинному праву?</l>
<l n="13">Он от пожаров еще и морозов наглее — </l>
<l n="14">Самолюбивый, проклятый, пустой, моложавый!</l>
</lg>
<date when="1931-01">Январь 1931</date>
</div2>
</div1>
</body>
</text>
</tei>
