<?xml version='1.0' encoding='UTF8'?>
<tei xmlns="http://www.tei-c.org/ns/1.0">
<teiheader>
<filedesc>
<titlestmt>
<title>Варианты. Рояль</title>
<author>О.Э. Мандельштам</author>
</titlestmt>
<publicationstmt>
<p>АРТ-БИЗНЕС-ЦЕНТР МОСКВА 1993</p>
<biblstruct>
<biblscope n="" type="volume"></biblscope>
<biblscope n="" type="part"></biblscope>
</biblstruct></publicationstmt>
<sourcedesc>
<p>Издание подготовлено Мандельштамовским обществом</p>
</sourcedesc>
<respstmt>
<resp>Подготовка и разметка файлов - Алексей Литвинцев, Вероника Файнберг. Создание
          электронного ресурса - Тимофей Молчанов. Руководители проекта - Центр Digital Humanities,
          Мандельштамовское общество (НИУ ВШЭ).</resp>
</respstmt></filedesc>
<profiledesc>
<textdesc n="poem"></textdesc>
<textclass>
<catref target="Series([], Name: ID, dtype: object)" type="ID"></catref>
<catref target="Series([], Name: Источник, dtype: object)" type="Источник"></catref>
<catref target="Series([], Name: Жанр художественной литературы, dtype: object)" type="Жанр художественной литературы"></catref>
<catref target="Series([], Name: Уточнение жанра 1, dtype: object)" type="Уточнение жанра"></catref>
<catref target="Series([], Name: Метр, dtype: object)" type="Метр"></catref>
<catref target="Series([], Name: Длина строки, dtype: object)" type="Длина строки"></catref>
<catref target="Series([], Name: Клаузула, dtype: object)" type="Клаузула"></catref>
<catref target="Series([], Name: Уточнение клаузулы 1, dtype: object)" type="Уточнение клаузулы"></catref>
<catref target="Series([], Name: Классическая строфа, dtype: object)" type="Классическая строфа"></catref>
<catref target="Series([], Name: Рифма, dtype: object)" type="Рифма"></catref>
<catref target="Series([], Name: Схема рифмовки, dtype: object)" type="Схема рифмовки"></catref>
<catref target="Series([], Name: Метрическая формула, dtype: object)" type="Метрическая формула"></catref>
<catref target="Series([], Name: Дополнительные параметры, dtype: object)" type="Дополнительные параметры"></catref>
<catref target="Series([], Name: Число строк, dtype: int64)" type="Число строк"></catref>
<catref target="Series([], Name: Автор оригинала, dtype: object)" type="Автор оригинала"></catref>
<catref target="Series([], Name: Язык оригинала, dtype: object)" type="Язык оригинала"></catref>
</textclass></profiledesc>
</teiheader>
<text>
<body>
<div1 n="3" type="volume">
<div2 n="34а" type="part">
<head>34а.
РОЯЛЬ</head>
<lg type="quatrain">
<l n="1">Как парламент, жующий фронду,</l>
<l n="2">Вяло дышит огромный зал — </l>
<l n="3">Не идет Гора на Жиронду,</l>
<l n="4">И не крепнет сословий вал.</l>
</lg>
<lg type="quatrain">
<l n="5">Оскорбленный и оскорбитель,</l>
<l n="6">Не звучит рояль-Голиаф — </l>
<l n="7">Звуколюбец, душемутитель,</l>
<l n="8">Мирабо фортепьянных прав.<rs ref="Мирабо, Оноре Габриель Рикетти" type="person"></rs></l>
</lg>
<lg type="quatrain">
<l n="9">Разве руки мои — кувалды?</l>
<l n="10">Десять пальцев — мой табунок!</l>
<l n="11">И вскочил, отряхая фалды,</l>
<l n="12">Мастер Генрих — конек-горбунок.</l>
</lg>
<lg type="quatrain">
<l n="13">Не прелюды он и не вальсы,</l>
<l n="14">И не Листа листал листы,<rs ref="Лист, Ференц" type="person"></rs></l>
<l n="15">В нем росли и переливались</l>
<l n="16">Волны внутренней правоты.</l>
</lg>
<lg type="quatrain">
<l n="17">Чтобы в мире стало просторней,</l>
<l n="18">Ради сложности мировой,</l>
<l n="19">Не втирайте в клавиши корень</l>
<l n="20">Сладковатой груши земной.</l>
</lg>
<lg type="quatrain">
<l n="21">Чтоб смолою соната джина</l>
<l n="22">Проступила из позвонков,</l>
<l n="23">Нюренбергская есть пружина,</l>
<l n="24">Выпрямляющая мертвецов.</l>
</lg>
</div2>
</div1>
</body>
</text>
</tei>
