<?xml version='1.0' encoding='UTF8'?>
<tei xmlns="http://www.tei-c.org/ns/1.0">
<teiheader>
<filedesc>
<titlestmt>
<title>Варианты. «Дикая кошка — армянская речь...»</title>
<author>О.Э. Мандельштам</author>
</titlestmt>
<publicationstmt>
<p>АРТ-БИЗНЕС-ЦЕНТР МОСКВА 1993</p>
<biblstruct>
<biblscope n="" type="volume"></biblscope>
<biblscope n="" type="part"></biblscope>
</biblstruct></publicationstmt>
<sourcedesc>
<p>Издание подготовлено Мандельштамовским обществом</p>
</sourcedesc>
<respstmt>
<resp>Подготовка и разметка файлов - Алексей Литвинцев, Вероника Файнберг. Создание
          электронного ресурса - Тимофей Молчанов. Руководители проекта - Центр Digital Humanities,
          Мандельштамовское общество (НИУ ВШЭ).</resp>
</respstmt></filedesc>
<profiledesc>
<textdesc n="poem"></textdesc>
<textclass>
<catref target="Series([], Name: ID, dtype: object)" type="ID"></catref>
<catref target="Series([], Name: Источник, dtype: object)" type="Источник"></catref>
<catref target="Series([], Name: Жанр художественной литературы, dtype: object)" type="Жанр художественной литературы"></catref>
<catref target="Series([], Name: Уточнение жанра 1, dtype: object)" type="Уточнение жанра"></catref>
<catref target="Series([], Name: Метр, dtype: object)" type="Метр"></catref>
<catref target="Series([], Name: Длина строки, dtype: object)" type="Длина строки"></catref>
<catref target="Series([], Name: Клаузула, dtype: object)" type="Клаузула"></catref>
<catref target="Series([], Name: Уточнение клаузулы 1, dtype: object)" type="Уточнение клаузулы"></catref>
<catref target="Series([], Name: Классическая строфа, dtype: object)" type="Классическая строфа"></catref>
<catref target="Series([], Name: Рифма, dtype: object)" type="Рифма"></catref>
<catref target="Series([], Name: Схема рифмовки, dtype: object)" type="Схема рифмовки"></catref>
<catref target="Series([], Name: Метрическая формула, dtype: object)" type="Метрическая формула"></catref>
<catref target="Series([], Name: Дополнительные параметры, dtype: object)" type="Дополнительные параметры"></catref>
<catref target="Series([], Name: Число строк, dtype: int64)" type="Число строк"></catref>
<catref target="Series([], Name: Автор оригинала, dtype: object)" type="Автор оригинала"></catref>
<catref target="Series([], Name: Язык оригинала, dtype: object)" type="Язык оригинала"></catref>
</textclass></profiledesc>
</teiheader>
<text>
<body>
<div1 n="3" type="volume">
<div2 n="19а" type="part">
<head>19а.</head>
<lg type="quatrain">
<l n="1">Дикая кошка — армянская речь — </l>
<l n="2">Мучит меня и царапает ухо.</l>
<l n="3">Хоть на постели горбатой прилечь:</l>
<l n="4">О, лихорадка, о, злая маруха!</l>
</lg>
<lg type="quatrain">
<l n="5">Падают вниз с потолка светляки,</l>
<l n="6">Ползают мухи по липкой простыне,</l>
<l n="7">И маршируют повзводно полки</l>
<l n="8">Птиц голенастых на желтой равнине.</l>
</lg>
<lg type="quatrain">
<l n="9">Страшен чиновник — лицо как тюфяк,</l>
<l n="10">Нету его ни жалчей, ни нелепей,</l>
<l n="11">Командированный — мать твою так!— </l>
<l n="12">Без подорожной в армянские степи.</l>
</lg>
<lg type="couplet">
<l n="13">Ты пропади </l>
<l n="14"> говорят,</l>
</lg>
<lg type="quatrain">
<l n="15">Грянет ли в двери знакомое:— Ба!</l>
<l n="16">Ты ли, дружище, — какая издевка!</l>
<l n="17">Долго ль еще нам ходить по гроба,</l>
<l n="18">Как по грибы деревенская девка?..</l>
</lg>
<lg type="quatrain">
<l n="19">Были мы люди, а стали людьё,</l>
<l n="20">И суждено мне, должно быть, в награду</l>
<l n="21">Лишь роковое в боку колотье</l>
<l n="22">Да эрзерумский стакан лимонаду.</l>
</lg>
<date when="1930-10">Тифлис, октябрь 1930</date>
<rs ref="Тифлис" type="geo_index"></rs>
</div2>
</div1>
</body>
</text>
</tei>
