<?xml version='1.0' encoding='UTF8'?>
<tei xmlns="http://www.tei-c.org/ns/1.0">
<teiheader>
<filedesc>
<titlestmt>
<title>Варианты. «Увы, растаяла свеча...»</title>
<author>О.Э. Мандельштам</author>
</titlestmt>
<publicationstmt>
<p>АРТ-БИЗНЕС-ЦЕНТР МОСКВА 1993</p>
<biblstruct>
<biblscope n="" type="volume"></biblscope>
<biblscope n="" type="part"></biblscope>
</biblstruct></publicationstmt>
<sourcedesc>
<p>Издание подготовлено Мандельштамовским обществом</p>
</sourcedesc>
<respstmt>
<resp>Подготовка и разметка файлов - Алексей Литвинцев, Вероника Файнберг. Создание
          электронного ресурса - Тимофей Молчанов. Руководители проекта - Центр Digital Humanities,
          Мандельштамовское общество (НИУ ВШЭ).</resp>
</respstmt></filedesc>
<profiledesc>
<textdesc n="poem"></textdesc>
<textclass>
<catref target="Series([], Name: ID, dtype: object)" type="ID"></catref>
<catref target="Series([], Name: Источник, dtype: object)" type="Источник"></catref>
<catref target="Series([], Name: Жанр художественной литературы, dtype: object)" type="Жанр художественной литературы"></catref>
<catref target="Series([], Name: Уточнение жанра 1, dtype: object)" type="Уточнение жанра"></catref>
<catref target="Series([], Name: Метр, dtype: object)" type="Метр"></catref>
<catref target="Series([], Name: Длина строки, dtype: object)" type="Длина строки"></catref>
<catref target="Series([], Name: Клаузула, dtype: object)" type="Клаузула"></catref>
<catref target="Series([], Name: Уточнение клаузулы 1, dtype: object)" type="Уточнение клаузулы"></catref>
<catref target="Series([], Name: Классическая строфа, dtype: object)" type="Классическая строфа"></catref>
<catref target="Series([], Name: Рифма, dtype: object)" type="Рифма"></catref>
<catref target="Series([], Name: Схема рифмовки, dtype: object)" type="Схема рифмовки"></catref>
<catref target="Series([], Name: Метрическая формула, dtype: object)" type="Метрическая формула"></catref>
<catref target="Series([], Name: Дополнительные параметры, dtype: object)" type="Дополнительные параметры"></catref>
<catref target="Series([], Name: Число строк, dtype: int64)" type="Число строк"></catref>
<catref target="Series([], Name: Автор оригинала, dtype: object)" type="Автор оригинала"></catref>
<catref target="Series([], Name: Язык оригинала, dtype: object)" type="Язык оригинала"></catref>
</textclass></profiledesc>
</teiheader>
<text>
<body>
<div1 n="3" type="volume">
<div2 n="49а" type="part">
<head>49а.
НОВЕЛЛИНО</head>
<lg type="32_line">
<l n="1">Вы помните, как бегуны</l>
<l n="2">У Данта Алигьери<rs ref="Данте Алигьери" type="person"></rs></l>
<l n="3">Соревновались в честь весны</l>
<l n="4">В своей зеленой вере.</l>
<l n="5">По темнобархатным холмам</l>
<l n="6">В сафьяновых сапожках</l>
<l n="7">Они пестрели по лугам,</l>
<l n="8">Как маки на дорожках.</l>
<l n="9">Уж эти мне говоруны — </l>
<l n="10">Бродяги-флорентийцы,</l>
<l n="11">Отъявленные все лгуны,</l>
<l n="12">Наемные убийцы.</l>
<l n="13">Они под звон колоколов</l>
<l n="14">Молились Богу спьяну,</l>
<l n="15">Они дарили соколов</l>
<l n="16">Турецкому султану.</l>
<l n="17">Увы, растаяла свеча</l>
<l n="18">Молодчиков каленых,</l>
<l n="19">Что хаживали вполплеча</l>
<l n="20">В камзольчиках зеленых,</l>
<l n="21">Что пересиливали срам</l>
<l n="22">И чумную заразу</l>
<l n="23">И всевозможным господам</l>
<l n="24">Прислуживали сразу.</l>
<l n="25">И нет рассказчика для жен</l>
<l n="26">В порочных длинных платьях,</l>
<l n="27">Что проводили дни, как сон,</l>
<l n="28">В пленительных занятьях:</l>
<l n="29">Лепили воск, мотали шелк,</l>
<l n="30">Учили попугаев</l>
<l n="31">И в спальню, видя в этом толк,</l>
<l n="32">Пускали негодяев.</l>
</lg>
<date when="1932-05-22">22 мая 1932</date>
</div2>
</div1>
</body>
</text>
</tei>
