<?xml version='1.0' encoding='UTF8'?>
<tei xmlns="http://www.tei-c.org/ns/1.0">
<teiheader>
<filedesc>
<titlestmt>
<title>Варианты. «Довольно кукситься! Бумаги в стол засунем!..»</title>
<author>О.Э. Мандельштам</author>
</titlestmt>
<publicationstmt>
<p>АРТ-БИЗНЕС-ЦЕНТР МОСКВА 1993</p>
<biblstruct>
<biblscope n="" type="volume"></biblscope>
<biblscope n="" type="part"></biblscope>
</biblstruct></publicationstmt>
<sourcedesc>
<p>Издание подготовлено Мандельштамовским обществом</p>
</sourcedesc>
<respstmt>
<resp>Подготовка и разметка файлов - Алексей Литвинцев, Вероника Файнберг. Создание
          электронного ресурса - Тимофей Молчанов. Руководители проекта - Центр Digital Humanities,
          Мандельштамовское общество (НИУ ВШЭ).</resp>
</respstmt></filedesc>
<profiledesc>
<textdesc n="poem"></textdesc>
<textclass>
<catref target="Series([], Name: ID, dtype: object)" type="ID"></catref>
<catref target="Series([], Name: Источник, dtype: object)" type="Источник"></catref>
<catref target="Series([], Name: Жанр художественной литературы, dtype: object)" type="Жанр художественной литературы"></catref>
<catref target="Series([], Name: Уточнение жанра 1, dtype: object)" type="Уточнение жанра"></catref>
<catref target="Series([], Name: Метр, dtype: object)" type="Метр"></catref>
<catref target="Series([], Name: Длина строки, dtype: object)" type="Длина строки"></catref>
<catref target="Series([], Name: Клаузула, dtype: object)" type="Клаузула"></catref>
<catref target="Series([], Name: Уточнение клаузулы 1, dtype: object)" type="Уточнение клаузулы"></catref>
<catref target="Series([], Name: Классическая строфа, dtype: object)" type="Классическая строфа"></catref>
<catref target="Series([], Name: Рифма, dtype: object)" type="Рифма"></catref>
<catref target="Series([], Name: Схема рифмовки, dtype: object)" type="Схема рифмовки"></catref>
<catref target="Series([], Name: Метрическая формула, dtype: object)" type="Метрическая формула"></catref>
<catref target="Series([], Name: Дополнительные параметры, dtype: object)" type="Дополнительные параметры"></catref>
<catref target="Series([], Name: Число строк, dtype: int64)" type="Число строк"></catref>
<catref target="Series([], Name: Автор оригинала, dtype: object)" type="Автор оригинала"></catref>
<catref target="Series([], Name: Язык оригинала, dtype: object)" type="Язык оригинала"></catref>
</textclass></profiledesc>
</teiheader>
<text>
<body>
<div1 n="3" type="volume">
<div2 n="41а" type="part">
<head>41а.</head>
<lg type="quatrain">
<l n="1">Довольно кукситься! Бумаги в стол засунем!</l>
<l n="2">Я нынче славным бесом обуян,</l>
<l n="3">Как будто в корень голову шампунем</l>
<l n="4">Мне вымыл парикмахер Франсуа.</l>
</lg>
<lg type="quatrain">
<l n="5">Держу пари, что я еще не умер,</l>
<l n="6">И, как жокей, ручаюсь головой,</l>
<l n="7">Что я еще могу набедокурить</l>
<l n="8">На рысистой дорожке беговой.</l>
</lg>
<lg type="quatrain">
<l n="9">Держу в уме, где нынче тридцать первый</l>
<l n="10">Прекрасный год в черемухах цветет</l>
<l n="11">И что еще не народилась стерва,</l>
<l n="12">Которая его перешибет.</l>
</lg>
<lg type="quatrain">
<l n="13">Меня хотели, как пылинку, сдунуть, — </l>
<l n="14">Уж я теперь не юноша, не вьюн,</l>
<l n="15">Держу пари: меня не переплюнуть,</l>
<l n="16">Я сохранил дистанцию мою.</l>
</lg>
<date when="1931-06-07">7 июня 1931</date>
</div2>
</div1>
</body>
</text>
</tei>
