<?xml version='1.0' encoding='UTF8'?>
<tei xmlns="http://www.tei-c.org/ns/1.0">
<teiheader>
<filedesc>
<titlestmt>
<title>Варианты. Канцона</title>
<author>О.Э. Мандельштам</author>
</titlestmt>
<publicationstmt>
<p>АРТ-БИЗНЕС-ЦЕНТР МОСКВА 1993</p>
<biblstruct>
<biblscope n="" type="volume"></biblscope>
<biblscope n="" type="part"></biblscope>
</biblstruct></publicationstmt>
<sourcedesc>
<p>Издание подготовлено Мандельштамовским обществом</p>
</sourcedesc>
<respstmt>
<resp>Подготовка и разметка файлов - Алексей Литвинцев, Вероника Файнберг. Создание
          электронного ресурса - Тимофей Молчанов. Руководители проекта - Центр Digital Humanities,
          Мандельштамовское общество (НИУ ВШЭ).</resp>
</respstmt></filedesc>
<profiledesc>
<textdesc n="poem"></textdesc>
<textclass>
<catref target="Series([], Name: ID, dtype: object)" type="ID"></catref>
<catref target="Series([], Name: Источник, dtype: object)" type="Источник"></catref>
<catref target="Series([], Name: Жанр художественной литературы, dtype: object)" type="Жанр художественной литературы"></catref>
<catref target="Series([], Name: Уточнение жанра 1, dtype: object)" type="Уточнение жанра"></catref>
<catref target="Series([], Name: Метр, dtype: object)" type="Метр"></catref>
<catref target="Series([], Name: Длина строки, dtype: object)" type="Длина строки"></catref>
<catref target="Series([], Name: Клаузула, dtype: object)" type="Клаузула"></catref>
<catref target="Series([], Name: Уточнение клаузулы 1, dtype: object)" type="Уточнение клаузулы"></catref>
<catref target="Series([], Name: Классическая строфа, dtype: object)" type="Классическая строфа"></catref>
<catref target="Series([], Name: Рифма, dtype: object)" type="Рифма"></catref>
<catref target="Series([], Name: Схема рифмовки, dtype: object)" type="Схема рифмовки"></catref>
<catref target="Series([], Name: Метрическая формула, dtype: object)" type="Метрическая формула"></catref>
<catref target="Series([], Name: Дополнительные параметры, dtype: object)" type="Дополнительные параметры"></catref>
<catref target="Series([], Name: Число строк, dtype: int64)" type="Число строк"></catref>
<catref target="Series([], Name: Автор оригинала, dtype: object)" type="Автор оригинала"></catref>
<catref target="Series([], Name: Язык оригинала, dtype: object)" type="Язык оригинала"></catref>
</textclass></profiledesc>
</teiheader>
<text>
<body>
<div1 n="3" type="volume">
<div2 n="37а" type="part">
<head>37а.
[ГЕОГРАФИЯ]</head>
<lg type="quatrain">
<l n="1">Как густое женское контральто — </l>
<l n="2">Слева сердце бьется, — слава, лейся!</l>
<l n="3">Я увижу вас, храмовники базальта,</l>
<l n="4">Вас, держатели могучих акций гнейса.</l>
</lg>
<lg type="quatrain">
<l n="5">То зрачок профессорский орлиный, — </l>
<l n="6">Египтологи и нумизматы — </l>
<l n="7">Это птицы сумрачно-хохлатые</l>
<l n="8">С жестким мясом и широкою грудиной.</l>
</lg>
<lg type="quatrain">
<l n="9">Там Зевес подкручивает с толком<rs ref="Зевс" type="myth_index"></rs></l>
<l n="10">Золотыми пальцами краснодеревца</l>
<l n="11">Замечательные луковицы-стекла — </l>
<l n="12">Прозорливцу дар от псалмопевца.</l>
</lg>
<lg type="quatrain">
<l n="13">Он глядит в бинокль прекрасный Цейса — <rs ref="Цейс, Карл" type="person"></rs></l>
<l n="14">Дорогой подарок царь-Давида — <rs ref="Давид" type="myth_index"></rs></l>
<l n="15">Замечает все морщины гнейсовые,</l>
<l n="16">Где сосна иль деревушка-гнида.</l>
</lg>
<lg type="quatrain">
<l n="17">Я покину край гипербореев,</l>
<l n="18">Чтобы зреньем напитать судьбы развязку,</l>
<l n="19">Я скажу: «села́» начальнику евреев</l>
<l n="20">За его малиновую ласку.</l>
</lg>
<lg type="quatrain">
<l n="21">Край небритых гор еще неясен,</l>
<l n="22">Мелколесья колется щетина,</l>
<l n="23">И свежа, как вымытая басня,</l>
<l n="24">До оскомины зеленая долина.</l>
</lg>
<lg type="quatrain">
<l n="25">Я люблю военные бинокли</l>
<l n="26">С ростовщическою силой зренья.</l>
<l n="27">Две лишь краски в мире не поблекли:</l>
<l n="28">В желтой — зависть, в красной — нетерпенье.</l>
</lg>
<date when="1931-05-26">26 мая 1931</date>
</div2>
</div1>
</body>
</text>
</tei>
