<?xml version='1.0' encoding='UTF8'?>
<tei xmlns="http://www.tei-c.org/ns/1.0">
<teiheader>
<filedesc>
<titlestmt>
<title>Варианты. «Дайте Тютчеву стрекозу...»</title>
<author>О.Э. Мандельштам</author>
</titlestmt>
<publicationstmt>
<p>АРТ-БИЗНЕС-ЦЕНТР МОСКВА 1993</p>
<biblstruct>
<biblscope n="" type="volume"></biblscope>
<biblscope n="" type="part"></biblscope>
</biblstruct></publicationstmt>
<sourcedesc>
<p>Издание подготовлено Мандельштамовским обществом</p>
</sourcedesc>
<respstmt>
<resp>Подготовка и разметка файлов - Алексей Литвинцев, Вероника Файнберг. Создание
          электронного ресурса - Тимофей Молчанов. Руководители проекта - Центр Digital Humanities,
          Мандельштамовское общество (НИУ ВШЭ).</resp>
</respstmt></filedesc>
<profiledesc>
<textdesc n="poem"></textdesc>
<textclass>
<catref target="Series([], Name: ID, dtype: object)" type="ID"></catref>
<catref target="Series([], Name: Источник, dtype: object)" type="Источник"></catref>
<catref target="Series([], Name: Жанр художественной литературы, dtype: object)" type="Жанр художественной литературы"></catref>
<catref target="Series([], Name: Уточнение жанра 1, dtype: object)" type="Уточнение жанра"></catref>
<catref target="Series([], Name: Метр, dtype: object)" type="Метр"></catref>
<catref target="Series([], Name: Длина строки, dtype: object)" type="Длина строки"></catref>
<catref target="Series([], Name: Клаузула, dtype: object)" type="Клаузула"></catref>
<catref target="Series([], Name: Уточнение клаузулы 1, dtype: object)" type="Уточнение клаузулы"></catref>
<catref target="Series([], Name: Классическая строфа, dtype: object)" type="Классическая строфа"></catref>
<catref target="Series([], Name: Рифма, dtype: object)" type="Рифма"></catref>
<catref target="Series([], Name: Схема рифмовки, dtype: object)" type="Схема рифмовки"></catref>
<catref target="Series([], Name: Метрическая формула, dtype: object)" type="Метрическая формула"></catref>
<catref target="Series([], Name: Дополнительные параметры, dtype: object)" type="Дополнительные параметры"></catref>
<catref target="Series([], Name: Число строк, dtype: int64)" type="Число строк"></catref>
<catref target="Series([], Name: Автор оригинала, dtype: object)" type="Автор оригинала"></catref>
<catref target="Series([], Name: Язык оригинала, dtype: object)" type="Язык оригинала"></catref>
</textclass></profiledesc>
</teiheader>
<text>
<body>
<div1 n="3" type="volume">
<div2 n="52а" type="part">
<head>52а.</head>
<lg type="quatrain">
<l n="1">Дайте Тютчеву стреко́зу<rs ref="Тютчев, Федор Иванович" type="person"></rs></l>
<l n="2">Догадайтесь, почему</l>
<l n="3">Веневитинову розу,<rs ref="Веневитинов, Дмитрий Владимирович" type="person"></rs></l>
<l n="4">Ну, а перстень — никому</l>
</lg>
<lg type="quatrain">
<l n="5">Пятна жирно-нефтяные<rs ref="Москва" type="geo_index"></rs></l>
<l n="6">Не просохли в купах лип</l>
<l n="7">Как наряды тафтяные</l>
<l n="8">Прячут листья шелка скрип.</l>
</lg>
<lg type="quatrain">
<l n="9">Тихо шаркают подошвы</l>
<l n="10">Недочитанных стихов,</l>
<l n="11">И плывут без всякой прошвы</l>
<l n="12">Наволочки облаков.</l>
</lg>
<lg type="quatrain">
<l n="13">А еще над нами волен</l>
<l n="14">Лермонтов, мучитель наш,<rs ref="Лермонтов, Михаил Юрьевич" type="person"></rs></l>
<l n="15">И всегда одышкой болен</l>
<l n="16">Фета жирный карандаш.<rs ref="Фет (Шеншин), Афанасий Афанасьевич" type="person"></rs></l>
</lg>
<date when="1932-05">‹Май 1932›</date>
</div2>
</div1>
</body>
</text>
</tei>
