<?xml version='1.0' encoding='UTF8'?>
<tei xmlns="http://www.tei-c.org/ns/1.0">
<teiheader>
<filedesc>
<titlestmt>
<title>Варианты. ‹Из Фр. Петрарки› ‹4›. «Промчались дни мои — как бы оленей...»</title>
<author>О.Э. Мандельштам</author>
</titlestmt>
<publicationstmt>
<p>АРТ-БИЗНЕС-ЦЕНТР МОСКВА 1993</p>
<biblstruct>
<biblscope n="" type="volume"></biblscope>
<biblscope n="" type="part"></biblscope>
</biblstruct></publicationstmt>
<sourcedesc>
<p>Издание подготовлено Мандельштамовским обществом</p>
</sourcedesc>
<respstmt>
<resp>Подготовка и разметка файлов - Алексей Литвинцев, Вероника Файнберг. Создание
          электронного ресурса - Тимофей Молчанов. Руководители проекта - Центр Digital Humanities,
          Мандельштамовское общество (НИУ ВШЭ).</resp>
</respstmt></filedesc>
<profiledesc>
<textdesc n="poem"></textdesc>
<textclass>
<catref target="Series([], Name: ID, dtype: object)" type="ID"></catref>
<catref target="Series([], Name: Источник, dtype: object)" type="Источник"></catref>
<catref target="Series([], Name: Жанр художественной литературы, dtype: object)" type="Жанр художественной литературы"></catref>
<catref target="Series([], Name: Уточнение жанра 1, dtype: object)" type="Уточнение жанра"></catref>
<catref target="Series([], Name: Метр, dtype: object)" type="Метр"></catref>
<catref target="Series([], Name: Длина строки, dtype: object)" type="Длина строки"></catref>
<catref target="Series([], Name: Клаузула, dtype: object)" type="Клаузула"></catref>
<catref target="Series([], Name: Уточнение клаузулы 1, dtype: object)" type="Уточнение клаузулы"></catref>
<catref target="Series([], Name: Классическая строфа, dtype: object)" type="Классическая строфа"></catref>
<catref target="Series([], Name: Рифма, dtype: object)" type="Рифма"></catref>
<catref target="Series([], Name: Схема рифмовки, dtype: object)" type="Схема рифмовки"></catref>
<catref target="Series([], Name: Метрическая формула, dtype: object)" type="Метрическая формула"></catref>
<catref target="Series([], Name: Дополнительные параметры, dtype: object)" type="Дополнительные параметры"></catref>
<catref target="Series([], Name: Число строк, dtype: int64)" type="Число строк"></catref>
<catref target="Series([], Name: Автор оригинала, dtype: object)" type="Автор оригинала"></catref>
<catref target="Series([], Name: Язык оригинала, dtype: object)" type="Язык оригинала"></catref>
</textclass></profiledesc>
</teiheader>
<text>
<body>
<div1 n="3" type="volume">
<div2 n="82а" type="part">
<head>82а.</head>
<lg type="quatrain">
<l n="1">Промчались дни мои — как бы оленей</l>
<l n="2">Косящий бег. Срок счастья был короче,</l>
<l n="3">Чем взмах ресницы. Из последней мочи</l>
<l n="4">Я в горсть зажал лишь память наслаждений.</l>
</lg>
<lg type="quatrain">
<l n="5">Нет, не хочу надменных обольщений.</l>
<l n="6">Ночует сердце в склепе скромной ночи,</l>
<l n="7">К земле бескостной жмется. Средоточий</l>
<l n="8">Знакомых ищет, сладостных сплетений.</l>
</lg>
<lg type="tercet">
<l n="9">Но то, что в ней едва существовало,</l>
<l n="10">Днесь, вырвавшись наверх, в очаг лазури,</l>
<l n="11">Пленять и ранить может, как бывало.</l>
</lg>
<lg type="tercet">
<l n="12">И я догадываюсь, брови хмуря,</l>
<l n="13">Как хороша? К какой толпе пристала?</l>
<l n="14">Как там клубится легких складок буря?</l>
</lg>
</div2>
</div1>
</body>
</text>
</tei>
