<?xml version='1.0' encoding='UTF8'?>
<tei xmlns="http://www.tei-c.org/ns/1.0">
<teiheader>
<filedesc>
<titlestmt>
<title>Варианты. К немецкой речи</title>
<author>О.Э. Мандельштам</author>
</titlestmt>
<publicationstmt>
<p>АРТ-БИЗНЕС-ЦЕНТР МОСКВА 1993</p>
<biblstruct>
<biblscope n="" type="volume"></biblscope>
<biblscope n="" type="part"></biblscope>
</biblstruct></publicationstmt>
<sourcedesc>
<p>Издание подготовлено Мандельштамовским обществом</p>
</sourcedesc>
<respstmt>
<resp>Подготовка и разметка файлов - Алексей Литвинцев, Вероника Файнберг. Создание
          электронного ресурса - Тимофей Молчанов. Руководители проекта - Центр Digital Humanities,
          Мандельштамовское общество (НИУ ВШЭ).</resp>
</respstmt></filedesc>
<profiledesc>
<textdesc n="poem"></textdesc>
<textclass>
<catref target="Series([], Name: ID, dtype: object)" type="ID"></catref>
<catref target="Series([], Name: Источник, dtype: object)" type="Источник"></catref>
<catref target="Series([], Name: Жанр художественной литературы, dtype: object)" type="Жанр художественной литературы"></catref>
<catref target="Series([], Name: Уточнение жанра 1, dtype: object)" type="Уточнение жанра"></catref>
<catref target="Series([], Name: Метр, dtype: object)" type="Метр"></catref>
<catref target="Series([], Name: Длина строки, dtype: object)" type="Длина строки"></catref>
<catref target="Series([], Name: Клаузула, dtype: object)" type="Клаузула"></catref>
<catref target="Series([], Name: Уточнение клаузулы 1, dtype: object)" type="Уточнение клаузулы"></catref>
<catref target="Series([], Name: Классическая строфа, dtype: object)" type="Классическая строфа"></catref>
<catref target="Series([], Name: Рифма, dtype: object)" type="Рифма"></catref>
<catref target="Series([], Name: Схема рифмовки, dtype: object)" type="Схема рифмовки"></catref>
<catref target="Series([], Name: Метрическая формула, dtype: object)" type="Метрическая формула"></catref>
<catref target="Series([], Name: Дополнительные параметры, dtype: object)" type="Дополнительные параметры"></catref>
<catref target="Series([], Name: Число строк, dtype: int64)" type="Число строк"></catref>
<catref target="Series([], Name: Автор оригинала, dtype: object)" type="Автор оригинала"></catref>
<catref target="Series([], Name: Язык оригинала, dtype: object)" type="Язык оригинала"></catref>
</textclass></profiledesc>
</teiheader>
<text>
<body>
<div1 n="3" type="volume">
<div2 n="58а" type="part">
<head>58а.</head>
<lg type="quatrain">
<l n="1">Когда пылают веймарские свечи</l>
<l n="2">И моль трещит под колпачком чулочным,</l>
<l n="3">Мне хочется воздать немецкой речи</l>
<l n="4">За все, чем я обязан ей бессрочно.</l>
</lg>
<lg type="quatrain">
<l n="5">Есть между нами похвала без лести</l>
<l n="6">И дружба есть в упор, без фарисейства,</l>
<l n="7">Поучимся ж серьезности и чести</l>
<l n="8">На западе у Христиана Клейста.<rs ref="Клейст, Эвальд Христиан" type="person"></rs></l>
</lg>
<lg type="quatrain">
<l n="9">Поэзия, тебе полезны грозы!</l>
<l n="10">Я вспоминаю немца-офицера,</l>
<l n="11">И за эфес его цеплялись розы,</l>
<l n="12">И на губах его была Церера...</l>
</lg>
<lg type="quatrain">
<l n="13">Еще во Франкфурте купцы зевали.<rs ref="Франкфурт-на-Одере" type="geo_index"></rs></l>
<l n="14">Еще о Гете не было известий,<rs ref="Гете, Иоганн Вольфганг" type="person"></rs></l>
<l n="15">Слагались гимны, кони гарцевали</l>
<l n="16">И, словно буквы, прыгали на месте.</l>
</lg>
<lg type="quatrain">
<l n="17">Скажите мне, друзья, в какой Валгалле</l>
<l n="18">Мы вместе с вами щелкали орехи,</l>
<l n="19">Какой свободой вы располагали,</l>
<l n="20">Какие вы поставили мне вехи.</l>
</lg>
<lg type="quatrain">
<l n="21">И прямо со страницы альманаха,</l>
<l n="22">От новизны его первостатейной,</l>
<l n="23">Сбегали в гроб, обманывая пряху,</l>
<l n="24">Как в погребок за кружкой мозельвейна.</l>
</lg>
<lg type="quatrain">
<l n="25">Воспоминаний сумрак шоколадный.</l>
<l n="26">Плющом войны завешан старый Рейн.<rs ref="Рейн" type="geo_index"></rs><rs ref="Москва" type="geo_index"></rs></l>
<l n="27">И я стою в беседке виноградной</l>
<l n="28">Так высоко, весь будущим прореян.</l>
</lg>
<lg type="quatrain">
<l n="29">Так я стою и нет со мною сладу</l>
<l n="30">..............................</l>
<l n="31">Бог На́хтигаль! Дай мне твои рулады</l>
<l n="32">Иль вырви мне язык: [за святотатство!] [я так желаю!]</l>
</lg>
</div2>
</div1>
</body>
</text>
</tei>
