<?xml version='1.0' encoding='UTF8'?>
<tei xmlns="http://www.tei-c.org/ns/1.0">
<teiheader>
<filedesc>
<titlestmt>
<title>Варианты. Стихи о русской поэзии. 2. «Зашумела, задрожала...»</title>
<author>О.Э. Мандельштам</author>
</titlestmt>
<publicationstmt>
<p>АРТ-БИЗНЕС-ЦЕНТР МОСКВА 1993</p>
<biblstruct>
<biblscope n="" type="volume"></biblscope>
<biblscope n="" type="part"></biblscope>
</biblstruct></publicationstmt>
<sourcedesc>
<p>Издание подготовлено Мандельштамовским обществом</p>
</sourcedesc>
<respstmt>
<resp>Подготовка и разметка файлов - Алексей Литвинцев, Вероника Файнберг. Создание
          электронного ресурса - Тимофей Молчанов. Руководители проекта - Центр Digital Humanities,
          Мандельштамовское общество (НИУ ВШЭ).</resp>
</respstmt></filedesc>
<profiledesc>
<textdesc n="poem"></textdesc>
<textclass>
<catref target="Series([], Name: ID, dtype: object)" type="ID"></catref>
<catref target="Series([], Name: Источник, dtype: object)" type="Источник"></catref>
<catref target="Series([], Name: Жанр художественной литературы, dtype: object)" type="Жанр художественной литературы"></catref>
<catref target="Series([], Name: Уточнение жанра 1, dtype: object)" type="Уточнение жанра"></catref>
<catref target="Series([], Name: Метр, dtype: object)" type="Метр"></catref>
<catref target="Series([], Name: Длина строки, dtype: object)" type="Длина строки"></catref>
<catref target="Series([], Name: Клаузула, dtype: object)" type="Клаузула"></catref>
<catref target="Series([], Name: Уточнение клаузулы 1, dtype: object)" type="Уточнение клаузулы"></catref>
<catref target="Series([], Name: Классическая строфа, dtype: object)" type="Классическая строфа"></catref>
<catref target="Series([], Name: Рифма, dtype: object)" type="Рифма"></catref>
<catref target="Series([], Name: Схема рифмовки, dtype: object)" type="Схема рифмовки"></catref>
<catref target="Series([], Name: Метрическая формула, dtype: object)" type="Метрическая формула"></catref>
<catref target="Series([], Name: Дополнительные параметры, dtype: object)" type="Дополнительные параметры"></catref>
<catref target="Series([], Name: Число строк, dtype: int64)" type="Число строк"></catref>
<catref target="Series([], Name: Автор оригинала, dtype: object)" type="Автор оригинала"></catref>
<catref target="Series([], Name: Язык оригинала, dtype: object)" type="Язык оригинала"></catref>
</textclass></profiledesc>
</teiheader>
<text>
<body>
<div1 n="3" type="volume">
<div2 n="55а" type="part">
<head>55а.</head>
<lg type="quatrain">
<l n="1">Зашумела, задрожала,</l>
<l n="2">Как смоковницы листва,</l>
<l n="3">До корней затрепетала</l>
<l n="4">С подмосковными Москва.<rs ref="Москва" type="geo_index"></rs><rs ref="Москва" type="geo_index"></rs></l>
</lg>
<lg type="quatrain">
<l n="5">Катит гром свою тележку</l>
<l n="6">По торговой мостовой,</l>
<l n="7">И расхаживает ливень</l>
<l n="8">С длинной плеткой ручьевой.</l>
</lg>
<lg type="quatrain">
<l n="9">И угодливо-поката</l>
<l n="10">Кажется земля пока,</l>
<l n="11">И в сапожках мягких ката</l>
<l n="12">Выступают облака.</l>
</lg>
<lg type="quatrain">
<l n="13">Капли прыгают галопом,</l>
<l n="14">Скачут градины гурьбой</l>
<l n="15">С рабским потом, с конским топом</l>
<l n="16">И древесною молвой.</l>
</lg>
<date when="1932-07-02">2 июля 1932</date>
</div2>
</div1>
</body>
</text>
</tei>
