<?xml version='1.0' encoding='UTF8'?>
<tei xmlns="http://www.tei-c.org/ns/1.0">
<teiheader>
<filedesc>
<titlestmt>
<title>Варианты. «Холодная весна. Бесхлебный, робкий Крым...»</title>
<author>О.Э. Мандельштам</author>
</titlestmt>
<publicationstmt>
<p>АРТ-БИЗНЕС-ЦЕНТР МОСКВА 1993</p>
<biblstruct>
<biblscope n="" type="volume"></biblscope>
<biblscope n="" type="part"></biblscope>
</biblstruct></publicationstmt>
<sourcedesc>
<p>Издание подготовлено Мандельштамовским обществом</p>
</sourcedesc>
<respstmt>
<resp>Подготовка и разметка файлов - Алексей Литвинцев, Вероника Файнберг. Создание
          электронного ресурса - Тимофей Молчанов. Руководители проекта - Центр Digital Humanities,
          Мандельштамовское общество (НИУ ВШЭ).</resp>
</respstmt></filedesc>
<profiledesc>
<textdesc n="poem"></textdesc>
<textclass>
<catref target="Series([], Name: ID, dtype: object)" type="ID"></catref>
<catref target="Series([], Name: Источник, dtype: object)" type="Источник"></catref>
<catref target="Series([], Name: Жанр художественной литературы, dtype: object)" type="Жанр художественной литературы"></catref>
<catref target="Series([], Name: Уточнение жанра 1, dtype: object)" type="Уточнение жанра"></catref>
<catref target="Series([], Name: Метр, dtype: object)" type="Метр"></catref>
<catref target="Series([], Name: Длина строки, dtype: object)" type="Длина строки"></catref>
<catref target="Series([], Name: Клаузула, dtype: object)" type="Клаузула"></catref>
<catref target="Series([], Name: Уточнение клаузулы 1, dtype: object)" type="Уточнение клаузулы"></catref>
<catref target="Series([], Name: Классическая строфа, dtype: object)" type="Классическая строфа"></catref>
<catref target="Series([], Name: Рифма, dtype: object)" type="Рифма"></catref>
<catref target="Series([], Name: Схема рифмовки, dtype: object)" type="Схема рифмовки"></catref>
<catref target="Series([], Name: Метрическая формула, dtype: object)" type="Метрическая формула"></catref>
<catref target="Series([], Name: Дополнительные параметры, dtype: object)" type="Дополнительные параметры"></catref>
<catref target="Series([], Name: Число строк, dtype: int64)" type="Число строк"></catref>
<catref target="Series([], Name: Автор оригинала, dtype: object)" type="Автор оригинала"></catref>
<catref target="Series([], Name: Язык оригинала, dtype: object)" type="Язык оригинала"></catref>
</textclass></profiledesc>
</teiheader>
<text>
<body>
<div1 n="3" type="volume">
<div2 n="63а" type="part">
<head>63а.</head>
<lg type="quatrain">
<l n="1">Холодная весна. Голодный Старый Крым,<rs ref="Старый Крым" type="geo_index"></rs><rs ref="Сталин (Джугашвили), Иосиф Виссарионович" type="person"></rs></l>
<l n="2">Как был при Врангеле — такой же виноватый.<rs ref="Врангель, Петр Николаевич" type="person"></rs></l>
<l n="3">Овчарки на дворе, на рубищах заплаты,</l>
<l n="4">Такой же серенький, кусающийся дым.</l>
</lg>
<lg type="quatrain">
<l n="5">Все так же хороша рассеянная даль — </l>
<l n="6">Деревья, почками набухшие на малость,</l>
<l n="7">Стоят, как пришлые, и возбуждает жалость</l>
<l n="8">Вчерашней глупостью украшенный миндаль.</l>
</lg>
<lg type="quatrain">
<l n="9">Природа своего не узнает лица,</l>
<l n="10">И тени страшные Украины, Кубани...<rs ref="Кубань" type="geo_index"></rs></l>
<l n="11">Как в туфлях войлочных голодные крестьяне</l>
<l n="12">Калитку стерегут, не трогая кольца...</l>
</lg>
<date when="1933-05">Май 1933</date>
</div2>
</div1>
</body>
</text>
</tei>
