<?xml version='1.0' encoding='UTF8'?>
<tei xmlns="http://www.tei-c.org/ns/1.0">
<teiheader>
<filedesc>
<titlestmt>
<title>Варианты. «Мы живем, под собою не чуя страны...»</title>
<author>О.Э. Мандельштам</author>
</titlestmt>
<publicationstmt>
<p>АРТ-БИЗНЕС-ЦЕНТР МОСКВА 1993</p>
<biblstruct>
<biblscope n="" type="volume"></biblscope>
<biblscope n="" type="part"></biblscope>
</biblstruct></publicationstmt>
<sourcedesc>
<p>Издание подготовлено Мандельштамовским обществом</p>
</sourcedesc>
<respstmt>
<resp>Подготовка и разметка файлов - Алексей Литвинцев, Вероника Файнберг. Создание
          электронного ресурса - Тимофей Молчанов. Руководители проекта - Центр Digital Humanities,
          Мандельштамовское общество (НИУ ВШЭ).</resp>
</respstmt></filedesc>
<profiledesc>
<textdesc n="poem"></textdesc>
<textclass>
<catref target="Series([], Name: ID, dtype: object)" type="ID"></catref>
<catref target="Series([], Name: Источник, dtype: object)" type="Источник"></catref>
<catref target="Series([], Name: Жанр художественной литературы, dtype: object)" type="Жанр художественной литературы"></catref>
<catref target="Series([], Name: Уточнение жанра 1, dtype: object)" type="Уточнение жанра"></catref>
<catref target="Series([], Name: Метр, dtype: object)" type="Метр"></catref>
<catref target="Series([], Name: Длина строки, dtype: object)" type="Длина строки"></catref>
<catref target="Series([], Name: Клаузула, dtype: object)" type="Клаузула"></catref>
<catref target="Series([], Name: Уточнение клаузулы 1, dtype: object)" type="Уточнение клаузулы"></catref>
<catref target="Series([], Name: Классическая строфа, dtype: object)" type="Классическая строфа"></catref>
<catref target="Series([], Name: Рифма, dtype: object)" type="Рифма"></catref>
<catref target="Series([], Name: Схема рифмовки, dtype: object)" type="Схема рифмовки"></catref>
<catref target="Series([], Name: Метрическая формула, dtype: object)" type="Метрическая формула"></catref>
<catref target="Series([], Name: Дополнительные параметры, dtype: object)" type="Дополнительные параметры"></catref>
<catref target="Series([], Name: Число строк, dtype: int64)" type="Число строк"></catref>
<catref target="Series([], Name: Автор оригинала, dtype: object)" type="Автор оригинала"></catref>
<catref target="Series([], Name: Язык оригинала, dtype: object)" type="Язык оригинала"></catref>
</textclass></profiledesc>
</teiheader>
<text>
<body>
<div1 n="3" type="volume">
<div2 n="64а" type="part">
<head>64а.</head>
<lg type="couplet">
<l n="1">Мы живем, под собою не чуя страны,</l>
<l n="2">Наши речи за десять шагов не слышны,</l>
</lg>
<lg type="couplet">
<l n="3">А где хватит на полразговорца,</l>
<l n="4">Там припомнят кремлевского горца.</l>
</lg>
<lg type="couplet">
<l n="5">Его толстые пальцы как черви жирны,</l>
<l n="6">А слова как пудовые гири верны — </l>
</lg>
<lg type="couplet">
<l n="7">Тараканьи смеются усища</l>
<l n="8">И сияют его голенища.</l>
</lg>
<lg type="couplet">
<l n="9">А вокруг него сброд тонкошеих вождей,</l>
<l n="10">Он играет услугами полулюдей — </l>
</lg>
<lg type="couplet">
<l n="11">Кто свистит, кто мяучит, кто хнычет,</l>
<l n="12">Он один лишь бабачит и тычет.</l>
</lg>
<lg type="couplet">
<l n="13">Как подкову, кует за указом указ — </l>
<l n="14">Кому в пах, кому в лоб, кому в бровь, кому в глаз</l>
</lg>
<lg type="couplet">
<l n="15">Что ни казнь у него, то малина</l>
<l n="16">И широкая грудь осетина.</l>
</lg>
<date when="1933-11">Ноябрь 1933</date>
</div2>
</div1>
</body>
</text>
</tei>
