<?xml version='1.0' encoding='UTF8'?>
<tei xmlns="http://www.tei-c.org/ns/1.0">
<teiheader>
<filedesc>
<titlestmt>
<title>Варианты. ‹Из Фр. Петрарки› ‹2›. «Как соловей, сиротствующий, славит...»</title>
<author>О.Э. Мандельштам</author>
</titlestmt>
<publicationstmt>
<p>АРТ-БИЗНЕС-ЦЕНТР МОСКВА 1993</p>
<biblstruct>
<biblscope n="" type="volume"></biblscope>
<biblscope n="" type="part"></biblscope>
</biblstruct></publicationstmt>
<sourcedesc>
<p>Издание подготовлено Мандельштамовским обществом</p>
</sourcedesc>
<respstmt>
<resp>Подготовка и разметка файлов - Алексей Литвинцев, Вероника Файнберг. Создание
          электронного ресурса - Тимофей Молчанов. Руководители проекта - Центр Digital Humanities,
          Мандельштамовское общество (НИУ ВШЭ).</resp>
</respstmt></filedesc>
<profiledesc>
<textdesc n="poem"></textdesc>
<textclass>
<catref target="Series([], Name: ID, dtype: object)" type="ID"></catref>
<catref target="Series([], Name: Источник, dtype: object)" type="Источник"></catref>
<catref target="Series([], Name: Жанр художественной литературы, dtype: object)" type="Жанр художественной литературы"></catref>
<catref target="Series([], Name: Уточнение жанра 1, dtype: object)" type="Уточнение жанра"></catref>
<catref target="Series([], Name: Метр, dtype: object)" type="Метр"></catref>
<catref target="Series([], Name: Длина строки, dtype: object)" type="Длина строки"></catref>
<catref target="Series([], Name: Клаузула, dtype: object)" type="Клаузула"></catref>
<catref target="Series([], Name: Уточнение клаузулы 1, dtype: object)" type="Уточнение клаузулы"></catref>
<catref target="Series([], Name: Классическая строфа, dtype: object)" type="Классическая строфа"></catref>
<catref target="Series([], Name: Рифма, dtype: object)" type="Рифма"></catref>
<catref target="Series([], Name: Схема рифмовки, dtype: object)" type="Схема рифмовки"></catref>
<catref target="Series([], Name: Метрическая формула, dtype: object)" type="Метрическая формула"></catref>
<catref target="Series([], Name: Дополнительные параметры, dtype: object)" type="Дополнительные параметры"></catref>
<catref target="Series([], Name: Число строк, dtype: int64)" type="Число строк"></catref>
<catref target="Series([], Name: Автор оригинала, dtype: object)" type="Автор оригинала"></catref>
<catref target="Series([], Name: Язык оригинала, dtype: object)" type="Язык оригинала"></catref>
</textclass></profiledesc>
</teiheader>
<text>
<body>
<div1 n="3" type="volume">
<div2 n="80а" type="part">
<head>80а.</head>
<lg type="quatrain">
<l n="1">Как соловей свое несчастье славит</l>
<l n="2">В отцовской и супружеской кручине</l>
<l n="3">И чистый воздух состраданьем плавит,</l>
<l n="4">До высоты выплескиваясь синей.</l>
</lg>
<lg type="quatrain">
<l n="5">И всю-то ночь насквозь меня буравит</l>
<l n="6">И провожает он к моей судьбине.</l>
<l n="7">Кто ж без меня поймет и в звук поставит,</l>
<l n="8">Что смерть нашла прибежище в богине.</l>
</lg>
<lg type="tercet">
<l n="9">О легковерье суетного страха:</l>
<l n="10">Он исключил два солнца из эфира</l>
<l n="11">Боясь увидеть их щепотью праха.</l>
</lg>
<lg type="tercet">
<l n="12">Так вот она, карающая пряха!</l>
<l n="13">Я убедился, что вся прелесть мира</l>
<l n="14">Ресничного не долговечней взмаха.</l>
</lg>
</div2>
</div1>
</body>
</text>
</tei>
