<?xml version='1.0' encoding='UTF8'?>
<tei xmlns="http://www.tei-c.org/ns/1.0">
<teiheader>
<filedesc>
<titlestmt>
<title>Варианты. ‹Стихи памяти Андрея Белого›. «Откуда привезли? Кого? Который умер?..»</title>
<author>О.Э. Мандельштам</author>
</titlestmt>
<publicationstmt>
<p>АРТ-БИЗНЕС-ЦЕНТР МОСКВА 1993</p>
<biblstruct>
<biblscope n="" type="volume"></biblscope>
<biblscope n="" type="part"></biblscope>
</biblstruct></publicationstmt>
<sourcedesc>
<p>Издание подготовлено Мандельштамовским обществом</p>
</sourcedesc>
<respstmt>
<resp>Подготовка и разметка файлов - Алексей Литвинцев, Вероника Файнберг. Создание
          электронного ресурса - Тимофей Молчанов. Руководители проекта - Центр Digital Humanities,
          Мандельштамовское общество (НИУ ВШЭ).</resp>
</respstmt></filedesc>
<profiledesc>
<textdesc n="poem"></textdesc>
<textclass>
<catref target="Series([], Name: ID, dtype: object)" type="ID"></catref>
<catref target="Series([], Name: Источник, dtype: object)" type="Источник"></catref>
<catref target="Series([], Name: Жанр художественной литературы, dtype: object)" type="Жанр художественной литературы"></catref>
<catref target="Series([], Name: Уточнение жанра 1, dtype: object)" type="Уточнение жанра"></catref>
<catref target="Series([], Name: Метр, dtype: object)" type="Метр"></catref>
<catref target="Series([], Name: Длина строки, dtype: object)" type="Длина строки"></catref>
<catref target="Series([], Name: Клаузула, dtype: object)" type="Клаузула"></catref>
<catref target="Series([], Name: Уточнение клаузулы 1, dtype: object)" type="Уточнение клаузулы"></catref>
<catref target="Series([], Name: Классическая строфа, dtype: object)" type="Классическая строфа"></catref>
<catref target="Series([], Name: Рифма, dtype: object)" type="Рифма"></catref>
<catref target="Series([], Name: Схема рифмовки, dtype: object)" type="Схема рифмовки"></catref>
<catref target="Series([], Name: Метрическая формула, dtype: object)" type="Метрическая формула"></catref>
<catref target="Series([], Name: Дополнительные параметры, dtype: object)" type="Дополнительные параметры"></catref>
<catref target="Series([], Name: Число строк, dtype: int64)" type="Число строк"></catref>
<catref target="Series([], Name: Автор оригинала, dtype: object)" type="Автор оригинала"></catref>
<catref target="Series([], Name: Язык оригинала, dtype: object)" type="Язык оригинала"></catref>
</textclass></profiledesc>
</teiheader>
<text>
<body>
<div1 n="3" type="volume">
<div2 n="84" type="part">
<head>(84—87)е.</head>
<lg type="quatrain">
<l n="1">Откуда привезли? Кого? Который умер?</l>
<l n="2">Где ‹будут хоронить›? Мне что-то невдомек.</l>
<l n="3">Скажите, говорят, какой-то Гоголь умер.<rs ref="Гоголь, Николай Васильевич" type="person"></rs></l>
<l n="4">Не Гоголь, так себе, писатель-гоголек.<rs ref="Гоголь, Николай Васильевич" type="person"></rs></l>
</lg>
<lg type="quatrain">
<l n="5">Тот самый, что тогда невнятицу устроил,</l>
<l n="6">Чего-то шустрился, довольно уж легок,</l>
<l n="7">О чем-то позабыл, чего-то не усвоил,</l>
<l n="8">Затеял кавардак, перекрутил снежок.</l>
</lg>
<lg type="quatrain">
<l n="9">Молчит, как устрица, на полтора аршина</l>
<l n="10">К нему не подойти — почетный караул.</l>
<l n="11">Тут что-то кроется, должно быть, есть причина.</l>
<l n="12">‹...› напутал и уснул.</l>
</lg>
<date when="1934-01">Январь 1934</date>
</div2>
</div1>
</body>
</text>
</tei>
