<?xml version='1.0' encoding='UTF8'?>
<tei xmlns="http://www.tei-c.org/ns/1.0">
<teiheader>
<filedesc>
<titlestmt>
<title>Варианты. ‹Стихи памяти Андрея Белого›</title>
<author>О.Э. Мандельштам</author>
</titlestmt>
<publicationstmt>
<p>АРТ-БИЗНЕС-ЦЕНТР МОСКВА 1993</p>
<biblstruct>
<biblscope n="" type="volume"></biblscope>
<biblscope n="" type="part"></biblscope>
</biblstruct></publicationstmt>
<sourcedesc>
<p>Издание подготовлено Мандельштамовским обществом</p>
</sourcedesc>
<respstmt>
<resp>Подготовка и разметка файлов - Алексей Литвинцев, Вероника Файнберг. Создание
          электронного ресурса - Тимофей Молчанов. Руководители проекта - Центр Digital Humanities,
          Мандельштамовское общество (НИУ ВШЭ).</resp>
</respstmt></filedesc>
<profiledesc>
<textdesc n="poem"></textdesc>
<textclass>
<catref target="Series([], Name: ID, dtype: object)" type="ID"></catref>
<catref target="Series([], Name: Источник, dtype: object)" type="Источник"></catref>
<catref target="Series([], Name: Жанр художественной литературы, dtype: object)" type="Жанр художественной литературы"></catref>
<catref target="Series([], Name: Уточнение жанра 1, dtype: object)" type="Уточнение жанра"></catref>
<catref target="Series([], Name: Метр, dtype: object)" type="Метр"></catref>
<catref target="Series([], Name: Длина строки, dtype: object)" type="Длина строки"></catref>
<catref target="Series([], Name: Клаузула, dtype: object)" type="Клаузула"></catref>
<catref target="Series([], Name: Уточнение клаузулы 1, dtype: object)" type="Уточнение клаузулы"></catref>
<catref target="Series([], Name: Классическая строфа, dtype: object)" type="Классическая строфа"></catref>
<catref target="Series([], Name: Рифма, dtype: object)" type="Рифма"></catref>
<catref target="Series([], Name: Схема рифмовки, dtype: object)" type="Схема рифмовки"></catref>
<catref target="Series([], Name: Метрическая формула, dtype: object)" type="Метрическая формула"></catref>
<catref target="Series([], Name: Дополнительные параметры, dtype: object)" type="Дополнительные параметры"></catref>
<catref target="Series([], Name: Число строк, dtype: int64)" type="Число строк"></catref>
<catref target="Series([], Name: Автор оригинала, dtype: object)" type="Автор оригинала"></catref>
<catref target="Series([], Name: Язык оригинала, dtype: object)" type="Язык оригинала"></catref>
</textclass></profiledesc>
</teiheader>
<text>
<body>
<div1 n="3" type="volume">
<div2 n="1" type="part">
<head>‹СТИХИ ПАМЯТИ АНДРЕЯ БЕЛОГО›
83а.</head>
<lg type="couplet">
<l n="1">И клянусь от тебя в каждой косточке весточка есть</l>
<l n="2">И остаться в живых за тебя величайшая честь.</l>
</lg>
<lg type="couplet">
<l n="3">Из горячего черепа льется и льется лазурь</l>
<l n="4">И тревожит она литератора-Каина хмурь.<rs ref="Каин" type="myth_index"></rs></l>
</lg>
<lg type="couplet">
<l n="5">Так слагался ‹?› смеялся и так не сложившись ушел</l>
<l n="6">Гоголек или Гоголь иль Котенька или глагол.<rs ref="Гоголь, Николай Васильевич" type="person"></rs></l>
</lg>
<lg type="couplet">
<l n="7">На тебя надевали тиару — юрода колпак</l>
<l n="8">Продавец паутины, ледащий писатель, пустяк.</l>
</lg>
<lg type="tercet">
<l n="9">Буду гладить и гладить сухой шевиот обшлага́</l>
<l n="10">[Вопрошая о том, что такое]</l>
<l n="11">Обо всех обо всех запредельная ‹?› плачет вьюга.</l>
</lg>
<lg type="couplet">
<l n="12">Выпрямитель сознанья еще не рожденных эпох</l>
<l n="13">Голубая тужурка, немецкий крикун, скоморох.</l>
</lg>
<lg type="couplet">
<l n="14">Прямизна нашей мысли не только пугач для детей:</l>
<l n="15">Без нее лишь бумажные дести и нету вестей.</l>
</lg>
</div2>
</div1>
</body>
</text>
</tei>
