<?xml version='1.0' encoding='UTF8'?>
<tei xmlns="http://www.tei-c.org/ns/1.0">
<teiheader>
<filedesc>
<titlestmt>
<title>Варианты. «Не мучнистой бабочкою белой...»</title>
<author>О.Э. Мандельштам</author>
</titlestmt>
<publicationstmt>
<p>АРТ-БИЗНЕС-ЦЕНТР МОСКВА 1993</p>
<biblstruct>
<biblscope n="" type="volume"></biblscope>
<biblscope n="" type="part"></biblscope>
</biblstruct></publicationstmt>
<sourcedesc>
<p>Издание подготовлено Мандельштамовским обществом</p>
</sourcedesc>
<respstmt>
<resp>Подготовка и разметка файлов - Алексей Литвинцев, Вероника Файнберг. Создание
          электронного ресурса - Тимофей Молчанов. Руководители проекта - Центр Digital Humanities,
          Мандельштамовское общество (НИУ ВШЭ).</resp>
</respstmt></filedesc>
<profiledesc>
<textdesc n="poem"></textdesc>
<textclass>
<catref target="Series([], Name: ID, dtype: object)" type="ID"></catref>
<catref target="Series([], Name: Источник, dtype: object)" type="Источник"></catref>
<catref target="Series([], Name: Жанр художественной литературы, dtype: object)" type="Жанр художественной литературы"></catref>
<catref target="Series([], Name: Уточнение жанра 1, dtype: object)" type="Уточнение жанра"></catref>
<catref target="Series([], Name: Метр, dtype: object)" type="Метр"></catref>
<catref target="Series([], Name: Длина строки, dtype: object)" type="Длина строки"></catref>
<catref target="Series([], Name: Клаузула, dtype: object)" type="Клаузула"></catref>
<catref target="Series([], Name: Уточнение клаузулы 1, dtype: object)" type="Уточнение клаузулы"></catref>
<catref target="Series([], Name: Классическая строфа, dtype: object)" type="Классическая строфа"></catref>
<catref target="Series([], Name: Рифма, dtype: object)" type="Рифма"></catref>
<catref target="Series([], Name: Схема рифмовки, dtype: object)" type="Схема рифмовки"></catref>
<catref target="Series([], Name: Метрическая формула, dtype: object)" type="Метрическая формула"></catref>
<catref target="Series([], Name: Дополнительные параметры, dtype: object)" type="Дополнительные параметры"></catref>
<catref target="Series([], Name: Число строк, dtype: int64)" type="Число строк"></catref>
<catref target="Series([], Name: Автор оригинала, dtype: object)" type="Автор оригинала"></catref>
<catref target="Series([], Name: Язык оригинала, dtype: object)" type="Язык оригинала"></catref>
</textclass></profiledesc>
</teiheader>
<text>
<body>
<div1 n="3" type="volume">
<div2 n="94а" type="part">
<head>94а.</head>
<lg type="sestet">
<l n="1">Не мучнистой бабочкою белой</l>
<l n="2">В землю я заемный прах верну — </l>
<l n="3">Я хочу, чтоб мыслящее тело</l>
<l n="4">Превратилось в улицу, в страну:</l>
<l n="5">Обожженное, обугленное тело,</l>
<l n="6">Сознающее свою длину.</l>
</lg>
<lg type="sestet">
<l n="7">Возгласы краснознаменной хвои,</l>
<l n="8">С глубиной колодезной венки,</l>
<l n="9">Тянут жизнь и время дорогое,</l>
<l n="10">Опершись на смертные станки — </l>
<l n="11">Обручи краснознаменной хвои,</l>
<l n="12">Азбучные, круглые венки!</l>
</lg>
<lg type="quatrain">
<l n="13">Шли товарищи последнего призыва</l>
<l n="14">По работе в жестких небесах</l>
<l n="15">Пронесла пехота молчаливо</l>
<l n="16">Восклицанья ружей на плечах.<rs ref="Москва" type="geo_index"></rs></l>
</lg>
<lg type="quatrain">
<l n="17">И зенитных тысячи орудий — </l>
<l n="18">Карих то зрачков иль голубых — </l>
<l n="19">Шли нестройно люди, люди, люди — </l>
<l n="20">Продолженье зорких тех двоих.</l>
</lg>
<date from="1935-03" to="1935-05">Весна 1935</date>
</div2>
</div1>
</body>
</text>
</tei>
