<?xml version='1.0' encoding='UTF8'?>
<tei xmlns="http://www.tei-c.org/ns/1.0">
<teiheader>
<filedesc>
<titlestmt>
<title>Варианты. «День стоял о пяти головах. Сплошные пять суток...»</title>
<author>О.Э. Мандельштам</author>
</titlestmt>
<publicationstmt>
<p>АРТ-БИЗНЕС-ЦЕНТР МОСКВА 1993</p>
<biblstruct>
<biblscope n="" type="volume"></biblscope>
<biblscope n="" type="part"></biblscope>
</biblstruct></publicationstmt>
<sourcedesc>
<p>Издание подготовлено Мандельштамовским обществом</p>
</sourcedesc>
<respstmt>
<resp>Подготовка и разметка файлов - Алексей Литвинцев, Вероника Файнберг. Создание
          электронного ресурса - Тимофей Молчанов. Руководители проекта - Центр Digital Humanities,
          Мандельштамовское общество (НИУ ВШЭ).</resp>
</respstmt></filedesc>
<profiledesc>
<textdesc n="poem"></textdesc>
<textclass>
<catref target="Series([], Name: ID, dtype: object)" type="ID"></catref>
<catref target="Series([], Name: Источник, dtype: object)" type="Источник"></catref>
<catref target="Series([], Name: Жанр художественной литературы, dtype: object)" type="Жанр художественной литературы"></catref>
<catref target="Series([], Name: Уточнение жанра 1, dtype: object)" type="Уточнение жанра"></catref>
<catref target="Series([], Name: Метр, dtype: object)" type="Метр"></catref>
<catref target="Series([], Name: Длина строки, dtype: object)" type="Длина строки"></catref>
<catref target="Series([], Name: Клаузула, dtype: object)" type="Клаузула"></catref>
<catref target="Series([], Name: Уточнение клаузулы 1, dtype: object)" type="Уточнение клаузулы"></catref>
<catref target="Series([], Name: Классическая строфа, dtype: object)" type="Классическая строфа"></catref>
<catref target="Series([], Name: Рифма, dtype: object)" type="Рифма"></catref>
<catref target="Series([], Name: Схема рифмовки, dtype: object)" type="Схема рифмовки"></catref>
<catref target="Series([], Name: Метрическая формула, dtype: object)" type="Метрическая формула"></catref>
<catref target="Series([], Name: Дополнительные параметры, dtype: object)" type="Дополнительные параметры"></catref>
<catref target="Series([], Name: Число строк, dtype: int64)" type="Число строк"></catref>
<catref target="Series([], Name: Автор оригинала, dtype: object)" type="Автор оригинала"></catref>
<catref target="Series([], Name: Язык оригинала, dtype: object)" type="Язык оригинала"></catref>
</textclass></profiledesc>
</teiheader>
<text>
<body>
<div1 n="3" type="volume">
<div2 n="103а" type="part">
<head>103а.</head>
<lg type="13_line">
<l n="1">День стоял о пяти головах. Горой пообедав,</l>
<l n="2">Поезд ужинал лесом. Лез ниткой в сплошное ушко.</l>
<l n="3">В раздвое конвойного времени шла черноверхая масса</l>
<l n="4">Расширеньем аорты белеющих белых ночей.</l>
<l n="5">Глаз превращался в хвойное мясо.</l>
<l n="6">Трое славных ребят из железных ворот Г.П.У.</l>
<l n="7">Слушали Пушкина.<rs ref="Пушкин, Александр Сергеевич" type="person"></rs></l>
<l n="8">Грамотеет в шинелях с наганами племя пушкиноведов — </l>
<l n="9">Как хорошо!</l>
<l n="10">Поезд шел на Урал. В раскрытые рты нам<rs ref="Урал" type="geo_index"></rs></l>
<l n="11">Говорящий Чапаев с картины скакал звуковой:<rs ref="Чапаев, Василий Иванович" type="person"></rs></l>
<l n="12">За бревенчатым тылом, на ленте простынной</l>
<l n="13">Утонуть — и вскочить на коня своего.</l>
</lg>
<date from="1935-04" to="1935-05">Апрель— май 1935</date>
</div2>
</div1>
</body>
</text>
</tei>
