<?xml version='1.0' encoding='UTF8'?>
<tei xmlns="http://www.tei-c.org/ns/1.0">
<teiheader>
<filedesc>
<titlestmt>
<title>Варианты. Стансы</title>
<author>О.Э. Мандельштам</author>
</titlestmt>
<publicationstmt>
<p>АРТ-БИЗНЕС-ЦЕНТР МОСКВА 1993</p>
<biblstruct>
<biblscope n="" type="volume"></biblscope>
<biblscope n="" type="part"></biblscope>
</biblstruct></publicationstmt>
<sourcedesc>
<p>Издание подготовлено Мандельштамовским обществом</p>
</sourcedesc>
<respstmt>
<resp>Подготовка и разметка файлов - Алексей Литвинцев, Вероника Файнберг. Создание
          электронного ресурса - Тимофей Молчанов. Руководители проекта - Центр Digital Humanities,
          Мандельштамовское общество (НИУ ВШЭ).</resp>
</respstmt></filedesc>
<profiledesc>
<textdesc n="poem"></textdesc>
<textclass>
<catref target="Series([], Name: ID, dtype: object)" type="ID"></catref>
<catref target="Series([], Name: Источник, dtype: object)" type="Источник"></catref>
<catref target="Series([], Name: Жанр художественной литературы, dtype: object)" type="Жанр художественной литературы"></catref>
<catref target="Series([], Name: Уточнение жанра 1, dtype: object)" type="Уточнение жанра"></catref>
<catref target="Series([], Name: Метр, dtype: object)" type="Метр"></catref>
<catref target="Series([], Name: Длина строки, dtype: object)" type="Длина строки"></catref>
<catref target="Series([], Name: Клаузула, dtype: object)" type="Клаузула"></catref>
<catref target="Series([], Name: Уточнение клаузулы 1, dtype: object)" type="Уточнение клаузулы"></catref>
<catref target="Series([], Name: Классическая строфа, dtype: object)" type="Классическая строфа"></catref>
<catref target="Series([], Name: Рифма, dtype: object)" type="Рифма"></catref>
<catref target="Series([], Name: Схема рифмовки, dtype: object)" type="Схема рифмовки"></catref>
<catref target="Series([], Name: Метрическая формула, dtype: object)" type="Метрическая формула"></catref>
<catref target="Series([], Name: Дополнительные параметры, dtype: object)" type="Дополнительные параметры"></catref>
<catref target="Series([], Name: Число строк, dtype: int64)" type="Число строк"></catref>
<catref target="Series([], Name: Автор оригинала, dtype: object)" type="Автор оригинала"></catref>
<catref target="Series([], Name: Язык оригинала, dtype: object)" type="Язык оригинала"></catref>
</textclass></profiledesc>
</teiheader>
<text>
<body>
<div1 n="3" type="volume">
<div2 n="" type="part">
<head>108а.
СТАНСЫ</head>
<lg type="28_line">
<l n="1">Проклятый шов, нелепая затея</l>
<l n="2">Нас разделили, а теперь — пойми:</l>
<l n="3">Я должен жить, дыша и большевея</l>
<l n="4">И перед смертью хорошея — </l>
<l n="5">Еще побыть и поиграть с людьми!</l>
<l n="6">Подумаешь, как в Чердыни-голубе,<rs ref="Чердынь" type="geo_index"></rs></l>
<l n="7">Где пахнет Обью и Тобол в раструбе,<rs ref="Тобол" type="geo_index"></rs></l>
<l n="8">В семивершковой я метался кутерьме!</l>
<l n="9">Клевещущих козлов не досмотрел я драки:</l>
<l n="10">Как петушок в прозрачной летней тьме — </l>
<l n="11">Харчи да харк, да что-нибудь, да враки — </l>
<l n="12">Стук дятла сбросил с плеч. Прыжок. И я в уме.</l>
<l n="13">И ты, Москва, сестра моя, легка,<rs ref="Москва" type="geo_index"></rs><rs ref="Москва" type="geo_index"></rs></l>
<l n="14">Когда встречаешь в самолете брата</l>
<l n="15">До первого трамвайного звонка:</l>
<l n="16">Нежнее моря, путаней салата — </l>
<l n="17">Из дерева, стекла и молока...</l>
<l n="18">Я должен жить, дыша и большевея,</l>
<l n="19">Работать речь, не слушаясь — сам-друг, — </l>
<l n="20">Я помню все: немецких братьев шеи</l>
<l n="21">И что лиловым гребнем Лорелеи</l>
<l n="22">Садовник и палач наполнил свой досуг.</l>
<l n="23">И не ограблен я, и не надломлен,</l>
<l n="24">Но только что всего переогромлен...</l>
<l n="25">Как Слово о Полку, струна моя туга,</l>
<l n="26">И в голосе моем после удушья</l>
<l n="27">Звучит земля — последнее оружье — </l>
<l n="28">Сухая влажность черноземных га!<rs ref="Москва" type="geo_index"></rs></l>
</lg>
</div2>
</div1>
</body>
</text>
</tei>
