<?xml version='1.0' encoding='UTF8'?>
<tei xmlns="http://www.tei-c.org/ns/1.0">
<teiheader>
<filedesc>
<titlestmt>
<title>Варианты. «Эта область в темноводье...»</title>
<author>О.Э. Мандельштам</author>
</titlestmt>
<publicationstmt>
<p>АРТ-БИЗНЕС-ЦЕНТР МОСКВА 1993</p>
<biblstruct>
<biblscope n="" type="volume"></biblscope>
<biblscope n="" type="part"></biblscope>
</biblstruct></publicationstmt>
<sourcedesc>
<p>Издание подготовлено Мандельштамовским обществом</p>
</sourcedesc>
<respstmt>
<resp>Подготовка и разметка файлов - Алексей Литвинцев, Вероника Файнберг. Создание
          электронного ресурса - Тимофей Молчанов. Руководители проекта - Центр Digital Humanities,
          Мандельштамовское общество (НИУ ВШЭ).</resp>
</respstmt></filedesc>
<profiledesc>
<textdesc n="poem"></textdesc>
<textclass>
<catref target="Series([], Name: ID, dtype: object)" type="ID"></catref>
<catref target="Series([], Name: Источник, dtype: object)" type="Источник"></catref>
<catref target="Series([], Name: Жанр художественной литературы, dtype: object)" type="Жанр художественной литературы"></catref>
<catref target="Series([], Name: Уточнение жанра 1, dtype: object)" type="Уточнение жанра"></catref>
<catref target="Series([], Name: Метр, dtype: object)" type="Метр"></catref>
<catref target="Series([], Name: Длина строки, dtype: object)" type="Длина строки"></catref>
<catref target="Series([], Name: Клаузула, dtype: object)" type="Клаузула"></catref>
<catref target="Series([], Name: Уточнение клаузулы 1, dtype: object)" type="Уточнение клаузулы"></catref>
<catref target="Series([], Name: Классическая строфа, dtype: object)" type="Классическая строфа"></catref>
<catref target="Series([], Name: Рифма, dtype: object)" type="Рифма"></catref>
<catref target="Series([], Name: Схема рифмовки, dtype: object)" type="Схема рифмовки"></catref>
<catref target="Series([], Name: Метрическая формула, dtype: object)" type="Метрическая формула"></catref>
<catref target="Series([], Name: Дополнительные параметры, dtype: object)" type="Дополнительные параметры"></catref>
<catref target="Series([], Name: Число строк, dtype: int64)" type="Число строк"></catref>
<catref target="Series([], Name: Автор оригинала, dtype: object)" type="Автор оригинала"></catref>
<catref target="Series([], Name: Язык оригинала, dtype: object)" type="Язык оригинала"></catref>
</textclass></profiledesc>
</teiheader>
<text>
<body>
<div1 n="3" type="volume">
<div2 n="130а" type="part">
<head>130а.</head>
<lg type="12_line">
<l n="1">Ничего, что темноводье,</l>
<l n="2">Ничего, что я продрог</l>
<l n="3">И что область хлебороба — </l>
<l n="4">Цепи якорной ядро.</l>
<l n="5">Я люблю ее рисунок,</l>
<l n="6">Он на Африку похож — <rs ref="Африка" type="geo_index"></rs></l>
<l n="7">Дайте свет — прозрачных лунок,</l>
<l n="8">Тонких жилок не сочтешь.</l>
<l n="9">— Анна, Россошь и Гремячье</l>
<l n="10">Я твержу их имена — </l>
<l n="11">Белизна снегов гагачья</l>
<l n="12">Из вагонного окна...</l>
</lg>
<lg type="12_line">
<l n="13">Я кружил в полях совхозных — </l>
<l n="14">Полон воздуха был рот — </l>
<l n="15">Солнц подсолнечника грозных</l>
<l n="16">Прямо в очи оборот...</l>
<l n="17">Въехал ночью в рукавичный,</l>
<l n="18">Снегом пышущий Тамбов,<rs ref="Тамбов" type="geo_index"></rs></l>
<l n="19">Видел Цны — реки обычной — </l>
<l n="20">Белый, белый, бел-покров.</l>
<l n="21">Трудный рай земли знакомой</l>
<l n="22">Я запомнил навсегда:</l>
<l n="23">Воробьевского райкома</l>
<l n="24">Не забуду никогда!</l>
</lg>
<lg type="12_line">
<l n="25">Где я? Что со мной дурного?</l>
<l n="26">Кто растет из-за угла?</l>
<l n="27">Это мачеха Кольцова,<rs ref="Кольцов, Алексей Васильевич" type="person"></rs></l>
<l n="28">Это родина щегла!</l>
<l n="29">Только города немого</l>
<l n="30">В гололедицу обзор,</l>
<l n="31">Только чайника ночного</l>
<l n="32">Сам с собою разговор...</l>
<l n="33">В гуще воздуха степного</l>
<l n="34">Перекличка поездов.</l>
<l n="35">Да украинская мова</l>
<l n="36">Их растянутых гудков.</l>
</lg>
<date when="1936-12-24">24 декабря 1936</date>
</div2>
</div1>
</body>
</text>
</tei>
