<?xml version='1.0' encoding='UTF8'?>
<tei xmlns="http://www.tei-c.org/ns/1.0">
<teiheader>
<filedesc>
<titlestmt>
<title>Варианты. Стихи о неизвестном солдате</title>
<author>О.Э. Мандельштам</author>
</titlestmt>
<publicationstmt>
<p>АРТ-БИЗНЕС-ЦЕНТР МОСКВА 1993</p>
<biblstruct>
<biblscope n="" type="volume"></biblscope>
<biblscope n="" type="part"></biblscope>
</biblstruct></publicationstmt>
<sourcedesc>
<p>Издание подготовлено Мандельштамовским обществом</p>
</sourcedesc>
<respstmt>
<resp>Подготовка и разметка файлов - Алексей Литвинцев, Вероника Файнберг. Создание
          электронного ресурса - Тимофей Молчанов. Руководители проекта - Центр Digital Humanities,
          Мандельштамовское общество (НИУ ВШЭ).</resp>
</respstmt></filedesc>
<profiledesc>
<textdesc n="poem"></textdesc>
<textclass>
<catref target="Series([], Name: ID, dtype: object)" type="ID"></catref>
<catref target="Series([], Name: Источник, dtype: object)" type="Источник"></catref>
<catref target="Series([], Name: Жанр художественной литературы, dtype: object)" type="Жанр художественной литературы"></catref>
<catref target="Series([], Name: Уточнение жанра 1, dtype: object)" type="Уточнение жанра"></catref>
<catref target="Series([], Name: Метр, dtype: object)" type="Метр"></catref>
<catref target="Series([], Name: Длина строки, dtype: object)" type="Длина строки"></catref>
<catref target="Series([], Name: Клаузула, dtype: object)" type="Клаузула"></catref>
<catref target="Series([], Name: Уточнение клаузулы 1, dtype: object)" type="Уточнение клаузулы"></catref>
<catref target="Series([], Name: Классическая строфа, dtype: object)" type="Классическая строфа"></catref>
<catref target="Series([], Name: Рифма, dtype: object)" type="Рифма"></catref>
<catref target="Series([], Name: Схема рифмовки, dtype: object)" type="Схема рифмовки"></catref>
<catref target="Series([], Name: Метрическая формула, dtype: object)" type="Метрическая формула"></catref>
<catref target="Series([], Name: Дополнительные параметры, dtype: object)" type="Дополнительные параметры"></catref>
<catref target="Series([], Name: Число строк, dtype: int64)" type="Число строк"></catref>
<catref target="Series([], Name: Автор оригинала, dtype: object)" type="Автор оригинала"></catref>
<catref target="Series([], Name: Язык оригинала, dtype: object)" type="Язык оригинала"></catref>
</textclass></profiledesc>
</teiheader>
<text>
<body>
<div1 n="3" type="volume">
<div2 n="164а" type="part">
<head>164а.</head>
<lg type="18_line">
<l n="1">Этот воздух пусть будет свидетелем — </l>
<l n="2">Безымянная манна его — </l>
<l n="3">Сострадательный, темный, владетельный — </l>
<l n="4">Океан без души, вещество...</l>
<l n="5">Шевелящимися виноградинами</l>
<l n="6">Угрожают нам эти миры,</l>
<l n="7">И висят городами украденными,</l>
<l n="8">Золотыми обмолвками, ябедами,</l>
<l n="9">Ядовитого холода ягодами</l>
<l n="10">Растяжимых созвездий шатры — </l>
<l n="11">Золотые созвездий жиры...</l>
<l n="12">Аравийское месиво, крошево</l>
<l n="13">Начинающих смерть скоростей — </l>
<l n="14">Это зренье пророка подошвами</l>
<l n="15">Протоптало тропу в пустоте — </l>
<l n="16">Миллионы убитых задешево,</l>
<l n="17">Доброй ночи! Всего им хорошего</l>
<l n="18">В холодеющем Южном Кресте.</l>
</lg>
<date when="1937-03-01">1 марта 1937</date>
</div2>
</div1>
</body>
</text>
</tei>
