<?xml version='1.0' encoding='UTF8'?>
<tei xmlns="http://www.tei-c.org/ns/1.0">
<teiheader>
<filedesc>
<titlestmt>
<title>Варианты. «Обороняет сон мою донскую сонь...»</title>
<author>О.Э. Мандельштам</author>
</titlestmt>
<publicationstmt>
<p>АРТ-БИЗНЕС-ЦЕНТР МОСКВА 1993</p>
<biblstruct>
<biblscope n="" type="volume"></biblscope>
<biblscope n="" type="part"></biblscope>
</biblstruct></publicationstmt>
<sourcedesc>
<p>Издание подготовлено Мандельштамовским обществом</p>
</sourcedesc>
<respstmt>
<resp>Подготовка и разметка файлов - Алексей Литвинцев, Вероника Файнберг. Создание
          электронного ресурса - Тимофей Молчанов. Руководители проекта - Центр Digital Humanities,
          Мандельштамовское общество (НИУ ВШЭ).</resp>
</respstmt></filedesc>
<profiledesc>
<textdesc n="poem"></textdesc>
<textclass>
<catref target="Series([], Name: ID, dtype: object)" type="ID"></catref>
<catref target="Series([], Name: Источник, dtype: object)" type="Источник"></catref>
<catref target="Series([], Name: Жанр художественной литературы, dtype: object)" type="Жанр художественной литературы"></catref>
<catref target="Series([], Name: Уточнение жанра 1, dtype: object)" type="Уточнение жанра"></catref>
<catref target="Series([], Name: Метр, dtype: object)" type="Метр"></catref>
<catref target="Series([], Name: Длина строки, dtype: object)" type="Длина строки"></catref>
<catref target="Series([], Name: Клаузула, dtype: object)" type="Клаузула"></catref>
<catref target="Series([], Name: Уточнение клаузулы 1, dtype: object)" type="Уточнение клаузулы"></catref>
<catref target="Series([], Name: Классическая строфа, dtype: object)" type="Классическая строфа"></catref>
<catref target="Series([], Name: Рифма, dtype: object)" type="Рифма"></catref>
<catref target="Series([], Name: Схема рифмовки, dtype: object)" type="Схема рифмовки"></catref>
<catref target="Series([], Name: Метрическая формула, dtype: object)" type="Метрическая формула"></catref>
<catref target="Series([], Name: Дополнительные параметры, dtype: object)" type="Дополнительные параметры"></catref>
<catref target="Series([], Name: Число строк, dtype: int64)" type="Число строк"></catref>
<catref target="Series([], Name: Автор оригинала, dtype: object)" type="Автор оригинала"></catref>
<catref target="Series([], Name: Язык оригинала, dtype: object)" type="Язык оригинала"></catref>
</textclass></profiledesc>
</teiheader>
<text>
<body>
<div1 n="3" type="volume">
<div2 n="147а" type="part">
<head>147а.</head>
<lg type="quintet">
<l n="1">[Грянь, боевой салют‹?›: не тронь Москвы, не тронь!]</l>
<l n="2">Обороняет сон мою донскую сонь — </l>
<l n="3">И разворачиваются черепах маневры</l>
<l n="4">Их быстроходная взволнованная бронь</l>
<l n="5">А по трибунам вверх ковры людского говора.</l>
</lg>
<lg type="quatrain">
<l n="6">И в бой меня ведут понятные слова</l>
<l n="7">За оборону жизни — оборону</l>
<l n="8">Страны— земли — где смерть уснет, как днем сова</l>
<l n="9">[Стекло Москвы] Москва горит стеклом меж ребрами гранеными.</l>
</lg>
<lg type="quatrain">
<l n="10">Рассыплется‹?› унынья чалый пар</l>
<l n="11">Подковой речь звенит, шумит как речь — листва</l>
<l n="12">Да закалит меня той стали сталевар — </l>
<l n="13">В которой мир и жизнь и воздух человечества.</l>
</lg>
<date when="1937-02-03">3 февраля 1937</date>
</div2>
</div1>
</body>
</text>
</tei>
