<?xml version='1.0' encoding='UTF8'?>
<tei xmlns="http://www.tei-c.org/ns/1.0">
<teiheader>
<filedesc>
<titlestmt>
<title>Варианты. «Заблудился я в небе — что делать?..»</title>
<author>О.Э. Мандельштам</author>
</titlestmt>
<publicationstmt>
<p>АРТ-БИЗНЕС-ЦЕНТР МОСКВА 1993</p>
<biblstruct>
<biblscope n="" type="volume"></biblscope>
<biblscope n="" type="part"></biblscope>
</biblstruct></publicationstmt>
<sourcedesc>
<p>Издание подготовлено Мандельштамовским обществом</p>
</sourcedesc>
<respstmt>
<resp>Подготовка и разметка файлов - Алексей Литвинцев, Вероника Файнберг. Создание
          электронного ресурса - Тимофей Молчанов. Руководители проекта - Центр Digital Humanities,
          Мандельштамовское общество (НИУ ВШЭ).</resp>
</respstmt></filedesc>
<profiledesc>
<textdesc n="poem"></textdesc>
<textclass>
<catref target="Series([], Name: ID, dtype: object)" type="ID"></catref>
<catref target="Series([], Name: Источник, dtype: object)" type="Источник"></catref>
<catref target="Series([], Name: Жанр художественной литературы, dtype: object)" type="Жанр художественной литературы"></catref>
<catref target="Series([], Name: Уточнение жанра 1, dtype: object)" type="Уточнение жанра"></catref>
<catref target="Series([], Name: Метр, dtype: object)" type="Метр"></catref>
<catref target="Series([], Name: Длина строки, dtype: object)" type="Длина строки"></catref>
<catref target="Series([], Name: Клаузула, dtype: object)" type="Клаузула"></catref>
<catref target="Series([], Name: Уточнение клаузулы 1, dtype: object)" type="Уточнение клаузулы"></catref>
<catref target="Series([], Name: Классическая строфа, dtype: object)" type="Классическая строфа"></catref>
<catref target="Series([], Name: Рифма, dtype: object)" type="Рифма"></catref>
<catref target="Series([], Name: Схема рифмовки, dtype: object)" type="Схема рифмовки"></catref>
<catref target="Series([], Name: Метрическая формула, dtype: object)" type="Метрическая формула"></catref>
<catref target="Series([], Name: Дополнительные параметры, dtype: object)" type="Дополнительные параметры"></catref>
<catref target="Series([], Name: Число строк, dtype: int64)" type="Число строк"></catref>
<catref target="Series([], Name: Автор оригинала, dtype: object)" type="Автор оригинала"></catref>
<catref target="Series([], Name: Язык оригинала, dtype: object)" type="Язык оригинала"></catref>
</textclass></profiledesc>
</teiheader>
<text>
<body>
<div1 n="3" type="volume">
<div2 n="1" type="part">
<head>170а.</head>
<lg type="quatrain">
<l n="1">Одинокое небо виднее,</l>
<l n="2">Как недугом я жил им в судьбе,</l>
<l n="3">Но оно западня: в нем труднее</l>
<l n="4">Задыхаться, чернеть, голубеть.</l>
</lg>
<lg type="quatrain">
<l n="5">Не разнять меня с жизнью: ей снится</l>
<l n="6">Убивать и сейчас же ласкать,</l>
<l n="7">Чтобы в уши, в глаза и в глазницы</l>
<l n="8">Флорентийская била тоска.</l>
</lg>
<lg type="quatrain">
<l n="9">Не кладите же мне, не кладите</l>
<l n="10">Остроласковый лавр на виски,</l>
<l n="11">Лучше сердце мое разорвите</l>
<l n="12">Вы на синего звона куски...</l>
</lg>
<lg type="quatrain">
<l n="13">И когда я усну, отслуживши,</l>
<l n="14">Всех живущих прижизненный друг,</l>
<l n="15">Чтоб раздался и глубже и выше— </l>
<l n="16">Отклик неба, забыв мою грудь.</l>
</lg>
</div2>
</div1>
</body>
</text>
</tei>
