<?xml version='1.0' encoding='UTF8'?>
<tei xmlns="http://www.tei-c.org/ns/1.0">
<teiheader>
<filedesc>
<titlestmt>
<title>(Рец.) Jean-Richard Bloch. Destin du siècle</title>
<author>О.Э. Мандельштам</author>
</titlestmt>
<publicationstmt>
<p>АРТ-БИЗНЕС-ЦЕНТР МОСКВА 1993</p>
<biblstruct>
<biblscope n="" type="volume"></biblscope>
<biblscope n="" type="part"></biblscope>
</biblstruct></publicationstmt>
<sourcedesc>
<p>Издание подготовлено Мандельштамовским обществом</p>
</sourcedesc>
<respstmt>
<resp>Подготовка и разметка файлов - Алексей Литвинцев, Вероника Файнберг. Создание
          электронного ресурса - Тимофей Молчанов. Руководители проекта - Центр Digital Humanities,
          Мандельштамовское общество (НИУ ВШЭ).</resp>
</respstmt></filedesc>
<profiledesc>
<textdesc n="prose"></textdesc>
<textclass>
<catref target="Series([], Name: ID, dtype: object)" type="ID"></catref>
<catref target="Series([], Name: Источник, dtype: object)" type="Источник"></catref>
<catref target="Series([], Name: Жанр художественной литературы, dtype: object)" type="Жанр художественной литературы"></catref>
<catref target="Series([], Name: Уточнение жанра 1, dtype: object)" type="Уточнение жанра"></catref>
<catref target="Series([], Name: Метр, dtype: object)" type="Метр"></catref>
<catref target="Series([], Name: Длина строки, dtype: object)" type="Длина строки"></catref>
<catref target="Series([], Name: Клаузула, dtype: object)" type="Клаузула"></catref>
<catref target="Series([], Name: Уточнение клаузулы 1, dtype: object)" type="Уточнение клаузулы"></catref>
<catref target="Series([], Name: Классическая строфа, dtype: object)" type="Классическая строфа"></catref>
<catref target="Series([], Name: Рифма, dtype: object)" type="Рифма"></catref>
<catref target="Series([], Name: Схема рифмовки, dtype: object)" type="Схема рифмовки"></catref>
<catref target="Series([], Name: Метрическая формула, dtype: object)" type="Метрическая формула"></catref>
<catref target="Series([], Name: Дополнительные параметры, dtype: object)" type="Дополнительные параметры"></catref>
<catref target="Series([], Name: Число строк, dtype: int64)" type="Число строк"></catref>
<catref target="Series([], Name: Автор оригинала, dtype: object)" type="Автор оригинала"></catref>
<catref target="Series([], Name: Язык оригинала, dtype: object)" type="Язык оригинала"></catref>
</textclass></profiledesc>
</teiheader>
<text>
<body>
<div1 n="3" type="volume">
<div2 n="269" type="part">
<head>ПРОЗА</head>
<head>(Внутренние рецензии, варианты, неоконченное)</head>
<head>269.</head>
<head>JEAN-RICHARD BLOCH. DESTIN DU SIÈCLE</head>
<p>Как литературный жанр книга Жан-Ришара Блоха примыкает к «легкой и занимательной» философии. Это блестящая, подчас виртуозная болтовня на важные культурно-исторические и политические темы, фельетон с притязанием на пророческий размах.<rs ref="Блок, Александр Александрович" type="person"></rs></p>
<p>По содержанию — она из бесчисленной семьи так называемых «закатов Европы», но в отличие от догматики и систематики Шпенглера автор рисуется свободомыслием: он над партиями и над классами.<rs ref="Европа" type="geo_index"></rs><rs ref="Шпенглер, Освальд" type="person"></rs></p>
<p>Лейтмотив книги — все разбито. Демократия поругана. Свобода — жалкий призрак. Политика разит падалью. Мировая революция обанкротилась. Полиция, увы, обнаглела и врывается в частные дома. Благородное поколение, воспитанное на Толстом, Ромэн Роллане и Ганди, не желает идти за коммивояжером политики господином Вивиани. Распаду социалистических партий Жан-Ришар Блох посвящает немало язвительных страниц, но нимало не сомневается в их искренности: он уважает всякий пафос.<rs ref="Блок, Александр Александрович" type="person"></rs><rs ref="Ганди, Мохандас Кармчанд" type="person"></rs><rs ref="Роллан, Ромен" type="person"></rs><rs ref="Толстой, Лев Николаевич" type="person"></rs></p>
<p>Война и революция для Жан-Ришара Блоха — отнюдь не закономерности, но явления стихийного, катастрофического порядка. Во всей книге нет ни одного намека на какую бы то ни было подготовку этих сдвигов в прошлом. Идеи с рук на руки передает друг другу так называемое «человечество»; созерцательный Восток глядится в душу мятежного, деятельного Запада. Коммунизм не что иное, как предчувствие новой религии. Европеец — высшая порода человека — хозяин мира, лишь временно утративший господство и самообладание. Он наложит на себя узду, найдет новые слова, ясные, магические формулы, и цивилизация будет спасена.<rs ref="Европа" type="geo_index"></rs><rs ref="Блок, Александр Александрович" type="person"></rs></p>
<p>Массы демобилизованных пролетариев и мелких буржуа колебались между Вильсоном и Лениным. Америка для Блоха жупел,<rs ref="Америка (США)" type="geo_index"></rs><rs ref="Блок, Александр Александрович" type="person"></rs><rs ref="Вильсон, Томас Вудро" type="person"></rs><rs ref="Ленин (Ульянов), Владимир Ильич" type="person"></rs></p>
<p>автоматическое чудовище, но Вильсон благороднейший неудачник и библейский проповедник. Народ пошел за ним оттого, что он обещал немедленную гармонию, а Ленин звал к гражданской войне.<rs ref="Вильсон, Томас Вудро" type="person"></rs><rs ref="Ленин (Ульянов), Владимир Ильич" type="person"></rs><rs ref="Ленин (Ульянов), Владимир Ильич" type="person"></rs></p>
<p>Воплощеннная революция уже не революция: дух от нее отлетает. О Троцком — нежная страничка: он хранитель вечного перманентного пламени. И вообще революция как таковая, по Жан-Ришару Блоху, умерла. Ее предал СССР, занявшись хозяйственным строительством. Зато воскресло античное язычество в спорте и религия в культе великих людей и государственных символов. Наполеон и Бетховен — европейские мифы. Ленин — тоже. А большевики — изнанка наполеонизма.<rs ref="Бетховен, Людвиг ван" type="person"></rs><rs ref="Блок, Александр Александрович" type="person"></rs><rs ref="Ленин (Ульянов), Владимир Ильич" type="person"></rs><rs ref="Ленин (Ульянов), Владимир Ильич" type="person"></rs><rs ref="Наполеон I, Бонапарт" type="person"></rs><rs ref="Троцкий (Бронштейн), Лев Давыдович" type="person"></rs></p>
<p>Вся изощренность пускается в ход, чтобы создать колоссальное расстояние между Востоком и Западом, чтобы доказать, что пролетарская революция победила где-то в потустороннем мире.</p>
<p>В книге собран целый ворох цитат, имен, научных и псевдонаучных ссылок: Морис Баррес, Стравинский, Дягилев, Маркс, Фюстель де Куланж, Ферраро, Унамуно, Гладков и даже разговор Горького с Блоком в Летнем саду.<rs ref="Баррес, Морис" type="person"></rs><rs ref="Блок, Александр Александрович" type="person"></rs><rs ref="Блок, Александр Александрович" type="person"></rs><rs ref="Гладков, Федор Васильевич" type="person"></rs><rs ref="Горький, Максим" type="person"></rs><rs ref="Дягилев, Сергей Павлович" type="person"></rs><rs ref="Маркс, Карл" type="person"></rs><rs ref="Стравинский, Игорь Федорович" type="person"></rs><rs ref="Унамуно, Мигеле де" type="person"></rs><rs ref="Ферреро, Гульельмо" type="person"></rs><rs ref="Фюстель де Куланж, Нума Дени" type="person"></rs></p>
<p>Все это похоже на сорочье гнездо, куда натасканы блестящие предметы.</p>
<p>Вывод следующий: книга Блоха при всей своей внешней левизне и независимости — глубоко реакционна. Она огромный шаг назад от настроений Ромэн Роллана [и радикального крыла. Это не что иное как разоружение пацифизма.]<rs ref="Блок, Александр Александрович" type="person"></rs><rs ref="Роллан, Ромен" type="person"></rs></p>
<p>Будущая война, говорит Блох, обойдется без армий, а потому с ней достаточно бороться при помощи идей.<rs ref="Блок, Александр Александрович" type="person"></rs></p>
<p>Переводить книгу ни в коем случае не следует, но упоминания в обзоре западноевропейской публицистики она заслуживает.</p>
<note>
1 Жан-Ришар Блок. Судьба века (фр.).
</note>
<rs ref="Блок, Александр Александрович" type="person"></rs>
</div2>
</div1>
</body>
</text>
</tei>
