<?xml version='1.0' encoding='UTF8'?>
<tei xmlns="http://www.tei-c.org/ns/1.0">
<teiheader>
<filedesc>
<titlestmt>
<title>‹Литературный стиль Дарвина›</title>
<author>О.Э. Мандельштам</author>
</titlestmt>
<publicationstmt>
<p>АРТ-БИЗНЕС-ЦЕНТР МОСКВА 1993</p>
<biblstruct>
<biblscope n="" type="volume"></biblscope>
<biblscope n="" type="part"></biblscope>
</biblstruct></publicationstmt>
<sourcedesc>
<p>Издание подготовлено Мандельштамовским обществом</p>
</sourcedesc>
<respstmt>
<resp>Подготовка и разметка файлов - Алексей Литвинцев, Вероника Файнберг. Создание
          электронного ресурса - Тимофей Молчанов. Руководители проекта - Центр Digital Humanities,
          Мандельштамовское общество (НИУ ВШЭ).</resp>
</respstmt></filedesc>
<profiledesc>
<textdesc n="prose"></textdesc>
<textclass>
<catref target="Series([], Name: ID, dtype: object)" type="ID"></catref>
<catref target="Series([], Name: Источник, dtype: object)" type="Источник"></catref>
<catref target="Series([], Name: Жанр художественной литературы, dtype: object)" type="Жанр художественной литературы"></catref>
<catref target="Series([], Name: Уточнение жанра 1, dtype: object)" type="Уточнение жанра"></catref>
<catref target="Series([], Name: Метр, dtype: object)" type="Метр"></catref>
<catref target="Series([], Name: Длина строки, dtype: object)" type="Длина строки"></catref>
<catref target="Series([], Name: Клаузула, dtype: object)" type="Клаузула"></catref>
<catref target="Series([], Name: Уточнение клаузулы 1, dtype: object)" type="Уточнение клаузулы"></catref>
<catref target="Series([], Name: Классическая строфа, dtype: object)" type="Классическая строфа"></catref>
<catref target="Series([], Name: Рифма, dtype: object)" type="Рифма"></catref>
<catref target="Series([], Name: Схема рифмовки, dtype: object)" type="Схема рифмовки"></catref>
<catref target="Series([], Name: Метрическая формула, dtype: object)" type="Метрическая формула"></catref>
<catref target="Series([], Name: Дополнительные параметры, dtype: object)" type="Дополнительные параметры"></catref>
<catref target="Series([], Name: Число строк, dtype: int64)" type="Число строк"></catref>
<catref target="Series([], Name: Автор оригинала, dtype: object)" type="Автор оригинала"></catref>
<catref target="Series([], Name: Язык оригинала, dtype: object)" type="Язык оригинала"></catref>
</textclass></profiledesc>
</teiheader>
<text>
<body>
<div1 n="3" type="volume">
<div2 n="1" type="part">
<head>275.
ЛИТЕРАТУРНЫЙ СТИЛЬ ДАРВИНА›</head>
<p>С детства я приучил себя видеть в Дарвине посредственный ум. Его теория казалась мне подозрительно краткой: естественный отбор. Я спрашивал: стоит ли утруждать природу ради столь краткого и невразумительного вывода. Но, познакомившись ближе с [произведениями великого] сочинениями знаменитого натуралиста, я резко изменил эту незрелую оценку.<rs ref="Дарвин, Чарлз Роберт" type="person"></rs></p>
<p>И вот что сейчас необходимо отметить: Дарвин раз навсегда изгнал красноречие, изгнал риторику, изгнал велеречивость из литературного обихода натуралиста.<rs ref="Дарвин, Чарлз Роберт" type="person"></rs></p>
<p>[Золотая валюта фактов поддерживает баланс его научных предприятий, совсем как миллион стерлингов в подвале британского банка обеспечивает циркуляцию хозяйства страны.] </p>
<p>Линней [произносил] [говорил с кафедры проповедника. Его систематика служила обедню, умилялась] [умиляясь изящному и целесообразному строению] превозносил изящное и целесообразное строение живых тварей. [Он демонстрировал — во славу и в доказательство разумности творца — всякие всячины, курьезы, редкости и красивости органической природы ‹...› Бюффон строил свои блестящие трактаты...]<rs ref="Бюффон, Жорж Луи Леклерк" type="person"></rs><rs ref="Линней, Карл" type="person"></rs><rs ref="Линней, Карл" type="person"></rs></p>
<p>Дарвин организует свой материал, как редактор-издатель большого и влиятельного, скажем прямо — политического органа.<rs ref="Дарвин, Чарлз Роберт" type="person"></rs></p>
<p>Он не один. У него множество сотрудников — корреспондентов, разбросанных по всем графствам, колониям и доминионам Соединенного Королевства, по всем странам земного шара.</p>
<p>«Я раздобыл себе, — говорит он, — все породы (голубей), какие только мог купить или так или иначе заполучить с помощью друзей в разных странах. Особенно я благодарен сэру Эллиоту».</p>
<p>Коневодства, птичники, питомники, оранжереи, пчельники, принадлежащие специалистам, людям самостоятельного и ограниченного опыта, обслуживают Дарвина. Больше того: они оплодотворяют его труд.<rs ref="Дарвин, Чарлз Роберт" type="person"></rs></p>
<p>Автор благодарит своих добровольных агентов и сотрудников, переписывается с ними, часто ссылается на них.</p>
<p>Солидарность Дарвина с международной любительской верхушкой естествоведов придает его научному стилю теплокровность, самоуверенность, сообщает его аргументации силу дружеского рукопожатия.<rs ref="Дарвин, Чарлз Роберт" type="person"></rs></p>
<p>Купеческое здравомыслие, чувство инициативы, солидарности, бесстрашие перед конкурентами, самоуверенная и несколько ограниченная жизнерадостность — вот рычаги, движущие его научной изобретательской мыслью.</p>
<p>Но эти факторы в не меньшей степени влияют на стиль и манеру, на деятельную форму его изложения, они напитывают собой и предопределяют литературную структуру его жизненного труда.</p>
<p>Конечно, стиль натуралиста — один из главных ключей к его мировоззрению, так же как глаз его, его манера видеть — ключ к его методологии.</p>
<p>расцвета во вторую половину XVIII столетия. Один из самых блестящих примеров этого жанра — «Физическое путешествие по разным провинциям Российской империи», составленное академиком Палласом в 1767-69 году.<rs ref="Паллас, Петр Симон" type="person"></rs></p>
<p>Здесь барская изощренность и чувствительность глаза, выхоленность и виртуозность описи доведены до предела, до крепостной миниатюры.</p>
<p>«Асиятская козявка (Chrisomela asiatica) величиной с сольтициального жука, а видом кругловатая с шароватою грудью. Стан и ноги с прозеленью золотыя, грудь темнее, голова медного цвета. Твердокрылия гладкия, лоснющиеся, с примесью виолетового цвета черныя. Усы ровныя, передния ноги несколько побольше. Поймана при Индерском озере». Описанная Палласом азиатская козявка костюмирована под китайский придворный театр, под крепостной балет. Натуралист преследует чисто живописные феерические задачи. Он забывает упомянуть анатомическую структуру насекомого.<rs ref="Паллас, Петр Симон" type="person"></rs></p>
<p>Ко времени Дарвина искусство этих миниатюристов дворянского естествознания пришло в окончательный упадок. Устои классической линнеевской систематики были расшатаны рукою Ламарка.<rs ref="Дарвин, Чарлз Роберт" type="person"></rs><rs ref="Ламарк, Жан Батист" type="person"></rs></p>
<p>Буржуазия уже не нуждалась в естественнонаучной идеологии, восхвалявшей разумность в действительности.</p>
<p>Система карточных записей, та гигантская текучая картотека, о которой говорил Дарвин в своей автобиографии, оказала решающее влияние на его научную стилистику.<rs ref="Дарвин, Чарлз Роберт" type="person"></rs></p>
<p>Дарвин избегает выписывать весь длинный «полицейский» паспорт животного или растения. Он вступает с природой в отношения военного корреспондента, интервьюера, отчаянного репортера, которому удается подсмотреть событие у самого его истока. Он никогда ничего не описывает, — он только характеризует, и в этом смысле...<rs ref="Дарвин, Чарлз Роберт" type="person"></rs></p>
<p>видов» — такой же точно путевой дневник, как «Путешествие на “Бигле“». [Натуралист — дозорный, несущий службу на капитанском мостике.]</p>
<p>Необычайная дружественность Дарвина к большинству образованных представителей его класса, уверенность в их поддержке, особая открытость, приветливость его научной мысли и самого способа изложения — все это не что иное, как результат классовой солидарности и жажды широкого сотрудничества с международными научными силами буржуазии.<rs ref="Дарвин, Чарлз Роберт" type="person"></rs></p>
<p>Кроме того, надо отметить тягу Дарвина к читателю-середняку, его желание быть понятным средне-образованному буржуа, джентльмену средней руки, каким он считал самого себя. Величайший эрудит своего века не случайно говорил с широкой публикой через голову касты ученых. Ему важно снестись непосредственно с этой публикой. Она лучше его поймет, чем ученые педанты. Он несет читателям нечто насущное, социально необходимое, поразительно гармонирующее с их самочувствием.<rs ref="Дарвин, Чарлз Роберт" type="person"></rs></p>
<p>Поэтому Дарвин добродушен, поэтому он избегает научной терминологии в своей раздвижной, панорамной и медленно выпрямляющейся книге.<rs ref="Дарвин, Чарлз Роберт" type="person"></rs></p>
<p> </p>
<p>«Происхождение видов» как литературное произведение — большая форма естественнонаучной мысли. Если сравнить ее с </p>
<p>музыкальным произведением, то это не соната и не симфония с нарастанием частей, с замедленными и бурными этапами, а скорее сюита. Небольшие самостоятельные главы....</p>
<p>Энергия доказательства разряжается «квантами», пачками. Накопление и отдача. Периоды накопления, конкретолюбия, эмпирического нагнетания чередуются с периодами отдачи; вдох и выдох, приливы и отливы.</p>
<p>В поле зрения Дарвина всегда находится целиком весь органический мир. С удивительной свободой и легкостью он оперирует самыми отдаленными разновидностями живых существ.<rs ref="Дарвин, Чарлз Роберт" type="person"></rs></p>
<p>[Для Дарвина характерна]<rs ref="Дарвин, Чарлз Роберт" type="person"></rs></p>
<p>«Я назову только три случая: инстинкт, побуждающий кукушку </p>
<p> в чужих гнездах, </p>
<p> инстинкт муравьев и </p>
<p> пчелиных сот».</p>
<p>они лишь поворачиваются нужной стороной, активно участвуют в доказательстве и сейчас же уступают место другим. Больше всего и охотнее всего Дарвин пользуется [приемом] серийным разворачиванием признаков и сталкиванием пересекающихся рядов. Сплошь и рядом, постепенно накопляя существенные приметы, он дает усиливающуюся гамму.<rs ref="Дарвин, Чарлз Роберт" type="person"></rs></p>
<p>Но самое замечательное и поучительное для всех писателей — это забота Дарвина о том, чтобы читатель в фактах, в «натуралиях» не задохнулся [чтобы прослойками воздуха и света...]; это бесперебойная забота [писателя] Дарвина-художника о наиболее выгодном физическом освещении каждой детали.<rs ref="Дарвин, Чарлз Роберт" type="person"></rs></p>
<p>Во все критические эпохи... Ранняя редакция начиналась со слов: «Писатель-натуралист не выбирает своего стиля и не получает его готовым. Всякий научный метод предполагает особую организацию научного материала: форма служит мировоззрению и его задачам. В естествознании эти проблемы научно-литературной формы особенно наглядны. Во все критические эпохи ‹...› «</p>
<p>логических и стилистических приемов вытекает из биологической концепции.</p>
<p>Дарвин выступил в эпоху широчайшего распространения естественно-научного дилетантства. И в Англии, и на континенте процветало любительское изучение природы. Просвещенные бюргеры и джентльмены коллекционировали, гербаризировали, наблюдали и опис��вали. Над ними издеваются немецкие романтики и английский сатирический роман. Знаменитый «Пиквикский клуб» Чарльза Диккенса не что иное, как едкая сатира на это любительство. Мистер Пиквик и его собратья по клубу, как известно, натуралисты. Но делать им в сущности нечего. Они занимаются черт знает чем. Они смешат молодых девушек и уличных мальчишек. Почтенные джентльмены, вооруженные сачком и ботанической сумкой, не имели руководящей цели. Описательство и погоня за наблюдениями вылились в карикатуру. Наряду с этим чисто домашним любительством эсквайров и пасторов ширилась и росла волна мироведческих интересов. Кругосветные путешествия вошли в педагогическую моду. Не только финансовая аристократия, но сплошь и рядом средняя буржуазия старалась доставить своим детям случай объехать на торговом или военном судне земной шар.<rs ref="Англия" type="geo_index"></rs><rs ref="Дарвин, Чарлз Роберт" type="person"></rs><rs ref="Диккенс, Чарлз" type="person"></rs></p>
<p>Новый вид любопытства к природе, с которым мы здесь сталкиваемся, в корне отличается от любознательности Линнея или от пытливости Ламарка. Начиная Дарвином и его путешествием на «Бигле», кончая знаменитым художником Клодом Монэ с его кругосветным путешествием на «Бригитте», мы здесь имеем колоссальную тренировку аналитического зрения и жажду накопления мирового опыта на твердом стержне практической деятельности и личной инициативы.<rs ref="Дарвин, Чарлз Роберт" type="person"></rs><rs ref="Ламарк, Жан Батист" type="person"></rs><rs ref="Линней, Карл" type="person"></rs><rs ref="Монэ (Моне), Клод" type="person"></rs></p>
<p>С удивительным постоянством Дарвин призывает себе на помощь свет и воздух, внимательно учитывает расстояние, пользуется при этом пленерными эффектами, дает захватывающие снимки животного или насекомого, застигнутого врасплох в самом типическом для него положении».<rs ref="Дарвин, Чарлз Роберт" type="person"></rs></p>
<p>Насекомое преподнесено как драгоценность в оправе... Ранняя редакция этого абзаца: «Насекомое костюмировано и загримировано под китайский придворный театр, под крепостной балет. Оно преподнесено, как драгоценность в оправе, как живопись в медальоне».</p>
<p>Лишь сочетание мысли ‹...› среду для обобщения. В машинописи ранней редакции этот фрагмент отсутствует.</p>
<p>...только в созвеньях научные примеры Дарвина получают значимость. Далее в машинописи следовало: «“Происхождение видов“ ошеломило читателя революционностью содержания, <rs ref="Дарвин, Чарлз Роберт" type="person"></rs></p>
<p>новизной мысли. Сила и новизна формы литературных трудов Дарвина прошла незамеченной, хотя много способствовала освоению широчайшими кругами его теории.Научный стиль старой линнеевской натуралистики знал только два элемента: красноречие общих мест и метафизические и богословские рацеи и пассивно-созерцательную описательность. С Бюффоном и Ламарком в научный стиль ворвалась гражданская, революционная, публицистическая струя.<rs ref="Бюффон, Жорж Луи Леклерк" type="person"></rs><rs ref="Дарвин, Чарлз Роберт" type="person"></rs><rs ref="Ламарк, Жан Батист" type="person"></rs></p>
<p>Дарвин вступает с природой в отношение военного корреспондента, интервьюера, отчаянного репортера, которому удалось подсмотреть событие у самого истока. Он никогда ничего не описывает, он только характеризует, и в этом смысле Дарвин как писатель принес в натуралистику вкусы современного ему английского читателя. Не следует забывать, что одновременно с Дарвином читали и Диккенса — и тот и другой нравились публике по тем же самым причинам.<rs ref="Дарвин, Чарлз Роберт" type="person"></rs><rs ref="Диккенс, Чарлз" type="person"></rs></p>
<p>Дарвин никогда не выписывает весь ‹...›».<rs ref="Дарвин, Чарлз Роберт" type="person"></rs></p>
<p>Дарвин рассказывает о том, как сложилось его убеждение. В ранней редакции: «Питая неизъяснимое отвращение к догматике, Дарвин только рассказывает о том, как сложились его убеждения».<rs ref="Дарвин, Чарлз Роберт" type="person"></rs></p>
<p>...во все концы земного шара. В машинописи далее следует: «Коневодства, птичники, пчельники, оранжереи, принадлежащие специалистам, людям самостоятельного и органического опыта, расширяют лабораторию Дарвина. Больше того — они оплодотворяют его труд. Автор в постоянной переписке с этими добровольными помощниками. Он их благодарит, он ссылается на них.<rs ref="Дарвин, Чарлз Роберт" type="person"></rs></p>
<p>Солидарность Дарвина с международной верхушкой естествоведов придает его научному стилю теплокровность, самоуверенность и сообщает его аргументации силу дружеского рукопожатия: весь мир — хозяйство натуралиста. Торговый флаг великобританского флота реет над страницами его книги.<rs ref="Дарвин, Чарлз Роберт" type="person"></rs></p>
<p>Необходимо отметить тягу Дарвина к читателю-середняку, его желание раскрыться перед средним джентльменом, каким-нибудь сэром Эллиотом, который прислал ему в подарок голубей. Дарвин пишет, как человек, рассчитывающий на поддержку необоримой толщи читателей.<rs ref="Дарвин, Чарлз Роберт" type="person"></rs></p>
<p>Не обращать внимания на форму научных произведений так же неверно, как игнорировать содержание художественных: элементы искусства неутомимо работают и здесь и там».</p>
<p>Движимый инстинком высшей целесообразности ‹...› (пчелиные соты). В машинописи ранней редакции этот фрагмент отсутствует.</p>
<p>Окруженный жесточайшими врагами ‹...› в пользу научных теорий. В машинописи ранней редакции этот фрагмент отсутствует.</p>
</div2>
</div1>
</body>
</text>
</tei>
