<?xml version='1.0' encoding='UTF8'?>
<tei xmlns="http://www.tei-c.org/ns/1.0">
<teiheader>
<filedesc>
<titlestmt>
<title>(Рец.) Géorges Duhamel. Géographie cordiale de l’Europe</title>
<author>О.Э. Мандельштам</author>
</titlestmt>
<publicationstmt>
<p>АРТ-БИЗНЕС-ЦЕНТР МОСКВА 1993</p>
<biblstruct>
<biblscope n="" type="volume"></biblscope>
<biblscope n="" type="part"></biblscope>
</biblstruct></publicationstmt>
<sourcedesc>
<p>Издание подготовлено Мандельштамовским обществом</p>
</sourcedesc>
<respstmt>
<resp>Подготовка и разметка файлов - Алексей Литвинцев, Вероника Файнберг. Создание
          электронного ресурса - Тимофей Молчанов. Руководители проекта - Центр Digital Humanities,
          Мандельштамовское общество (НИУ ВШЭ).</resp>
</respstmt></filedesc>
<profiledesc>
<textdesc n="prose"></textdesc>
<textclass>
<catref target="Series([], Name: ID, dtype: object)" type="ID"></catref>
<catref target="Series([], Name: Источник, dtype: object)" type="Источник"></catref>
<catref target="Series([], Name: Жанр художественной литературы, dtype: object)" type="Жанр художественной литературы"></catref>
<catref target="Series([], Name: Уточнение жанра 1, dtype: object)" type="Уточнение жанра"></catref>
<catref target="Series([], Name: Метр, dtype: object)" type="Метр"></catref>
<catref target="Series([], Name: Длина строки, dtype: object)" type="Длина строки"></catref>
<catref target="Series([], Name: Клаузула, dtype: object)" type="Клаузула"></catref>
<catref target="Series([], Name: Уточнение клаузулы 1, dtype: object)" type="Уточнение клаузулы"></catref>
<catref target="Series([], Name: Классическая строфа, dtype: object)" type="Классическая строфа"></catref>
<catref target="Series([], Name: Рифма, dtype: object)" type="Рифма"></catref>
<catref target="Series([], Name: Схема рифмовки, dtype: object)" type="Схема рифмовки"></catref>
<catref target="Series([], Name: Метрическая формула, dtype: object)" type="Метрическая формула"></catref>
<catref target="Series([], Name: Дополнительные параметры, dtype: object)" type="Дополнительные параметры"></catref>
<catref target="Series([], Name: Число строк, dtype: int64)" type="Число строк"></catref>
<catref target="Series([], Name: Автор оригинала, dtype: object)" type="Автор оригинала"></catref>
<catref target="Series([], Name: Язык оригинала, dtype: object)" type="Язык оригинала"></catref>
</textclass></profiledesc>
</teiheader>
<text>
<body>
<div1 n="3" type="volume">
<div2 n="270" type="part">
<head>270.</head>
<head>GÉORGES DUHAMEL. GÉOGRAPHIE CORDIALE DE L’EUROPE</head>
<p>Дюамель не хочет быть «гражданином» и политиком, не хочет быть публицистом или избирателем, — он хочет быть туристом даже в собственной стране. Голландия, Греция и Финляндия — три «несерьезных» страны; их выбор уже демонстрация: долой политику и да здравствуют голландские тюльпаны и финские лыжи.<rs ref="Голландия (Нидерланды)" type="geo_index"></rs><rs ref="Голландия (Нидерланды)" type="geo_index"></rs><rs ref="Голландия (Нидерланды)" type="geo_index"></rs><rs ref="Греция" type="geo_index"></rs><rs ref="Финляндия" type="geo_index"></rs><rs ref="Дюамель, Жорж" type="person"></rs><rs ref="Дюамель, Жорж" type="person"></rs></p>
<p>Поэт социальной симпатии и проповедник уважения к маленькому человеку — объявил себя другом порядка. Книга знаменательна. Дюамель «принимает» победу — он называет ее «наша горькая победа». В Греции он мчится на автомобиле по шоссе, проложенному французами в дни войны, и сердце его под фланелевой фуфайкой полно гордости. Впрочем, шовинизм — это грязная вещь, но старая грязноватая Франция с опаздывающими поездами, каштанами, префектурами и провинциальным уютом все-таки хороша, и к ней постоянно возвращаешься.<rs ref="Греция" type="geo_index"></rs><rs ref="Франция" type="geo_index"></rs><rs ref="Франция" type="geo_index"></rs><rs ref="Дюамель, Жорж" type="person"></rs><rs ref="Дюамель, Жорж" type="person"></rs><rs ref="Франс, Анатоль" type="person"></rs></p>
<p>Европа жива несмотря ни на что, потому что она конгломерат родин, отечеств, уцелевших после войны и даже процветших по ее милости.<rs ref="Европа" type="geo_index"></rs></p>
<p>Обширное введение посвящено Америке. Автор извиняется перед Францией за то, что страна-спасительница ему не понравилась. Неуклюжий французский чемодан заменили стандартным американским, и Дюамель растерялся на перроне.<rs ref="Америка (США)" type="geo_index"></rs><rs ref="Франция" type="geo_index"></rs><rs ref="Франция" type="geo_index"></rs><rs ref="Дюамель, Жорж" type="person"></rs><rs ref="Дюамель, Жорж" type="person"></rs><rs ref="Франс, Анатоль" type="person"></rs></p>
<p>Америка — очаг заразы, растлевающий органическую европейскую культуру.<rs ref="Америка (США)" type="geo_index"></rs><rs ref="Америка (США)" type="geo_index"></rs></p>
<p>Мы живем среди вещей, сделанных машинами, а машинную технику избранники духа должны ненавидеть. В этом плоском конфликте — предел глубокомыслия Дюамеля.<rs ref="Дюамель, Жорж" type="person"></rs></p>
<p>Для разбега Дюамель берет или придумывает поэтичные легенды: для Финляндии немного из «Калевалы» — про Вайнемайнена, для Голландии — историйку с Саваофом и его архангелами, для Греции — чуточку археологии. Греция подает ему повод к размышлениям о том, что французы — истинные продолжатели эллинского духа; он умиляется корешками французских книг в библиотеке новогреческого поэта — куда ни приедешь — всюду Расин и Мольер.<rs ref="Савоаф" type="myth_index"></rs><rs ref="Голландия (Нидерланды)" type="geo_index"></rs><rs ref="Голландия (Нидерланды)" type="geo_index"></rs><rs ref="Греция" type="geo_index"></rs><rs ref="Финляндия" type="geo_index"></rs><rs ref="Дюамель, Жорж" type="person"></rs><rs ref="Дюамель, Жорж" type="person"></rs><rs ref="Мольер (Поклен), Жан-Батист" type="person"></rs><rs ref="Расин, Жан" type="person"></rs></p>
<p>Если откинуть сладенькую погоню за поэзией и местным колоритом — в книге Дюамеля остается довольно много добротного чувственного материала. Голландские шлюзы, фарфоры, покоящиеся на прочной базе свиноводства, возведены им в перл создания. Лишь бы голландки не отказались от четырнадцати национальных юбок! Голландцы в его изображении вышли домовитыми и опрятными животными, и собственник ночью, не вставая с постели, разглядывает через оптическое приспособление сверкающий электричеством хлев. Дюамель договаривается до того, что современная Финляндия чужда всякому лицемерию. Маленькая страна наслаждается своей самостоятельностью и самобытностью, любовью, трудом и рунами «Калевалы».<rs ref="Голландия (Нидерланды)" type="geo_index"></rs><rs ref="Финляндия" type="geo_index"></rs><rs ref="Дюамель, Жорж" type="person"></rs><rs ref="Дюамель, Жорж" type="person"></rs></p>
<p>Вся книга — печальное зрелище социального ожирения у несомненного, хотя и не крупного художника. Она имеет резкий политический тембр: истинная цивилизация сближает противоположности и стирает социальные противоречия. Голландия — классическая <rs ref="Голландия (Нидерланды)" type="geo_index"></rs><rs ref="Голландия (Нидерланды)" type="geo_index"></rs><rs ref="Голландия (Нидерланды)" type="geo_index"></rs><rs ref="Голландия (Нидерланды)" type="geo_index"></rs></p>
<p>страна индивидуализма; в ней, слава богу, 146 партий, а в Амстердаме столько же автобусных компаний. Жена бургомистра бегает на коньках со своей служанкой, а директор Нидерландского банка беседует запросто с последним из своих клерков.<rs ref="Амстердам" type="geo_index"></rs></p>
<p>Дюамель как писатель все время шел на помочах у перворазрядных творцов и законодателей французской литературы. Он постоянно снижал и Франса, и Ромэн Роллана, и даже Жюль Ромэна до золотой середины. Наша критика всегда этого не замечала и была к Дюамелю слишком близорука и снисходительна. В своей новой книге Дюамель лягает своих же учителей подкованным каблуком туриста.<rs ref="Франция" type="geo_index"></rs><rs ref="Дюамель, Жорж" type="person"></rs><rs ref="Дюамель, Жорж" type="person"></rs><rs ref="Роллан, Ромен" type="person"></rs><rs ref="Ромэн (Ромен), Жюль" type="person"></rs><rs ref="Франс, Анатоль" type="person"></rs><rs ref="Франс, Анатоль" type="person"></rs></p>
<note>
1 Жорж Дюамель. Сердечная география Европы (фр.).
</note>
<rs ref="Европа" type="geo_index"></rs>
<rs ref="Дюамель, Жорж" type="person"></rs>
</div2>
</div1>
</body>
</text>
</tei>
