<?xml version='1.0' encoding='UTF8'?>
<tei xmlns="http://www.tei-c.org/ns/1.0">
<teiheader>
<filedesc>
<titlestmt>
<title>‹Читая Палласа›</title>
<author>О.Э. Мандельштам</author>
</titlestmt>
<publicationstmt>
<p>АРТ-БИЗНЕС-ЦЕНТР МОСКВА 1993</p>
<biblstruct>
<biblscope n="" type="volume"></biblscope>
<biblscope n="" type="part"></biblscope>
</biblstruct></publicationstmt>
<sourcedesc>
<p>Издание подготовлено Мандельштамовским обществом</p>
</sourcedesc>
<respstmt>
<resp>Подготовка и разметка файлов - Алексей Литвинцев, Вероника Файнберг. Создание
          электронного ресурса - Тимофей Молчанов. Руководители проекта - Центр Digital Humanities,
          Мандельштамовское общество (НИУ ВШЭ).</resp>
</respstmt></filedesc>
<profiledesc>
<textdesc n="prose"></textdesc>
<textclass>
<catref target="Series([], Name: ID, dtype: object)" type="ID"></catref>
<catref target="Series([], Name: Источник, dtype: object)" type="Источник"></catref>
<catref target="Series([], Name: Жанр художественной литературы, dtype: object)" type="Жанр художественной литературы"></catref>
<catref target="Series([], Name: Уточнение жанра 1, dtype: object)" type="Уточнение жанра"></catref>
<catref target="Series([], Name: Метр, dtype: object)" type="Метр"></catref>
<catref target="Series([], Name: Длина строки, dtype: object)" type="Длина строки"></catref>
<catref target="Series([], Name: Клаузула, dtype: object)" type="Клаузула"></catref>
<catref target="Series([], Name: Уточнение клаузулы 1, dtype: object)" type="Уточнение клаузулы"></catref>
<catref target="Series([], Name: Классическая строфа, dtype: object)" type="Классическая строфа"></catref>
<catref target="Series([], Name: Рифма, dtype: object)" type="Рифма"></catref>
<catref target="Series([], Name: Схема рифмовки, dtype: object)" type="Схема рифмовки"></catref>
<catref target="Series([], Name: Метрическая формула, dtype: object)" type="Метрическая формула"></catref>
<catref target="Series([], Name: Дополнительные параметры, dtype: object)" type="Дополнительные параметры"></catref>
<catref target="Series([], Name: Число строк, dtype: int64)" type="Число строк"></catref>
<catref target="Series([], Name: Автор оригинала, dtype: object)" type="Автор оригинала"></catref>
<catref target="Series([], Name: Язык оригинала, dtype: object)" type="Язык оригинала"></catref>
</textclass></profiledesc>
</teiheader>
<text>
<body>
<div1 n="3" type="volume">
<div2 n="274" type="part">
<head>274.
‹ЧИТАЯ ПАЛЛАСА›</head>
<p>Никому, как Палласу, не удавалось снять с русского ландшафта серую пелену ямщицкой скуки. В ее [мнимой] однообразности, приводившей наших поэтов то в отчаяние, то в унылый восторг, он подсмотрел неслыханное [разнообразие крупиц, материалов, прослоек] богатое жизненное содержание. Паллас — талантливейший почвовед. Струистые шпаты и синие глины доходят ему до сердца...<rs ref="Паллас, Петр Симон" type="person"></rs></p>
<p>[Картина огромности России слагается у Палласа из бесконечно малых величин. Ты скажешь: в его почтовую карету впряжены не гоголевские кони, а майские жуки. Не то муравьи ее тащат цугом, с тракта на тракт, с проселка на проселок, от чувашской деревни к винокуренному заводу, от завода — к сернистому ключу, от ключа — к молошной речке, где водятся выдры].<rs ref="Россия (СССР)" type="geo_index"></rs><rs ref="Паллас, Петр Симон" type="person"></rs></p>
<p>Палласу ведома и симпатична только близь. От близи к близи он вяжет вязь. Крючками и петельками надставляет свой горизонт. Незаметно и плавно в карете, запряженной муравьями, переселяется из округи в округу.<rs ref="Паллас, Петр Симон" type="person"></rs></p>
<p>Вот уж подлинно писатель не для длинных ушей. Телесную круглость и любезность немецкой музыки он перенес на русские равнины. [Он писал не тонко измельченными растительными красками. Он красит и дубит и вываривает природу с красным сандалом. Он вываривает крутиком и смолчугом. Симбирские пашни, березники и киргизские степи — в арзамасском фабричном котле. Он гонит краску из березовых листьев с квасцами — на китайку для нижегородских баб и на синьку для неба]</p>
<p>Все, что видит путешественник, — лишь краски и узоры, отпечатанные на холстах земли, на ее полотенцах.</p>
<p>А ведь его благородие, вздумай он прокатиться еще раз, мог попасть в лапы к Пугачеву. То-то он писал бы ему манифесты на латинском языке или указы по-немецки. Ведь Пугачев жаловал образованных людей. Он бы в жизни Палласа не повесил. В канцелярии Петра <rs ref="Москва" type="geo_index"></rs><rs ref="Паллас, Петр Симон" type="person"></rs><rs ref="Пугачев, Емельян Иванович" type="person"></rs></p>
<p>Федоровича сидел тоже немец, поручик Шваныч или Шванвич. И строчил: ничего... А потом отсиживался в баньке.<rs ref="Шванвич, Михаил Александрович" type="person"></rs></p>
<p>Светлая и объемистая книга Палласа отпечатана на удивительно сухой китайской бумаге. Страницы ее набраны широко и зернисто. Чтение этого натуралиста прекрасно влияет на расположение чувств, выпрямляет глаз и сообщает душе минеральное кварцевое спокойствие.<rs ref="Москва" type="geo_index"></rs><rs ref="Паллас, Петр Симон" type="person"></rs></p>
<p>Физиология чтения еще никем не изучена. Между тем — эта область в корне отличается от библиографии, и надлежит ее относить к явлениям органической природы.</p>
<p>Книга в работе, утвержденная на читательском пюпитре, уподобляется холсту, натянутому на подрамник.<rs ref="Книп, Христиан Ганс" type="person"></rs></p>
<p>Наша память, наш опыт с его провалами, тропы и метафоры наших чувственных ассоциаций достаются ей в обладание бесконтрольное и хищное.</p>
<p>И до чего разнообразны ее военные уловки и хитрости ее хозяйничанья.</p>
<p>Демон чтения вырвался из глубин культуры-опустошительницы. Древние его не знали. В процессе чтения они не искали иллюзию. Аристотель читал бесстрастно. Лучшие из античных писателей были географами. Кто не дерзал путешествовать — тот и не смел писать.<rs ref="Аристотель" type="person"></rs></p>
<p>Новая литература предъявила к писателю высотное требование, [к сожалению, плохо соблюдаемое и многократно поруганное] от которого у многих авторов закружилась голова: не смей описывать ничего, в чем так или иначе не отобразилось бы внутреннее состояние твоего духа.</p>
<p>Мы читаем книгу, чтобы запомнить, но в том-то и беда, что прочесть книгу можно только припоминая.</p>
<p>Будучи всецело охвачены деятельностью чтения, мы больше всего любуемся своими родовыми свойствами. Испытываем как бы восторг классификации своих возрастов.</p>
<p>Действительность носит сплошной характер.</p>
<p>Соответствующая ей проза, как бы ясно и подробно, как бы деловито и верно она ни составлялась, всегда образует прерывистый ряд.</p>
<p>Но только та проза действительно хороша, которая всей своей системой внедрена в сплошное, хотя его невозможно показать никакими силами и средствами.</p>
<p>Таким образом, прозаический рассказ не что иное, как прерывистый знак непрерывного.</p>
<p>Сплошное наполнение действительности всегда является единственной темой прозы. Но подражание этому сплошняку завело бы прозаическую деятельность в мертвый тупик, потому что [она имеет дело только с интервалами] непрерывность и сплошность нуждаются все в новых и новых толчках-определителях. [Нам нужны приметы непрерывного и сплошного, отнюдь не сама невоспроизводимая материя.]</p>
<p>Безынтервальная характеристика невозможна.</p>
<p>Идеальное описание свелось бы к одной-единственной пан-фразе, в которой сказалось бы все бытие.</p>
<p>[Но речь прозаика никогда не составляется, не складывается, как не подбирается...]</p>
<p>Прозаическая форма: синтез.</p>
<p>Смысловые словарные частицы, разбегающиеся по местам.</p>
<p>Неокончательность этого места перебежки. Свобода расстановок. В прозе — всегда «Юрьев день».</p>
</div2>
</div1>
</body>
</text>
</tei>
