<?xml version='1.0' encoding='UTF8'?>
<tei xmlns="http://www.tei-c.org/ns/1.0">
<teiheader>
<filedesc>
<titlestmt>
<title>‹Из записей 1931—1932 гг.›</title>
<author>О.Э. Мандельштам</author>
</titlestmt>
<publicationstmt>
<p>АРТ-БИЗНЕС-ЦЕНТР МОСКВА 1993</p>
<biblstruct>
<biblscope n="" type="volume"></biblscope>
<biblscope n="" type="part"></biblscope>
</biblstruct></publicationstmt>
<sourcedesc>
<p>Издание подготовлено Мандельштамовским обществом</p>
</sourcedesc>
<respstmt>
<resp>Подготовка и разметка файлов - Алексей Литвинцев, Вероника Файнберг. Создание
          электронного ресурса - Тимофей Молчанов. Руководители проекта - Центр Digital Humanities,
          Мандельштамовское общество (НИУ ВШЭ).</resp>
</respstmt></filedesc>
<profiledesc>
<textdesc n="prose"></textdesc>
<textclass>
<catref target="Series([], Name: ID, dtype: object)" type="ID"></catref>
<catref target="Series([], Name: Источник, dtype: object)" type="Источник"></catref>
<catref target="Series([], Name: Жанр художественной литературы, dtype: object)" type="Жанр художественной литературы"></catref>
<catref target="Series([], Name: Уточнение жанра 1, dtype: object)" type="Уточнение жанра"></catref>
<catref target="Series([], Name: Метр, dtype: object)" type="Метр"></catref>
<catref target="Series([], Name: Длина строки, dtype: object)" type="Длина строки"></catref>
<catref target="Series([], Name: Клаузула, dtype: object)" type="Клаузула"></catref>
<catref target="Series([], Name: Уточнение клаузулы 1, dtype: object)" type="Уточнение клаузулы"></catref>
<catref target="Series([], Name: Классическая строфа, dtype: object)" type="Классическая строфа"></catref>
<catref target="Series([], Name: Рифма, dtype: object)" type="Рифма"></catref>
<catref target="Series([], Name: Схема рифмовки, dtype: object)" type="Схема рифмовки"></catref>
<catref target="Series([], Name: Метрическая формула, dtype: object)" type="Метрическая формула"></catref>
<catref target="Series([], Name: Дополнительные параметры, dtype: object)" type="Дополнительные параметры"></catref>
<catref target="Series([], Name: Число строк, dtype: int64)" type="Число строк"></catref>
<catref target="Series([], Name: Автор оригинала, dtype: object)" type="Автор оригинала"></catref>
<catref target="Series([], Name: Язык оригинала, dtype: object)" type="Язык оригинала"></catref>
</textclass></profiledesc>
</teiheader>
<text>
<body>
<div1 n="3" type="volume">
<div2 n="1" type="part">
<head>271.
‹ИЗ ЗАПИСЕЙ 1931-1932 гг.›</head>
<p>[Вошел Яхонтов — бледный, помятый, с вышитыми губами и высоким лбом [александровского чиновника] бонвивана и мечтателя. [Прошел и сел и сначала глухо застонал] словно озаренный газовыми фонарями]<rs ref="Яхонтов, Владимир Николаевич" type="person"></rs></p>
<p>2 мая 31 г. Чтенье Некрасова. «Влас» и «Жил на свете рыцарь бедный».<rs ref="Некрасов, Николай Алексеевич" type="person"></rs></p>
<p>: </p>
<p>: </p>
<p> </p>
<p>«С той поры» — и дальше как бы слышится второй потаенный голос:</p>
<p>        370</p>
<p>Та же фигура стихотворная, та же тема отозвания и подвига.</p>
<p>Здесь общее звено между Востоком и Западом. Картина ада. Дант лубочный из русской харчевни:</p>
<p>1. Набрал в рот вселенную и молчит. Всегда-всегда молчит. Аж страшно.</p>
<p>2. К кому он обращается?</p>
<p>К людям, которые никогда ничего не совершат...</p>
<p>Как Тиртей перед боем, — а читатель его — тот послушает и побежит... в концерт...</p>
<date when="1931">1931</date>
</div2>
</div1>
</body>
</text>
</tei>
