<?xml version='1.0' encoding='UTF8'?>
<tei xmlns="http://www.tei-c.org/ns/1.0">
<teiheader>
<filedesc>
<titlestmt>
<title>‹O Чехове›</title>
<author>О.Э. Мандельштам</author>
</titlestmt>
<publicationstmt>
<p>АРТ-БИЗНЕС-ЦЕНТР МОСКВА 1993</p>
<biblstruct>
<biblscope n="" type="volume"></biblscope>
<biblscope n="" type="part"></biblscope>
</biblstruct></publicationstmt>
<sourcedesc>
<p>Издание подготовлено Мандельштамовским обществом</p>
</sourcedesc>
<respstmt>
<resp>Подготовка и разметка файлов - Алексей Литвинцев, Вероника Файнберг. Создание
          электронного ресурса - Тимофей Молчанов. Руководители проекта - Центр Digital Humanities,
          Мандельштамовское общество (НИУ ВШЭ).</resp>
</respstmt></filedesc>
<profiledesc>
<textdesc n="prose"></textdesc>
<textclass>
<catref target="Series([], Name: ID, dtype: object)" type="ID"></catref>
<catref target="Series([], Name: Источник, dtype: object)" type="Источник"></catref>
<catref target="Series([], Name: Жанр художественной литературы, dtype: object)" type="Жанр художественной литературы"></catref>
<catref target="Series([], Name: Уточнение жанра 1, dtype: object)" type="Уточнение жанра"></catref>
<catref target="Series([], Name: Метр, dtype: object)" type="Метр"></catref>
<catref target="Series([], Name: Длина строки, dtype: object)" type="Длина строки"></catref>
<catref target="Series([], Name: Клаузула, dtype: object)" type="Клаузула"></catref>
<catref target="Series([], Name: Уточнение клаузулы 1, dtype: object)" type="Уточнение клаузулы"></catref>
<catref target="Series([], Name: Классическая строфа, dtype: object)" type="Классическая строфа"></catref>
<catref target="Series([], Name: Рифма, dtype: object)" type="Рифма"></catref>
<catref target="Series([], Name: Схема рифмовки, dtype: object)" type="Схема рифмовки"></catref>
<catref target="Series([], Name: Метрическая формула, dtype: object)" type="Метрическая формула"></catref>
<catref target="Series([], Name: Дополнительные параметры, dtype: object)" type="Дополнительные параметры"></catref>
<catref target="Series([], Name: Число строк, dtype: int64)" type="Число строк"></catref>
<catref target="Series([], Name: Автор оригинала, dtype: object)" type="Автор оригинала"></catref>
<catref target="Series([], Name: Язык оригинала, dtype: object)" type="Язык оригинала"></catref>
</textclass></profiledesc>
</teiheader>
<text>
<body>
<div1 n="3" type="volume">
<div2 n="278" type="part">
<p>Чехов. Действующие лица «Дяди Вани»: Серебряков, Александр Владимирович, отставной профессор. Елена Андреевна, его жена, 27 лет. Софья Александровна (Соня), его дочь от первого брака. Войницкая, Марья Васильевна, вдова тайного советника, мать первой жены профессора. Войницкий, Иван Петрович, ее сын. Астров, Михаил Львович, врач. Телегин, Илья Ильич, обедневший помещик. Марина, старая няня. Работник.<rs ref="Чехов, Антон Павлович" type="person"></rs></p>
<p>Чтобы понять внутренние отношения этих действующих лиц, как системы, нужно чеховский список наизусть выучить, зазубрить. Какая невыразительная и тусклая головоломка. Почему они все вместе? Кто кому тайный советник? Определите-ка свойство или родство Войницкого, сына вдовы тайного советника, матери первой жены профессора, с Софьей Александровной — дочкой профессора от первого брака? Для того, чтобы установить, что кто-то кому-то приходится дядей, надо выучить целую табличку. Мне, например, легче понять воронкообразный чертеж дантовской Комедии, с ее кругами, маршрутами и сферической астрономией, чем эту мелко-паспортную галиматью.</p>
<p>Биолог назвал бы чеховский принцип — экологическим. Сожительство для Чехова решающее начало. Никакого действия в его драмах нет, а есть только соседство с вытекающими из него неприятностями.<rs ref="Чехов, Антон Павлович" type="person"></rs></p>
<p>Чехов забирает сачком пробу из человеческой «тины», которой никогда не бывало. Люди живут вместе и никак не могут разъехаться. Вот и все. Выдать им билеты — например, «трем сестрам», — и пьеса кончится.<rs ref="Чехов, Антон Павлович" type="person"></rs></p>
<p>Возьмите список действующих лиц хотя бы у Гольдони. Это виноградная гроздь с ягодами и листьями, это нечто живое и целое, что можно с удовольствием взять в руки: personaggi: Фабрицио — старик, горожанин; Евгения — племянница Фабриция; Фламиния, племянница Фабриция — вдова; Фульгенцио — горожанин, влюбленный в Евгению; Клоринда, двоюродная сестра Фульгенция; Роберт — дворянин и т.д. [Тут ясно, что люди соединились для] Тут мы имеем дело с цветущим соединением, с гибким и свободным сочетанием действующих сил на одной упругой ветке.<rs ref="Гольдони, Карло" type="person"></rs></p>
<p>Но Чехов и упругость — понятия несовместимые.<rs ref="Чехов, Антон Павлович" type="person"></rs></p>
<p>[Чехов калечит людей]<rs ref="Чехов, Антон Павлович" type="person"></rs></p>
<p>В античном мифе владыка афинский Эак, когда весь народ его вымер от заразы, от порчи воздуха — из муравьев людей понаделал. А и хорош же у нас Чехов: люди у него муравьями оборачиваются.<rs ref="Чехов, Антон Павлович" type="person"></rs></p>
<p>На днях я пришел в «Воронежский Городской Театр» к третьему действию «Вишневого сада». Актеры гримировались и отдыхали в уборной. Ко мне подошла старая театральная девочка в черном платье с белой косыночкой. То была Варя. Кулак-Лопахин, только что купивший вишневый сад, еще усиливался сдержать в чертах лица выражение хитрой, но чувствительной коммерческой щуки. На клетчатых своих коленках он тихонько укачивал [старого] серебро-лунного думного боярина из пьесы Алексея Толстого, из той самой, которую написал полицейский пристав в сотрудничестве с Аполлоном Бельведерским, — на этот раз мой Мстиславский был в долгополом «рассейском» сюртуке: помещик по фамилии Пищик.<rs ref="Толстой, Алексей Николаевич" type="person"></rs></p>
<p>В общем, развалины пьесы, ее, так сказать, тыл, были неплохи. [Чувствовалось лето, хотя и помятое] [Чувствовалась погода, хотя и помятая] Поиграв Чехова, актеры вышли как бы простуженные и немного виноватые.<rs ref="Чехов, Антон Павлович" type="person"></rs></p>
<p>Между театром и так называемой жизнью у Чехова соотношение простуды к здоровью.<rs ref="Чехов, Антон Павлович" type="person"></rs></p>
<p>[За несколько дней ‹до этого› театру был большой влёт: его изругала областная газета за то, что «Вишневый сад» был сыгран без настроения и обращен в удалую комедию.</p>
<p>Я испугался львицы, игравшей в пьесе главную барыню, и поболтал о том о сем с актером, исполнявшим роль конторщика Епиходова. В нем нельзя было не узнать философа, ищущего места по объявлению в «Петербуржском Листке». В то время, как другие актеры всей осанкой своей говорили: «не мне, а имени моему», — [в то время, как все они двигались, как недостойные иереи,] словно ожидая, что кто-нибудь назовет их «ваше правдоподобие» и чмокнет в ручку, — один Епиходов знал свое место.]</p>
<p>Шумно вошла львица, игравшая в пьесе главную барыню. Номер ее обуви был слишком велик и в точности передавался голосом. У Епиходова дрожали усики.</p>
<p>[Выходец из суворинского Малого Театра, этот комический актер двадцать лет не видел родного города. «Петербуржский Листок». Место по объявлению. Кружка пива. Бутерброд с бужениной. Райские птицы галстуков в галантерейной лавке.] </p>
<date when="1935">‹1935›</date>
</div2>
</div1>
</body>
</text>
</tei>
