<?xml version='1.0' encoding='UTF8'?>
<tei xmlns="http://www.tei-c.org/ns/1.0">
<teiheader>
<filedesc>
<titlestmt>
<title>‹А.Коваленков. «Зеленый берег»›</title>
<author>О.Э. Мандельштам</author>
</titlestmt>
<publicationstmt>
<p>АРТ-БИЗНЕС-ЦЕНТР МОСКВА 1993</p>
<biblstruct>
<biblscope n="" type="volume"></biblscope>
<biblscope n="" type="part"></biblscope>
</biblstruct></publicationstmt>
<sourcedesc>
<p>Издание подготовлено Мандельштамовским обществом</p>
</sourcedesc>
<respstmt>
<resp>Подготовка и разметка файлов - Алексей Литвинцев, Вероника Файнберг. Создание
          электронного ресурса - Тимофей Молчанов. Руководители проекта - Центр Digital Humanities,
          Мандельштамовское общество (НИУ ВШЭ).</resp>
</respstmt></filedesc>
<profiledesc>
<textdesc n="prose"></textdesc>
<textclass>
<catref target="Series([], Name: ID, dtype: object)" type="ID"></catref>
<catref target="Series([], Name: Источник, dtype: object)" type="Источник"></catref>
<catref target="Series([], Name: Жанр художественной литературы, dtype: object)" type="Жанр художественной литературы"></catref>
<catref target="Series([], Name: Уточнение жанра 1, dtype: object)" type="Уточнение жанра"></catref>
<catref target="Series([], Name: Метр, dtype: object)" type="Метр"></catref>
<catref target="Series([], Name: Длина строки, dtype: object)" type="Длина строки"></catref>
<catref target="Series([], Name: Клаузула, dtype: object)" type="Клаузула"></catref>
<catref target="Series([], Name: Уточнение клаузулы 1, dtype: object)" type="Уточнение клаузулы"></catref>
<catref target="Series([], Name: Классическая строфа, dtype: object)" type="Классическая строфа"></catref>
<catref target="Series([], Name: Рифма, dtype: object)" type="Рифма"></catref>
<catref target="Series([], Name: Схема рифмовки, dtype: object)" type="Схема рифмовки"></catref>
<catref target="Series([], Name: Метрическая формула, dtype: object)" type="Метрическая формула"></catref>
<catref target="Series([], Name: Дополнительные параметры, dtype: object)" type="Дополнительные параметры"></catref>
<catref target="Series([], Name: Число строк, dtype: int64)" type="Число строк"></catref>
<catref target="Series([], Name: Автор оригинала, dtype: object)" type="Автор оригинала"></catref>
<catref target="Series([], Name: Язык оригинала, dtype: object)" type="Язык оригинала"></catref>
</textclass></profiledesc>
</teiheader>
<text>
<body>
<div1 n="3" type="volume">
<div2 n="277" type="part">
<head>277.
‹А.КОВАЛЕНКОВ. «ЗЕЛЕНЫЙ БЕРЕГ»›</head>
<p>Несомненное лирическое дарование Коваленкова глохнет от засилия литературщины, то есть «условно-молодежного» лирического жанра. Поэт очень плохо слышит себя самого, но зато буквально оглушен ученической газетно-журнальной лирикой. Любопытно, что его нельзя назвать ни учеником Пастернака, ни Гумилева, ни Асеева, ни даже Багрицкого: он ученик их безответственных оборотней, тех профессиональных путаников и поставщиков неопределенной, подлаживающейся, уродливой сдельщины. Я утверждаю, что множество молодых поэтов учились на стихах «Огонька», «Красной Нивы» и «Прожектора» в гораздо большей степени, чем у так называемых классиков и мастеров. Кто-нибудь, несомненно, учится и у Коваленкова, поскольку он печатается. Это явление не учитывается нашей критикой: опаснейшая круговая порука. Между тем у Коваленкова есть начатки подлинной молодой советской лирики. Он говорит о революции: «Тихо сняла винтовку, стукнула в пол прикладом, зоркая и большая, стала со мною рядом». Прекрасная сдержанная строфа, обдуманные глаголы. Военная точность и спокойствие и в то же время огромная взволнованность.<rs ref="Асеев, Николай Николаевич" type="person"></rs><rs ref="Багрицкий (Дзюбин), Эдуард Георгиевич" type="person"></rs><rs ref="Гумилев, Николай Степанович" type="person"></rs><rs ref="Коваленков, Александр Александрович" type="person"></rs><rs ref="Пастернак, Борис Леонидович" type="person"></rs></p>
<p>Вот еще строфа, которая могла быть сказана только о советском школьнике и только советским поэтом:</p>
<p>Какая меткость, какой чудесный подбор простейших средств. В развернутом виде эти четыре стиха составят характеристику лучших качеств советской школы. И все-таки сборник Коваленкова совсем не книга стихов. Почти девять десятых стихов написаны с ужимкой, которую я определил бы как салонно-комсомольский стиль. «Молодость снова берет сво��»... «Быть черноглазым, злым и веселым»... «Законы взволнованной юности — легкой и скромной»... «Моя большая молодость идет»... «Молодость моя свежа»... «Юность не верила в старость и смерть»... и т.д. ...<rs ref="Коваленков, Александр Александрович" type="person"></rs></p>
<p>Поразительное кокетничанье своим возрастом. Революционная молодежь устами Коваленкова говорит сама о себе, как коварная и злая демоническая барышня. Дом отдыха и крымские путевки занимают у Коваленкова очень большое место. Правильно: для Тютчева — Альпы, для Фета — усадьбы, а для нашей молодежи хотя бы путевочный Крым — мощный возбудитель чувства.<rs ref="Коваленков, Александр Александрович" type="person"></rs></p>
<p>Но и сюда просочилась скрытая пошлость литературщины: «все разбрелись — кто с девушкой, кто с книгой». Я спрашиваю: каково девушке прочесть такой стишок? Автор даже не догадывается, что выразился смешно и оскорбительно для девушек. Он думает, что у молодежи есть какое-то особое право на лирический паек, а между прочим и на девушек. Еще шаг: книга ходит по рукам и девушка тоже... У молодежи нет никаких особых лирических прав перед другими возрастами. Не мешает Коваленкову помнить, что именно молодежь пишет обычно плохие стихи. Внешне безобидное лирическое разгильдяйство мешает мыслить, обедняет опыт.<rs ref="Коваленков, Александр Александрович" type="person"></rs></p>
<p>У Коваленкова, между прочим, есть «пиджак, надетый набекрень». Вот куда заводит лирическая удаль...<rs ref="Коваленков, Александр Александрович" type="person"></rs></p>
<p>Напрасно потревожил Коваленков тургеневскую влюбленность: он не только не читал Тургенева, но вообще не знает ни дворянско-помещичьей прозы, ни усадебного быта. У него девушка «лукаво прижимается к усатому хмельному господину» — и это — о ужас! — тургеневская девушка.<rs ref="Коваленков, Александр Александрович" type="person"></rs></p>
<p>Душевный мир советской учащейся молодежи не является чем-то абсолютно достоверным, открытым, лежащим на ладони. Способность самонаблюдения плохо развита. Большинство новых эмоций </p>
<p>никем еще не выражено. Например, сотни тысяч юношей посещают стадионы, но только одному Коваленкову удалось сказать:<rs ref="Коваленков, Александр Александрович" type="person"></rs></p>
<p>Великолепные два стиха. Лучшие в сборнике.</p>
<p>Все пятьдесят тысяч футбольных зрителей приподнимаются здесь на цыпочки в решаюшую минуту матча. Здоровый, точный импрессионизм, объемность образа, обилие воздуха. О книгах и про учебу Коваленков говорит плохо: «кладешь на полку ворох черствых книг». Здесь нелепое и вредное противупоставление молодости и книги. Ничего черствого в книгах нет: иная книга живее иного юноши.<rs ref="Коваленков, Александр Александрович" type="person"></rs></p>
<p>Есть ли у Коваленкова свой подход к миру, начатки своей лирической темы? С радостью отвечаю утвердительно:<rs ref="Коваленков, Александр Александрович" type="person"></rs></p>
<p>Все идет правильно, говорит Коваленков.<rs ref="Коваленков, Александр Александрович" type="person"></rs></p>
<p>Он сознает историческую правоту своего поколения. Но что же делать поэту в этой «правильности»? Только ли поддакивать и кричать: «Верно»? Конечно, нет. И личная тема Коваленкова начинается там, где он зовет на бесконечную, не имеющую предела борьбу с «языческим, слепым непостоянством», с «тяжелой косностью неправильного мира...». Здесь, по праву поэта, он называет каждую материю «языческой» и освежает старое понятие.<rs ref="Коваленков, Александр Александрович" type="person"></rs></p>
<p>В заключение выпишу отрывок, свидетельствующий о незаурядных лирических способностях Коваленкова, который губит свое дарование самовлюбленным псевдолирическим бахвальством:<rs ref="Коваленков, Александр Александрович" type="person"></rs></p>
<p>Я предлагаю издательству «МТП»:</p>
<p>1) В настоящем виде сборник Коваленкова решительно отвергнуть.<rs ref="Коваленков, Александр Александрович" type="person"></rs></p>
<p>2) Прочно связаться с автором, дать ему хорошего консультанта; устроить через некоторое время в небольшом кружке критическую читку его вещей.</p>
<p>3) Включить книгу Коваленкова в план издания на 34-й год, независимо от ее размеров: хотя бы очень маленькую.<rs ref="Коваленков, Александр Александрович" type="person"></rs></p>
</div2>
</div1>
</body>
</text>
</tei>
